what,'W AH T',s,''
of,'AH V',s,''
is,'IH Z',s,'IH'
it,'IH T',s,'IH'
lad,'L AE D',s,'AE'
indeed,'IH N D IY D',s,'IH IY'
you,'Y UW',s,'UW'
near,'N IY R',s,'IY'
me,'M IY',s,'IY'
for,'F AO R',s,'AO'
we,'W IY',s,'IY'
that,'DH AE T',s,'AE'
purses,'P ɐ R S IH Z',s,'IH'
go,'G OW',s,''
by,'B AY',s,'AY'
the,'DH AH',s,''
moon,'M UW N',s,'UW'
and,'AH N D',s,''
the,'DH AH',s,''
seven,'S EH V AH N',s,''
stars,'S T AA R Z',s,'AA'
and,'AH N D',s,''
not,'N AA T',s,'AA'
by,'B AY',s,'AY'
he,'HH IY',s,'IY'
that,'DH AE T',s,'AE'
so,'S OW',s,''
fair,'F EH R',s,''
and,'AH N D',s,''
i,'AY',s,'AY'
prithee,'P r e DH IY',s,'IY'
sweet,'S W IY T',s,'IY'
wag,'W AE G',s,'AE'
when,'ʍ e N',s,''
thou,'DH AW',s,''
art,'AA R T',s,'AA'
as,'AE Z',s,'AE'
god,'G AA D',s,'AA'
sve,'EH V',s,''
i,'AY',s,'AY'
for,'F AO R',s,'AO'
thou,'DH AW',s,''
wilt,'W IH L T',s,'IH'
no,'N OW',s,''
by,'B AY',s,'AY'
my,'M AY',s,'AY'
troth,'T R OW TH',s,''
not,'N AA T',s,'AA'
so,'S OW',s,''
as,'AE Z',s,'AE'
will,'W IH L',s,'IH'
seve,'S ER V',s,''
to,'T UW',s,'UW'
be,'B IY',s,'IY'
to,'T UW',s,'UW'
an,'AE N',s,'AE'
egg,'EH G',s,''
and,'AH N D',s,''
butter,'B ɤ T ə R',s,''
marrry,'M AW r ǝ IH',s,'IH'
then,'DH EH N',s,''
sweet,'S W IY T',s,'IY'
wag,'W AE G',s,'AE'
when,'ʍ e N',s,''
thou,'DH AW',s,''
art,'AA R T',s,'AA'
let,'L EH T',s,''
not,'N AA T',s,'AA'
us,'AH S',s,''
that,'DH AE T',s,'AE'
squires,'S K W AY ER Z',s,'AY'
of,'AH V',s,''
the,'DH AH',s,''
body,'B AA D IY',s,'AA IY'
be,'B IY',s,'IY'
of,'AH V',s,''
the,'DH AH',s,''
let,'L EH T',s,''
us,'AH S',s,''
be,'B IY',s,'IY'
diana's,'D AY AE N AH Z',s,'AY AE'
foresters,'F ɒ r IH S T ǝ R Z',s,'IH'
gentlemen,'JH EH N T AH L M IH N',s,'IH'
of,'AH V',s,''
the,'DH AH',s,''
of,'AH V',s,''
the,'DH AH',s,''
moon,'M UW N',s,'UW'
and,'AH N D',s,''
let,'L EH T',s,''
men,'M EH N',s,''
we,'W IY',s,'IY'
be,'B IY',s,'IY'
men,'M EH N',s,''
of,'AH V',s,''
good,'G UH D',s,'UH'
being,'B IY IH NG',s,'IY IH'
as,'AE Z',s,'AE'
the,'DH AH',s,''
sea,'S IY',s,'IY'
is,'IH Z',s,'IH'
by,'B AY',s,'AY'
our,'OW R',s,''
and,'AH N D',s,''
mistress,'M IH S T R AH S',s,'IH'
the,'DH AH',s,''
moon,'M UW N',s,'UW'
under,'ɤ N D ǝ R',s,''
we,'W IY',s,'IY'
steal,'S T IY L',s,'IY'
by,'B AY',s,'AY'
the,'DH AH',s,''
lord,'L AO R D',s,'AO'
thou,'DH AW',s,''
true,'T R UW',s,'UW'
lad,'L AE D',s,'AE'
and,'AH N D',s,''
is,'IH Z',s,'IH'
not,'N AA T',s,'AA'
my,'M AY',s,'AY'
of,'AH V',s,''
the,'DH AH',s,''
tavern,'T AW V ǝ R N',s,''
a,'AH',s,''
most,'M OW S T',s,''
sweet,'S W IY T',s,'IY'
mad,'M AE D',s,'AE'
wag,'W AE G',s,'AE'
what,'W AH T',s,''
in,'IH N',s,'IH'
and,'AH N D',s,''
what,'W AH T',s,''
a,'AH',s,''
i,'AY',s,'AY'
to,'T UW',s,'UW'
do,'D OW',s,''
with,'W IH DH',s,'IH'
a,'AH',s,''
buff,'B ɤ F',s,''
well,'W EH L',s,''
thou,'DH AW',s,''
hast,'HH AE S T',s,'AE'
to,'T UW',s,'UW'
a,'AH',s,''
a,'AH',s,''
and,'AH N D',s,''
oft,'AO F T',s,'AO'
no,'N OW',s,''
thee,'DH IY',s,'IY'
thou,'DH AW',s,''
hast,'HH AE S T',s,'AE'
paid,'P EY D',s,'EY'
all,'AA L',s,'AA'
yea,'Y EH',s,''
and,'AH N D',s,''
so,'S OW',s,''
used,'Y UW Z D',s,'UW'
it,'IH T',s,'IH'
that,'DH AE T',s,'AE'
wre,'W ER',s,''
it,'IH T',s,'IH'
not,'N AA T',s,'AA'
apparent,'AH P EH R AH N T',s,''
that,'DH AE T',s,'AE'
thou,'DH AW',s,''
art,'AA R T',s,'AA'
i,'AY',s,'AY'
prithee,'P r e DH IY',s,'IY'
sweet,'S W IY T',s,'IY'
wag,'W AE G',s,'AE'
shall,'SH AE L',s,'AE'
be,'B IY',s,'IY'
in,'IH N',s,'IH'
england,'IH NG G L AH N D',s,'IH'
when,'ʍ e N',s,''
thou,'DH AW',s,''
art,'AA R T',s,'AA'
and,'AH N D',s,''
thus,'DH ɤ S',s,''
as,'AE Z',s,'AE'
it,'IH T',s,'IH'
is,'IH Z',s,'IH'
with,'W IH DH',s,'IH'
the,'DH AH',s,''
curb,'K ɐ R B',s,''
of,'AH V',s,''
old,'OW L D',s,''
antic,'AE N T IH K',s,'AE IH'
the,'DH AH',s,''
do,'D OW',s,''
not,'N AA T',s,'AA'
thou,'DH AW',s,''
when,'ʍ e N',s,''
thou,'DH AW',s,''
art,'AA R T',s,'AA'
a,'AH',s,''
thief,'TH IY F',s,'IY'
shall,'SH AE L',s,'AE'
i,'AY',s,'AY'
o,'OW',s,''
by,'B AY',s,'AY'
the,'DH AH',s,''
lord,'L AO R D',s,'AO'
be,'B IY',s,'IY'
a,'AH',s,''
juge,'JH AH JH',s,''
well,'W EH L',s,''
well,'W EH L',s,''
and,'AH N D',s,''
in,'IH N',s,'IH'
sort,'S AO R T',s,'AO'
it,'IH T',s,'IH'
jumps,'JH AH M P S',s,''
with,'W IH DH',s,'IH'
my,'M AY',s,'AY'
humor,'HH Y UW M ER',s,'UW'
as,'AE Z',s,'AE'
well,'W EH L',s,''
as,'AE Z',s,'AE'
in,'IH N',s,'IH'
the,'DH AH',s,''
court,'K AO R T',s,'AO'
i,'AY',s,'AY'
can,'K AE N',s,'AE'
tell,'T EH L',s,''
you,'Y UW',s,'UW'
yea,'Y EH',s,''
for,'F AO R',s,'AO'
of,'AH V',s,''
suits,'SH UW T S',s,'UW'
whereof,'ʍ EH R ɒ V',s,''
the,'DH AH',s,''
hath,'HH AE TH',s,'AE'
no,'N OW',s,''
lean,'L IY N',s,'IY'
i,'AY',s,'AY'
am,'AE M',s,'AE'
as,'AE Z',s,'AE'
as,'AE Z',s,'AE'
a,'AH',s,''
gib,'G IH B',s,'IH'
cat,'K AE T',s,'AE'
or,'AO R',s,'AO'
a,'AH',s,''
bear,'B EH R',s,''
yea,'Y EH',s,''
or,'AO R',s,'AO'
the,'DH AH',s,''
of,'AH V',s,''
a,'AH',s,''
lincolnshre,'L IH NG K AH N SH IH R',s,'IH IH'
thou,'DH AW',s,''
hast,'HH AE S T',s,'AE'
the,'DH AH',s,''
most,'M OW S T',s,''
and,'AH N D',s,''
art,'AA R T',s,'AA'
indeed,'IH N D IY D',s,'IH IY'
the,'DH AH',s,''
most,'M OW S T',s,''
comparatve,'K ǝ M P AA R T IH V',s,'AA IH'
sweet,'S W IY T',s,'IY'
but,'B AH T',s,''
i,'AY',s,'AY'
prithee,'P r e DH IY',s,'IY'
me,'M IY',s,'IY'
no,'N OW',s,''
with,'W IH DH',s,'IH'
vanity,'V AE N AH T IY',s,'AE IY'
i,'AY',s,'AY'
to,'T UW',s,'UW'
god,'G AA D',s,'AA'
thou,'DH AW',s,''
and,'AH N D',s,''
i,'AY',s,'AY'
a,'AH',s,''
of,'AH V',s,''
good,'G UH D',s,'UH'
wre,'W ER',s,''
to,'T UW',s,'UW'
be,'B IY',s,'IY'
an,'AE N',s,'AE'
old,'OW L D',s,''
lord,'L AO R D',s,'AO'
of,'AH V',s,''
the,'DH AH',s,''
rated,'r EH T IH D',s,'IH'
me,'M IY',s,'IY'
the,'DH AH',s,''
in,'IH N',s,'IH'
the,'DH AH',s,''
street,'S T R IY T',s,'IY'
you,'Y UW',s,'UW'
but,'B AH T',s,''
i,'AY',s,'AY'
him,'HH IH M',s,'IH'
not,'N AA T',s,'AA'
and,'AH N D',s,''
yet,'Y EH T',s,''
he,'HH IY',s,'IY'
very,'V EH R IY',s,'IY'
but,'B AH T',s,''
i,'AY',s,'AY'
regarded,'R AH G AA R D AH D',s,'AA'
him,'HH IH M',s,'IH'
not,'N AA T',s,'AA'
and,'AH N D',s,''
yet,'Y EH T',s,''
he,'HH IY',s,'IY'
and,'AH N D',s,''
in,'IH N',s,'IH'
the,'DH AH',s,''
street,'S T R IY T',s,'IY'
too,'T UW',s,'UW'
o,'OW',s,''
thou,'DH AW',s,''
hast,'HH AE S T',s,'AE'
and,'AH N D',s,''
art,'AA R T',s,'AA'
indeed,'IH N D IY D',s,'IH IY'
to,'T UW',s,'UW'
corrupt,'K ǝ r ɤ P T',s,''
a,'AH',s,''
saint,'S EY N T',s,'EY'
thou,'DH AW',s,''
hast,'HH AE S T',s,'AE'
upon,'AH P AA N',s,'AA'
me,'M IY',s,'IY'
god,'G AA D',s,'AA'
forgve,'F ER G IH V',s,'IH'
thee,'DH IY',s,'IY'
for,'F AO R',s,'AO'
it,'IH T',s,'IH'
i,'AY',s,'AY'
thee,'DH IY',s,'IY'
i,'AY',s,'AY'
and,'AH N D',s,''
am,'AE M',s,'AE'
i,'AY',s,'AY'
if,'IH F',s,'IH'
a,'AH',s,''
man,'M AE N',s,'AE'
speak,'S P IY K',s,'IY'
better,'B e T ə R',s,''
than,'DH AE N',s,'AE'
of,'AH V',s,''
the,'DH AH',s,''
wicked,'W IH K AH D',s,'IH'
i,'AY',s,'AY'
must,'M AH S T',s,''
over,'OW V ǝ R',s,''
this,'DH IH S',s,'IH'
and,'AH N D',s,''
i,'AY',s,'AY'
will,'W IH L',s,'IH'
it,'IH T',s,'IH'
over,'OW V ǝ R',s,''
by,'B AY',s,'AY'
the,'DH AH',s,''
lord,'L AO R D',s,'AO'
an,'AE N',s,'AE'
i,'AY',s,'AY'
do,'D OW',s,''
not,'N AA T',s,'AA'
i,'AY',s,'AY'
am,'AE M',s,'AE'
a,'AH',s,''
villain,'V IH L AH N',s,'IH'
be,'B IY',s,'IY'
for,'F AO R',s,'AO'
never,'N e V ǝ R',s,''
a,'AH',s,''
son,'S AO ̃',s,'AO'
in,'IH N',s,'IH'
zounds,'Z AW N D Z',s,''
thou,'DH AW',s,''
wilt,'W IH L T',s,'IH'
lad,'L AE D',s,'AE'
an,'AE N',s,'AE'
i,'AY',s,'AY'
do,'D OW',s,''
not,'N AA T',s,'AA'
call,'K AO L',s,'AO'
me,'M IY',s,'IY'
villain,'V IH L AH N',s,'IH'
and,'AH N D',s,''
me,'M IY',s,'IY'
whhy,'ʍ ǝ IH',s,'IH'
my,'M AY',s,'AY'
vocation,'V OW K EY SH AH N',s,'EY'
no,'N OW',s,''
sin,'S IH N',s,'IH'
for,'F AO R',s,'AO'
a,'AH',s,''
man,'M AE N',s,'AE'
to,'T UW',s,'UW'
in,'IH N',s,'IH'
his,'HH IH Z',s,'IH'
vocation,'V OW K EY SH AH N',s,'EY'
shall,'SH AE L',s,'AE'
we,'W IY',s,'IY'
if,'IH F',s,'IH'
gadshill,'G AW D Z IH L',s,'IH'
set,'S EH T',s,''
a,'AH',s,''
o,'OW',s,''
if,'IH F',s,'IH'
men,'M EH N',s,''
wre,'W ER',s,''
to,'T UW',s,'UW'
be,'B IY',s,'IY'
by,'B AY',s,'AY'
merit,'M EH R AH T',s,''
what,'W AH T',s,''
hle,'OW L',s,''
in,'IH N',s,'IH'
wre,'W ER',s,''
hot,'HH AA T',s,'AA'
for,'F AO R',s,'AO'
him,'HH IH M',s,'IH'
this,'DH IH S',s,'IH'
is,'IH Z',s,'IH'
the,'DH AH',s,''
most,'M OW S T',s,''
omnipotent,'AA M N IH P AH T AH N T',s,'AA IH'
villain,'V IH L AH N',s,'IH'
that,'DH AE T',s,'AE'
stand,'S T AE N D',s,'AE'
to,'T UW',s,'UW'
a,'AH',s,''
true,'T R UW',s,'UW'
man,'M AE N',s,'AE'
you,'Y UW',s,'UW'
if,'IH F',s,'IH'
i,'AY',s,'AY'
tarrry,'T AW r ǝ IH',s,'IH'
at,'AE T',s,'AE'
hme,'OW M',s,''
and,'AH N D',s,''
go,'G OW',s,''
not,'N AA T',s,'AA'
you,'Y UW',s,'UW'
for,'F AO R',s,'AO'
going,'G OW IH N',s,'IH'
wilt,'W IH L T',s,'IH'
thou,'DH AW',s,''
neither,'N EH DH ǝ R',s,''
manhood,'M AE N HH UH D',s,'AE UH'
nor,'N AO R',s,'AO'
good,'G UH D',s,'UH'
in,'IH N',s,'IH'
thee,'DH IY',s,'IY'
nor,'N AO R',s,'AO'
thou,'DH AW',s,''
not,'N AA T',s,'AA'
of,'AH V',s,''
the,'DH AH',s,''
blood,'B L AH D',s,''
if,'IH F',s,'IH'
thou,'DH AW',s,''
not,'N AA T',s,'AA'
stand,'S T AE N D',s,'AE'
for,'F AO R',s,'AO'
ten,'T EH N',s,''
whhy,'ʍ ǝ IH',s,'IH'
well,'W EH L',s,''
said,'S EH D',s,''
by,'B AY',s,'AY'
the,'DH AH',s,''
lord,'L AO R D',s,'AO'
be,'B IY',s,'IY'
a,'AH',s,''
then,'DH EH N',s,''
when,'ʍ e N',s,''
thou,'DH AW',s,''
art,'AA R T',s,'AA'
well,'W EH L',s,''
god,'G AA D',s,'AA'
thee,'DH IY',s,'IY'
the,'DH AH',s,''
spirit,'S P IH R AH T',s,'IH'
of,'AH V',s,''
persuasion,'P ER S W EY ZH AH N',s,'EY'
and,'AH N D',s,''
him,'HH IH M',s,'IH'
the,'DH AH',s,''
ears,'IY R Z',s,'IY'
of,'AH V',s,''
that,'DH AE T',s,'AE'
what,'W AH T',s,''
thou,'DH AW',s,''
and,'AH N D',s,''
what,'W AH T',s,''
he,'HH IY',s,'IY'
be,'B IY',s,'IY'
that,'DH AE T',s,'AE'
the,'DH AH',s,''
true,'T R UW',s,'UW'
for,'F AO R',s,'AO'
a,'AH',s,''
thief,'TH IY F',s,'IY'
for,'F AO R',s,'AO'
the,'DH AH',s,''
poor,'P UH R',s,'UH'
of,'AH V',s,''
the,'DH AH',s,''
want,'W AA N T',s,'AA'
you,'Y UW',s,'UW'
shall,'SH AE L',s,'AE'
me,'M IY',s,'IY'
in,'IH N',s,'IH'
and,'AH N D',s,''
be,'B IY',s,'IY'
i,'AY',s,'AY'
am,'AE M',s,'AE'
accursed,'ǝ K ɐ R S IH D',s,'IH'
to,'T UW',s,'UW'
rob,'R AA B',s,'AA'
in,'IH N',s,'IH'
that,'DH AE T',s,'AE'
company,'K AH M P AH N IY',s,'IY'
the,'DH AH',s,''
hath,'HH AE TH',s,'AE'
removed,'r IH M ɤ V IH D',s,'IH IH'
my,'M AY',s,'AY'
and,'AH N D',s,''
tied,'T AY D',s,'AY'
him,'HH IH M',s,'IH'
i,'AY',s,'AY'
not,'N AA T',s,'AA'
if,'IH F',s,'IH'
i,'AY',s,'AY'
travel,'T R AE V AH L',s,'AE'
but,'B AH T',s,''
four,'F AO R',s,'AO'
foot,'F UH T',s,'UH'
by,'B AY',s,'AY'
the,'DH AH',s,''
afoot,'AH F UH T',s,'UH'
i,'AY',s,'AY'
shall,'SH AE L',s,'AE'
break,'B R EY K',s,'EY'
my,'M AY',s,'AY'
well,'W EH L',s,''
i,'AY',s,'AY'
doubt,'D ǝ UH T',s,'UH'
not,'N AA T',s,'AA'
but,'B AH T',s,''
to,'T UW',s,'UW'
a,'AH',s,''
fair,'F EH R',s,''
death,'D EH TH',s,''
for,'F AO R',s,'AO'
all,'AA L',s,'AA'
this,'DH IH S',s,'IH'
if,'IH F',s,'IH'
i,'AY',s,'AY'
for,'F AO R',s,'AO'
that,'DH AE T',s,'AE'
i,'AY',s,'AY'
forsworn,'F AO R S W AO R N',s,'AO AO'
his,'HH IH Z',s,'IH'
company,'K AH M P AH N IY',s,'IY'
this,'DH IH S',s,'IH'
years,'Y IH R Z',s,'IH'
and,'AH N D',s,''
yet,'Y EH T',s,''
i,'AY',s,'AY'
am,'AE M',s,'AE'
bewitched,'B IH W IH T SH · T',s,'IH IH'
with,'W IH DH',s,'IH'
the,'DH AH',s,''
company,'K AH M P AH N IY',s,'IY'
if,'IH F',s,'IH'
the,'DH AH',s,''
not,'N AA T',s,'AA'
given,'G IH V AH N',s,'IH'
me,'M IY',s,'IY'
to,'T UW',s,'UW'
me,'M IY',s,'IY'
him,'HH IH M',s,'IH'
be,'B IY',s,'IY'
it,'IH T',s,'IH'
not,'N AA T',s,'AA'
be,'B IY',s,'IY'
i,'AY',s,'AY'
drunk,'D R AH NG K',s,''
a,'AH',s,''
upon,'AH P AA N',s,'AA'
you,'Y UW',s,'UW'
peto,'P IY T OW',s,'IY'
rob,'R AA B',s,'AA'
a,'AH',s,''
foot,'F UH T',s,'UH'
an,'AE N',s,'AE'
not,'N AA T',s,'AA'
as,'AE Z',s,'AE'
good,'G UH D',s,'UH'
a,'AH',s,''
deed,'D IY D',s,'IY'
as,'AE Z',s,'AE'
drink,'D R IH NG K',s,'IH'
to,'T UW',s,'UW'
turn,'T ɐ R N',s,''
true,'T R UW',s,'UW'
man,'M AE N',s,'AE'
and,'AH N D',s,''
to,'T UW',s,'UW'
i,'AY',s,'AY'
am,'AE M',s,'AE'
the,'DH AH',s,''
varlet,'V AA R L ǝ T',s,'AA'
that,'DH AE T',s,'AE'
with,'W IH DH',s,'IH'
a,'AH',s,''
tooth,'T UH TH',s,'UH'
yards,'Y AA R D Z',s,'AA'
of,'AH V',s,''
uneven,'AH N IY V AH N',s,'IY'
is,'IH Z',s,'IH'
and,'AH N D',s,''
ten,'T EH N',s,''
afoot,'AH F UH T',s,'UH'
with,'W IH DH',s,'IH'
me,'M IY',s,'IY'
and,'AH N D',s,''
the,'DH AH',s,''
villains,'V IH L AH N Z',s,'IH'
it,'IH T',s,'IH'
well,'W EH L',s,''
a,'AH',s,''
upon,'AH P AA N',s,'AA'
it,'IH T',s,'IH'
when,'ʍ e N',s,''
cannot,'K AE N AA T',s,'AE AA'
be,'B IY',s,'IY'
true,'T R UW',s,'UW'
to,'T UW',s,'UW'
another,'ǝ N ɤ DH ǝ R',s,''
a,'AH',s,''
upon,'AH P AA N',s,'AA'
you,'Y UW',s,'UW'
all,'AA L',s,'AA'
me,'M IY',s,'IY'
my,'M AY',s,'AY'
you,'Y UW',s,'UW'
me,'M IY',s,'IY'
my,'M AY',s,'AY'
and,'AH N D',s,''
be,'B IY',s,'IY'
you,'Y UW',s,'UW'
to,'T UW',s,'UW'
lift,'L IH F T',s,'IH'
me,'M IY',s,'IY'
up,'AH P',s,''
again,'ǝ ɡ EH N',s,''
being,'B IY IH NG',s,'IY IH'
down,'D ǝ UH N',s,'UH'
not,'N AA T',s,'AA'
bear,'B EH R',s,''
my,'M AY',s,'AY'
flesh,'F L EH SH',s,''
so,'S OW',s,''
far,'F AA R',s,'AA'
afoot,'AH F UH T',s,'UH'
again,'ǝ ɡ EH N',s,''
for,'F AO R',s,'AO'
all,'AA L',s,'AA'
the,'DH AH',s,''
in,'IH N',s,'IH'
what,'W AH T',s,''
a,'AH',s,''
mean,'M IY N',s,'IY'
you,'Y UW',s,'UW'
to,'T UW',s,'UW'
colt,'K OW L T',s,''
me,'M IY',s,'IY'
thus,'DH ɤ S',s,''
i,'AY',s,'AY'
prithee,'P r e DH IY',s,'IY'
good,'G UH D',s,'UH'
me,'M IY',s,'IY'
to,'T UW',s,'UW'
my,'M AY',s,'AY'
good,'G UH D',s,'UH'
son,'S AO ̃',s,'AO'
in,'IH N',s,'IH'
heir-apparent,'EH R - ǝ ˌ P AW r ǝ N T',s,''
if,'IH F',s,'IH'
i,'AY',s,'AY'
be,'B IY',s,'IY'
peach,'P IY CH',s,'IY'
for,'F AO R',s,'AO'
this,'DH IH S',s,'IH'
an,'AE N',s,'AE'
i,'AY',s,'AY'
not,'N AA T',s,'AA'
ballads,'B AE L AH D Z',s,'AE'
on,'AA N',s,'AA'
you,'Y UW',s,'UW'
all,'AA L',s,'AA'
and,'AH N D',s,''
to,'T UW',s,'UW'
filthhy,'F IH L TH ǝ IH',s,'IH IH'
tunes,'T Y UW N Z',s,'UW'
let,'L EH T',s,''
a,'AH',s,''
cup,'K ɤ P',s,''
of,'AH V',s,''
sack,'S AE K',s,'AE'
be,'B IY',s,'IY'
my,'M AY',s,'AY'
a,'AH',s,''
jest,'JH EH S T',s,''
is,'IH Z',s,'IH'
so,'S OW',s,''
and,'AH N D',s,''
afoot,'AH F UH T',s,'UH'
too,'T UW',s,'UW'
i,'AY',s,'AY'
it,'IH T',s,'IH'
so,'S OW',s,''
i,'AY',s,'AY'
do,'D OW',s,''
against,'AH G EH N S T',s,''
my,'M AY',s,'AY'
will,'W IH L',s,'IH'
you,'Y UW',s,'UW'
you,'Y UW',s,'UW'
going,'G OW IH N',s,'IH'
to,'T UW',s,'UW'
the,'DH AH',s,''
tavern,'T AW V ǝ R N',s,''
to,'T UW',s,'UW'
be,'B IY',s,'IY'
zounds,'Z AW N D Z',s,''
will,'W IH L',s,'IH'
not,'N AA T',s,'AA'
rob,'R AA B',s,'AA'
us,'AH S',s,''
indeed,'IH N D IY D',s,'IH IY'
i,'AY',s,'AY'
am,'AE M',s,'AE'
not,'N AA T',s,'AA'
of,'AH V',s,''
gaunt,'G AO N T',s,'AO'
your,'Y AO R',s,'AO'
but,'B AH T',s,''
yet,'Y EH T',s,''
no,'N OW',s,''
cannot,'K AE N AA T',s,'AE AA'
i,'AY',s,'AY'
him,'HH IH M',s,'IH'
if,'IH F',s,'IH'
i,'AY',s,'AY'
be,'B IY',s,'IY'
my,'M AY',s,'AY'
masters,'M AW S T ǝ R Z',s,''
man,'M AE N',s,'AE'
be,'B IY',s,'IY'
his,'HH IH Z',s,'IH'
i,'AY',s,'AY'
every,'e V r ǝ IH',s,'IH'
man,'M AE N',s,'AE'
to,'T UW',s,'UW'
his,'HH IH Z',s,'IH'
stand,'S T AE N D',s,'AE'
down,'D ǝ UH N',s,'UH'
with,'W IH DH',s,'IH'
them,'DH EH M',s,''
cut,'K ɤ T',s,''
the,'DH AH',s,''
us,'AH S',s,''
youth,'Y UW TH',s,'UW'
down,'D ǝ UH N',s,'UH'
with,'W IH DH',s,'IH'
them,'DH EH M',s,''
them,'DH EH M',s,''
you,'Y UW',s,'UW'
you,'Y UW',s,'UW'
no,'N OW',s,''
you,'Y UW',s,'UW'
fat,'F AE T',s,'AE'
i,'AY',s,'AY'
your,'Y AO R',s,'AO'
wre,'W ER',s,''
on,'AA N',s,'AA'
bacons,'B EH K ə N Z',s,''
on,'AA N',s,'AA'
what,'W AH T',s,''
you,'Y UW',s,'UW'
men,'M EH N',s,''
must,'M AH S T',s,''
you,'Y UW',s,'UW'
you,'Y UW',s,'UW'
you,'Y UW',s,'UW'
faith,'F EY TH',s,'EY'
my,'M AY',s,'AY'
masters,'M AW S T ǝ R Z',s,''
let,'L EH T',s,''
us,'AH S',s,''
and,'AH N D',s,''
then,'DH EH N',s,''
to,'T UW',s,'UW'
an,'AE N',s,'AE'
the,'DH AH',s,''
and,'AH N D',s,''
be,'B IY',s,'IY'
not,'N AA T',s,'AA'
arrant,'AW r ǝ N T',s,''
no,'N OW',s,''
no,'N OW',s,''
in,'IH N',s,'IH'
that,'DH AE T',s,'AE'
than,'DH AE N',s,'AE'
in,'IH N',s,'IH'
a,'AH',s,''
duck,'D ɤ K',s,''
a,'AH',s,''
of,'AH V',s,''
all,'AA L',s,'AA'
i,'AY',s,'AY'
and,'AH N D',s,''
a,'AH',s,''
too,'T UW',s,'UW'
marrry,'M AW r ǝ IH',s,'IH'
and,'AH N D',s,''
me,'M IY',s,'IY'
a,'AH',s,''
cup,'K ɤ P',s,''
of,'AH V',s,''
sack,'S AE K',s,'AE'
i,'AY',s,'AY'
lead,'L EH D',s,''
this,'DH IH S',s,'IH'
and,'AH N D',s,''
mend,'M EH N D',s,''
them,'DH EH M',s,''
and,'AH N D',s,''
foot,'F UH T',s,'UH'
them,'DH EH M',s,''
too,'T UW',s,'UW'
a,'AH',s,''
of,'AH V',s,''
all,'AA L',s,'AA'
me,'M IY',s,'IY'
a,'AH',s,''
cup,'K ɤ P',s,''
of,'AH V',s,''
sack,'S AE K',s,'AE'
no,'N OW',s,''
you,'Y UW',s,'UW'
in,'IH N',s,'IH'
this,'DH IH S',s,'IH'
sack,'S AE K',s,'AE'
is,'IH Z',s,'IH'
but,'B AH T',s,''
roguery,'r OW G r ǝ IH',s,'IH'
to,'T UW',s,'UW'
be,'B IY',s,'IY'
in,'IH N',s,'IH'
villainous,'V IH L AH N AH S',s,'IH'
man,'M AE N',s,'AE'
yet,'Y EH T',s,''
a,'AH',s,''
is,'IH Z',s,'IH'
than,'DH AE N',s,'AE'
a,'AH',s,''
cup,'K ɤ P',s,''
of,'AH V',s,''
sack,'S AE K',s,'AE'
with,'W IH DH',s,'IH'
in,'IH N',s,'IH'
it,'IH T',s,'IH'
a,'AH',s,''
villainous,'V IH L AH N AH S',s,'IH'
go,'G OW',s,''
old,'OW L D',s,''
jack,'JH AE K',s,'AE'
when,'ʍ e N',s,''
thou,'DH AW',s,''
wilt,'W IH L T',s,'IH'
if,'IH F',s,'IH'
manhood,'M AE N HH UH D',s,'AE UH'
good,'G UH D',s,'UH'
manhood,'M AE N HH UH D',s,'AE UH'
be,'B IY',s,'IY'
not,'N AA T',s,'AA'
forgot,'F ǝ R G ɒ T',s,''
upon,'AH P AA N',s,'AA'
the,'DH AH',s,''
of,'AH V',s,''
the,'DH AH',s,''
then,'DH EH N',s,''
am,'AE M',s,'AE'
i,'AY',s,'AY'
a,'AH',s,''
not,'N AA T',s,'AA'
good,'G UH D',s,'UH'
men,'M EH N',s,''
in,'IH N',s,'IH'
england,'IH NG G L AH N D',s,'IH'
and,'AH N D',s,''
of,'AH V',s,''
them,'DH EH M',s,''
is,'IH Z',s,'IH'
fat,'F AE T',s,'AE'
and,'AH N D',s,''
old,'OW L D',s,''
god,'G AA D',s,'AA'
the,'DH AH',s,''
a,'AH',s,''
bad,'B AE D',s,'AE'
i,'AY',s,'AY'
i,'AY',s,'AY'
i,'AY',s,'AY'
wre,'W ER',s,''
a,'AH',s,''
i,'AY',s,'AY'
or,'AO R',s,'AO'
a,'AH',s,''
of,'AH V',s,''
all,'AA L',s,'AA'
i,'AY',s,'AY'
still,'S T IH L',s,'IH'
a,'AH',s,''
son,'S AO ̃',s,'AO'
if,'IH F',s,'IH'
i,'AY',s,'AY'
do,'D OW',s,''
not,'N AA T',s,'AA'
beat,'B IY T',s,'IY'
thee,'DH IY',s,'IY'
out,'AW T',s,''
of,'AH V',s,''
with,'W IH DH',s,'IH'
a,'AH',s,''
of,'AH V',s,''
lath,'L AE TH',s,'AE'
and,'AH N D',s,''
all,'AA L',s,'AA'
subjects,'S AH B JH IH K T S',s,'IH'
thee,'DH IY',s,'IY'
a,'AH',s,''
flock,'F L AA K',s,'AA'
of,'AH V',s,''
never,'N e V ǝ R',s,''
wear,'W EH R',s,''
hair,'HH EH R',s,''
on,'AA N',s,'AA'
my,'M AY',s,'AY'
you,'Y UW',s,'UW'
of,'AH V',s,''
not,'N AA T',s,'AA'
you,'Y UW',s,'UW'
a,'AH',s,''
me,'M IY',s,'IY'
to,'T UW',s,'UW'
that,'DH AE T',s,'AE'
and,'AH N D',s,''
i,'AY',s,'AY'
call,'K AO L',s,'AO'
thee,'DH IY',s,'IY'
see,'S IY',s,'IY'
thee,'DH IY',s,'IY'
i,'AY',s,'AY'
call,'K AO L',s,'AO'
thee,'DH IY',s,'IY'
but,'B AH T',s,''
i,'AY',s,'AY'
a,'AH',s,''
i,'AY',s,'AY'
run,'r ɤ N',s,''
as,'AE Z',s,'AE'
fast,'F AW S T',s,''
as,'AE Z',s,'AE'
thou,'DH AW',s,''
you,'Y UW',s,'UW'
in,'IH N',s,'IH'
the,'DH AH',s,''
you,'Y UW',s,'UW'
not,'N AA T',s,'AA'
who,'HH UW',s,'UW'
sees,'S IY Z',s,'IY'
your,'Y AO R',s,'AO'
back,'B AE K',s,'AE'
call,'K AO L',s,'AO'
you,'Y UW',s,'UW'
that,'DH AE T',s,'AE'
of,'AH V',s,''
your,'Y AO R',s,'AO'
friends,'F R EH N D Z',s,''
a,'AH',s,''
upon,'AH P AA N',s,'AA'
me,'M IY',s,'IY'
them,'DH EH M',s,''
that,'DH AE T',s,'AE'
will,'W IH L',s,'IH'
me,'M IY',s,'IY'
a,'AH',s,''
cup,'K ɤ P',s,''
of,'AH V',s,''
am,'AE M',s,'AE'
a,'AH',s,''
if,'IH F',s,'IH'
i,'AY',s,'AY'
drunk,'D R AH NG K',s,''
all,'AA L',s,'AA'
is,'IH Z',s,'IH'
for,'F AO R',s,'AO'
that,'DH AE T',s,'AE'
a,'AH',s,''
of,'AH V',s,''
all,'AA L',s,'AA'
still,'S T IH L',s,'IH'
i,'AY',s,'AY'
the,'DH AH',s,''
matter,'M AW T ǝ R',s,''
be,'B IY',s,'IY'
four,'F AO R',s,'AO'
of,'AH V',s,''
us,'AH S',s,''
a,'AH',s,''
this,'DH IH S',s,'IH'
is,'IH Z',s,'IH'
it,'IH T',s,'IH'
taken,'T EY K AH N',s,'EY'
from,'F R AH M',s,''
us,'AH S',s,''
it,'IH T',s,'IH'
is,'IH Z',s,'IH'
a,'AH',s,''
upon,'AH P AA N',s,'AA'
poor,'P UH R',s,'UH'
four,'F AO R',s,'AO'
of,'AH V',s,''
us,'AH S',s,''
i,'AY',s,'AY'
am,'AE M',s,'AE'
a,'AH',s,''
if,'IH F',s,'IH'
i,'AY',s,'AY'
wre,'W ER',s,''
not,'N AA T',s,'AA'
at,'AE T',s,'AE'
with,'W IH DH',s,'IH'
a,'AH',s,''
dozen,'D ɤ Z ǝ N',s,''
of,'AH V',s,''
them,'DH EH M',s,''
i,'AY',s,'AY'
by,'B AY',s,'AY'
i,'AY',s,'AY'
am,'AE M',s,'AE'
the,'DH AH',s,''
doublet,'D ɤ B L IH T',s,'IH'
four,'F AO R',s,'AO'
the,'DH AH',s,''
my,'M AY',s,'AY'
cut,'K ɤ T',s,''
and,'AH N D',s,''
my,'M AY',s,'AY'
a,'AH',s,''
signum,'S IH G N UH M',s,'IH UH'
i,'AY',s,'AY'
never,'N e V ǝ R',s,''
dealt,'D EH L T',s,''
better,'B e T ə R',s,''
i,'AY',s,'AY'
was,'W AA Z',s,'AA'
a,'AH',s,''
man,'M AE N',s,'AE'
all,'AA L',s,'AA'
not,'N AA T',s,'AA'
do,'D OW',s,''
a,'AH',s,''
of,'AH V',s,''
all,'AA L',s,'AA'
let,'L EH T',s,''
them,'DH EH M',s,''
speak,'S P IY K',s,'IY'
if,'IH F',s,'IH'
speak,'S P IY K',s,'IY'
or,'AO R',s,'AO'
less,'L EH S',s,''
than,'DH AE N',s,'AE'
truth,'T R UW TH',s,'UW'
villains,'V IH L AH N Z',s,'IH'
and,'AH N D',s,''
the,'DH AH',s,''
sons,'S AH N Z',s,''
of,'AH V',s,''
darkness,'D AA R K N AH S',s,'AA'
at,'AE T',s,'AE'
least,'L IY S T',s,'IY'
my,'M AY',s,'AY'
lord,'L AO R D',s,'AO'
you,'Y UW',s,'UW'
wre,'W ER',s,''
every,'e V r ǝ IH',s,'IH'
man,'M AE N',s,'AE'
of,'AH V',s,''
them,'DH EH M',s,''
or,'AO R',s,'AO'
i,'AY',s,'AY'
am,'AE M',s,'AE'
a,'AH',s,''
an,'AE N',s,'AE'
and,'AH N D',s,''
the,'DH AH',s,''
rest,'R EH S T',s,''
and,'AH N D',s,''
then,'DH EH N',s,''
in,'IH N',s,'IH'
the,'DH AH',s,''
all,'AA L',s,'AA'
i,'AY',s,'AY'
not,'N AA T',s,'AA'
what,'W AH T',s,''
you,'Y UW',s,'UW'
call,'K AO L',s,'AO'
all,'AA L',s,'AA'
but,'B AH T',s,''
if,'IH F',s,'IH'
i,'AY',s,'AY'
not,'N AA T',s,'AA'
with,'W IH DH',s,'IH'
fifty,'F IH F T IY',s,'IH IY'
of,'AH V',s,''
them,'DH EH M',s,''
i,'AY',s,'AY'
am,'AE M',s,'AE'
a,'AH',s,''
bunch,'B ɤ N SH',s,''
of,'AH V',s,''
radish,'R AE D IH SH',s,'AE IH'
if,'IH F',s,'IH'
wre,'W ER',s,''
not,'N AA T',s,'AA'
or,'AO R',s,'AO'
upon,'AH P AA N',s,'AA'
poor,'P UH R',s,'UH'
old,'OW L D',s,''
jack,'JH AE K',s,'AE'
then,'DH EH N',s,''
am,'AE M',s,'AE'
i,'AY',s,'AY'
no,'N OW',s,''
creatre,'K R IY CH ER',s,'IY'
past,'P AW S T',s,''
for,'F AO R',s,'AO'
i,'AY',s,'AY'
of,'AH V',s,''
them,'DH EH M',s,''
i,'AY',s,'AY'
am,'AE M',s,'AE'
i,'AY',s,'AY'
paid,'P EY D',s,'EY'
in,'IH N',s,'IH'
suits,'SH UW T S',s,'UW'
i,'AY',s,'AY'
tell,'T EH L',s,''
thee,'DH IY',s,'IY'
what,'W AH T',s,''
if,'IH F',s,'IH'
i,'AY',s,'AY'
tell,'T EH L',s,''
thee,'DH IY',s,'IY'
a,'AH',s,''
spit,'S P IH T',s,'IH'
in,'IH N',s,'IH'
my,'M AY',s,'AY'
call,'K AO L',s,'AO'
me,'M IY',s,'IY'
thou,'DH AW',s,''
my,'M AY',s,'AY'
old,'OW L D',s,''
ward,'W AA R D',s,'AA'
i,'AY',s,'AY'
and,'AH N D',s,''
thus,'DH ɤ S',s,''
i,'AY',s,'AY'
my,'M AY',s,'AY'
four,'F AO R',s,'AO'
in,'IH N',s,'IH'
let,'L EH T',s,''
at,'AE T',s,'AE'
me,'M IY',s,'IY'
four,'F AO R',s,'AO'
i,'AY',s,'AY'
told,'T OW L D',s,''
thee,'DH IY',s,'IY'
four,'F AO R',s,'AO'
four,'F AO R',s,'AO'
all,'AA L',s,'AA'
and,'AH N D',s,''
mainly,'M EY N L IY',s,'EY IY'
at,'AE T',s,'AE'
me,'M IY',s,'IY'
i,'AY',s,'AY'
me,'M IY',s,'IY'
no,'N OW',s,''
ado,'AH D UW',s,'UW'
but,'B AH T',s,''
took,'T UH K',s,'UH'
all,'AA L',s,'AA'
their,'DH EH R',s,''
seven,'S EH V AH N',s,''
in,'IH N',s,'IH'
my,'M AY',s,'AY'
target,'T AA R G AH T',s,'AA'
thus,'DH ɤ S',s,''
in,'IH N',s,'IH'
seven,'S EH V AH N',s,''
by,'B AY',s,'AY'
or,'AO R',s,'AO'
i,'AY',s,'AY'
am,'AE M',s,'AE'
a,'AH',s,''
villain,'V IH L AH N',s,'IH'
dost,'D AA S T',s,'AA'
thou,'DH AW',s,''
me,'M IY',s,'IY'
do,'D OW',s,''
so,'S OW',s,''
for,'F AO R',s,'AO'
it,'IH T',s,'IH'
is,'IH Z',s,'IH'
worth,'W AO R TH',s,'AO'
the,'DH AH',s,''
to,'T UW',s,'UW'
in,'IH N',s,'IH'
that,'DH AE T',s,'AE'
i,'AY',s,'AY'
told,'T OW L D',s,''
thee,'DH IY',s,'IY'
of,'AH V',s,''
their,'DH EH R',s,''
being,'B IY IH NG',s,'IY IH'
broken,'B R OW K AH N',s,''
began,'B IH G AE N',s,'IH AE'
to,'T UW',s,'UW'
me,'M IY',s,'IY'
but,'B AH T',s,''
i,'AY',s,'AY'
me,'M IY',s,'IY'
in,'IH N',s,'IH'
foot,'F UH T',s,'UH'
and,'AH N D',s,''
and,'AH N D',s,''
with,'W IH DH',s,'IH'
a,'AH',s,''
seven,'S EH V AH N',s,''
of,'AH V',s,''
the,'DH AH',s,''
eleven,'IH L EH V AH N',s,'IH'
i,'AY',s,'AY'
paid,'P EY D',s,'EY'
but,'B AH T',s,''
as,'AE Z',s,'AE'
the,'DH AH',s,''
devil,'D IH V ǝ L',s,'IH'
it,'IH T',s,'IH'
in,'IH N',s,'IH'
kendal,'K EH N D AH L',s,''
green,'G R IY N',s,'IY'
at,'AE T',s,'AE'
my,'M AY',s,'AY'
back,'B AE K',s,'AE'
and,'AH N D',s,''
let,'L EH T',s,''
at,'AE T',s,'AE'
me,'M IY',s,'IY'
for,'F AO R',s,'AO'
it,'IH T',s,'IH'
was,'W AA Z',s,'AA'
so,'S OW',s,''
dark,'D AA R K',s,'AA'
that,'DH AE T',s,'AE'
thou,'DH AW',s,''
not,'N AA T',s,'AA'
see,'S IY',s,'IY'
what,'W AH T',s,''
art,'AA R T',s,'AA'
thou,'DH AW',s,''
mad,'M AE D',s,'AE'
art,'AA R T',s,'AA'
thou,'DH AW',s,''
mad,'M AE D',s,'AE'
is,'IH Z',s,'IH'
not,'N AA T',s,'AA'
the,'DH AH',s,''
truth,'T R UW TH',s,'UW'
the,'DH AH',s,''
truth,'T R UW TH',s,'UW'
what,'W AH T',s,''
upon,'AH P AA N',s,'AA'
compulsion,'K AH M P AH L SH AH N',s,''
zounds,'Z AW N D Z',s,''
an,'AE N',s,'AE'
i,'AY',s,'AY'
wre,'W ER',s,''
at,'AE T',s,'AE'
the,'DH AH',s,''
or,'AO R',s,'AO'
all,'AA L',s,'AA'
the,'DH AH',s,''
in,'IH N',s,'IH'
the,'DH AH',s,''
i,'AY',s,'AY'
not,'N AA T',s,'AA'
tell,'T EH L',s,''
you,'Y UW',s,'UW'
on,'AA N',s,'AA'
compulsion,'K AH M P AH L SH AH N',s,''
you,'Y UW',s,'UW'
a,'AH',s,''
reason,'r EH Z ǝ N',s,''
on,'AA N',s,'AA'
compulsion,'K AH M P AH L SH AH N',s,''
if,'IH F',s,'IH'
reasons,'r EH Z ǝ N Z',s,''
wre,'W ER',s,''
as,'AE Z',s,'AE'
as,'AE Z',s,'AE'
i,'AY',s,'AY'
no,'N OW',s,''
man,'M AE N',s,'AE'
a,'AH',s,''
reason,'r EH Z ǝ N',s,''
upon,'AH P AA N',s,'AA'
compulsion,'K AH M P AH L SH AH N',s,''
i,'AY',s,'AY'
you,'Y UW',s,'UW'
you,'Y UW',s,'UW'
you,'Y UW',s,'UW'
dried,'D R AY D',s,'AY'
you,'Y UW',s,'UW'
you,'Y UW',s,'UW'
o,'OW',s,''
for,'F AO R',s,'AO'
breath,'B R EH TH',s,''
to,'T UW',s,'UW'
what,'W AH T',s,''
is,'IH Z',s,'IH'
thee,'DH IY',s,'IY'
you,'Y UW',s,'UW'
yard,'Y AA R D',s,'AA'
you,'Y UW',s,'UW'
sheath,'SH IY TH',s,'IY'
you,'Y UW',s,'UW'
you,'Y UW',s,'UW'
tuck,'T AH K',s,''
by,'B AY',s,'AY'
the,'DH AH',s,''
lord,'L AO R D',s,'AO'
i,'AY',s,'AY'
you,'Y UW',s,'UW'
as,'AE Z',s,'AE'
well,'W EH L',s,''
as,'AE Z',s,'AE'
he,'HH IY',s,'IY'
that,'DH AE T',s,'AE'
you,'Y UW',s,'UW'
whhy,'ʍ ǝ IH',s,'IH'
you,'Y UW',s,'UW'
my,'M AY',s,'AY'
masters,'M AW S T ǝ R Z',s,''
was,'W AA Z',s,'AA'
it,'IH T',s,'IH'
for,'F AO R',s,'AO'
me,'M IY',s,'IY'
to,'T UW',s,'UW'
kill,'K IH L',s,'IH'
the,'DH AH',s,''
apparent,'AH P EH R AH N T',s,''
i,'AY',s,'AY'
turn,'T ɐ R N',s,''
upon,'AH P AA N',s,'AA'
the,'DH AH',s,''
true,'T R UW',s,'UW'
whhy,'ʍ ǝ IH',s,'IH'
thou,'DH AW',s,''
i,'AY',s,'AY'
am,'AE M',s,'AE'
as,'AE Z',s,'AE'
as,'AE Z',s,'AE'
but,'B AH T',s,''
the,'DH AH',s,''
will,'W IH L',s,'IH'
not,'N AA T',s,'AA'
the,'DH AH',s,''
true,'T R UW',s,'UW'
is,'IH Z',s,'IH'
a,'AH',s,''
great,'G r e T',s,''
matter,'M AW T ǝ R',s,''
i,'AY',s,'AY'
was,'W AA Z',s,'AA'
a,'AH',s,''
on,'AA N',s,'AA'
i,'AY',s,'AY'
shall,'SH AE L',s,'AE'
think,'TH IH NG K',s,'IH'
the,'DH AH',s,''
better,'B e T ə R',s,''
of,'AH V',s,''
myself,'M AY S EH L F',s,'AY'
and,'AH N D',s,''
thee,'DH IY',s,'IY'
my,'M AY',s,'AY'
i,'AY',s,'AY'
for,'F AO R',s,'AO'
a,'AH',s,''
and,'AH N D',s,''
thou,'DH AW',s,''
for,'F AO R',s,'AO'
a,'AH',s,''
true,'T R UW',s,'UW'
but,'B AH T',s,''
by,'B AY',s,'AY'
the,'DH AH',s,''
lord,'L AO R D',s,'AO'
lads,'L AE D Z',s,'AE'
i,'AY',s,'AY'
am,'AE M',s,'AE'
glad,'G L AE D',s,'AE'
you,'Y UW',s,'UW'
the,'DH AH',s,''
clap,'K L AE P',s,'AE'
to,'T UW',s,'UW'
the,'DH AH',s,''
lads,'L AE D Z',s,'AE'
hearts,'HH AA R T S',s,'AA'
of,'AH V',s,''
gold,'G OW L D',s,''
all,'AA L',s,'AA'
the,'DH AH',s,''
titles,'T AY T AH L Z',s,'AY'
of,'AH V',s,''
good,'G UH D',s,'UH'
to,'T UW',s,'UW'
you,'Y UW',s,'UW'
what,'W AH T',s,''
shall,'SH AE L',s,'AE'
we,'W IY',s,'IY'
be,'B IY',s,'IY'
merrry,'M e r ǝ IH',s,'IH'
shall,'SH AE L',s,'AE'
we,'W IY',s,'IY'
a,'AH',s,''
no,'N OW',s,''
of,'AH V',s,''
that,'DH AE T',s,'AE'
an,'AE N',s,'AE'
thou,'DH AW',s,''
me,'M IY',s,'IY'
what,'W AH T',s,''
of,'AH V',s,''
man,'M AE N',s,'AE'
is,'IH Z',s,'IH'
he,'HH IY',s,'IY'
what,'W AH T',s,''
doth,'D AO TH',s,'AO'
gravity,'G R AE V AH T IY',s,'AE IY'
out,'AW T',s,''
of,'AH V',s,''
his,'HH IH Z',s,'IH'
bed,'B EH D',s,''
at,'AE T',s,'AE'
shall,'SH AE L',s,'AE'
i,'AY',s,'AY'
him,'HH IH M',s,'IH'
his,'HH IH Z',s,'IH'
faith,'F EY TH',s,'EY'
and,'AH N D',s,''
send,'S EH N D',s,''
him,'HH IH M',s,'IH'
my,'M AY',s,'AY'
when,'ʍ e N',s,''
i,'AY',s,'AY'
was,'W AA Z',s,'AA'
years,'Y IH R Z',s,'IH'
i,'AY',s,'AY'
was,'W AA Z',s,'AA'
not,'N AA T',s,'AA'
an,'AE N',s,'AE'
talon,'T AW L ǝ N',s,''
in,'IH N',s,'IH'
the,'DH AH',s,''
waist,'W EY S T',s,'EY'
i,'AY',s,'AY'
crept,'K R EH P T',s,''
into,'IH N T UW',s,'IH UW'
a,'AH',s,''
of,'AH V',s,''
and,'AH N D',s,''
grief,'G R IY F',s,'IY'
it,'IH T',s,'IH'
a,'AH',s,''
man,'M AE N',s,'AE'
up,'AH P',s,''
a,'AH',s,''
bladder,'B L AW D ə R',s,''
villainous,'V IH L AH N AH S',s,'IH'
abroad,'AH B R AO D',s,'AO'
was,'W AA Z',s,'AA'
bracy,'B R EY S IY',s,'EY IY'
from,'F R AH M',s,''
your,'Y AO R',s,'AO'
you,'Y UW',s,'UW'
must,'M AH S T',s,''
to,'T UW',s,'UW'
the,'DH AH',s,''
court,'K AO R T',s,'AO'
in,'IH N',s,'IH'
the,'DH AH',s,''
that,'DH AE T',s,'AE'
mad,'M AE D',s,'AE'
of,'AH V',s,''
the,'DH AH',s,''
north,'N AO R TH',s,'AO'
and,'AH N D',s,''
he,'HH IY',s,'IY'
of,'AH V',s,''
that,'DH AE T',s,'AE'
the,'DH AH',s,''
and,'AH N D',s,''
and,'AH N D',s,''
the,'DH AH',s,''
devil,'D IH V ǝ L',s,'IH'
his,'HH IH Z',s,'IH'
true,'T R UW',s,'UW'
upon,'AH P AA N',s,'AA'
the,'DH AH',s,''
cross,'K R AO S',s,'AO'
of,'AH V',s,''
a,'AH',s,''
welsh,'W EH L CH',s,''
a,'AH',s,''
call,'K AO L',s,'AO'
you,'Y UW',s,'UW'
him,'HH IH M',s,'IH'
the,'DH AH',s,''
and,'AH N D',s,''
his,'HH IH Z',s,'IH'
son-in-law,'S ɤ N - IH N - ˌ L AO',s,'IH AO'
mortimer,'M AO R T IH M ǝ R',s,'AO IH'
and,'AH N D',s,''
old,'OW L D',s,''
and,'AH N D',s,''
that,'DH AE T',s,'AE'
of,'AH V',s,''
douglas,'D AH G L AH S',s,''
that,'DH AE T',s,'AE'
runs,'R AH N Z',s,''
up,'AH P',s,''
a,'AH',s,''
you,'Y UW',s,'UW'
it,'IH T',s,'IH'
well,'W EH L',s,''
that,'DH AE T',s,'AE'
hath,'HH AE TH',s,'AE'
good,'G UH D',s,'UH'
in,'IH N',s,'IH'
him,'HH IH M',s,'IH'
he,'HH IY',s,'IY'
will,'W IH L',s,'IH'
not,'N AA T',s,'AA'
run,'r ɤ N',s,''
you,'Y UW',s,'UW'
cuckoo,'K AH K UW',s,'UW'
but,'B AH T',s,''
afoot,'AH F UH T',s,'UH'
he,'HH IY',s,'IY'
will,'W IH L',s,'IH'
not,'N AA T',s,'AA'
buge,'B AH JH',s,''
a,'AH',s,''
foot,'F UH T',s,'UH'
i,'AY',s,'AY'
grant,'G r AO N T',s,'AO'
you,'Y UW',s,'UW'
upon,'AH P AA N',s,'AA'
well,'W EH L',s,''
he,'HH IY',s,'IY'
is,'IH Z',s,'IH'
too,'T UW',s,'UW'
and,'AH N D',s,''
and,'AH N D',s,''
a,'AH',s,''
is,'IH Z',s,'IH'
beard,'B EH R D',s,''
is,'IH Z',s,'IH'
turned,'T ɐ R N IH D',s,'IH'
with,'W IH DH',s,'IH'
the,'DH AH',s,''
you,'Y UW',s,'UW'
buy,'B ə IH',s,'IH'
land,'L AE N D',s,'AE'
as,'AE Z',s,'AE'
cheap,'CH IY P',s,'IY'
as,'AE Z',s,'AE'
by,'B AY',s,'AY'
the,'DH AH',s,''
mass,'M AW S',s,''
thou,'DH AW',s,''
true,'T R UW',s,'UW'
it,'IH T',s,'IH'
is,'IH Z',s,'IH'
we,'W IY',s,'IY'
shall,'SH AE L',s,'AE'
good,'G UH D',s,'UH'
that,'DH AE T',s,'AE'
but,'B AH T',s,''
tell,'T EH L',s,''
me,'M IY',s,'IY'
art,'AA R T',s,'AA'
not,'N AA T',s,'AA'
thou,'DH AW',s,''
thou,'DH AW',s,''
being,'B IY IH NG',s,'IY IH'
apparent,'AH P EH R AH N T',s,''
the,'DH AH',s,''
pick,'P IH K',s,'IH'
thee,'DH IY',s,'IY'
out,'AW T',s,''
enemies,'EH N AH M IY Z',s,'IY'
again,'ǝ ɡ EH N',s,''
as,'AE Z',s,'AE'
that,'DH AE T',s,'AE'
fiend,'F IY N D',s,'IY'
douglas,'D AH G L AH S',s,''
that,'DH AE T',s,'AE'
spirit,'S P IH R AH T',s,'IH'
and,'AH N D',s,''
that,'DH AE T',s,'AE'
devil,'D IH V ǝ L',s,'IH'
art,'AA R T',s,'AA'
thou,'DH AW',s,''
not,'N AA T',s,'AA'
horribly,'HH AO R AH B L IY',s,'AO IY'
afraid,'ǝ F r EH D',s,''
doth,'D AO TH',s,'AO'
not,'N AA T',s,'AA'
blood,'B L AH D',s,''
at,'AE T',s,'AE'
it,'IH T',s,'IH'
well,'W EH L',s,''
thou,'DH AW',s,''
wilt,'W IH L T',s,'IH'
be,'B IY',s,'IY'
horribly,'HH AO R AH B L IY',s,'AO IY'
when,'ʍ e N',s,''
thou,'DH AW',s,''
to,'T UW',s,'UW'
if,'IH F',s,'IH'
thou,'DH AW',s,''
me,'M IY',s,'IY'
an,'AE N',s,'AE'
shall,'SH AE L',s,'AE'
i,'AY',s,'AY'
content,'K ǝ N T e N T',s,''
this,'DH IH S',s,'IH'
chair,'CH EH R',s,''
shall,'SH AE L',s,'AE'
be,'B IY',s,'IY'
my,'M AY',s,'AY'
this,'DH IH S',s,'IH'
my,'M AY',s,'AY'
and,'AH N D',s,''
this,'DH IH S',s,'IH'
my,'M AY',s,'AY'
crown,'K r ǝ UH N',s,'UH'
well,'W EH L',s,''
an,'AE N',s,'AE'
the,'DH AH',s,''
of,'AH V',s,''
be,'B IY',s,'IY'
not,'N AA T',s,'AA'
out,'AW T',s,''
of,'AH V',s,''
thee,'DH IY',s,'IY'
shalt,'SH AE L T',s,'AE'
thou,'DH AW',s,''
be,'B IY',s,'IY'
me,'M IY',s,'IY'
a,'AH',s,''
cup,'K ɤ P',s,''
of,'AH V',s,''
sack,'S AE K',s,'AE'
to,'T UW',s,'UW'
my,'M AY',s,'AY'
look,'L UH K',s,'UH'
red,'R EH D',s,''
that,'DH AE T',s,'AE'
it,'IH T',s,'IH'
be,'B IY',s,'IY'
i,'AY',s,'AY'
wept,'W EH P T',s,''
for,'F AO R',s,'AO'
i,'AY',s,'AY'
must,'M AH S T',s,''
speak,'S P IY K',s,'IY'
in,'IH N',s,'IH'
passion,'P AE SH AH N',s,'AE'
and,'AH N D',s,''
i,'AY',s,'AY'
will,'W IH L',s,'IH'
do,'D OW',s,''
it,'IH T',s,'IH'
in,'IH N',s,'IH'
vein,'V EY N',s,'EY'
and,'AH N D',s,''
is,'IH Z',s,'IH'
my,'M AY',s,'AY'
speech,'S P IY CH',s,'IY'
stand,'S T AE N D',s,'AE'
weep,'W IY P',s,'IY'
not,'N AA T',s,'AA'
sweet,'S W IY T',s,'IY'
for,'F AO R',s,'AO'
tears,'T EH R Z',s,''
vain,'V EY N',s,'EY'
for,'F AO R',s,'AO'
lords,'L AO R D Z',s,'AO'
my,'M AY',s,'AY'
for,'F AO R',s,'AO'
tears,'T EH R Z',s,''
do,'D OW',s,''
stop,'S T AA P',s,'AA'
the,'DH AH',s,''
of,'AH V',s,''
good,'G UH D',s,'UH'
good,'G UH D',s,'UH'
i,'AY',s,'AY'
do,'D OW',s,''
not,'N AA T',s,'AA'
only,'OW N L IY',s,'IY'
marvel,'M AA R V ǝ L',s,'AA'
thou,'DH AW',s,''
but,'B AH T',s,''
also,'AO L S OW',s,'AO'
thou,'DH AW',s,''
art,'AA R T',s,'AA'
accompanied,'AH K AH M P AH N IY D',s,'IY'
for,'F AO R',s,'AO'
the,'DH AH',s,''
the,'DH AH',s,''
it,'IH T',s,'IH'
is,'IH Z',s,'IH'
trodden,'T R AA D AH N',s,'AA'
on,'AA N',s,'AA'
the,'DH AH',s,''
it,'IH T',s,'IH'
so,'S OW',s,''
youth,'Y UW TH',s,'UW'
the,'DH AH',s,''
it,'IH T',s,'IH'
is,'IH Z',s,'IH'
wasted,'W AW S T IH D',s,'IH'
the,'DH AH',s,''
sooner,'S UW N ǝ R',s,'UW'
it,'IH T',s,'IH'
wears,'W EH R Z',s,''
that,'DH AE T',s,'AE'
thou,'DH AW',s,''
art,'AA R T',s,'AA'
my,'M AY',s,'AY'
son,'S AO ̃',s,'AO'
i,'AY',s,'AY'
partly,'P AA R T L IY',s,'AA IY'
partly,'P AA R T L IY',s,'AA IY'
my,'M AY',s,'AY'
but,'B AH T',s,''
a,'AH',s,''
villainous,'V IH L AH N AH S',s,'IH'
trick,'T R IH K',s,'IH'
of,'AH V',s,''
and,'AH N D',s,''
a,'AH',s,''
foolish,'F UW L IH SH',s,'UW IH'
of,'AH V',s,''
nether,'N e DH ǝ R',s,''
lip,'L IH P',s,'IH'
that,'DH AE T',s,'AE'
doth,'D AO TH',s,'AO'
warrant,'W AA r ǝ N T',s,'AA'
me,'M IY',s,'IY'
if,'IH F',s,'IH'
then,'DH EH N',s,''
thou,'DH AW',s,''
be,'B IY',s,'IY'
son,'S AO ̃',s,'AO'
to,'T UW',s,'UW'
me,'M IY',s,'IY'
the,'DH AH',s,''
whhy,'ʍ ǝ IH',s,'IH'
being,'B IY IH NG',s,'IY IH'
son,'S AO ̃',s,'AO'
to,'T UW',s,'UW'
me,'M IY',s,'IY'
art,'AA R T',s,'AA'
thou,'DH AW',s,''
so,'S OW',s,''
at,'AE T',s,'AE'
shall,'SH AE L',s,'AE'
the,'DH AH',s,''
blessed,'B L e S IH D',s,'IH'
sun,'S AH N',s,''
of,'AH V',s,''
heaven,'HH EH V AH N',s,''
a,'AH',s,''
and,'AH N D',s,''
eat,'IY T',s,'IY'
a,'AH',s,''
not,'N AA T',s,'AA'
to,'T UW',s,'UW'
be,'B IY',s,'IY'
shall,'SH AE L',s,'AE'
the,'DH AH',s,''
son,'S AO ̃',s,'AO'
of,'AH V',s,''
england,'IH NG G L AH N D',s,'IH'
a,'AH',s,''
thief,'TH IY F',s,'IY'
and,'AH N D',s,''
purses,'P ɐ R S IH Z',s,'IH'
a,'AH',s,''
to,'T UW',s,'UW'
be,'B IY',s,'IY'
is,'IH Z',s,'IH'
a,'AH',s,''
thou,'DH AW',s,''
hast,'HH AE S T',s,'AE'
of,'AH V',s,''
and,'AH N D',s,''
it,'IH T',s,'IH'
is,'IH Z',s,'IH'
to,'T UW',s,'UW'
in,'IH N',s,'IH'
our,'OW R',s,''
land,'L AE N D',s,'AE'
by,'B AY',s,'AY'
the,'DH AH',s,''
of,'AH V',s,''
this,'DH IH S',s,'IH'
as,'AE Z',s,'AE'
ancient,'EY N CH AH N T',s,'EY'
do,'D OW',s,''
report,'r IH P AO R T',s,'IH AO'
doth,'D AO TH',s,'AO'
so,'S OW',s,''
doth,'D AO TH',s,'AO'
the,'DH AH',s,''
company,'K AH M P AH N IY',s,'IY'
thou,'DH AW',s,''
for,'F AO R',s,'AO'
i,'AY',s,'AY'
do,'D OW',s,''
not,'N AA T',s,'AA'
speak,'S P IY K',s,'IY'
to,'T UW',s,'UW'
thee,'DH IY',s,'IY'
in,'IH N',s,'IH'
drink,'D R IH NG K',s,'IH'
but,'B AH T',s,''
in,'IH N',s,'IH'
tears,'T EH R Z',s,''
not,'N AA T',s,'AA'
in,'IH N',s,'IH'
pleasre,'P L EH ZH ER',s,''
but,'B AH T',s,''
in,'IH N',s,'IH'
passion,'P AE SH AH N',s,'AE'
not,'N AA T',s,'AA'
in,'IH N',s,'IH'
only,'OW N L IY',s,'IY'
but,'B AH T',s,''
in,'IH N',s,'IH'
woes,'W OW Z',s,''
also,'AO L S OW',s,'AO'
and,'AH N D',s,''
yet,'Y EH T',s,''
is,'IH Z',s,'IH'
a,'AH',s,''
virtuous,'V ER CH UW AH S',s,'UW'
man,'M AE N',s,'AE'
whom,'HH UW M',s,'UW'
i,'AY',s,'AY'
noted,'N OW T AH D',s,''
in,'IH N',s,'IH'
company,'K AH M P AH N IY',s,'IY'
but,'B AH T',s,''
i,'AY',s,'AY'
not,'N AA T',s,'AA'
his,'HH IH Z',s,'IH'
a,'AH',s,''
man,'M AE N',s,'AE'
faith,'F EY TH',s,'EY'
and,'AH N D',s,''
a,'AH',s,''
of,'AH V',s,''
a,'AH',s,''
cheerful,'CH IH R F AH L',s,'IH'
look,'L UH K',s,'UH'
a,'AH',s,''
and,'AH N D',s,''
a,'AH',s,''
most,'M OW S T',s,''
and,'AH N D',s,''
as,'AE Z',s,'AE'
i,'AY',s,'AY'
think,'TH IH NG K',s,'IH'
his,'HH IH Z',s,'IH'
fifty,'F IH F T IY',s,'IH IY'
or,'AO R',s,'AO'
by,'B AY',s,'AY'
lady,'L EY D IY',s,'EY IY'
inclining,'IH N K L ǝ IH N IH N',s,'IH IH IH'
to,'T UW',s,'UW'
and,'AH N D',s,''
i,'AY',s,'AY'
me,'M IY',s,'IY'
his,'HH IH Z',s,'IH'
is,'IH Z',s,'IH'
falstaff,'F AO L S T AE F',s,'AO AE'
if,'IH F',s,'IH'
that,'DH AE T',s,'AE'
man,'M AE N',s,'AE'
be,'B IY',s,'IY'
given,'G IH V AH N',s,'IH'
he,'HH IY',s,'IY'
me,'M IY',s,'IY'
for,'F AO R',s,'AO'
i,'AY',s,'AY'
see,'S IY',s,'IY'
in,'IH N',s,'IH'
his,'HH IH Z',s,'IH'
looks,'L UH K S',s,'UH'
if,'IH F',s,'IH'
then,'DH EH N',s,''
the,'DH AH',s,''
tree,'T R IY',s,'IY'
be,'B IY',s,'IY'
by,'B AY',s,'AY'
the,'DH AH',s,''
fruit,'F R UW T',s,'UW'
as,'AE Z',s,'AE'
the,'DH AH',s,''
fruit,'F R UW T',s,'UW'
by,'B AY',s,'AY'
the,'DH AH',s,''
tree,'T R IY',s,'IY'
then,'DH EH N',s,''
i,'AY',s,'AY'
speak,'S P IY K',s,'IY'
it,'IH T',s,'IH'
is,'IH Z',s,'IH'
in,'IH N',s,'IH'
that,'DH AE T',s,'AE'
falstaff,'F AO L S T AE F',s,'AO AE'
him,'HH IH M',s,'IH'
keep,'K IY P',s,'IY'
with,'W IH DH',s,'IH'
the,'DH AH',s,''
rest,'R EH S T',s,''
banish,'B AE N IH SH',s,'AE IH'
and,'AH N D',s,''
tell,'T EH L',s,''
me,'M IY',s,'IY'
thou,'DH AW',s,''
varlet,'V AA R L ǝ T',s,'AA'
tell,'T EH L',s,''
me,'M IY',s,'IY'
hast,'HH AE S T',s,'AE'
thou,'DH AW',s,''
been,'B IH N',s,'IH'
this,'DH IH S',s,'IH'
month,'M AH N TH',s,''
me,'M IY',s,'IY'
if,'IH F',s,'IH'
thou,'DH AW',s,''
dost,'D AA S T',s,'AA'
it,'IH T',s,'IH'
so,'S OW',s,''
gravely,'G r EH V L ǝ IH',s,'IH'
so,'S OW',s,''
majesticallly,'M ǝ D ZH e S T IH K L ǝ IH',s,'IH IH'
both,'B OW TH',s,''
in,'IH N',s,'IH'
and,'AH N D',s,''
matter,'M AW T ǝ R',s,''
me,'M IY',s,'IY'
up,'AH P',s,''
by,'B AY',s,'AY'
the,'DH AH',s,''
for,'F AO R',s,'AO'
a,'AH',s,''
or,'AO R',s,'AO'
a,'AH',s,''
hre,'EH R',s,''
and,'AH N D',s,''
i,'AY',s,'AY'
my,'M AY',s,'AY'
masters,'M AW S T ǝ R Z',s,''
my,'M AY',s,'AY'
lord,'L AO R D',s,'AO'
from,'F R AH M',s,''
my,'M AY',s,'AY'
lord,'L AO R D',s,'AO'
you,'Y UW',s,'UW'
for,'F AO R',s,'AO'
a,'AH',s,''
faith,'F EY TH',s,'EY'
i,'AY',s,'AY'
your,'Y AO R',s,'AO'
me,'M IY',s,'IY'
with,'W IH DH',s,'IH'
you,'Y UW',s,'UW'
whom,'HH UW M',s,'UW'
means,'M IY N Z',s,'IY'
your,'Y AO R',s,'AO'
my,'M AY',s,'AY'
lord,'L AO R D',s,'AO'
the,'DH AH',s,''
man,'M AE N',s,'AE'
i,'AY',s,'AY'
but,'B AH T',s,''
to,'T UW',s,'UW'
i,'AY',s,'AY'
in,'IH N',s,'IH'
him,'HH IH M',s,'IH'
than,'DH AE N',s,'AE'
in,'IH N',s,'IH'
myself,'M AY S EH L F',s,'AY'
wre,'W ER',s,''
to,'T UW',s,'UW'
than,'DH AE N',s,'AE'
i,'AY',s,'AY'
that,'DH AE T',s,'AE'
he,'HH IY',s,'IY'
is,'IH Z',s,'IH'
old,'OW L D',s,''
the,'DH AH',s,''
the,'DH AH',s,''
his,'HH IH Z',s,'IH'
hairs,'HH EH R Z',s,''
do,'D OW',s,''
witness,'W IH T N AH S',s,'IH'
it,'IH T',s,'IH'
but,'B AH T',s,''
that,'DH AE T',s,'AE'
he,'HH IY',s,'IY'
is,'IH Z',s,'IH'
your,'Y AO R',s,'AO'
reverece,'r e V r ǝ N S',s,''
a,'AH',s,''
that,'DH AE T',s,'AE'
i,'AY',s,'AY'
if,'IH F',s,'IH'
sack,'S AE K',s,'AE'
and,'AH N D',s,''
sugar,'SH UH G ǝ R',s,'UH'
be,'B IY',s,'IY'
a,'AH',s,''
fault,'F AO L T',s,'AO'
god,'G AA D',s,'AA'
the,'DH AH',s,''
wicked,'W IH K AH D',s,'IH'
if,'IH F',s,'IH'
to,'T UW',s,'UW'
be,'B IY',s,'IY'
old,'OW L D',s,''
and,'AH N D',s,''
merrry,'M e r ǝ IH',s,'IH'
be,'B IY',s,'IY'
a,'AH',s,''
sin,'S IH N',s,'IH'
then,'DH EH N',s,''
an,'AE N',s,'AE'
old,'OW L D',s,''
that,'DH AE T',s,'AE'
i,'AY',s,'AY'
is,'IH Z',s,'IH'
if,'IH F',s,'IH'
to,'T UW',s,'UW'
be,'B IY',s,'IY'
fat,'F AE T',s,'AE'
be,'B IY',s,'IY'
to,'T UW',s,'UW'
be,'B IY',s,'IY'
then,'DH EH N',s,''
lean,'L IY N',s,'IY'
to,'T UW',s,'UW'
be,'B IY',s,'IY'
no,'N OW',s,''
my,'M AY',s,'AY'
good,'G UH D',s,'UH'
lord,'L AO R D',s,'AO'
banish,'B AE N IH SH',s,'AE IH'
peto,'P IY T OW',s,'IY'
banish,'B AE N IH SH',s,'AE IH'
banish,'B AE N IH SH',s,'AE IH'
but,'B AH T',s,''
for,'F AO R',s,'AO'
sweet,'S W IY T',s,'IY'
jack,'JH AE K',s,'AE'
falstaff,'F AO L S T AE F',s,'AO AE'
jack,'JH AE K',s,'AE'
falstaff,'F AO L S T AE F',s,'AO AE'
true,'T R UW',s,'UW'
jack,'JH AE K',s,'AE'
falstaff,'F AO L S T AE F',s,'AO AE'
jack,'JH AE K',s,'AE'
falstaff,'F AO L S T AE F',s,'AO AE'
and,'AH N D',s,''
therefre,'DH EH R F AO R',s,'AO'
being,'B IY IH NG',s,'IY IH'
as,'AE Z',s,'AE'
he,'HH IY',s,'IY'
is,'IH Z',s,'IH'
old,'OW L D',s,''
jack,'JH AE K',s,'AE'
falstaff,'F AO L S T AE F',s,'AO AE'
banish,'B AE N IH SH',s,'AE IH'
not,'N AA T',s,'AA'
him,'HH IH M',s,'IH'
company,'K AH M P AH N IY',s,'IY'
banish,'B AE N IH SH',s,'AE IH'
not,'N AA T',s,'AA'
him,'HH IH M',s,'IH'
company,'K AH M P AH N IY',s,'IY'
banish,'B AE N IH SH',s,'AE IH'
plump,'P L AH M P',s,''
jack,'JH AE K',s,'AE'
and,'AH N D',s,''
banish,'B AE N IH SH',s,'AE IH'
all,'AA L',s,'AA'
the,'DH AH',s,''
out,'AW T',s,''
you,'Y UW',s,'UW'
out,'AW T',s,''
the,'DH AH',s,''
i,'AY',s,'AY'
to,'T UW',s,'UW'
in,'IH N',s,'IH'
the,'DH AH',s,''
of,'AH V',s,''
that,'DH AE T',s,'AE'
falstaff,'F AO L S T AE F',s,'AO AE'
dost,'D AA S T',s,'AA'
thou,'DH AW',s,''
never,'N e V ǝ R',s,''
call,'K AO L',s,'AO'
a,'AH',s,''
true,'T R UW',s,'UW'
of,'AH V',s,''
gold,'G OW L D',s,''
a,'AH',s,''
thou,'DH AW',s,''
art,'AA R T',s,'AA'
so,'S OW',s,''
i,'AY',s,'AY'
your,'Y AO R',s,'AO'
if,'IH F',s,'IH'
you,'Y UW',s,'UW'
will,'W IH L',s,'IH'
the,'DH AH',s,''
sheriff,'SH EH R AH F',s,''
so,'S OW',s,''
if,'IH F',s,'IH'
not,'N AA T',s,'AA'
let,'L EH T',s,''
him,'HH IH M',s,'IH'
enter,'e N T ǝ R',s,''
if,'IH F',s,'IH'
i,'AY',s,'AY'
not,'N AA T',s,'AA'
a,'AH',s,''
cart,'K AA R T',s,'AA'
as,'AE Z',s,'AE'
well,'W EH L',s,''
as,'AE Z',s,'AE'
another,'ǝ N ɤ DH ǝ R',s,''
man,'M AE N',s,'AE'
a,'AH',s,''
on,'AA N',s,'AA'
my,'M AY',s,'AY'
up,'AH P',s,''
i,'AY',s,'AY'
i,'AY',s,'AY'
shall,'SH AE L',s,'AE'
as,'AE Z',s,'AE'
soon,'S UW N',s,'UW'
be,'B IY',s,'IY'
with,'W IH DH',s,'IH'
a,'AH',s,''
as,'AE Z',s,'AE'
another,'ǝ N ɤ DH ǝ R',s,''
both,'B OW TH',s,''
i,'AY',s,'AY'
had,'HH AE D',s,'AE'
but,'B AH T',s,''
their,'DH EH R',s,''
is,'IH Z',s,'IH'
out,'AW T',s,''
and,'AH N D',s,''
therefre,'DH EH R F AO R',s,'AO'
me,'M IY',s,'IY'
am,'AE M',s,'AE'
i,'AY',s,'AY'
not,'N AA T',s,'AA'
vilely,'V ǝ IH L ǝ IH',s,'IH IH'
this,'DH IH S',s,'IH'
last,'L AE S T',s,'AE'
action,'AE K SH AH N',s,'AE'
do,'D OW',s,''
i,'AY',s,'AY'
not,'N AA T',s,'AA'
do,'D OW',s,''
i,'AY',s,'AY'
not,'N AA T',s,'AA'
whhy,'ʍ ǝ IH',s,'IH'
my,'M AY',s,'AY'
skin,'S K IH N',s,'IH'
me,'M IY',s,'IY'
an,'AE N',s,'AE'
old,'OW L D',s,''
gown,'G ǝ UH N',s,'UH'
i,'AY',s,'AY'
am,'AE M',s,'AE'
an,'AE N',s,'AE'
old,'OW L D',s,''
well,'W EH L',s,''
repent,'R IH P EH N T',s,'IH'
and,'AH N D',s,''
that,'DH AE T',s,'AE'
suddenly,'S AH D AH N L IY',s,'IY'
i,'AY',s,'AY'
am,'AE M',s,'AE'
in,'IH N',s,'IH'
liking,'L ǝ IH K IH N',s,'IH IH'
i,'AY',s,'AY'
shall,'SH AE L',s,'AE'
be,'B IY',s,'IY'
out,'AW T',s,''
of,'AH V',s,''
heart,'HH AA R T',s,'AA'
shortly,'SH AO R T L IY',s,'AO IY'
and,'AH N D',s,''
then,'DH EH N',s,''
i,'AY',s,'AY'
shall,'SH AE L',s,'AE'
no,'N OW',s,''
strength,'S T R EH NG K TH',s,''
to,'T UW',s,'UW'
repent,'R IH P EH N T',s,'IH'
an,'AE N',s,'AE'
i,'AY',s,'AY'
not,'N AA T',s,'AA'
what,'W AH T',s,''
the,'DH AH',s,''
of,'AH V',s,''
a,'AH',s,''
is,'IH Z',s,'IH'
of,'AH V',s,''
i,'AY',s,'AY'
am,'AE M',s,'AE'
a,'AH',s,''
a,'AH',s,''
the,'DH AH',s,''
of,'AH V',s,''
a,'AH',s,''
company,'K AH M P AH N IY',s,'IY'
villainous,'V IH L AH N AH S',s,'IH'
company,'K AH M P AH N IY',s,'IY'
hath,'HH AE TH',s,'AE'
been,'B IH N',s,'IH'
the,'DH AH',s,''
of,'AH V',s,''
me,'M IY',s,'IY'
whhy,'ʍ ǝ IH',s,'IH'
is,'IH Z',s,'IH'
it,'IH T',s,'IH'
me,'M IY',s,'IY'
a,'AH',s,''
bawdy,'B AO D ə IH',s,'AO IH'
me,'M IY',s,'IY'
merrry,'M e r ǝ IH',s,'IH'
i,'AY',s,'AY'
was,'W AA Z',s,'AA'
as,'AE Z',s,'AE'
given,'G IH V AH N',s,'IH'
as,'AE Z',s,'AE'
a,'AH',s,''
gentleman,'JH EH N T AH L M AH N',s,''
need,'N IY D',s,'IY'
to,'T UW',s,'UW'
be,'B IY',s,'IY'
virtuous,'V ER CH UW AH S',s,'UW'
not,'N AA T',s,'AA'
seven,'S EH V AH N',s,''
week,'W IY K',s,'IY'
went,'W EH N T',s,''
to,'T UW',s,'UW'
a,'AH',s,''
bawdy,'B AO D ə IH',s,'AO IH'
not,'N AA T',s,'AA'
in,'IH N',s,'IH'
a,'AH',s,''
an,'AE N',s,'AE'
paid,'P EY D',s,'EY'
that,'DH AE T',s,'AE'
i,'AY',s,'AY'
or,'AO R',s,'AO'
four,'F AO R',s,'AO'
well,'W EH L',s,''
and,'AH N D',s,''
in,'IH N',s,'IH'
good,'G UH D',s,'UH'
compass,'K ɤ M P ǝ S',s,''
and,'AH N D',s,''
i,'AY',s,'AY'
out,'AW T',s,''
of,'AH V',s,''
all,'AA L',s,'AA'
order,'AO R D ǝ R',s,'AO'
out,'AW T',s,''
of,'AH V',s,''
all,'AA L',s,'AA'
compass,'K ɤ M P ǝ S',s,''
do,'D OW',s,''
thou,'DH AW',s,''
amend,'AH M EH N D',s,''
and,'AH N D',s,''
amend,'AH M EH N D',s,''
my,'M AY',s,'AY'
thou,'DH AW',s,''
art,'AA R T',s,'AA'
our,'OW R',s,''
thou,'DH AW',s,''
the,'DH AH',s,''
lantern,'L AW N T ǝ R N',s,''
in,'IH N',s,'IH'
the,'DH AH',s,''
poop,'P UW P',s,'UW'
but,'B AH T',s,''
in,'IH N',s,'IH'
the,'DH AH',s,''
of,'AH V',s,''
thee,'DH IY',s,'IY'
thou,'DH AW',s,''
art,'AA R T',s,'AA'
the,'DH AH',s,''
of,'AH V',s,''
the,'DH AH',s,''
lamp,'L AE M P',s,'AE'
no,'N OW',s,''
be,'B IY',s,'IY'
sworn,'S W AO R N',s,'AO'
i,'AY',s,'AY'
as,'AE Z',s,'AE'
good,'G UH D',s,'UH'
of,'AH V',s,''
it,'IH T',s,'IH'
as,'AE Z',s,'AE'
a,'AH',s,''
man,'M AE N',s,'AE'
doth,'D AO TH',s,'AO'
of,'AH V',s,''
a,'AH',s,''
or,'AO R',s,'AO'
a,'AH',s,''
memento,'M IH M EH N T OW',s,'IH'
mori,'M AO R IY',s,'AO IY'
i,'AY',s,'AY'
never,'N e V ǝ R',s,''
see,'S IY',s,'IY'
but,'B AH T',s,''
i,'AY',s,'AY'
think,'TH IH NG K',s,'IH'
upon,'AH P AA N',s,'AA'
helllfre,'HH EH L F AY R',s,'AY'
and,'AH N D',s,''
dives,'D IY V EH Z',s,'IY'
that,'DH AE T',s,'AE'
in,'IH N',s,'IH'
for,'F AO R',s,'AO'
he,'HH IY',s,'IY'
is,'IH Z',s,'IH'
in,'IH N',s,'IH'
his,'HH IH Z',s,'IH'
if,'IH F',s,'IH'
thou,'DH AW',s,''
given,'G IH V AH N',s,'IH'
to,'T UW',s,'UW'
i,'AY',s,'AY'
swear,'S W EH R',s,''
by,'B AY',s,'AY'
my,'M AY',s,'AY'
oath,'OW TH',s,''
be,'B IY',s,'IY'
by,'B AY',s,'AY'
this,'DH IH S',s,'IH'
angel,'EY N JH AH L',s,'EY'
but,'B AH T',s,''
thou,'DH AW',s,''
art,'AA R T',s,'AA'
altogether,'AA L T ǝ G e DH ǝ R',s,'AA'
given,'G IH V AH N',s,'IH'
over,'OW V ǝ R',s,''
and,'AH N D',s,''
indeed,'IH N D IY D',s,'IH IY'
but,'B AH T',s,''
for,'F AO R',s,'AO'
the,'DH AH',s,''
in,'IH N',s,'IH'
the,'DH AH',s,''
son,'S AO ̃',s,'AO'
of,'AH V',s,''
darkness,'D AA R K N AH S',s,'AA'
when,'ʍ e N',s,''
thou,'DH AW',s,''
up,'AH P',s,''
in,'IH N',s,'IH'
the,'DH AH',s,''
to,'T UW',s,'UW'
my,'M AY',s,'AY'
if,'IH F',s,'IH'
i,'AY',s,'AY'
did,'D IH D',s,'IH'
not,'N AA T',s,'AA'
think,'TH IH NG K',s,'IH'
thou,'DH AW',s,''
been,'B IH N',s,'IH'
an,'AE N',s,'AE'
or,'AO R',s,'AO'
a,'AH',s,''
ball,'B AA L',s,'AA'
of,'AH V',s,''
no,'N OW',s,''
in,'IH N',s,'IH'
o,'OW',s,''
thou,'DH AW',s,''
art,'AA R T',s,'AA'
a,'AH',s,''
perpetual,'P ER P EH CH UW AH L',s,'UW'
an,'AE N',s,'AE'
thou,'DH AW',s,''
hast,'HH AE S T',s,'AE'
me,'M IY',s,'IY'
a,'AH',s,''
marks,'M AA R K S',s,'AA'
in,'IH N',s,'IH'
links,'L IH NG K S',s,'IH'
and,'AH N D',s,''
torches,'T AO R CH IH Z',s,'AO IH'
with,'W IH DH',s,'IH'
thee,'DH IY',s,'IY'
in,'IH N',s,'IH'
the,'DH AH',s,''
tavern,'T AW V ǝ R N',s,''
and,'AH N D',s,''
tavern,'T AW V ǝ R N',s,''
but,'B AH T',s,''
the,'DH AH',s,''
sack,'S AE K',s,'AE'
that,'DH AE T',s,'AE'
thou,'DH AW',s,''
hast,'HH AE S T',s,'AE'
drunk,'D R AH NG K',s,''
me,'M IY',s,'IY'
me,'M IY',s,'IY'
as,'AE Z',s,'AE'
good,'G UH D',s,'UH'
cheap,'CH IY P',s,'IY'
at,'AE T',s,'AE'
the,'DH AH',s,''
dearest,'D IY R ǝ S T',s,'IY'
in,'IH N',s,'IH'
i,'AY',s,'AY'
that,'DH AE T',s,'AE'
salamander,'S AW L ǝ M AW N D ǝ R',s,''
of,'AH V',s,''
yours,'Y UH R Z',s,'UH'
with,'W IH DH',s,'IH'
this,'DH IH S',s,'IH'
years,'Y IH R Z',s,'IH'
god,'G AA D',s,'AA'
reward,'r IH W AA R D',s,'IH AA'
me,'M IY',s,'IY'
for,'F AO R',s,'AO'
it,'IH T',s,'IH'
so,'S OW',s,''
i,'AY',s,'AY'
be,'B IY',s,'IY'
to,'T UW',s,'UW'
be,'B IY',s,'IY'
partlet,'P AA R T L ǝ T',s,'AA'
the,'DH AH',s,''
you,'Y UW',s,'UW'
yet,'Y EH T',s,''
who,'HH UW',s,'UW'
my,'M AY',s,'AY'
pocket,'P AA K AH T',s,'AA'
you,'Y UW',s,'UW'
was,'W AA Z',s,'AA'
and,'AH N D',s,''
lost,'L AO S T',s,'AO'
a,'AH',s,''
hair,'HH EH R',s,''
and,'AH N D',s,''
be,'B IY',s,'IY'
sworn,'S W AO R N',s,'AO'
my,'M AY',s,'AY'
pocket,'P AA K AH T',s,'AA'
was,'W AA Z',s,'AA'
go,'G OW',s,''
to,'T UW',s,'UW'
you,'Y UW',s,'UW'
a,'AH',s,''
woman,'W UH M AH N',s,'UH'
go,'G OW',s,''
go,'G OW',s,''
to,'T UW',s,'UW'
i,'AY',s,'AY'
you,'Y UW',s,'UW'
well,'W EH L',s,''
dowlas,'D ǝ UH L ǝ S',s,'UH'
filthhy,'F IH L TH ǝ IH',s,'IH IH'
dowlas,'D ǝ UH L ǝ S',s,'UH'
i,'AY',s,'AY'
given,'G IH V AH N',s,'IH'
them,'DH EH M',s,''
to,'T UW',s,'UW'
of,'AH V',s,''
them,'DH EH M',s,''
he,'HH IY',s,'IY'
had,'HH AE D',s,'AE'
his,'HH IH Z',s,'IH'
part,'P AA R T',s,'AA'
of,'AH V',s,''
it,'IH T',s,'IH'
let,'L EH T',s,''
him,'HH IH M',s,'IH'
poor,'P UH R',s,'UH'
look,'L UH K',s,'UH'
upon,'AH P AA N',s,'AA'
his,'HH IH Z',s,'IH'
what,'W AH T',s,''
call,'K AO L',s,'AO'
you,'Y UW',s,'UW'
rich,'R IH CH',s,'IH'
let,'L EH T',s,''
them,'DH EH M',s,''
his,'HH IH Z',s,'IH'
let,'L EH T',s,''
them,'DH EH M',s,''
his,'HH IH Z',s,'IH'
cheeks,'CH IY K S',s,'IY'
not,'N AA T',s,'AA'
a,'AH',s,''
what,'W AH T',s,''
will,'W IH L',s,'IH'
you,'Y UW',s,'UW'
a,'AH',s,''
of,'AH V',s,''
me,'M IY',s,'IY'
shall,'SH AE L',s,'AE'
i,'AY',s,'AY'
not,'N AA T',s,'AA'
in,'IH N',s,'IH'
inn,'IH N',s,'IH'
but,'B AH T',s,''
i,'AY',s,'AY'
shall,'SH AE L',s,'AE'
my,'M AY',s,'AY'
pocket,'P AA K AH T',s,'AA'
i,'AY',s,'AY'
lost,'L AO S T',s,'AO'
a,'AH',s,''
seal,'S IY L',s,'IY'
of,'AH V',s,''
my,'M AY',s,'AY'
worth,'W AO R TH',s,'AO'
forty,'F AO R T IY',s,'AO IY'
mark,'M AA R K',s,'AA'
the,'DH AH',s,''
is,'IH Z',s,'IH'
a,'AH',s,''
jack,'JH AE K',s,'AE'
a,'AH',s,''
an,'AE N',s,'AE'
he,'HH IY',s,'IY'
wre,'W ER',s,''
i,'AY',s,'AY'
cudgel,'K ɤ D ZH ǝ L',s,''
him,'HH IH M',s,'IH'
a,'AH',s,''
dog,'D AO G',s,'AO'
if,'IH F',s,'IH'
he,'HH IY',s,'IY'
so,'S OW',s,''
lad,'L AE D',s,'AE'
is,'IH Z',s,'IH'
the,'DH AH',s,''
in,'IH N',s,'IH'
that,'DH AE T',s,'AE'
door,'D AO R',s,'AO'
faith,'F EY TH',s,'EY'
must,'M AH S T',s,''
we,'W IY',s,'IY'
all,'AA L',s,'AA'
prithee,'P r e DH IY',s,'IY'
let,'L EH T',s,''
and,'AH N D',s,''
list,'L IH S T',s,'IH'
to,'T UW',s,'UW'
me,'M IY',s,'IY'
the,'DH AH',s,''
i,'AY',s,'AY'
fell,'F EH L',s,''
asleep,'AH S L IY P',s,'IY'
behind,'B IH ə IH N D',s,'IH IH'
the,'DH AH',s,''
and,'AH N D',s,''
had,'HH AE D',s,'AE'
my,'M AY',s,'AY'
pocket,'P AA K AH T',s,'AA'
this,'DH IH S',s,'IH'
is,'IH Z',s,'IH'
turned,'T ɐ R N IH D',s,'IH'
bawdy,'B AO D ə IH',s,'AO IH'
pick,'P IH K',s,'IH'
pockets,'P AA K AH T S',s,'AA'
wilt,'W IH L T',s,'IH'
thou,'DH AW',s,''
me,'M IY',s,'IY'
or,'AO R',s,'AO'
four,'F AO R',s,'AO'
bonds,'B AA N D Z',s,'AA'
of,'AH V',s,''
forty,'F AO R T IY',s,'AO IY'
and,'AH N D',s,''
a,'AH',s,''
seal,'S IY L',s,'IY'
of,'AH V',s,''
my,'M AY',s,'AY'
no,'N OW',s,''
faith,'F EY TH',s,'EY'
in,'IH N',s,'IH'
thee,'DH IY',s,'IY'
than,'DH AE N',s,'AE'
in,'IH N',s,'IH'
a,'AH',s,''
nor,'N AO R',s,'AO'
no,'N OW',s,''
truth,'T R UW TH',s,'UW'
in,'IH N',s,'IH'
thee,'DH IY',s,'IY'
than,'DH AE N',s,'AE'
in,'IH N',s,'IH'
a,'AH',s,''
and,'AH N D',s,''
for,'F AO R',s,'AO'
womanhood,'W UH M ǝ N ˌ UH D',s,'UH UH'
maid,'M EY D',s,'EY'
be,'B IY',s,'IY'
the,'DH AH',s,''
of,'AH V',s,''
the,'DH AH',s,''
ward,'W AA R D',s,'AA'
to,'T UW',s,'UW'
thee,'DH IY',s,'IY'
go,'G OW',s,''
you,'Y UW',s,'UW'
go,'G OW',s,''
what,'W AH T',s,''
whhy,'ʍ ǝ IH',s,'IH'
a,'AH',s,''
to,'T UW',s,'UW'
thank,'TH AE NG K',s,'AE'
god,'G AA D',s,'AA'
on,'AA N',s,'AA'
womanhood,'W UH M ǝ N ˌ UH D',s,'UH UH'
thou,'DH AW',s,''
art,'AA R T',s,'AA'
a,'AH',s,''
beast,'B e S T',s,''
to,'T UW',s,'UW'
what,'W AH T',s,''
beast,'B e S T',s,''
whhy,'ʍ ǝ IH',s,'IH'
an,'AE N',s,'AE'
otter,'ɒ T ǝ R',s,''
whhy,'ʍ ǝ IH',s,'IH'
neither,'N EH DH ǝ R',s,''
fish,'F IH SH',s,'IH'
nor,'N AO R',s,'AO'
flesh,'F L EH SH',s,''
a,'AH',s,''
man,'M AE N',s,'AE'
not,'N AA T',s,'AA'
to,'T UW',s,'UW'
a,'AH',s,''
a,'AH',s,''
is,'IH Z',s,'IH'
worth,'W AO R TH',s,'AO'
a,'AH',s,''
thou,'DH AW',s,''
me,'M IY',s,'IY'
did,'D IH D',s,'IH'
i,'AY',s,'AY'
yea,'Y EH',s,''
if,'IH F',s,'IH'
he,'HH IY',s,'IY'
said,'S EH D',s,''
my,'M AY',s,'AY'
was,'W AA Z',s,'AA'
copper,'K ɒ P ǝ R',s,''
whhy,'ʍ ǝ IH',s,'IH'
thou,'DH AW',s,''
as,'AE Z',s,'AE'
thou,'DH AW',s,''
art,'AA R T',s,'AA'
but,'B AH T',s,''
man,'M AE N',s,'AE'
i,'AY',s,'AY'
but,'B AH T',s,''
as,'AE Z',s,'AE'
thou,'DH AW',s,''
art,'AA R T',s,'AA'
i,'AY',s,'AY'
fear,'F IY R',s,'IY'
thee,'DH IY',s,'IY'
as,'AE Z',s,'AE'
i,'AY',s,'AY'
fear,'F IY R',s,'IY'
the,'DH AH',s,''
of,'AH V',s,''
the,'DH AH',s,''
lion's,'L AY AH N Z',s,'AY'
the,'DH AH',s,''
himself,'HH IH M S EH L F',s,'IH'
is,'IH Z',s,'IH'
to,'T UW',s,'UW'
be,'B IY',s,'IY'
as,'AE Z',s,'AE'
the,'DH AH',s,''
dost,'D AA S T',s,'AA'
thou,'DH AW',s,''
think,'TH IH NG K',s,'IH'
fear,'F IY R',s,'IY'
thee,'DH IY',s,'IY'
as,'AE Z',s,'AE'
i,'AY',s,'AY'
fear,'F IY R',s,'IY'
an,'AE N',s,'AE'
i,'AY',s,'AY'
do,'D OW',s,''
i,'AY',s,'AY'
god,'G AA D',s,'AA'
my,'M AY',s,'AY'
break,'B R EY K',s,'EY'
dost,'D AA S T',s,'AA'
thou,'DH AW',s,''
thou,'DH AW',s,''
in,'IH N',s,'IH'
the,'DH AH',s,''
of,'AH V',s,''
adam,'AE D AH M',s,'AE'
fell,'F EH L',s,''
and,'AH N D',s,''
what,'W AH T',s,''
poor,'P UH R',s,'UH'
jack,'JH AE K',s,'AE'
falstaff,'F AO L S T AE F',s,'AO AE'
do,'D OW',s,''
in,'IH N',s,'IH'
the,'DH AH',s,''
of,'AH V',s,''
thou,'DH AW',s,''
i,'AY',s,'AY'
flesh,'F L EH SH',s,''
than,'DH AE N',s,'AE'
another,'ǝ N ɤ DH ǝ R',s,''
man,'M AE N',s,'AE'
and,'AH N D',s,''
therefre,'DH EH R F AO R',s,'AO'
frailty,'F R EY L T IY',s,'EY IY'
you,'Y UW',s,'UW'
confess,'K AH N F EH S',s,''
then,'DH EH N',s,''
you,'Y UW',s,'UW'
my,'M AY',s,'AY'
pocket,'P AA K AH T',s,'AA'
i,'AY',s,'AY'
forgve,'F ER G IH V',s,'IH'
thee,'DH IY',s,'IY'
go,'G OW',s,''
ready,'R EH D IY',s,'IY'
breakfast,'B R EH K F AH S T',s,''
look,'L UH K',s,'UH'
to,'T UW',s,'UW'
cherish,'CH EH R IH SH',s,'IH'
guests,'G EH S T S',s,''
thou,'DH AW',s,''
shalt,'SH AE L T',s,'AE'
me,'M IY',s,'IY'
to,'T UW',s,'UW'
reason,'r EH Z ǝ N',s,''
thou,'DH AW',s,''
i,'AY',s,'AY'
am,'AE M',s,'AE'
still,'S T IH L',s,'IH'
prithee,'P r e DH IY',s,'IY'
to,'T UW',s,'UW'
the,'DH AH',s,''
at,'AE T',s,'AE'
court,'K AO R T',s,'AO'
for,'F AO R',s,'AO'
the,'DH AH',s,''
robbery,'r ɒ B r ǝ IH',s,'IH'
lad,'L AE D',s,'AE'
is,'IH Z',s,'IH'
that,'DH AE T',s,'AE'
o,'OW',s,''
i,'AY',s,'AY'
do,'D OW',s,''
not,'N AA T',s,'AA'
that,'DH AE T',s,'AE'
back,'B AE K',s,'AE'
a,'AH',s,''
rob,'R AA B',s,'AA'
me,'M IY',s,'IY'
the,'DH AH',s,''
the,'DH AH',s,''
thou,'DH AW',s,''
dost,'D AA S T',s,'AA'
and,'AH N D',s,''
do,'D OW',s,''
it,'IH T',s,'IH'
with,'W IH DH',s,'IH'
too,'T UW',s,'UW'
i,'AY',s,'AY'
it,'IH T',s,'IH'
had,'HH AE D',s,'AE'
been,'B IH N',s,'IH'
of,'AH V',s,''
shall,'SH AE L',s,'AE'
i,'AY',s,'AY'
that,'DH AE T',s,'AE'
can,'K AE N',s,'AE'
steal,'S T IY L',s,'IY'
well,'W EH L',s,''
o,'OW',s,''
for,'F AO R',s,'AO'
a,'AH',s,''
thief,'TH IY F',s,'IY'
of,'AH V',s,''
the,'DH AH',s,''
of,'AH V',s,''
or,'AO R',s,'AO'
thereabouts,'DH EH R AH B AW T S',s,''
i,'AY',s,'AY'
am,'AE M',s,'AE'
heinously,'EH N ǝ S L ǝ IH',s,'IH'
well,'W EH L',s,''
god,'G AA D',s,'AA'
be,'B IY',s,'IY'
for,'F AO R',s,'AO'
rebels,'R EH B AH L Z',s,''
offend,'AH F EH N D',s,''
but,'B AH T',s,''
the,'DH AH',s,''
virtuous,'V ER CH UW AH S',s,'UW'
i,'AY',s,'AY'
laud,'L AO D',s,'AO'
them,'DH EH M',s,''
i,'AY',s,'AY'
them,'DH EH M',s,''
my,'M AY',s,'AY'
breakfast,'B R EH K F AH S T',s,''
o,'OW',s,''
i,'AY',s,'AY'
wish,'W IH SH',s,'IH'
this,'DH IH S',s,'IH'
tavern,'T AW V ǝ R N',s,''
wre,'W ER',s,''
my,'M AY',s,'AY'
drum,'D R AH M',s,''
get,'G EH T',s,''
thee,'DH IY',s,'IY'
to,'T UW',s,'UW'
coventry,'K AH V AH N T R IY',s,'IY'
fill,'F IH L',s,'IH'
me,'M IY',s,'IY'
a,'AH',s,''
of,'AH V',s,''
sack,'S AE K',s,'AE'
our,'OW R',s,''
shall,'SH AE L',s,'AE'
to,'T UW',s,'UW'
sutton,'S AH T AH N',s,''
out,'AW T',s,''
out,'AW T',s,''
an,'AE N',s,'AE'
if,'IH F',s,'IH'
it,'IH T',s,'IH'
do,'D OW',s,''
it,'IH T',s,'IH'
for,'F AO R',s,'AO'
an,'AE N',s,'AE'
if,'IH F',s,'IH'
it,'IH T',s,'IH'
them,'DH EH M',s,''
all,'AA L',s,'AA'
the,'DH AH',s,''
bid,'B IH D',s,'IH'
my,'M AY',s,'AY'
lieutenant,'L UW T EH N AH N T',s,'UW'
peto,'P IY T OW',s,'IY'
meet,'M IY T',s,'IY'
me,'M IY',s,'IY'
at,'AE T',s,'AE'
end,'EH N D',s,''
if,'IH F',s,'IH'
i,'AY',s,'AY'
be,'B IY',s,'IY'
not,'N AA T',s,'AA'
of,'AH V',s,''
my,'M AY',s,'AY'
i,'AY',s,'AY'
am,'AE M',s,'AE'
a,'AH',s,''
i,'AY',s,'AY'
misused,'M IH S Y UW Z D',s,'IH UW'
the,'DH AH',s,''
press,'P R EH S',s,''
i,'AY',s,'AY'
got,'G AA T',s,'AA'
in,'IH N',s,'IH'
of,'AH V',s,''
a,'AH',s,''
and,'AH N D',s,''
fifty,'F IH F T IY',s,'IH IY'
and,'AH N D',s,''
odd,'AA D',s,'AA'
i,'AY',s,'AY'
press,'P R EH S',s,''
me,'M IY',s,'IY'
but,'B AH T',s,''
good,'G UH D',s,'UH'
sons,'S AH N Z',s,''
me,'M IY',s,'IY'
out,'AW T',s,''
contracted,'K AA N T R AE K T AH D',s,'AA AE'
as,'AE Z',s,'AE'
had,'HH AE D',s,'AE'
been,'B IH N',s,'IH'
on,'AA N',s,'AA'
the,'DH AH',s,''
a,'AH',s,''
of,'AH V',s,''
warm,'W AA R M',s,'AA'
as,'AE Z',s,'AE'
had,'HH AE D',s,'AE'
as,'AE Z',s,'AE'
lief,'L IY F',s,'IY'
the,'DH AH',s,''
devil,'D IH V ǝ L',s,'IH'
as,'AE Z',s,'AE'
a,'AH',s,''
drum,'D R AH M',s,''
as,'AE Z',s,'AE'
fear,'F IY R',s,'IY'
the,'DH AH',s,''
report,'r IH P AO R T',s,'IH AO'
of,'AH V',s,''
a,'AH',s,''
caliver,'K ǝ L IY V ǝ R',s,'IY'
than,'DH AE N',s,'AE'
a,'AH',s,''
or,'AO R',s,'AO'
a,'AH',s,''
duck,'D ɤ K',s,''
i,'AY',s,'AY'
pressed,'P r e S IH D',s,'IH'
me,'M IY',s,'IY'
but,'B AH T',s,''
with,'W IH DH',s,'IH'
hearts,'HH AA R T S',s,'AA'
in,'IH N',s,'IH'
their,'DH EH R',s,''
bellies,'B EH L IY Z',s,'IY'
no,'N OW',s,''
than,'DH AE N',s,'AE'
heads,'HH EH D Z',s,''
and,'AH N D',s,''
out,'AW T',s,''
their,'DH EH R',s,''
services,'S ɐ R V IH S IH Z',s,'IH IH'
and,'AH N D',s,''
my,'M AY',s,'AY'
consists,'K AH N S IH S T S',s,'IH'
of,'AH V',s,''
ancients,'EY N CH AH N T S',s,'EY'
lieutenants,'L UW T EH N AH N T S',s,'UW'
gentlemen,'JH EH N T AH L M IH N',s,'IH'
of,'AH V',s,''
as,'AE Z',s,'AE'
ragged,'r AW G IH D',s,'IH'
as,'AE Z',s,'AE'
in,'IH N',s,'IH'
the,'DH AH',s,''
painted,'P EH N T IH D',s,'IH'
cloth,'K L AO TH',s,'AO'
the,'DH AH',s,''
dogs,'D AA G Z',s,'AA'
his,'HH IH Z',s,'IH'
and,'AH N D',s,''
as,'AE Z',s,'AE'
indeed,'IH N D IY D',s,'IH IY'
wre,'W ER',s,''
never,'N e V ǝ R',s,''
but,'B AH T',s,''
unjust,'AH N JH AH S T',s,''
sons,'S AH N Z',s,''
to,'T UW',s,'UW'
revolted,'r IH V ɒ L T IH D',s,'IH IH'
and,'AH N D',s,''
the,'DH AH',s,''
cankers,'K AW NG K ǝ R Z',s,''
of,'AH V',s,''
a,'AH',s,''
and,'AH N D',s,''
a,'AH',s,''
ten,'T EH N',s,''
than,'DH AE N',s,'AE'
an,'AE N',s,'AE'
old,'OW L D',s,''
ancient,'EY N CH AH N T',s,'EY'
and,'AH N D',s,''
i,'AY',s,'AY'
to,'T UW',s,'UW'
fill,'F IH L',s,'IH'
up,'AH P',s,''
the,'DH AH',s,''
rooms,'R UW M Z',s,'UW'
of,'AH V',s,''
them,'DH EH M',s,''
as,'AE Z',s,'AE'
out,'AW T',s,''
their,'DH EH R',s,''
services,'S ɐ R V IH S IH Z',s,'IH IH'
that,'DH AE T',s,'AE'
you,'Y UW',s,'UW'
think,'TH IH NG K',s,'IH'
that,'DH AE T',s,'AE'
i,'AY',s,'AY'
had,'HH AE D',s,'AE'
a,'AH',s,''
and,'AH N D',s,''
fifty,'F IH F T IY',s,'IH IY'
lately,'L EH T L ǝ IH',s,'IH'
from,'F R AH M',s,''
from,'F R AH M',s,''
and,'AH N D',s,''
husks,'HH AH S K S',s,''
a,'AH',s,''
mad,'M AE D',s,'AE'
met,'M EH T',s,''
me,'M IY',s,'IY'
on,'AA N',s,'AA'
the,'DH AH',s,''
and,'AH N D',s,''
told,'T OW L D',s,''
me,'M IY',s,'IY'
i,'AY',s,'AY'
had,'HH AE D',s,'AE'
unloaded,'ɤ N L OW D IH D',s,'IH'
all,'AA L',s,'AA'
the,'DH AH',s,''
and,'AH N D',s,''
pressed,'P r e S IH D',s,'IH'
the,'DH AH',s,''
dead,'D EH D',s,''
bodies,'B AA D IY Z',s,'AA IY'
no,'N OW',s,''
hath,'HH AE TH',s,'AE'
seen,'S IY N',s,'IY'
not,'N AA T',s,'AA'
coventry,'K AH V AH N T R IY',s,'IY'
with,'W IH DH',s,'IH'
them,'DH EH M',s,''
flat,'F L AE T',s,'AE'
and,'AH N D',s,''
the,'DH AH',s,''
villains,'V IH L AH N Z',s,'IH'
the,'DH AH',s,''
legs,'L EH G Z',s,''
as,'AE Z',s,'AE'
if,'IH F',s,'IH'
had,'HH AE D',s,'AE'
on,'AA N',s,'AA'
for,'F AO R',s,'AO'
indeed,'IH N D IY D',s,'IH IY'
i,'AY',s,'AY'
had,'HH AE D',s,'AE'
the,'DH AH',s,''
most,'M OW S T',s,''
of,'AH V',s,''
them,'DH EH M',s,''
out,'AW T',s,''
of,'AH V',s,''
prison,'P R IH Z AH N',s,'IH'
not,'N AA T',s,'AA'
a,'AH',s,''
and,'AH N D',s,''
a,'AH',s,''
in,'IH N',s,'IH'
all,'AA L',s,'AA'
my,'M AY',s,'AY'
company,'K AH M P AH N IY',s,'IY'
and,'AH N D',s,''
the,'DH AH',s,''
is,'IH Z',s,'IH'
napkins,'N AE P K IH N Z',s,'AE IH'
and,'AH N D',s,''
over,'OW V ǝ R',s,''
the,'DH AH',s,''
a,'AH',s,''
coat,'K OW T',s,''
and,'AH N D',s,''
the,'DH AH',s,''
to,'T UW',s,'UW'
the,'DH AH',s,''
truth,'T R UW TH',s,'UW'
from,'F R AH M',s,''
my,'M AY',s,'AY'
at,'AE T',s,'AE'
saint,'S EY N T',s,'EY'
albans,'AE L B AE N Z',s,'AE AE'
or,'AO R',s,'AO'
the,'DH AH',s,''
of,'AH V',s,''
but,'B AH T',s,''
all,'AA L',s,'AA'
linen,'L IH N AH N',s,'IH'
on,'AA N',s,'AA'
every,'e V r ǝ IH',s,'IH'
hege,'e D ZH',s,''
what,'W AH T',s,''
mad,'M AE D',s,'AE'
wag,'W AE G',s,'AE'
what,'W AH T',s,''
a,'AH',s,''
devil,'D IH V ǝ L',s,'IH'
dost,'D AA S T',s,'AA'
thou,'DH AW',s,''
in,'IH N',s,'IH'
good,'G UH D',s,'UH'
lord,'L AO R D',s,'AO'
of,'AH V',s,''
westmoreland,'W e S T M ǝ R ˌ L AW N D',s,''
i,'AY',s,'AY'
you,'Y UW',s,'UW'
i,'AY',s,'AY'
your,'Y AO R',s,'AO'
had,'HH AE D',s,'AE'
been,'B IH N',s,'IH'
at,'AE T',s,'AE'
shhrewsbury,'SH r OW Z B ǝ ˌ r ǝ IH',s,'IH'
tut,'T ɤ T',s,''
never,'N e V ǝ R',s,''
fear,'F IY R',s,'IY'
me,'M IY',s,'IY'
i,'AY',s,'AY'
am,'AE M',s,'AE'
as,'AE Z',s,'AE'
vigilant,'V IH JH AH L AH N T',s,'IH'
as,'AE Z',s,'AE'
a,'AH',s,''
cat,'K AE T',s,'AE'
to,'T UW',s,'UW'
steal,'S T IY L',s,'IY'
cream,'K R IY M',s,'IY'
tut,'T ɤ T',s,''
tut,'T ɤ T',s,''
good,'G UH D',s,'UH'
to,'T UW',s,'UW'
toss,'T AO S',s,'AO'
food,'F UW D',s,'UW'
for,'F AO R',s,'AO'
food,'F UW D',s,'UW'
for,'F AO R',s,'AO'
fill,'F IH L',s,'IH'
a,'AH',s,''
pit,'P IH T',s,'IH'
as,'AE Z',s,'AE'
well,'W EH L',s,''
as,'AE Z',s,'AE'
better,'B e T ə R',s,''
tush,'T UH SH',s,'UH'
man,'M AE N',s,'AE'
mortal,'M AO R T AA L',s,'AO AA'
men,'M EH N',s,''
mortal,'M AO R T AA L',s,'AO AA'
men,'M EH N',s,''
faith,'F EY TH',s,'EY'
for,'F AO R',s,'AO'
their,'DH EH R',s,''
i,'AY',s,'AY'
not,'N AA T',s,'AA'
had,'HH AE D',s,'AE'
that,'DH AE T',s,'AE'
and,'AH N D',s,''
for,'F AO R',s,'AO'
their,'DH EH R',s,''
i,'AY',s,'AY'
am,'AE M',s,'AE'
never,'N e V ǝ R',s,''
that,'DH AE T',s,'AE'
of,'AH V',s,''
me,'M IY',s,'IY'
what,'W AH T',s,''
is,'IH Z',s,'IH'
the,'DH AH',s,''
well,'W EH L',s,''
to,'T UW',s,'UW'
the,'DH AH',s,''
end,'EH N D',s,''
of,'AH V',s,''
a,'AH',s,''
and,'AH N D',s,''
the,'DH AH',s,''
of,'AH V',s,''
a,'AH',s,''
feast,'F e S T',s,''
fits,'F IH T S',s,'IH'
a,'AH',s,''
dull,'D ɤ L',s,''
and,'AH N D',s,''
a,'AH',s,''
keen,'K IY N',s,'IY'
guest,'G EH S T',s,''
in,'IH N',s,'IH'
his,'HH IH Z',s,'IH'
and,'AH N D',s,''
he,'HH IY',s,'IY'
it,'IH T',s,'IH'
if,'IH F',s,'IH'
thou,'DH AW',s,''
see,'S IY',s,'IY'
me,'M IY',s,'IY'
down,'D ǝ UH N',s,'UH'
in,'IH N',s,'IH'
the,'DH AH',s,''
and,'AH N D',s,''
me,'M IY',s,'IY'
so,'S OW',s,''
a,'AH',s,''
of,'AH V',s,''
friendship,'F R EH N D SH IH P',s,'IH'
i,'AY',s,'AY'
and,'AH N D',s,''
all,'AA L',s,'AA'
well,'W EH L',s,''
not,'N AA T',s,'AA'
yet,'Y EH T',s,''
i,'AY',s,'AY'
be,'B IY',s,'IY'
loath,'L OW TH',s,''
to,'T UW',s,'UW'
him,'HH IH M',s,'IH'
his,'HH IH Z',s,'IH'
what,'W AH T',s,''
need,'N IY D',s,'IY'
i,'AY',s,'AY'
be,'B IY',s,'IY'
so,'S OW',s,''
with,'W IH DH',s,'IH'
him,'HH IH M',s,'IH'
that,'DH AE T',s,'AE'
not,'N AA T',s,'AA'
on,'AA N',s,'AA'
me,'M IY',s,'IY'
well,'W EH L',s,''
no,'N OW',s,''
matter,'M AW T ǝ R',s,''
me,'M IY',s,'IY'
on,'AA N',s,'AA'
yea,'Y EH',s,''
but,'B AH T',s,''
if,'IH F',s,'IH'
prick,'P R IH K',s,'IH'
me,'M IY',s,'IY'
off,'AO F',s,'AO'
when,'ʍ e N',s,''
i,'AY',s,'AY'
on,'AA N',s,'AA'
then,'DH EH N',s,''
can,'K AE N',s,'AE'
set,'S EH T',s,''
to,'T UW',s,'UW'
a,'AH',s,''
leg,'L EH G',s,''
no,'N OW',s,''
or,'AO R',s,'AO'
an,'AE N',s,'AE'
arm,'AA R M',s,'AA'
no,'N OW',s,''
or,'AO R',s,'AO'
the,'DH AH',s,''
grief,'G R IY F',s,'IY'
of,'AH V',s,''
a,'AH',s,''
no,'N OW',s,''
hath,'HH AE TH',s,'AE'
no,'N OW',s,''
skill,'S K IH L',s,'IH'
in,'IH N',s,'IH'
then,'DH EH N',s,''
no,'N OW',s,''
what,'W AH T',s,''
is,'IH Z',s,'IH'
a,'AH',s,''
what,'W AH T',s,''
is,'IH Z',s,'IH'
in,'IH N',s,'IH'
that,'DH AE T',s,'AE'
what,'W AH T',s,''
is,'IH Z',s,'IH'
that,'DH AE T',s,'AE'
air,'EH R',s,''
a,'AH',s,''
trim,'T R IH M',s,'IH'
who,'HH UW',s,'UW'
hath,'HH AE TH',s,'AE'
it,'IH T',s,'IH'
he,'HH IY',s,'IY'
that,'DH AE T',s,'AE'
died,'D AY D',s,'AY'
doth,'D AO TH',s,'AO'
he,'HH IY',s,'IY'
feel,'F IY L',s,'IY'
it,'IH T',s,'IH'
no,'N OW',s,''
doth,'D AO TH',s,'AO'
he,'HH IY',s,'IY'
it,'IH T',s,'IH'
no,'N OW',s,''
then,'DH EH N',s,''
yea,'Y EH',s,''
to,'T UW',s,'UW'
the,'DH AH',s,''
dead,'D EH D',s,''
but,'B AH T',s,''
will,'W IH L',s,'IH'
it,'IH T',s,'IH'
not,'N AA T',s,'AA'
with,'W IH DH',s,'IH'
the,'DH AH',s,''
no,'N OW',s,''
whhy,'ʍ ǝ IH',s,'IH'
will,'W IH L',s,'IH'
not,'N AA T',s,'AA'
suffer,'S ɤ F ǝ R',s,''
it,'IH T',s,'IH'
therefre,'DH EH R F AO R',s,'AO'
of,'AH V',s,''
it,'IH T',s,'IH'
is,'IH Z',s,'IH'
a,'AH',s,''
and,'AH N D',s,''
so,'S OW',s,''
ends,'EH N D Z',s,''
my,'M AY',s,'AY'
i,'AY',s,'AY'
at,'AE T',s,'AE'
london,'L AH N D AH N',s,''
i,'AY',s,'AY'
fear,'F IY R',s,'IY'
the,'DH AH',s,''
shot,'SH AA T',s,'AA'
no,'N OW',s,''
scoring,'S K AO R IH NG',s,'AO IH'
but,'B AH T',s,''
upon,'AH P AA N',s,'AA'
the,'DH AH',s,''
who,'HH UW',s,'UW'
you,'Y UW',s,'UW'
blunt,'B L ɤ N T',s,''
for,'F AO R',s,'AO'
you,'Y UW',s,'UW'
no,'N OW',s,''
vanity,'V AE N AH T IY',s,'AE IY'
i,'AY',s,'AY'
am,'AE M',s,'AE'
as,'AE Z',s,'AE'
hot,'HH AA T',s,'AA'
as,'AE Z',s,'AE'
molten,'M OW L T ǝ N',s,''
lead,'L EH D',s,''
and,'AH N D',s,''
as,'AE Z',s,'AE'
heavy,'e V ǝ IH',s,'IH'
too,'T UW',s,'UW'
god,'G AA D',s,'AA'
keep,'K IY P',s,'IY'
lead,'L EH D',s,''
out,'AW T',s,''
of,'AH V',s,''
me,'M IY',s,'IY'
i,'AY',s,'AY'
need,'N IY D',s,'IY'
no,'N OW',s,''
than,'DH AE N',s,'AE'
bowels,'B ə UH ə L Z',s,'UH'
i,'AY',s,'AY'
led,'L EH D',s,''
my,'M AY',s,'AY'
not,'N AA T',s,'AA'
of,'AH V',s,''
my,'M AY',s,'AY'
and,'AH N D',s,''
fifty,'F IH F T IY',s,'IH IY'
left,'L EH F T',s,''
and,'AH N D',s,''
for,'F AO R',s,'AO'
the,'DH AH',s,''
end,'EH N D',s,''
to,'T UW',s,'UW'
beg,'B EH G',s,''
but,'B AH T',s,''
who,'HH UW',s,'UW'
o,'OW',s,''
i,'AY',s,'AY'
prithee,'P r e DH IY',s,'IY'
me,'M IY',s,'IY'
to,'T UW',s,'UW'
never,'N e V ǝ R',s,''
did,'D IH D',s,'IH'
deeds,'D IY D Z',s,'IY'
in,'IH N',s,'IH'
arms,'AA R M Z',s,'AA'
as,'AE Z',s,'AE'
i,'AY',s,'AY'
this,'DH IH S',s,'IH'
i,'AY',s,'AY'
paid,'P EY D',s,'EY'
i,'AY',s,'AY'
him,'HH IH M',s,'IH'
god,'G AA D',s,'AA'
if,'IH F',s,'IH'
be,'B IY',s,'IY'
thou,'DH AW',s,''
not,'N AA T',s,'AA'
my,'M AY',s,'AY'
but,'B AH T',s,''
my,'M AY',s,'AY'
pistol,'P IH S T AH L',s,'IH'
if,'IH F',s,'IH'
thou,'DH AW',s,''
wilt,'W IH L T',s,'IH'
hot,'HH AA T',s,'AA'
hot,'HH AA T',s,'AA'
that,'DH AE T',s,'AE'
will,'W IH L',s,'IH'
sack,'S AE K',s,'AE'
a,'AH',s,''
well,'W EH L',s,''
if,'IH F',s,'IH'
be,'B IY',s,'IY'
him,'HH IH M',s,'IH'
if,'IH F',s,'IH'
he,'HH IY',s,'IY'
do,'D OW',s,''
in,'IH N',s,'IH'
my,'M AY',s,'AY'
so,'S OW',s,''
if,'IH F',s,'IH'
he,'HH IY',s,'IY'
do,'D OW',s,''
not,'N AA T',s,'AA'
if,'IH F',s,'IH'
i,'AY',s,'AY'
in,'IH N',s,'IH'
his,'HH IH Z',s,'IH'
let,'L EH T',s,''
him,'HH IH M',s,'IH'
a,'AH',s,''
of,'AH V',s,''
me,'M IY',s,'IY'
i,'AY',s,'AY'
not,'N AA T',s,'AA'
as,'AE Z',s,'AE'
hath,'HH AE TH',s,'AE'
me,'M IY',s,'IY'
if,'IH F',s,'IH'
i,'AY',s,'AY'
can,'K AE N',s,'AE'
sve,'EH V',s,''
so,'S OW',s,''
if,'IH F',s,'IH'
not,'N AA T',s,'AA'
for,'F AO R',s,'AO'
and,'AH N D',s,''
an,'AE N',s,'AE'
end,'EH N D',s,''
well,'W EH L',s,''
said,'S EH D',s,''
to,'T UW',s,'UW'
it,'IH T',s,'IH'
you,'Y UW',s,'UW'
shall,'SH AE L',s,'AE'
no,'N OW',s,''
i,'AY',s,'AY'
can,'K AE N',s,'AE'
tell,'T EH L',s,''
you,'Y UW',s,'UW'
if,'IH F',s,'IH'
thou,'DH AW',s,''
me,'M IY',s,'IY'
you,'Y UW',s,'UW'
to,'T UW',s,'UW'
me,'M IY',s,'IY'
and,'AH N D',s,''
eat,'IY T',s,'IY'
me,'M IY',s,'IY'
too,'T UW',s,'UW'
to,'T UW',s,'UW'
or,'AO R',s,'AO'
that,'DH AE T',s,'AE'
hot,'HH AA T',s,'AA'
termagant,'T ɐ R M ǝ G ǝ N T',s,''
had,'HH AE D',s,'AE'
paid,'P EY D',s,'EY'
me,'M IY',s,'IY'
and,'AH N D',s,''
lot,'L AA T',s,'AA'
too,'T UW',s,'UW'
i,'AY',s,'AY'
i,'AY',s,'AY'
am,'AE M',s,'AE'
no,'N OW',s,''
to,'T UW',s,'UW'
is,'IH Z',s,'IH'
to,'T UW',s,'UW'
be,'B IY',s,'IY'
a,'AH',s,''
for,'F AO R',s,'AO'
he,'HH IY',s,'IY'
is,'IH Z',s,'IH'
but,'B AH T',s,''
the,'DH AH',s,''
of,'AH V',s,''
a,'AH',s,''
man,'M AE N',s,'AE'
who,'HH UW',s,'UW'
hath,'HH AE TH',s,'AE'
not,'N AA T',s,'AA'
the,'DH AH',s,''
of,'AH V',s,''
a,'AH',s,''
man,'M AE N',s,'AE'
but,'B AH T',s,''
to,'T UW',s,'UW'
when,'ʍ e N',s,''
a,'AH',s,''
man,'M AE N',s,'AE'
thereby,'DH EH R B ǝ IH',s,'IH'
is,'IH Z',s,'IH'
to,'T UW',s,'UW'
be,'B IY',s,'IY'
no,'N OW',s,''
but,'B AH T',s,''
the,'DH AH',s,''
true,'T R UW',s,'UW'
and,'AH N D',s,''
of,'AH V',s,''
indeed,'IH N D IY D',s,'IH IY'
the,'DH AH',s,''
better,'B e T ə R',s,''
part,'P AA R T',s,'AA'
of,'AH V',s,''
is,'IH Z',s,'IH'
in,'IH N',s,'IH'
the,'DH AH',s,''
better,'B e T ə R',s,''
part,'P AA R T',s,'AA'
i,'AY',s,'AY'
my,'M AY',s,'AY'
zounds,'Z AW N D Z',s,''
i,'AY',s,'AY'
am,'AE M',s,'AE'
afraid,'ǝ F r EH D',s,''
of,'AH V',s,''
this,'DH IH S',s,'IH'
he,'HH IY',s,'IY'
be,'B IY',s,'IY'
dead,'D EH D',s,''
if,'IH F',s,'IH'
he,'HH IY',s,'IY'
too,'T UW',s,'UW'
and,'AH N D',s,''
by,'B AY',s,'AY'
my,'M AY',s,'AY'
faith,'F EY TH',s,'EY'
i,'AY',s,'AY'
am,'AE M',s,'AE'
afraid,'ǝ F r EH D',s,''
he,'HH IY',s,'IY'
the,'DH AH',s,''
better,'B e T ə R',s,''
therefre,'DH EH R F AO R',s,'AO'
him,'HH IH M',s,'IH'
yea,'Y EH',s,''
and,'AH N D',s,''
swear,'S W EH R',s,''
i,'AY',s,'AY'
him,'HH IH M',s,'IH'
whhy,'ʍ ǝ IH',s,'IH'
not,'N AA T',s,'AA'
he,'HH IY',s,'IY'
as,'AE Z',s,'AE'
well,'W EH L',s,''
as,'AE Z',s,'AE'
i,'AY',s,'AY'
me,'M IY',s,'IY'
but,'B AH T',s,''
and,'AH N D',s,''
sees,'S IY Z',s,'IY'
me,'M IY',s,'IY'
therefre,'DH EH R F AO R',s,'AO'
with,'W IH DH',s,'IH'
a,'AH',s,''
in,'IH N',s,'IH'
your,'Y AO R',s,'AO'
you,'Y UW',s,'UW'
with,'W IH DH',s,'IH'
me,'M IY',s,'IY'
no,'N OW',s,''
certain,'S ɐ R T ǝ N',s,''
i,'AY',s,'AY'
am,'AE M',s,'AE'
not,'N AA T',s,'AA'
a,'AH',s,''
man,'M AE N',s,'AE'
but,'B AH T',s,''
if,'IH F',s,'IH'
i,'AY',s,'AY'
be,'B IY',s,'IY'
not,'N AA T',s,'AA'
jack,'JH AE K',s,'AE'
falstaff,'F AO L S T AE F',s,'AO AE'
then,'DH EH N',s,''
am,'AE M',s,'AE'
i,'AY',s,'AY'
a,'AH',s,''
jack,'JH AE K',s,'AE'
is,'IH Z',s,'IH'
if,'IH F',s,'IH'
your,'Y AO R',s,'AO'
will,'W IH L',s,'IH'
do,'D OW',s,''
me,'M IY',s,'IY'
so,'S OW',s,''
if,'IH F',s,'IH'
not,'N AA T',s,'AA'
let,'L EH T',s,''
him,'HH IH M',s,'IH'
kill,'K IH L',s,'IH'
the,'DH AH',s,''
himself,'HH IH M S EH L F',s,'IH'
i,'AY',s,'AY'
look,'L UH K',s,'UH'
to,'T UW',s,'UW'
be,'B IY',s,'IY'
either,'EH DH ǝ R',s,''
or,'AO R',s,'AO'
i,'AY',s,'AY'
can,'K AE N',s,'AE'
you,'Y UW',s,'UW'
thou,'DH AW',s,''
lord,'L AO R D',s,'AO'
lord,'L AO R D',s,'AO'
this,'DH IH S',s,'IH'
is,'IH Z',s,'IH'
given,'G IH V AH N',s,'IH'
to,'T UW',s,'UW'
lying,'L ǝ IH IH N',s,'IH IH'
i,'AY',s,'AY'
grant,'G r AO N T',s,'AO'
you,'Y UW',s,'UW'
i,'AY',s,'AY'
was,'W AA Z',s,'AA'
down,'D ǝ UH N',s,'UH'
and,'AH N D',s,''
out,'AW T',s,''
of,'AH V',s,''
breath,'B R EH TH',s,''
and,'AH N D',s,''
so,'S OW',s,''
was,'W AA Z',s,'AA'
he,'HH IY',s,'IY'
but,'B AH T',s,''
we,'W IY',s,'IY'
both,'B OW TH',s,''
at,'AE T',s,'AE'
an,'AE N',s,'AE'
instant,'IH N S T AH N T',s,'IH'
and,'AH N D',s,''
a,'AH',s,''
by,'B AY',s,'AY'
shhrewsbury,'SH r OW Z B ǝ ˌ r ǝ IH',s,'IH'
clock,'K L AA K',s,'AA'
if,'IH F',s,'IH'
i,'AY',s,'AY'
be,'B IY',s,'IY'
so,'S OW',s,''
if,'IH F',s,'IH'
not,'N AA T',s,'AA'
let,'L EH T',s,''
them,'DH EH M',s,''
that,'DH AE T',s,'AE'
reward,'r IH W AA R D',s,'IH AA'
bear,'B EH R',s,''
the,'DH AH',s,''
sin,'S IH N',s,'IH'
upon,'AH P AA N',s,'AA'
their,'DH EH R',s,''
heads,'HH EH D Z',s,''
it,'IH T',s,'IH'
upon,'AH P AA N',s,'AA'
my,'M AY',s,'AY'
death,'D EH TH',s,''
i,'AY',s,'AY'
him,'HH IH M',s,'IH'
this,'DH IH S',s,'IH'
in,'IH N',s,'IH'
the,'DH AH',s,''
if,'IH F',s,'IH'
the,'DH AH',s,''
man,'M AE N',s,'AE'
wre,'W ER',s,''
and,'AH N D',s,''
it,'IH T',s,'IH'
zounds,'Z AW N D Z',s,''
i,'AY',s,'AY'
him,'HH IH M',s,'IH'
eat,'IY T',s,'IY'
a,'AH',s,''
of,'AH V',s,''
my,'M AY',s,'AY'
as,'AE Z',s,'AE'
for,'F AO R',s,'AO'
reward,'r IH W AA R D',s,'IH AA'
he,'HH IY',s,'IY'
that,'DH AE T',s,'AE'
rewards,'r IH W AA R D Z',s,'IH AA'
me,'M IY',s,'IY'
god,'G AA D',s,'AA'
reward,'r IH W AA R D',s,'IH AA'
him,'HH IH M',s,'IH'
if,'IH F',s,'IH'
i,'AY',s,'AY'
do,'D OW',s,''
great,'G r e T',s,''
less,'L EH S',s,''
for,'F AO R',s,'AO'
and,'AH N D',s,''
sack,'S AE K',s,'AE'
and,'AH N D',s,''
as,'AE Z',s,'AE'
a,'AH',s,''
nobleman,'N OW B AH L M AH N',s,''
do,'D OW',s,''
