o,'OW',s,''
my,'M AY',s,'AY'
lord,'L AO R D',s,'AO'
the,'DH AH',s,''
marrry,'M AW r ǝ IH',s,'IH'
my,'M AY',s,'AY'
lord,'L AO R D',s,'AO'
is,'IH Z',s,'IH'
a,'AH',s,''
nobleman,'N OW B AH L M AH N',s,''
of,'AH V',s,''
the,'DH AH',s,''
court,'K AO R T',s,'AO'
at,'AE T',s,'AE'
door,'D AO R',s,'AO'
speak,'S P IY K',s,'IY'
with,'W IH DH',s,'IH'
you,'Y UW',s,'UW'
he,'HH IY',s,'IY'
he,'HH IY',s,'IY'
from,'F R AH M',s,''
your,'Y AO R',s,'AO'
an,'AE N',s,'AE'
old,'OW L D',s,''
man,'M AE N',s,'AE'
o,'OW',s,''
this,'DH IH S',s,'IH'
is,'IH Z',s,'IH'
sport,'S P AO R T',s,'AO'
faith,'F EY TH',s,'EY'
o,'OW',s,''
the,'DH AH',s,''
he,'HH IY',s,'IY'
his,'HH IH Z',s,'IH'
o,'OW',s,''
he,'HH IY',s,'IY'
doth,'D AO TH',s,'AO'
it,'IH T',s,'IH'
as,'AE Z',s,'AE'
of,'AH V',s,''
harlotry,'AA R L ǝ T r ǝ IH',s,'AA IH'
as,'AE Z',s,'AE'
i,'AY',s,'AY'
see,'S IY',s,'IY'
o,'OW',s,''
my,'M AY',s,'AY'
lord,'L AO R D',s,'AO'
my,'M AY',s,'AY'
lord,'L AO R D',s,'AO'
the,'DH AH',s,''
sheriff,'SH EH R AH F',s,''
and,'AH N D',s,''
all,'AA L',s,'AA'
the,'DH AH',s,''
watch,'W AA T SH',s,'AA'
at,'AE T',s,'AE'
the,'DH AH',s,''
door,'D AO R',s,'AO'
to,'T UW',s,'UW'
the,'DH AH',s,''
shall,'SH AE L',s,'AE'
i,'AY',s,'AY'
let,'L EH T',s,''
them,'DH EH M',s,''
in,'IH N',s,'IH'
whhy,'ʍ ǝ IH',s,'IH'
what,'W AH T',s,''
do,'D OW',s,''
you,'Y UW',s,'UW'
think,'TH IH NG K',s,'IH'
do,'D OW',s,''
you,'Y UW',s,'UW'
think,'TH IH NG K',s,'IH'
i,'AY',s,'AY'
keep,'K IY P',s,'IY'
in,'IH N',s,'IH'
my,'M AY',s,'AY'
i,'AY',s,'AY'
searched,'S ɐ R T SH T',s,''
i,'AY',s,'AY'
so,'S OW',s,''
my,'M AY',s,'AY'
man,'M AE N',s,'AE'
by,'B AY',s,'AY'
man,'M AE N',s,'AE'
by,'B AY',s,'AY'
servant,'S ɐ R V ǝ N T',s,''
by,'B AY',s,'AY'
servant,'S ɐ R V ǝ N T',s,''
the,'DH AH',s,''
tithe,'T ǝ IH DH',s,'IH'
of,'AH V',s,''
a,'AH',s,''
hair,'HH EH R',s,''
was,'W AA Z',s,'AA'
never,'N e V ǝ R',s,''
lost,'L AO S T',s,'AO'
in,'IH N',s,'IH'
my,'M AY',s,'AY'
who,'HH UW',s,'UW'
i,'AY',s,'AY'
no,'N OW',s,''
i,'AY',s,'AY'
thee,'DH IY',s,'IY'
i,'AY',s,'AY'
was,'W AA Z',s,'AA'
never,'N e V ǝ R',s,''
so,'S OW',s,''
in,'IH N',s,'IH'
no,'N OW',s,''
you,'Y UW',s,'UW'
do,'D OW',s,''
not,'N AA T',s,'AA'
me,'M IY',s,'IY'
i,'AY',s,'AY'
you,'Y UW',s,'UW'
you,'Y UW',s,'UW'
we,'OW',s,''
me,'M IY',s,'IY'
and,'AH N D',s,''
you,'Y UW',s,'UW'
pick,'P IH K',s,'IH'
a,'AH',s,''
to,'T UW',s,'UW'
me,'M IY',s,'IY'
of,'AH V',s,''
it,'IH T',s,'IH'
i,'AY',s,'AY'
you,'Y UW',s,'UW'
a,'AH',s,''
dozen,'D ɤ Z ǝ N',s,''
of,'AH V',s,''
to,'T UW',s,'UW'
your,'Y AO R',s,'AO'
back,'B AE K',s,'AE'
as,'AE Z',s,'AE'
i,'AY',s,'AY'
am,'AE M',s,'AE'
a,'AH',s,''
true,'T R UW',s,'UW'
woman,'W UH M AH N',s,'UH'
holland,'HH AA L AH N D',s,'AA'
of,'AH V',s,''
an,'AE N',s,'AE'
ell,'EH L',s,''
you,'Y UW',s,'UW'
we,'OW',s,''
besides,'B IH S ə IH D Z',s,'IH IH'
for,'F AO R',s,'AO'
your,'Y AO R',s,'AO'
and,'AH N D',s,''
and,'AH N D',s,''
lent,'L EH N T',s,''
you,'Y UW',s,'UW'
he,'HH IY',s,'IY'
alas,'AH L AE S',s,'AE'
he,'HH IY',s,'IY'
is,'IH Z',s,'IH'
poor,'P UH R',s,'UH'
he,'HH IY',s,'IY'
hath,'HH AE TH',s,'AE'
o,'OW',s,''
i,'AY',s,'AY'
the,'DH AH',s,''
tell,'T EH L',s,''
him,'HH IH M',s,'IH'
i,'AY',s,'AY'
not,'N AA T',s,'AA'
oft,'AO F T',s,'AO'
that,'DH AE T',s,'AE'
that,'DH AE T',s,'AE'
was,'W AA Z',s,'AA'
copper,'K ɒ P ǝ R',s,''
my,'M AY',s,'AY'
lord,'L AO R D',s,'AO'
i,'AY',s,'AY'
you,'Y UW',s,'UW'
me,'M IY',s,'IY'
good,'G UH D',s,'UH'
my,'M AY',s,'AY'
lord,'L AO R D',s,'AO'
me,'M IY',s,'IY'
so,'S OW',s,''
i,'AY',s,'AY'
told,'T OW L D',s,''
him,'HH IH M',s,'IH'
my,'M AY',s,'AY'
lord,'L AO R D',s,'AO'
and,'AH N D',s,''
i,'AY',s,'AY'
said,'S EH D',s,''
i,'AY',s,'AY'
your,'Y AO R',s,'AO'
so,'S OW',s,''
and,'AH N D',s,''
my,'M AY',s,'AY'
lord,'L AO R D',s,'AO'
he,'HH IY',s,'IY'
speaks,'S P IY K S',s,'IY'
most,'M OW S T',s,''
vilely,'V ǝ IH L ǝ IH',s,'IH IH'
of,'AH V',s,''
you,'Y UW',s,'UW'
a,'AH',s,''
man,'M AE N',s,'AE'
as,'AE Z',s,'AE'
he,'HH IY',s,'IY'
is,'IH Z',s,'IH'
and,'AH N D',s,''
said,'S EH D',s,''
he,'HH IY',s,'IY'
cudgel,'K ɤ D ZH ǝ L',s,''
you,'Y UW',s,'UW'
neither,'N EH DH ǝ R',s,''
faith,'F EY TH',s,'EY'
truth,'T R UW TH',s,'UW'
nor,'N AO R',s,'AO'
womanhood,'W UH M ǝ N ˌ UH D',s,'UH UH'
in,'IH N',s,'IH'
me,'M IY',s,'IY'
what,'W AH T',s,''
what,'W AH T',s,''
i,'AY',s,'AY'
am,'AE M',s,'AE'
no,'N OW',s,''
to,'T UW',s,'UW'
thank,'TH AE NG K',s,'AE'
god,'G AA D',s,'AA'
on,'AA N',s,'AA'
i,'AY',s,'AY'
thou,'DH AW',s,''
it,'IH T',s,'IH'
i,'AY',s,'AY'
am,'AE M',s,'AE'
an,'AE N',s,'AE'
and,'AH N D',s,''
thou,'DH AW',s,''
art,'AA R T',s,'AA'
a,'AH',s,''
knve,'N EY V',s,'EY'
to,'T UW',s,'UW'
call,'K AO L',s,'AO'
me,'M IY',s,'IY'
so,'S OW',s,''
what,'W AH T',s,''
beast,'B e S T',s,''
thou,'DH AW',s,''
knve,'N EY V',s,'EY'
thou,'DH AW',s,''
thou,'DH AW',s,''
art,'AA R T',s,'AA'
an,'AE N',s,'AE'
unjust,'AH N JH AH S T',s,''
man,'M AE N',s,'AE'
in,'IH N',s,'IH'
so,'S OW',s,''
thou,'DH AW',s,''
or,'AO R',s,'AO'
man,'M AE N',s,'AE'
to,'T UW',s,'UW'
me,'M IY',s,'IY'
thou,'DH AW',s,''
knve,'N EY V',s,'EY'
thou,'DH AW',s,''
so,'S OW',s,''
he,'HH IY',s,'IY'
doth,'D AO TH',s,'AO'
you,'Y UW',s,'UW'
my,'M AY',s,'AY'
lord,'L AO R D',s,'AO'
and,'AH N D',s,''
said,'S EH D',s,''
this,'DH IH S',s,'IH'
you,'Y UW',s,'UW'
him,'HH IH M',s,'IH'
a,'AH',s,''
my,'M AY',s,'AY'
lord,'L AO R D',s,'AO'
he,'HH IY',s,'IY'
you,'Y UW',s,'UW'
jack,'JH AE K',s,'AE'
and,'AH N D',s,''
said,'S EH D',s,''
he,'HH IY',s,'IY'
cudgel,'K ɤ D ZH ǝ L',s,''
you,'Y UW',s,'UW'
