my,'M AY',s,'AY'
i,'AY',s,'AY'
did,'D IH D',s,'IH'
no,'N OW',s,''
but,'B AH T',s,''
i,'AY',s,'AY'
when,'ʍ e N',s,''
the,'DH AH',s,''
was,'W AA Z',s,'AA'
when,'ʍ e N',s,''
i,'AY',s,'AY'
was,'W AA Z',s,'AA'
with,'W IH DH',s,'IH'
and,'AH N D',s,''
and,'AH N D',s,''
faint,'F EH N T',s,''
upon,'AH P AA N',s,'AA'
my,'M AY',s,'AY'
a,'AH',s,''
certain,'S ɐ R T ǝ N',s,''
lord,'L AO R D',s,'AO'
neat,'N IY T',s,'IY'
and,'AH N D',s,''
fresh,'F R EH SH',s,''
as,'AE Z',s,'AE'
a,'AH',s,''
and,'AH N D',s,''
his,'HH IH Z',s,'IH'
chin,'CH IH N',s,'IH'
a,'AH',s,''
land,'L AE N D',s,'AE'
at,'AE T',s,'AE'
hme,'OW M',s,''
he,'HH IY',s,'IY'
was,'W AA Z',s,'AA'
a,'AH',s,''
and,'AH N D',s,''
his,'HH IH Z',s,'IH'
and,'AH N D',s,''
his,'HH IH Z',s,'IH'
he,'HH IY',s,'IY'
held,'HH EH L D',s,''
a,'AH',s,''
and,'AH N D',s,''
he,'HH IY',s,'IY'
his,'HH IH Z',s,'IH'
and,'AH N D',s,''
took,'T UH K',s,'UH'
again,'ǝ ɡ EH N',s,''
who,'HH UW',s,'UW'
angry,'AE NG G R IY',s,'AE IY'
when,'ʍ e N',s,''
it,'IH T',s,'IH'
took,'T UH K',s,'UH'
it,'IH T',s,'IH'
in,'IH N',s,'IH'
snuff,'S N ɤ F',s,''
and,'AH N D',s,''
still,'S T IH L',s,'IH'
he,'HH IY',s,'IY'
smiled,'S M ǝ IH L D',s,'IH'
and,'AH N D',s,''
and,'AH N D',s,''
as,'AE Z',s,'AE'
the,'DH AH',s,''
dead,'D EH D',s,''
bodies,'B AA D IY Z',s,'AA IY'
by,'B AY',s,'AY'
he,'HH IY',s,'IY'
them,'DH EH M',s,''
to,'T UW',s,'UW'
a,'AH',s,''
unhandsme,'ɤ N AW N S ǝ M -',s,''
the,'DH AH',s,''
and,'AH N D',s,''
his,'HH IH Z',s,'IH'
with,'W IH DH',s,'IH'
and,'AH N D',s,''
lady,'L EY D IY',s,'EY IY'
terms,'T ɐ R M Z',s,''
he,'HH IY',s,'IY'
questioned,'K W EH S CH AH N D',s,''
me,'M IY',s,'IY'
the,'DH AH',s,''
rest,'R EH S T',s,''
demanded,'D IH M AE N D AH D',s,'IH AE'
my,'M AY',s,'AY'
in,'IH N',s,'IH'
your,'Y AO R',s,'AO'
i,'AY',s,'AY'
then,'DH EH N',s,''
all,'AA L',s,'AA'
with,'W IH DH',s,'IH'
my,'M AY',s,'AY'
wounds,'W UW N D Z',s,'UW'
being,'B IY IH NG',s,'IY IH'
cold,'K OW L D',s,''
to,'T UW',s,'UW'
be,'B IY',s,'IY'
so,'S OW',s,''
with,'W IH DH',s,'IH'
a,'AH',s,''
out,'AW T',s,''
of,'AH V',s,''
my,'M AY',s,'AY'
grief,'G R IY F',s,'IY'
and,'AH N D',s,''
my,'M AY',s,'AY'
i,'AY',s,'AY'
not,'N AA T',s,'AA'
what,'W AH T',s,''
he,'HH IY',s,'IY'
or,'AO R',s,'AO'
he,'HH IY',s,'IY'
not,'N AA T',s,'AA'
for,'F AO R',s,'AO'
he,'HH IY',s,'IY'
me,'M IY',s,'IY'
mad,'M AE D',s,'AE'
to,'T UW',s,'UW'
see,'S IY',s,'IY'
him,'HH IH M',s,'IH'
so,'S OW',s,''
brisk,'B R IH S K',s,'IH'
and,'AH N D',s,''
smell,'S M EH L',s,''
so,'S OW',s,''
sweet,'S W IY T',s,'IY'
and,'AH N D',s,''
so,'S OW',s,''
a,'AH',s,''
waiting-gentlewoman,'W EH T IH N - ˌ D ZH e N T L W UH M ǝ N',s,'IH UH'
of,'AH V',s,''
guns,'G AH N Z',s,''
and,'AH N D',s,''
drums,'D R AH M Z',s,''
and,'AH N D',s,''
sve,'EH V',s,''
the,'DH AH',s,''
mark,'M AA R K',s,'AA'
and,'AH N D',s,''
me,'M IY',s,'IY'
the,'DH AH',s,''
on,'AA N',s,'AA'
was,'W AA Z',s,'AA'
for,'F AO R',s,'AO'
an,'AE N',s,'AE'
inward,'IH N W ǝ R D',s,'IH'
and,'AH N D',s,''
that,'DH AE T',s,'AE'
it,'IH T',s,'IH'
was,'W AA Z',s,'AA'
great,'G r e T',s,''
so,'S OW',s,''
it,'IH T',s,'IH'
was,'W AA Z',s,'AA'
this,'DH IH S',s,'IH'
villainous,'V IH L AH N AH S',s,'IH'
be,'B IY',s,'IY'
out,'AW T',s,''
of,'AH V',s,''
the,'DH AH',s,''
bowels,'B ə UH ə L Z',s,'UH'
of,'AH V',s,''
the,'DH AH',s,''
harmless,'HH AA R M L AH S',s,'AA'
a,'AH',s,''
good,'G UH D',s,'UH'
tall,'T AO L',s,'AO'
had,'HH AE D',s,'AE'
so,'S OW',s,''
and,'AH N D',s,''
but,'B AH T',s,''
for,'F AO R',s,'AO'
guns,'G AH N Z',s,''
he,'HH IY',s,'IY'
himself,'HH IH M S EH L F',s,'IH'
been,'B IH N',s,'IH'
a,'AH',s,''
this,'DH IH S',s,'IH'
bald,'B AA L D',s,'AA'
chat,'CH AE T',s,'AE'
of,'AH V',s,''
his,'HH IH Z',s,'IH'
my,'M AY',s,'AY'
lord,'L AO R D',s,'AO'
i,'AY',s,'AY'
as,'AE Z',s,'AE'
i,'AY',s,'AY'
said,'S EH D',s,''
and,'AH N D',s,''
i,'AY',s,'AY'
beseech,'B IY S IY CH',s,'IY IY'
you,'Y UW',s,'UW'
let,'L EH T',s,''
not,'N AA T',s,'AA'
his,'HH IH Z',s,'IH'
report,'r IH P AO R T',s,'IH AO'
for,'F AO R',s,'AO'
an,'AE N',s,'AE'
my,'M AY',s,'AY'
and,'AH N D',s,''
your,'Y AO R',s,'AO'
majesty,'M AE JH AH S T IY',s,'AE IY'
revolted,'r IH V ɒ L T IH D',s,'IH IH'
mortimer,'M AO R T IH M ǝ R',s,'AO IH'
he,'HH IY',s,'IY'
never,'N e V ǝ R',s,''
did,'D IH D',s,'IH'
fall,'F AA L',s,'AA'
off,'AO F',s,'AO'
my,'M AY',s,'AY'
but,'B AH T',s,''
by,'B AY',s,'AY'
the,'DH AH',s,''
of,'AH V',s,''
war,'W AO R',s,'AO'
to,'T UW',s,'UW'
that,'DH AE T',s,'AE'
true,'T R UW',s,'UW'
needs,'N IY D Z',s,'IY'
no,'N OW',s,''
but,'B AH T',s,''
for,'F AO R',s,'AO'
all,'AA L',s,'AA'
wounds,'W UW N D Z',s,'UW'
wounds,'W UW N D Z',s,'UW'
he,'HH IY',s,'IY'
took,'T UH K',s,'UH'
when,'ʍ e N',s,''
on,'AA N',s,'AA'
the,'DH AH',s,''
bank,'B AE NG K',s,'AE'
in,'IH N',s,'IH'
to,'T UW',s,'UW'
he,'HH IY',s,'IY'
did,'D IH D',s,'IH'
confound,'K AA N F AW N D',s,'AA'
the,'DH AH',s,''
best,'B EH S T',s,''
part,'P AA R T',s,'AA'
of,'AH V',s,''
an,'AE N',s,'AE'
in,'IH N',s,'IH'
with,'W IH DH',s,'IH'
great,'G r e T',s,''
and,'AH N D',s,''
did,'D IH D',s,'IH'
drink,'D R IH NG K',s,'IH'
upon,'AH P AA N',s,'AA'
agreement,'AH G R IY M AH N T',s,'IY'
of,'AH V',s,''
swift,'S W IH F T',s,'IH'
flood,'F L AH D',s,''
who,'HH UW',s,'UW'
then,'DH EH N',s,''
with,'W IH DH',s,'IH'
their,'DH EH R',s,''
bloody,'B L AH D IY',s,'IY'
looks,'L UH K S',s,'UH'
ran,'R AE N',s,'AE'
the,'DH AH',s,''
reeds,'R IY D Z',s,'IY'
and,'AH N D',s,''
hid,'HH IH D',s,'IH'
his,'HH IH Z',s,'IH'
crisp,'K R IH S P',s,'IH'
in,'IH N',s,'IH'
the,'DH AH',s,''
bank,'B AE NG K',s,'AE'
with,'W IH DH',s,'IH'
combatants,'K AH M B AE T AH N T S',s,'AE'
never,'N e V ǝ R',s,''
did,'D IH D',s,'IH'
and,'AH N D',s,''
rotten,'R AA T AH N',s,'AA'
with,'W IH DH',s,'IH'
deadly,'D EH D L IY',s,'IY'
wounds,'W UW N D Z',s,'UW'
nor,'N AO R',s,'AO'
never,'N e V ǝ R',s,''
the,'DH AH',s,''
mortimer,'M AO R T IH M ǝ R',s,'AO IH'
so,'S OW',s,''
and,'AH N D',s,''
all,'AA L',s,'AA'
then,'DH EH N',s,''
let,'L EH T',s,''
not,'N AA T',s,'AA'
him,'HH IH M',s,'IH'
be,'B IY',s,'IY'
with,'W IH DH',s,'IH'
revolt,'r IH V ɒ L T',s,'IH'
an,'AE N',s,'AE'
if,'IH F',s,'IH'
the,'DH AH',s,''
devil,'D IH V ǝ L',s,'IH'
and,'AH N D',s,''
roar,'r AO R',s,'AO'
for,'F AO R',s,'AO'
them,'DH EH M',s,''
i,'AY',s,'AY'
will,'W IH L',s,'IH'
not,'N AA T',s,'AA'
send,'S EH N D',s,''
them,'DH EH M',s,''
i,'AY',s,'AY'
will,'W IH L',s,'IH'
after,'AW F T ǝ R',s,''
and,'AH N D',s,''
tell,'T EH L',s,''
him,'HH IH M',s,'IH'
so,'S OW',s,''
for,'F AO R',s,'AO'
i,'AY',s,'AY'
will,'W IH L',s,'IH'
my,'M AY',s,'AY'
heart,'HH AA R T',s,'AA'
i,'AY',s,'AY'
a,'AH',s,''
of,'AH V',s,''
my,'M AY',s,'AY'
speak,'S P IY K',s,'IY'
of,'AH V',s,''
mortimer,'M AO R T IH M ǝ R',s,'AO IH'
zounds,'Z AW N D Z',s,''
i,'AY',s,'AY'
will,'W IH L',s,'IH'
speak,'S P IY K',s,'IY'
of,'AH V',s,''
him,'HH IH M',s,'IH'
and,'AH N D',s,''
let,'L EH T',s,''
my,'M AY',s,'AY'
soul,'S OW L',s,''
want,'W AA N T',s,'AA'
if,'IH F',s,'IH'
i,'AY',s,'AY'
do,'D OW',s,''
not,'N AA T',s,'AA'
join,'JH OY N',s,''
with,'W IH DH',s,'IH'
him,'HH IH M',s,'IH'
yea,'Y EH',s,''
on,'AA N',s,'AA'
his,'HH IH Z',s,'IH'
part,'P AA R T',s,'AA'
empty,'e M T ǝ IH',s,'IH'
all,'AA L',s,'AA'
veins,'V EY N Z',s,'EY'
and,'AH N D',s,''
shed,'SH EH D',s,''
my,'M AY',s,'AY'
dear,'D IY R',s,'IY'
blood,'B L AH D',s,''
drop,'D R AA P',s,'AA'
by,'B AY',s,'AY'
drop,'D R AA P',s,'AA'
in,'IH N',s,'IH'
the,'DH AH',s,''
dust,'D AH S T',s,''
but,'B AH T',s,''
i,'AY',s,'AY'
will,'W IH L',s,'IH'
lift,'L IH F T',s,'IH'
the,'DH AH',s,''
mortimer,'M AO R T IH M ǝ R',s,'AO IH'
as,'AE Z',s,'AE'
in,'IH N',s,'IH'
the,'DH AH',s,''
air,'EH R',s,''
as,'AE Z',s,'AE'
this,'DH IH S',s,'IH'
unthankful,'ɤ N TH AW NG K F UH L',s,'UH'
as,'AE Z',s,'AE'
this,'DH IH S',s,'IH'
and,'AH N D',s,''
he,'HH IY',s,'IY'
will,'W IH L',s,'IH'
forsooth,'F ǝ R S UW TH',s,'UW'
all,'AA L',s,'AA'
my,'M AY',s,'AY'
and,'AH N D',s,''
when,'ʍ e N',s,''
i,'AY',s,'AY'
the,'DH AH',s,''
ransom,'R AE N S AH M',s,'AE'
again,'ǝ ɡ EH N',s,''
of,'AH V',s,''
my,'M AY',s,'AY'
then,'DH EH N',s,''
his,'HH IH Z',s,'IH'
cheek,'CH IY K',s,'IY'
and,'AH N D',s,''
on,'AA N',s,'AA'
my,'M AY',s,'AY'
he,'HH IY',s,'IY'
turned,'T ɐ R N IH D',s,'IH'
an,'AE N',s,'AE'
of,'AH V',s,''
death,'D EH TH',s,''
even,'IY V IH N',s,'IY IH'
at,'AE T',s,'AE'
the,'DH AH',s,''
of,'AH V',s,''
mortimer,'M AO R T IH M ǝ R',s,'AO IH'
but,'B AH T',s,''
soft,'S AA F T',s,'AA'
i,'AY',s,'AY'
you,'Y UW',s,'UW'
did,'D IH D',s,'IH'
then,'DH EH N',s,''
proclaim,'P R OW K L EY M',s,'EY'
my,'M AY',s,'AY'
edmund,'EH D M AH N D',s,''
mortimer,'M AO R T IH M ǝ R',s,'AO IH'
to,'T UW',s,'UW'
the,'DH AH',s,''
crown,'K r ǝ UH N',s,'UH'
then,'DH EH N',s,''
i,'AY',s,'AY'
cannot,'K AE N AA T',s,'AE AA'
his,'HH IH Z',s,'IH'
cousin,'K AH Z AH N',s,''
that,'DH AE T',s,'AE'
wished,'W IH SH IH D',s,'IH IH'
him,'HH IH M',s,'IH'
on,'AA N',s,'AA'
the,'DH AH',s,''
barren,'B AE R AH N',s,'AE'
mountains,'M AW N T AH N Z',s,''
but,'B AH T',s,''
shall,'SH AE L',s,'AE'
it,'IH T',s,'IH'
be,'B IY',s,'IY'
that,'DH AE T',s,'AE'
you,'Y UW',s,'UW'
that,'DH AE T',s,'AE'
set,'S EH T',s,''
the,'DH AH',s,''
crown,'K r ǝ UH N',s,'UH'
upon,'AH P AA N',s,'AA'
the,'DH AH',s,''
of,'AH V',s,''
this,'DH IH S',s,'IH'
forgetful,'F ǝ R G e T F UH L',s,'UH'
man,'M AE N',s,'AE'
and,'AH N D',s,''
for,'F AO R',s,'AO'
his,'HH IH Z',s,'IH'
wear,'W EH R',s,''
the,'DH AH',s,''
detested,'D IH T EH S T IH D',s,'IH IH'
blot,'B L AA T',s,'AA'
of,'AH V',s,''
it,'IH T',s,'IH'
be,'B IY',s,'IY'
that,'DH AE T',s,'AE'
you,'Y UW',s,'UW'
a,'AH',s,''
of,'AH V',s,''
undergo,'ɤ N D ǝ R G OW',s,''
being,'B IY IH NG',s,'IY IH'
the,'DH AH',s,''
or,'AO R',s,'AO'
second,'S EH K AH N D',s,''
means,'M IY N Z',s,'IY'
the,'DH AH',s,''
cords,'K AO R D Z',s,'AO'
the,'DH AH',s,''
or,'AO R',s,'AO'
the,'DH AH',s,''
o,'OW',s,''
pardon,'P AA R D ǝ N',s,'AA'
me,'M IY',s,'IY'
that,'DH AE T',s,'AE'
i,'AY',s,'AY'
descend,'D IH S EH N D',s,'IH'
so,'S OW',s,''
to,'T UW',s,'UW'
the,'DH AH',s,''
and,'AH N D',s,''
the,'DH AH',s,''
wherein,'ʍ EH R IH N',s,'IH'
you,'Y UW',s,'UW'
under,'ɤ N D ǝ R',s,''
this,'DH IH S',s,'IH'
shall,'SH AE L',s,'AE'
it,'IH T',s,'IH'
for,'F AO R',s,'AO'
be,'B IY',s,'IY'
spoken,'S P IY K ǝ N',s,'IY'
in,'IH N',s,'IH'
or,'AO R',s,'AO'
fill,'F IH L',s,'IH'
up,'AH P',s,''
in,'IH N',s,'IH'
to,'T UW',s,'UW'
that,'DH AE T',s,'AE'
men,'M EH N',s,''
of,'AH V',s,''
your,'Y AO R',s,'AO'
and,'AH N D',s,''
did,'D IH D',s,'IH'
them,'DH EH M',s,''
both,'B OW TH',s,''
in,'IH N',s,'IH'
an,'AE N',s,'AE'
unjust,'AH N JH AH S T',s,''
as,'AE Z',s,'AE'
both,'B OW TH',s,''
of,'AH V',s,''
you,'Y UW',s,'UW'
god,'G AA D',s,'AA'
pardon,'P AA R D ǝ N',s,'AA'
it,'IH T',s,'IH'
to,'T UW',s,'UW'
put,'P UH T',s,'UH'
down,'D ǝ UH N',s,'UH'
that,'DH AE T',s,'AE'
sweet,'S W IY T',s,'IY'
lovely,'L ɤ V L ǝ IH',s,'IH'
and,'AH N D',s,''
plant,'P L AW N T',s,''
this,'DH IH S',s,'IH'
thorn,'TH AO R N',s,'AO'
this,'DH IH S',s,'IH'
canker,'K AW NG K ǝ R',s,''
and,'AH N D',s,''
shall,'SH AE L',s,'AE'
it,'IH T',s,'IH'
in,'IH N',s,'IH'
be,'B IY',s,'IY'
spoken,'S P IY K ǝ N',s,'IY'
that,'DH AE T',s,'AE'
you,'Y UW',s,'UW'
and,'AH N D',s,''
shook,'SH UH K',s,'UH'
off,'AO F',s,'AO'
by,'B AY',s,'AY'
him,'HH IH M',s,'IH'
for,'F AO R',s,'AO'
whom,'HH UW M',s,'UW'
you,'Y UW',s,'UW'
no,'N OW',s,''
yet,'Y EH T',s,''
wherein,'ʍ EH R IH N',s,'IH'
you,'Y UW',s,'UW'
redeem,'R IH D IY M',s,'IH IY'
your,'Y AO R',s,'AO'
and,'AH N D',s,''
into,'IH N T UW',s,'IH UW'
the,'DH AH',s,''
good,'G UH D',s,'UH'
of,'AH V',s,''
the,'DH AH',s,''
again,'ǝ ɡ EH N',s,''
the,'DH AH',s,''
and,'AH N D',s,''
of,'AH V',s,''
this,'DH IH S',s,'IH'
who,'HH UW',s,'UW'
studies,'S T AH D IY Z',s,'IY'
and,'AH N D',s,''
to,'T UW',s,'UW'
all,'AA L',s,'AA'
the,'DH AH',s,''
he,'HH IY',s,'IY'
to,'T UW',s,'UW'
you,'Y UW',s,'UW'
even,'IY V IH N',s,'IY IH'
with,'W IH DH',s,'IH'
the,'DH AH',s,''
bloody,'B L AH D IY',s,'IY'
of,'AH V',s,''
your,'Y AO R',s,'AO'
therefre,'DH EH R F AO R',s,'AO'
i,'AY',s,'AY'
if,'IH F',s,'IH'
he,'HH IY',s,'IY'
fall,'F AA L',s,'AA'
in,'IH N',s,'IH'
good,'G UH D',s,'UH'
or,'AO R',s,'AO'
sink,'S IH NG K',s,'IH'
or,'AO R',s,'AO'
swim,'S W IH M',s,'IH'
send,'S EH N D',s,''
from,'F R AH M',s,''
the,'DH AH',s,''
east,'e S T',s,''
unto,'AH N T UW',s,'UW'
the,'DH AH',s,''
west,'W EH S T',s,''
so,'S OW',s,''
cross,'K R AO S',s,'AO'
it,'IH T',s,'IH'
from,'F R AH M',s,''
the,'DH AH',s,''
north,'N AO R TH',s,'AO'
to,'T UW',s,'UW'
and,'AH N D',s,''
let,'L EH T',s,''
them,'DH EH M',s,''
o,'OW',s,''
the,'DH AH',s,''
blood,'B L AH D',s,''
stirs,'S T ɐ R Z',s,''
to,'T UW',s,'UW'
a,'AH',s,''
than,'DH AE N',s,'AE'
to,'T UW',s,'UW'
start,'S T AA R T',s,'AA'
a,'AH',s,''
hre,'EH R',s,''
by,'B AY',s,'AY'
heaven,'HH EH V AH N',s,''
methinks,'M IH TH IH NG K S',s,'IH IH'
it,'IH T',s,'IH'
wre,'W ER',s,''
an,'AE N',s,'AE'
leap,'L IY P',s,'IY'
to,'T UW',s,'UW'
pluck,'P L ɤ K',s,''
from,'F R AH M',s,''
the,'DH AH',s,''
moon,'M UW N',s,'UW'
or,'AO R',s,'AO'
into,'IH N T UW',s,'IH UW'
the,'DH AH',s,''
bottom,'B AA T AH M',s,'AA'
of,'AH V',s,''
the,'DH AH',s,''
deep,'D IY P',s,'IY'
fathom,'F AW D ǝ M',s,''
never,'N e V ǝ R',s,''
the,'DH AH',s,''
and,'AH N D',s,''
pluck,'P L ɤ K',s,''
up,'AH P',s,''
by,'B AY',s,'AY'
the,'DH AH',s,''
so,'S OW',s,''
he,'HH IY',s,'IY'
that,'DH AE T',s,'AE'
doth,'D AO TH',s,'AO'
redeem,'R IH D IY M',s,'IH IY'
wear,'W EH R',s,''
all,'AA L',s,'AA'
but,'B AH T',s,''
out,'AW T',s,''
upon,'AH P AA N',s,'AA'
this,'DH IH S',s,'IH'
i,'AY',s,'AY'
you,'Y UW',s,'UW'
keep,'K IY P',s,'IY'
them,'DH EH M',s,''
all,'AA L',s,'AA'
by,'B AY',s,'AY'
god,'G AA D',s,'AA'
he,'HH IY',s,'IY'
shall,'SH AE L',s,'AE'
not,'N AA T',s,'AA'
a,'AH',s,''
of,'AH V',s,''
them,'DH EH M',s,''
no,'N OW',s,''
if,'IH F',s,'IH'
a,'AH',s,''
sve,'EH V',s,''
his,'HH IH Z',s,'IH'
soul,'S OW L',s,''
he,'HH IY',s,'IY'
shall,'SH AE L',s,'AE'
not,'N AA T',s,'AA'
keep,'K IY P',s,'IY'
them,'DH EH M',s,''
by,'B AY',s,'AY'
this,'DH IH S',s,'IH'
i,'AY',s,'AY'
will,'W IH L',s,'IH'
flat,'F L AE T',s,'AE'
he,'HH IY',s,'IY'
said,'S EH D',s,''
he,'HH IY',s,'IY'
not,'N AA T',s,'AA'
ransom,'R AE N S AH M',s,'AE'
mortimer,'M AO R T IH M ǝ R',s,'AO IH'
forbde,'F ER B EY D',s,'EY'
my,'M AY',s,'AY'
to,'T UW',s,'UW'
speak,'S P IY K',s,'IY'
of,'AH V',s,''
mortimer,'M AO R T IH M ǝ R',s,'AO IH'
but,'B AH T',s,''
i,'AY',s,'AY'
will,'W IH L',s,'IH'
him,'HH IH M',s,'IH'
when,'ʍ e N',s,''
he,'HH IY',s,'IY'
asleep,'AH S L IY P',s,'IY'
and,'AH N D',s,''
in,'IH N',s,'IH'
his,'HH IH Z',s,'IH'
ear,'IY R',s,'IY'
mortimer,'M AO R T IH M ǝ R',s,'AO IH'
a,'AH',s,''
shall,'SH AE L',s,'AE'
be,'B IY',s,'IY'
to,'T UW',s,'UW'
speak,'S P IY K',s,'IY'
but,'B AH T',s,''
mortimer,'M AO R T IH M ǝ R',s,'AO IH'
and,'AH N D',s,''
it,'IH T',s,'IH'
him,'HH IH M',s,'IH'
to,'T UW',s,'UW'
keep,'K IY P',s,'IY'
his,'HH IH Z',s,'IH'
anger,'AW NG ɡ ǝ R',s,''
still,'S T IH L',s,'IH'
in,'IH N',s,'IH'
all,'AA L',s,'AA'
studies,'S T AH D IY Z',s,'IY'
i,'AY',s,'AY'
sve,'EH V',s,''
to,'T UW',s,'UW'
gall,'G AA L',s,'AA'
and,'AH N D',s,''
pinch,'P IH N CH',s,'IH'
this,'DH IH S',s,'IH'
and,'AH N D',s,''
that,'DH AE T',s,'AE'
of,'AH V',s,''
but,'B AH T',s,''
that,'DH AE T',s,'AE'
i,'AY',s,'AY'
think,'TH IH NG K',s,'IH'
his,'HH IH Z',s,'IH'
him,'HH IH M',s,'IH'
not,'N AA T',s,'AA'
and,'AH N D',s,''
be,'B IY',s,'IY'
glad,'G L AE D',s,'AE'
he,'HH IY',s,'IY'
met,'M EH T',s,''
with,'W IH DH',s,'IH'
i,'AY',s,'AY'
him,'HH IH M',s,'IH'
poisoned,'P ǝ IH Z ǝ N D',s,'IH'
with,'W IH DH',s,'IH'
a,'AH',s,''
pot,'P AA T',s,'AA'
of,'AH V',s,''
whhy,'ʍ ǝ IH',s,'IH'
look,'L UH K',s,'UH'
you,'Y UW',s,'UW'
i,'AY',s,'AY'
am,'AE M',s,'AE'
and,'AH N D',s,''
with,'W IH DH',s,'IH'
rods,'R AA D Z',s,'AA'
and,'AH N D',s,''
with,'W IH DH',s,'IH'
when,'ʍ e N',s,''
i,'AY',s,'AY'
of,'AH V',s,''
this,'DH IH S',s,'IH'
politician,'P AA L AH T IH SH AH N',s,'AA IH'
in,'IH N',s,'IH'
do,'D OW',s,''
you,'Y UW',s,'UW'
call,'K AO L',s,'AO'
the,'DH AH',s,''
a,'AH',s,''
upon,'AH P AA N',s,'AA'
it,'IH T',s,'IH'
it,'IH T',s,'IH'
is,'IH Z',s,'IH'
in,'IH N',s,'IH'
the,'DH AH',s,''
madcap,'M AE D K AE P',s,'AE AE'
his,'HH IH Z',s,'IH'
kept,'K EH P T',s,''
his,'HH IH Z',s,'IH'
york,'Y AO R K',s,'AO'
i,'AY',s,'AY'
my,'M AY',s,'AY'
unto,'AH N T UW',s,'UW'
this,'DH IH S',s,'IH'
of,'AH V',s,''
smiles,'S M ǝ IH L Z',s,'IH'
this,'DH IH S',s,'IH'
when,'ʍ e N',s,''
you,'Y UW',s,'UW'
and,'AH N D',s,''
he,'HH IY',s,'IY'
back,'B AE K',s,'AE'
from,'F R AH M',s,''
you,'Y UW',s,'UW'
true,'T R UW',s,'UW'
whhy,'ʍ ǝ IH',s,'IH'
what,'W AH T',s,''
a,'AH',s,''
deal,'D EH L',s,''
of,'AH V',s,''
this,'DH IH S',s,'IH'
then,'DH EH N',s,''
did,'D IH D',s,'IH'
proffer,'P r ɒ F ǝ R',s,''
me,'M IY',s,'IY'
look,'L UH K',s,'UH'
when,'ʍ e N',s,''
his,'HH IH Z',s,'IH'
infant,'IH N F AH N T',s,'IH'
to,'T UW',s,'UW'
and,'AH N D',s,''
and,'AH N D',s,''
cousin,'K AH Z AH N',s,''
o,'OW',s,''
the,'DH AH',s,''
devil,'D IH V ǝ L',s,'IH'
forgve,'F ER G IH V',s,'IH'
me,'M IY',s,'IY'
good,'G UH D',s,'UH'
tell,'T EH L',s,''
your,'Y AO R',s,'AO'
i,'AY',s,'AY'
i,'AY',s,'AY'
faith,'F EY TH',s,'EY'
of,'AH V',s,''
york,'Y AO R K',s,'AO'
is,'IH Z',s,'IH'
it,'IH T',s,'IH'
not,'N AA T',s,'AA'
i,'AY',s,'AY'
smell,'S M EH L',s,''
it,'IH T',s,'IH'
upon,'AH P AA N',s,'AA'
my,'M AY',s,'AY'
it,'IH T',s,'IH'
will,'W IH L',s,'IH'
do,'D OW',s,''
well,'W EH L',s,''
whhy,'ʍ ǝ IH',s,'IH'
it,'IH T',s,'IH'
cannot,'K AE N AA T',s,'AE AA'
but,'B AH T',s,''
be,'B IY',s,'IY'
a,'AH',s,''
plot,'P L AA T',s,'AA'
and,'AH N D',s,''
then,'DH EH N',s,''
the,'DH AH',s,''
of,'AH V',s,''
and,'AH N D',s,''
of,'AH V',s,''
york,'Y AO R K',s,'AO'
to,'T UW',s,'UW'
join,'JH OY N',s,''
with,'W IH DH',s,'IH'
mortimer,'M AO R T IH M ǝ R',s,'AO IH'
in,'IH N',s,'IH'
faith,'F EY TH',s,'EY'
it,'IH T',s,'IH'
is,'IH Z',s,'IH'
well,'W EH L',s,''
aimed,'EH M IH D',s,'IH'
he,'HH IY',s,'IY'
does,'D AH Z',s,''
he,'HH IY',s,'IY'
does,'D AH Z',s,''
be,'B IY',s,'IY'
on,'AA N',s,'AA'
him,'HH IH M',s,'IH'
adieu,'AH D UW',s,'UW'
o,'OW',s,''
let,'L EH T',s,''
the,'DH AH',s,''
be,'B IY',s,'IY'
short,'SH AO R T',s,'AO'
till,'T IH L',s,'IH'
fields,'F IY L D Z',s,'IY'
and,'AH N D',s,''
and,'AH N D',s,''
groans,'G r OW N Z',s,''
our,'OW R',s,''
sport,'S P AO R T',s,'AO'
but,'B AH T',s,''
for,'F AO R',s,'AO'
part,'P AA R T',s,'AA'
my,'M AY',s,'AY'
lord,'L AO R D',s,'AO'
i,'AY',s,'AY'
be,'B IY',s,'IY'
well,'W EH L',s,''
contented,'K AH N T EH N T AH D',s,''
to,'T UW',s,'UW'
be,'B IY',s,'IY'
in,'IH N',s,'IH'
respect,'R IH S P EH K T',s,'IH'
of,'AH V',s,''
the,'DH AH',s,''
i,'AY',s,'AY'
bear,'B EH R',s,''
your,'Y AO R',s,'AO'
he,'HH IY',s,'IY'
be,'B IY',s,'IY'
contented,'K AH N T EH N T AH D',s,''
whhy,'ʍ ǝ IH',s,'IH'
is,'IH Z',s,'IH'
he,'HH IY',s,'IY'
not,'N AA T',s,'AA'
then,'DH EH N',s,''
in,'IH N',s,'IH'
respect,'R IH S P EH K T',s,'IH'
of,'AH V',s,''
the,'DH AH',s,''
he,'HH IY',s,'IY'
bears,'B EH R Z',s,''
our,'OW R',s,''
in,'IH N',s,'IH'
this,'DH IH S',s,'IH'
he,'HH IY',s,'IY'
his,'HH IH Z',s,'IH'
barn,'B AA R N',s,'AA'
better,'B e T ə R',s,''
than,'DH AE N',s,'AE'
he,'HH IY',s,'IY'
our,'OW R',s,''
let,'L EH T',s,''
me,'M IY',s,'IY'
see,'S IY',s,'IY'
the,'DH AH',s,''
you,'Y UW',s,'UW'
is,'IH Z',s,'IH'
whhy,'ʍ ǝ IH',s,'IH'
certain,'S ɐ R T ǝ N',s,''
to,'T UW',s,'UW'
a,'AH',s,''
cold,'K OW L D',s,''
to,'T UW',s,'UW'
sleep,'S L IY P',s,'IY'
to,'T UW',s,'UW'
drink,'D R IH NG K',s,'IH'
but,'B AH T',s,''
i,'AY',s,'AY'
tell,'T EH L',s,''
you,'Y UW',s,'UW'
my,'M AY',s,'AY'
lord,'L AO R D',s,'AO'
fool,'F UH L',s,'UH'
out,'AW T',s,''
of,'AH V',s,''
this,'DH IH S',s,'IH'
we,'W IY',s,'IY'
pluck,'P L ɤ K',s,''
this,'DH IH S',s,'IH'
safety,'S EH F T ǝ IH',s,'IH'
the,'DH AH',s,''
you,'Y UW',s,'UW'
is,'IH Z',s,'IH'
the,'DH AH',s,''
friends,'F R EH N D Z',s,''
you,'Y UW',s,'UW'
the,'DH AH',s,''
itself,'IH T S EH L F',s,'IH'
and,'AH N D',s,''
your,'Y AO R',s,'AO'
plot,'P L AA T',s,'AA'
too,'T UW',s,'UW'
for,'F AO R',s,'AO'
the,'DH AH',s,''
of,'AH V',s,''
so,'S OW',s,''
great,'G r e T',s,''
an,'AE N',s,'AE'
you,'Y UW',s,'UW'
so,'S OW',s,''
you,'Y UW',s,'UW'
so,'S OW',s,''
i,'AY',s,'AY'
unto,'AH N T UW',s,'UW'
you,'Y UW',s,'UW'
again,'ǝ ɡ EH N',s,''
you,'Y UW',s,'UW'
a,'AH',s,''
hind,'ǝ IH N D',s,'IH'
and,'AH N D',s,''
you,'Y UW',s,'UW'
what,'W AH T',s,''
a,'AH',s,''
is,'IH Z',s,'IH'
this,'DH IH S',s,'IH'
by,'B AY',s,'AY'
the,'DH AH',s,''
lord,'L AO R D',s,'AO'
our,'OW R',s,''
plot,'P L AA T',s,'AA'
is,'IH Z',s,'IH'
a,'AH',s,''
good,'G UH D',s,'UH'
plot,'P L AA T',s,'AA'
as,'AE Z',s,'AE'
was,'W AA Z',s,'AA'
laid,'L EH D',s,''
our,'OW R',s,''
friends,'F R EH N D Z',s,''
true,'T R UW',s,'UW'
and,'AH N D',s,''
constanta,'K AA N S T AA N T AH',s,'AA AA'
good,'G UH D',s,'UH'
plot,'P L AA T',s,'AA'
good,'G UH D',s,'UH'
friends,'F R EH N D Z',s,''
and,'AH N D',s,''
full,'F UH L',s,'UH'
of,'AH V',s,''
an,'AE N',s,'AE'
plot,'P L AA T',s,'AA'
very,'V EH R IY',s,'IY'
good,'G UH D',s,'UH'
friends,'F R EH N D Z',s,''
what,'W AH T',s,''
a,'AH',s,''
is,'IH Z',s,'IH'
this,'DH IH S',s,'IH'
whhy,'ʍ ǝ IH',s,'IH'
my,'M AY',s,'AY'
lord,'L AO R D',s,'AO'
of,'AH V',s,''
york,'Y AO R K',s,'AO'
commends,'K AH M EH N D Z',s,''
the,'DH AH',s,''
plot,'P L AA T',s,'AA'
and,'AH N D',s,''
the,'DH AH',s,''
of,'AH V',s,''
the,'DH AH',s,''
action,'AE K SH AH N',s,'AE'
zounds,'Z AW N D Z',s,''
an,'AE N',s,'AE'
i,'AY',s,'AY'
wre,'W ER',s,''
by,'B AY',s,'AY'
this,'DH IH S',s,'IH'
i,'AY',s,'AY'
brain,'B r EH N',s,''
him,'HH IH M',s,'IH'
with,'W IH DH',s,'IH'
his,'HH IH Z',s,'IH'
fan,'F AE N',s,'AE'
is,'IH Z',s,'IH'
not,'N AA T',s,'AA'
my,'M AY',s,'AY'
my,'M AY',s,'AY'
and,'AH N D',s,''
myself,'M AY S EH L F',s,'AY'
lord,'L AO R D',s,'AO'
edmund,'EH D M AH N D',s,''
mortimer,'M AO R T IH M ǝ R',s,'AO IH'
my,'M AY',s,'AY'
lord,'L AO R D',s,'AO'
of,'AH V',s,''
york,'Y AO R K',s,'AO'
and,'AH N D',s,''
is,'IH Z',s,'IH'
not,'N AA T',s,'AA'
besides,'B IH S ə IH D Z',s,'IH IH'
the,'DH AH',s,''
douglas,'D AH G L AH S',s,''
i,'AY',s,'AY'
not,'N AA T',s,'AA'
all,'AA L',s,'AA'
their,'DH EH R',s,''
to,'T UW',s,'UW'
meet,'M IY T',s,'IY'
me,'M IY',s,'IY'
in,'IH N',s,'IH'
arms,'AA R M Z',s,'AA'
by,'B AY',s,'AY'
the,'DH AH',s,''
ninth,'N AY N TH',s,'AY'
of,'AH V',s,''
the,'DH AH',s,''
month,'M AH N TH',s,''
and,'AH N D',s,''
not,'N AA T',s,'AA'
of,'AH V',s,''
them,'DH EH M',s,''
set,'S EH T',s,''
what,'W AH T',s,''
a,'AH',s,''
pagan,'P EH G ǝ N',s,''
is,'IH Z',s,'IH'
infidel,'IH N F IH D EH L',s,'IH IH'
you,'Y UW',s,'UW'
shall,'SH AE L',s,'AE'
see,'S IY',s,'IY'
in,'IH N',s,'IH'
very,'V EH R IY',s,'IY'
sincerity,'S IH N S EH R AH T IY',s,'IH IY'
of,'AH V',s,''
fear,'F IY R',s,'IY'
and,'AH N D',s,''
cold,'K OW L D',s,''
heart,'HH AA R T',s,'AA'
will,'W IH L',s,'IH'
he,'HH IY',s,'IY'
to,'T UW',s,'UW'
the,'DH AH',s,''
and,'AH N D',s,''
open,'OW P ǝ N',s,''
all,'AA L',s,'AA'
our,'OW R',s,''
o,'OW',s,''
i,'AY',s,'AY'
myself,'M AY S EH L F',s,'AY'
and,'AH N D',s,''
go,'G OW',s,''
to,'T UW',s,'UW'
buffets,'B ɤ F IH T S',s,'IH'
for,'F AO R',s,'AO'
a,'AH',s,''
dish,'D IH SH',s,'IH'
of,'AH V',s,''
skim,'S K IH M',s,'IH'
milk,'M IH L K',s,'IH'
with,'W IH DH',s,'IH'
so,'S OW',s,''
honorale,'AA N ER AH B AH L',s,'AA'
an,'AE N',s,'AE'
action,'AE K SH AH N',s,'AE'
him,'HH IH M',s,'IH'
let,'L EH T',s,''
him,'HH IH M',s,'IH'
tell,'T EH L',s,''
the,'DH AH',s,''
we,'W IY',s,'IY'
i,'AY',s,'AY'
will,'W IH L',s,'IH'
set,'S EH T',s,''
i,'AY',s,'AY'
must,'M AH S T',s,''
you,'Y UW',s,'UW'
within,'W IH DH IH N',s,'IH IH'
what,'W AH T',s,''
ho,'HH OW',s,''
is,'IH Z',s,'IH'
with,'W IH DH',s,'IH'
the,'DH AH',s,''
packet,'P AE K AH T',s,'AE'
hath,'HH AE TH',s,'AE'
butler,'B ɤ T L ə R',s,''
horses,'HH AO R S AH Z',s,'AO'
from,'F R AH M',s,''
the,'DH AH',s,''
sheriff,'SH EH R AH F',s,''
what,'W AH T',s,''
a,'AH',s,''
roan,'R OW N',s,''
a,'AH',s,''
is,'IH Z',s,'IH'
it,'IH T',s,'IH'
not,'N AA T',s,'AA'
that,'DH AE T',s,'AE'
roan,'R OW N',s,''
shall,'SH AE L',s,'AE'
be,'B IY',s,'IY'
my,'M AY',s,'AY'
thhrne,'TH r OW N',s,''
well,'W EH L',s,''
i,'AY',s,'AY'
will,'W IH L',s,'IH'
back,'B AE K',s,'AE'
him,'HH IH M',s,'IH'
o,'OW',s,''
bid,'B IH D',s,'IH'
butler,'B ɤ T L ə R',s,''
lead,'L EH D',s,''
him,'HH IH M',s,'IH'
forth,'F AO R TH',s,'AO'
into,'IH N T UW',s,'IH UW'
the,'DH AH',s,''
park,'P AA R K',s,'AA'
what,'W AH T',s,''
thou,'DH AW',s,''
my,'M AY',s,'AY'
lady,'L EY D IY',s,'EY IY'
whhy,'ʍ ǝ IH',s,'IH'
my,'M AY',s,'AY'
my,'M AY',s,'AY'
my,'M AY',s,'AY'
so,'S OW',s,''
far,'F AA R',s,'AA'
afoot,'AH F UH T',s,'UH'
i,'AY',s,'AY'
shall,'SH AE L',s,'AE'
be,'B IY',s,'IY'
you,'Y UW',s,'UW'
i,'AY',s,'AY'
thee,'DH IY',s,'IY'
not,'N AA T',s,'AA'
i,'AY',s,'AY'
not,'N AA T',s,'AA'
for,'F AO R',s,'AO'
thee,'DH IY',s,'IY'
this,'DH IH S',s,'IH'
is,'IH Z',s,'IH'
no,'N OW',s,''
to,'T UW',s,'UW'
with,'W IH DH',s,'IH'
and,'AH N D',s,''
to,'T UW',s,'UW'
tilt,'T IH L T',s,'IH'
with,'W IH DH',s,'IH'
lips,'L IH P S',s,'IH'
we,'W IY',s,'IY'
must,'M AH S T',s,''
bloody,'B L AH D IY',s,'IY'
noses,'N OW Z IH Z',s,'IH'
and,'AH N D',s,''
crowns,'K r ǝ UH N Z',s,'UH'
and,'AH N D',s,''
pass,'P AE S',s,'AE'
them,'DH EH M',s,''
me,'M IY',s,'IY'
my,'M AY',s,'AY'
what,'W AH T',s,''
thou,'DH AW',s,''
what,'W AH T',s,''
thou,'DH AW',s,''
with,'W IH DH',s,'IH'
me,'M IY',s,'IY'
wilt,'W IH L T',s,'IH'
thou,'DH AW',s,''
see,'S IY',s,'IY'
me,'M IY',s,'IY'
and,'AH N D',s,''
when,'ʍ e N',s,''
i,'AY',s,'AY'
am,'AE M',s,'AE'
i,'AY',s,'AY'
will,'W IH L',s,'IH'
swear,'S W EH R',s,''
i,'AY',s,'AY'
thee,'DH IY',s,'IY'
but,'B AH T',s,''
you,'Y UW',s,'UW'
i,'AY',s,'AY'
must,'M AH S T',s,''
not,'N AA T',s,'AA'
you,'Y UW',s,'UW'
me,'M IY',s,'IY'
i,'AY',s,'AY'
go,'G OW',s,''
nor,'N AO R',s,'AO'
reason,'r EH Z ǝ N',s,''
i,'AY',s,'AY'
must,'M AH S T',s,''
i,'AY',s,'AY'
must,'M AH S T',s,''
and,'AH N D',s,''
to,'T UW',s,'UW'
this,'DH IH S',s,'IH'
must,'M AH S T',s,''
i,'AY',s,'AY'
you,'Y UW',s,'UW'
i,'AY',s,'AY'
you,'Y UW',s,'UW'
but,'B AH T',s,''
yet,'Y EH T',s,''
no,'N OW',s,''
than,'DH AE N',s,'AE'
constant,'K AA N S T AH N T',s,'AA'
you,'Y UW',s,'UW'
but,'B AH T',s,''
yet,'Y EH T',s,''
a,'AH',s,''
woman,'W UH M AH N',s,'UH'
and,'AH N D',s,''
for,'F AO R',s,'AO'
no,'N OW',s,''
lady,'L EY D IY',s,'EY IY'
for,'F AO R',s,'AO'
i,'AY',s,'AY'
well,'W EH L',s,''
thou,'DH AW',s,''
wilt,'W IH L T',s,'IH'
not,'N AA T',s,'AA'
what,'W AH T',s,''
thou,'DH AW',s,''
dost,'D AA S T',s,'AA'
not,'N AA T',s,'AA'
and,'AH N D',s,''
so,'S OW',s,''
far,'F AA R',s,'AA'
will,'W IH L',s,'IH'
i,'AY',s,'AY'
trust,'T r ɤ S T',s,''
thee,'DH IY',s,'IY'
not,'N AA T',s,'AA'
an,'AE N',s,'AE'
inch,'IH N CH',s,'IH'
but,'B AH T',s,''
you,'Y UW',s,'UW'
i,'AY',s,'AY'
go,'G OW',s,''
shall,'SH AE L',s,'AE'
you,'Y UW',s,'UW'
go,'G OW',s,''
too,'T UW',s,'UW'
will,'W IH L',s,'IH'
i,'AY',s,'AY'
set,'S EH T',s,''
forth,'F AO R TH',s,'AO'
you,'Y UW',s,'UW'
will,'W IH L',s,'IH'
this,'DH IH S',s,'IH'
content,'K ǝ N T e N T',s,''
you,'Y UW',s,'UW'
lord,'L AO R D',s,'AO'
mortimer,'M AO R T IH M ǝ R',s,'AO IH'
and,'AH N D',s,''
cousin,'K AH Z AH N',s,''
will,'W IH L',s,'IH'
you,'Y UW',s,'UW'
sit,'S IH T',s,'IH'
down,'D ǝ UH N',s,'UH'
and,'AH N D',s,''
a,'AH',s,''
upon,'AH P AA N',s,'AA'
it,'IH T',s,'IH'
i,'AY',s,'AY'
forgot,'F ǝ R G ɒ T',s,''
the,'DH AH',s,''
map,'M AE P',s,'AE'
and,'AH N D',s,''
you,'Y UW',s,'UW'
in,'IH N',s,'IH'
as,'AE Z',s,'AE'
oft,'AO F T',s,'AO'
as,'AE Z',s,'AE'
he,'HH IY',s,'IY'
of,'AH V',s,''
whhy,'ʍ ǝ IH',s,'IH'
so,'S OW',s,''
it,'IH T',s,'IH'
at,'AE T',s,'AE'
the,'DH AH',s,''
season,'S IY Z AH N',s,'IY'
if,'IH F',s,'IH'
your,'Y AO R',s,'AO'
cat,'K AE T',s,'AE'
had,'HH AE D',s,'AE'
but,'B AH T',s,''
had,'HH AE D',s,'AE'
never,'N e V ǝ R',s,''
been,'B IH N',s,'IH'
born,'B AO R N',s,'AO'
and,'AH N D',s,''
i,'AY',s,'AY'
the,'DH AH',s,''
was,'W AA Z',s,'AA'
not,'N AA T',s,'AA'
of,'AH V',s,''
my,'M AY',s,'AY'
if,'IH F',s,'IH'
you,'Y UW',s,'UW'
as,'AE Z',s,'AE'
you,'Y UW',s,'UW'
it,'IH T',s,'IH'
shook,'SH UH K',s,'UH'
o,'OW',s,''
then,'DH EH N',s,''
the,'DH AH',s,''
shook,'SH UH K',s,'UH'
to,'T UW',s,'UW'
see,'S IY',s,'IY'
the,'DH AH',s,''
heavens,'HH EH V AH N Z',s,''
on,'AA N',s,'AA'
and,'AH N D',s,''
not,'N AA T',s,'AA'
in,'IH N',s,'IH'
fear,'F IY R',s,'IY'
of,'AH V',s,''
your,'Y AO R',s,'AO'
nativity,'N AH T IH V AH T IY',s,'IH IY'
natre,'N EY CH ER',s,'EY'
breaks,'B R EY K S',s,'EY'
forth,'F AO R TH',s,'AO'
in,'IH N',s,'IH'
eruptions,'IH R AH P SH AH N Z',s,'IH'
oft,'AO F T',s,'AO'
the,'DH AH',s,''
is,'IH Z',s,'IH'
with,'W IH DH',s,'IH'
a,'AH',s,''
of,'AH V',s,''
and,'AH N D',s,''
vexed,'V EH K S T',s,''
by,'B AY',s,'AY'
the,'DH AH',s,''
of,'AH V',s,''
within,'W IH DH IH N',s,'IH IH'
for,'F AO R',s,'AO'
the,'DH AH',s,''
old,'OW L D',s,''
and,'AH N D',s,''
down,'D ǝ UH N',s,'UH'
steeples,'S T IY P AH L Z',s,'IY'
and,'AH N D',s,''
at,'AE T',s,'AE'
your,'Y AO R',s,'AO'
our,'OW R',s,''
this,'DH IH S',s,'IH'
in,'IH N',s,'IH'
passion,'P AE SH AH N',s,'AE'
shook,'SH UH K',s,'UH'
i,'AY',s,'AY'
think,'TH IH NG K',s,'IH'
no,'N OW',s,''
man,'M AE N',s,'AE'
speaks,'S P IY K S',s,'IY'
better,'B e T ə R',s,''
welsh,'W EH L CH',s,''
to,'T UW',s,'UW'
whhy,'ʍ ǝ IH',s,'IH'
so,'S OW',s,''
can,'K AE N',s,'AE'
i,'AY',s,'AY'
or,'AO R',s,'AO'
so,'S OW',s,''
can,'K AE N',s,'AE'
man,'M AE N',s,'AE'
but,'B AH T',s,''
will,'W IH L',s,'IH'
when,'ʍ e N',s,''
you,'Y UW',s,'UW'
do,'D OW',s,''
call,'K AO L',s,'AO'
for,'F AO R',s,'AO'
them,'DH EH M',s,''
and,'AH N D',s,''
i,'AY',s,'AY'
can,'K AE N',s,'AE'
teach,'T IY CH',s,'IY'
thee,'DH IY',s,'IY'
coz,'K AA Z',s,'AA'
to,'T UW',s,'UW'
the,'DH AH',s,''
devil,'D IH V ǝ L',s,'IH'
by,'B AY',s,'AY'
truth,'T R UW TH',s,'UW'
tell,'T EH L',s,''
truth,'T R UW TH',s,'UW'
and,'AH N D',s,''
the,'DH AH',s,''
devil,'D IH V ǝ L',s,'IH'
if,'IH F',s,'IH'
thou,'DH AW',s,''
to,'T UW',s,'UW'
him,'HH IH M',s,'IH'
him,'HH IH M',s,'IH'
and,'AH N D',s,''
be,'B IY',s,'IY'
sworn,'S W AO R N',s,'AO'
i,'AY',s,'AY'
to,'T UW',s,'UW'
him,'HH IH M',s,'IH'
o,'OW',s,''
you,'Y UW',s,'UW'
tell,'T EH L',s,''
truth,'T R UW TH',s,'UW'
and,'AH N D',s,''
the,'DH AH',s,''
devil,'D IH V ǝ L',s,'IH'
hme,'OW M',s,''
boots,'B UW T S',s,'UW'
and,'AH N D',s,''
in,'IH N',s,'IH'
too,'T UW',s,'UW'
he,'HH IY',s,'IY'
in,'IH N',s,'IH'
the,'DH AH',s,''
methinks,'M IH TH IH NG K S',s,'IH IH'
my,'M AY',s,'AY'
north,'N AO R TH',s,'AO'
from,'F R AH M',s,''
burton,'B ɐ R T ə N',s,''
in,'IH N',s,'IH'
not,'N AA T',s,'AA'
of,'AH V',s,''
yours,'Y UH R Z',s,'UH'
see,'S IY',s,'IY'
this,'DH IH S',s,'IH'
river,'r IH V ǝ R',s,'IH'
me,'M IY',s,'IY'
in,'IH N',s,'IH'
and,'AH N D',s,''
cuts,'K ɤ T S',s,''
me,'M IY',s,'IY'
from,'F R AH M',s,''
the,'DH AH',s,''
best,'B EH S T',s,''
of,'AH V',s,''
all,'AA L',s,'AA'
my,'M AY',s,'AY'
land,'L AE N D',s,'AE'
a,'AH',s,''
a,'AH',s,''
out,'AW T',s,''
the,'DH AH',s,''
in,'IH N',s,'IH'
this,'DH IH S',s,'IH'
up,'AH P',s,''
and,'AH N D',s,''
the,'DH AH',s,''
smug,'S M AH G',s,''
and,'AH N D',s,''
trent,'T R EH N T',s,''
shall,'SH AE L',s,'AE'
run,'r ɤ N',s,''
in,'IH N',s,'IH'
a,'AH',s,''
channel,'CH AE N AH L',s,'AE'
fair,'F EH R',s,''
and,'AH N D',s,''
it,'IH T',s,'IH'
shall,'SH AE L',s,'AE'
not,'N AA T',s,'AA'
with,'W IH DH',s,'IH'
a,'AH',s,''
deep,'D IY P',s,'IY'
indent,'IH N D EH N T',s,'IH'
to,'T UW',s,'UW'
rob,'R AA B',s,'AA'
me,'M IY',s,'IY'
of,'AH V',s,''
so,'S OW',s,''
rich,'R IH CH',s,'IH'
a,'AH',s,''
bottom,'B AA T AH M',s,'AA'
it,'IH T',s,'IH'
so,'S OW',s,''
a,'AH',s,''
will,'W IH L',s,'IH'
do,'D OW',s,''
it,'IH T',s,'IH'
will,'W IH L',s,'IH'
not,'N AA T',s,'AA'
you,'Y UW',s,'UW'
who,'HH UW',s,'UW'
shall,'SH AE L',s,'AE'
me,'M IY',s,'IY'
let,'L EH T',s,''
me,'M IY',s,'IY'
not,'N AA T',s,'AA'
you,'Y UW',s,'UW'
then,'DH EH N',s,''
speak,'S P IY K',s,'IY'
it,'IH T',s,'IH'
in,'IH N',s,'IH'
welsh,'W EH L CH',s,''
marrry,'M AW r ǝ IH',s,'IH'
and,'AH N D',s,''
i,'AY',s,'AY'
am,'AE M',s,'AE'
glad,'G L AE D',s,'AE'
of,'AH V',s,''
it,'IH T',s,'IH'
with,'W IH DH',s,'IH'
all,'AA L',s,'AA'
my,'M AY',s,'AY'
heart,'HH AA R T',s,'AA'
i,'AY',s,'AY'
had,'HH AE D',s,'AE'
be,'B IY',s,'IY'
a,'AH',s,''
kitten,'K IH T AH N',s,'IH'
and,'AH N D',s,''
mew,'M Y UW',s,'UW'
than,'DH AE N',s,'AE'
of,'AH V',s,''
i,'AY',s,'AY'
had,'HH AE D',s,'AE'
a,'AH',s,''
brazen,'B r EH Z ə N',s,''
turned,'T ɐ R N IH D',s,'IH'
or,'AO R',s,'AO'
a,'AH',s,''
wheel,'ʍ IY L',s,'IY'
on,'AA N',s,'AA'
the,'DH AH',s,''
and,'AH N D',s,''
that,'DH AE T',s,'AE'
set,'S EH T',s,''
my,'M AY',s,'AY'
teeth,'T IY TH',s,'IY'
an,'AE N',s,'AE'
ege,'EH JH',s,''
so,'S OW',s,''
as,'AE Z',s,'AE'
the,'DH AH',s,''
forced,'F AO R S IH D',s,'AO IH'
gait,'G EH T',s,''
of,'AH V',s,''
a,'AH',s,''
nag,'N AE G',s,'AE'
i,'AY',s,'AY'
do,'D OW',s,''
not,'N AA T',s,'AA'
so,'S OW',s,''
land,'L AE N D',s,'AE'
to,'T UW',s,'UW'
friend,'F R EH N D',s,''
but,'B AH T',s,''
in,'IH N',s,'IH'
the,'DH AH',s,''
of,'AH V',s,''
bargain,'B AA R ɡ IH N',s,'AA IH'
mark,'M AA R K',s,'AA'
you,'Y UW',s,'UW'
me,'M IY',s,'IY'
on,'AA N',s,'AA'
the,'DH AH',s,''
ninth,'N AY N TH',s,'AY'
part,'P AA R T',s,'AA'
of,'AH V',s,''
a,'AH',s,''
hair,'HH EH R',s,''
the,'DH AH',s,''
shall,'SH AE L',s,'AE'
we,'W IY',s,'IY'
be,'B IY',s,'IY'
i,'AY',s,'AY'
cannot,'K AE N AA T',s,'AE AA'
sometme,'S AH M T AY M',s,'AY'
he,'HH IY',s,'IY'
angers,'AW NG ɡ ǝ R Z',s,''
me,'M IY',s,'IY'
with,'W IH DH',s,'IH'
me,'M IY',s,'IY'
of,'AH V',s,''
the,'DH AH',s,''
and,'AH N D',s,''
the,'DH AH',s,''
ant,'AE N T',s,'AE'
of,'AH V',s,''
the,'DH AH',s,''
dreamer,'D r IY M ǝ R',s,'IY'
and,'AH N D',s,''
his,'HH IH Z',s,'IH'
and,'AH N D',s,''
of,'AH V',s,''
a,'AH',s,''
dragon,'D R AE G AH N',s,'AE'
and,'AH N D',s,''
a,'AH',s,''
fish,'F IH SH',s,'IH'
a,'AH',s,''
griffin,'G R IH F IH N',s,'IH IH'
and,'AH N D',s,''
a,'AH',s,''
moulten,'M OW L T ǝ N',s,''
raven,'R EY V AH N',s,'EY'
a,'AH',s,''
and,'AH N D',s,''
a,'AH',s,''
cat,'K AE T',s,'AE'
and,'AH N D',s,''
a,'AH',s,''
deal,'D EH L',s,''
of,'AH V',s,''
stuff,'S T ɤ F',s,''
as,'AE Z',s,'AE'
puts,'P UH T S',s,'UH'
me,'M IY',s,'IY'
from,'F R AH M',s,''
my,'M AY',s,'AY'
faith,'F EY TH',s,'EY'
i,'AY',s,'AY'
tell,'T EH L',s,''
you,'Y UW',s,'UW'
what,'W AH T',s,''
he,'HH IY',s,'IY'
held,'HH EH L D',s,''
me,'M IY',s,'IY'
last,'L AE S T',s,'AE'
at,'AE T',s,'AE'
least,'L IY S T',s,'IY'
in,'IH N',s,'IH'
up,'AH P',s,''
the,'DH AH',s,''
that,'DH AE T',s,'AE'
wre,'W ER',s,''
his,'HH IH Z',s,'IH'
i,'AY',s,'AY'
and,'AH N D',s,''
well,'W EH L',s,''
go,'G OW',s,''
to,'T UW',s,'UW'
but,'B AH T',s,''
him,'HH IH M',s,'IH'
not,'N AA T',s,'AA'
a,'AH',s,''
o,'OW',s,''
he,'HH IY',s,'IY'
is,'IH Z',s,'IH'
as,'AE Z',s,'AE'
as,'AE Z',s,'AE'
a,'AH',s,''
tired,'T ǝ IH R D',s,'IH'
a,'AH',s,''
than,'DH AE N',s,'AE'
a,'AH',s,''
i,'AY',s,'AY'
had,'HH AE D',s,'AE'
with,'W IH DH',s,'IH'
and,'AH N D',s,''
garlic,'G AA R L IH K',s,'AA IH'
in,'IH N',s,'IH'
a,'AH',s,''
far,'F AA R',s,'AA'
than,'DH AE N',s,'AE'
feed,'F IY D',s,'IY'
on,'AA N',s,'AA'
and,'AH N D',s,''
him,'HH IH M',s,'IH'
to,'T UW',s,'UW'
me,'M IY',s,'IY'
in,'IH N',s,'IH'
summer,'S ɤ M ǝ R',s,''
in,'IH N',s,'IH'
well,'W EH L',s,''
i,'AY',s,'AY'
am,'AE M',s,'AE'
good,'G UH D',s,'UH'
be,'B IY',s,'IY'
your,'Y AO R',s,'AO'
speed,'S P IY D',s,'IY'
our,'OW R',s,''
and,'AH N D',s,''
let,'L EH T',s,''
us,'AH S',s,''
our,'OW R',s,''
thou,'DH AW',s,''
art,'AA R T',s,'AA'
in,'IH N',s,'IH'
lying,'L ǝ IH IH N',s,'IH IH'
down,'D ǝ UH N',s,'UH'
that,'DH AE T',s,'AE'
i,'AY',s,'AY'
my,'M AY',s,'AY'
in,'IH N',s,'IH'
lap,'L AE P',s,'AE'
i,'AY',s,'AY'
percve,'P ER S IY V',s,'IY'
the,'DH AH',s,''
devil,'D IH V ǝ L',s,'IH'
welsh,'W EH L CH',s,''
and,'AH N D',s,''
no,'N OW',s,''
marvel,'M AA R V ǝ L',s,'AA'
he,'HH IY',s,'IY'
is,'IH Z',s,'IH'
so,'S OW',s,''
by,'B AY',s,'AY'
lady,'L EY D IY',s,'EY IY'
he,'HH IY',s,'IY'
is,'IH Z',s,'IH'
a,'AH',s,''
good,'G UH D',s,'UH'
i,'AY',s,'AY'
had,'HH AE D',s,'AE'
lady,'L EY D IY',s,'EY IY'
my,'M AY',s,'AY'
in,'IH N',s,'IH'
irish,'AY R IH SH',s,'AY IH'
no,'N OW',s,''
neither,'N EH DH ǝ R',s,''
a,'AH',s,''
fault,'F AO L T',s,'AO'
to,'T UW',s,'UW'
the,'DH AH',s,''
welsh,'W EH L CH',s,''
bed,'B EH D',s,''
she,'SH IY',s,'IY'
your,'Y AO R',s,'AO'
too,'T UW',s,'UW'
not,'N AA T',s,'AA'
yours,'Y UH R Z',s,'UH'
in,'IH N',s,'IH'
good,'G UH D',s,'UH'
heart,'HH AA R T',s,'AA'
you,'Y UW',s,'UW'
swear,'S W EH R',s,''
a,'AH',s,''
not,'N AA T',s,'AA'
you,'Y UW',s,'UW'
in,'IH N',s,'IH'
good,'G UH D',s,'UH'
and,'AH N D',s,''
as,'AE Z',s,'AE'
true,'T R UW',s,'UW'
as,'AE Z',s,'AE'
i,'AY',s,'AY'
and,'AH N D',s,''
as,'AE Z',s,'AE'
god,'G AA D',s,'AA'
shall,'SH AE L',s,'AE'
mend,'M EH N D',s,''
me,'M IY',s,'IY'
and,'AH N D',s,''
as,'AE Z',s,'AE'
as,'AE Z',s,'AE'
and,'AH N D',s,''
surety,'SH UW R T ǝ IH',s,'UW IH'
for,'F AO R',s,'AO'
as,'AE Z',s,'AE'
if,'IH F',s,'IH'
thou,'DH AW',s,''
never,'N e V ǝ R',s,''
than,'DH AE N',s,'AE'
swear,'S W EH R',s,''
me,'M IY',s,'IY'
a,'AH',s,''
lady,'L EY D IY',s,'EY IY'
as,'AE Z',s,'AE'
thou,'DH AW',s,''
art,'AA R T',s,'AA'
a,'AH',s,''
good,'G UH D',s,'UH'
mouthh-filling,'ˌ M ǝ UH TH - F IH L IH N',s,'UH IH IH'
oath,'OW TH',s,''
and,'AH N D',s,''
in,'IH N',s,'IH'
and,'AH N D',s,''
protest,'P R OW T EH S T',s,''
of,'AH V',s,''
to,'T UW',s,'UW'
and,'AH N D',s,''
citizens,'S IH T AH Z AH N Z',s,'IH'
the,'DH AH',s,''
to,'T UW',s,'UW'
turn,'T ɐ R N',s,''
or,'AO R',s,'AO'
be,'B IY',s,'IY'
an,'AE N',s,'AE'
the,'DH AH',s,''
be,'B IY',s,'IY'
within,'W IH DH IH N',s,'IH IH'
and,'AH N D',s,''
so,'S OW',s,''
in,'IH N',s,'IH'
when,'ʍ e N',s,''
you,'Y UW',s,'UW'
will,'W IH L',s,'IH'
well,'W EH L',s,''
said,'S EH D',s,''
my,'M AY',s,'AY'
if,'IH F',s,'IH'
truth,'T R UW TH',s,'UW'
in,'IH N',s,'IH'
this,'DH IH S',s,'IH'
wre,'W ER',s,''
not,'N AA T',s,'AA'
the,'DH AH',s,''
douglas,'D AH G L AH S',s,''
as,'AE Z',s,'AE'
not,'N AA T',s,'AA'
a,'AH',s,''
of,'AH V',s,''
this,'DH IH S',s,'IH'
stamp,'S T AE M P',s,'AE'
go,'G OW',s,''
so,'S OW',s,''
the,'DH AH',s,''
by,'B AY',s,'AY'
god,'G AA D',s,'AA'
i,'AY',s,'AY'
cannot,'K AE N AA T',s,'AE AA'
i,'AY',s,'AY'
do,'D OW',s,''
the,'DH AH',s,''
of,'AH V',s,''
but,'B AH T',s,''
a,'AH',s,''
in,'IH N',s,'IH'
my,'M AY',s,'AY'
hath,'HH AE TH',s,'AE'
no,'N OW',s,''
man,'M AE N',s,'AE'
than,'DH AE N',s,'AE'
task,'T AW S K',s,''
me,'M IY',s,'IY'
to,'T UW',s,'UW'
my,'M AY',s,'AY'
appprve,'AH P R UW V',s,'UW'
me,'M IY',s,'IY'
lord,'L AO R D',s,'AO'
do,'D OW',s,''
so,'S OW',s,''
and,'AH N D',s,''
well,'W EH L',s,''
what,'W AH T',s,''
hast,'HH AE S T',s,'AE'
thou,'DH AW',s,''
i,'AY',s,'AY'
can,'K AE N',s,'AE'
but,'B AH T',s,''
thank,'TH AE NG K',s,'AE'
you,'Y UW',s,'UW'
from,'F R AH M',s,''
him,'HH IH M',s,'IH'
whhy,'ʍ ǝ IH',s,'IH'
he,'HH IY',s,'IY'
not,'N AA T',s,'AA'
himself,'HH IH M S EH L F',s,'IH'
zounds,'Z AW N D Z',s,''
he,'HH IY',s,'IY'
the,'DH AH',s,''
to,'T UW',s,'UW'
be,'B IY',s,'IY'
sick,'S IH K',s,'IH'
in,'IH N',s,'IH'
a,'AH',s,''
who,'HH UW',s,'UW'
leads,'L IY D Z',s,'IY'
his,'HH IH Z',s,'IH'
under,'ɤ N D ǝ R',s,''
sick,'S IH K',s,'IH'
droop,'D R UW P',s,'UW'
this,'DH IH S',s,'IH'
doth,'D AO TH',s,'AO'
infect,'IH N F EH K T',s,'IH'
the,'DH AH',s,''
very,'V EH R IY',s,'IY'
of,'AH V',s,''
our,'OW R',s,''
enterprse,'EH N T ER P R AY Z',s,'AY'
even,'IY V IH N',s,'IY IH'
to,'T UW',s,'UW'
our,'OW R',s,''
camp,'K AE M P',s,'AE'
he,'HH IY',s,'IY'
me,'M IY',s,'IY'
that,'DH AE T',s,'AE'
inward,'IH N W ǝ R D',s,'IH'
and,'AH N D',s,''
that,'DH AE T',s,'AE'
his,'HH IH Z',s,'IH'
friends,'F R EH N D Z',s,''
by,'B AY',s,'AY'
not,'N AA T',s,'AA'
so,'S OW',s,''
soon,'S UW N',s,'UW'
be,'B IY',s,'IY'
nor,'N AO R',s,'AO'
did,'D IH D',s,'IH'
he,'HH IY',s,'IY'
think,'TH IH NG K',s,'IH'
it,'IH T',s,'IH'
meet,'M IY T',s,'IY'
to,'T UW',s,'UW'
so,'S OW',s,''
and,'AH N D',s,''
dear,'D IY R',s,'IY'
a,'AH',s,''
trust,'T r ɤ S T',s,''
on,'AA N',s,'AA'
soul,'S OW L',s,''
removed,'r IH M ɤ V IH D',s,'IH IH'
but,'B AH T',s,''
on,'AA N',s,'AA'
his,'HH IH Z',s,'IH'
yet,'Y EH T',s,''
doth,'D AO TH',s,'AO'
he,'HH IY',s,'IY'
us,'AH S',s,''
bold,'B OW L D',s,''
that,'DH AE T',s,'AE'
with,'W IH DH',s,'IH'
our,'OW R',s,''
small,'S M AO L',s,'AO'
we,'W IY',s,'IY'
on,'AA N',s,'AA'
to,'T UW',s,'UW'
see,'S IY',s,'IY'
is,'IH Z',s,'IH'
to,'T UW',s,'UW'
us,'AH S',s,''
for,'F AO R',s,'AO'
as,'AE Z',s,'AE'
he,'HH IY',s,'IY'
is,'IH Z',s,'IH'
no,'N OW',s,''
quailing,'K W EH L IH N',s,'IH'
the,'DH AH',s,''
is,'IH Z',s,'IH'
of,'AH V',s,''
all,'AA L',s,'AA'
our,'OW R',s,''
purposes,'P ɐ R P ǝ S IH Z',s,'IH'
what,'W AH T',s,''
you,'Y UW',s,'UW'
to,'T UW',s,'UW'
it,'IH T',s,'IH'
a,'AH',s,''
gash,'G AE SH',s,'AE'
a,'AH',s,''
very,'V EH R IY',s,'IY'
off,'AO F',s,'AO'
and,'AH N D',s,''
yet,'Y EH T',s,''
in,'IH N',s,'IH'
faith,'F EY TH',s,'EY'
it,'IH T',s,'IH'
is,'IH Z',s,'IH'
not,'N AA T',s,'AA'
his,'HH IH Z',s,'IH'
present,'P r IH Z e N T',s,'IH'
want,'W AA N T',s,'AA'
seems,'S IY M Z',s,'IY'
than,'DH AE N',s,'AE'
we,'W IY',s,'IY'
shall,'SH AE L',s,'AE'
it,'IH T',s,'IH'
wre,'W ER',s,''
it,'IH T',s,'IH'
good,'G UH D',s,'UH'
to,'T UW',s,'UW'
set,'S EH T',s,''
the,'DH AH',s,''
wealth,'W EH L TH',s,''
of,'AH V',s,''
all,'AA L',s,'AA'
our,'OW R',s,''
all,'AA L',s,'AA'
at,'AE T',s,'AE'
cast,'K AW S T',s,''
to,'T UW',s,'UW'
set,'S EH T',s,''
so,'S OW',s,''
rich,'R IH CH',s,'IH'
a,'AH',s,''
main,'M EH N',s,''
on,'AA N',s,'AA'
the,'DH AH',s,''
of,'AH V',s,''
it,'IH T',s,'IH'
wre,'W ER',s,''
not,'N AA T',s,'AA'
good,'G UH D',s,'UH'
for,'F AO R',s,'AO'
therein,'DH EH R IH N',s,'IH'
we,'W IY',s,'IY'
read,'r e D',s,''
the,'DH AH',s,''
very,'V EH R IY',s,'IY'
bottom,'B AA T AH M',s,'AA'
and,'AH N D',s,''
the,'DH AH',s,''
soul,'S OW L',s,''
of,'AH V',s,''
the,'DH AH',s,''
very,'V EH R IY',s,'IY'
list,'L IH S T',s,'IH'
the,'DH AH',s,''
very,'V EH R IY',s,'IY'
utmost,'AH T M OW S T',s,''
of,'AH V',s,''
all,'AA L',s,'AA'
our,'OW R',s,''
a,'AH',s,''
a,'AH',s,''
hme,'OW M',s,''
to,'T UW',s,'UW'
unto,'AH N T UW',s,'UW'
if,'IH F',s,'IH'
that,'DH AE T',s,'AE'
the,'DH AH',s,''
devil,'D IH V ǝ L',s,'IH'
and,'AH N D',s,''
look,'L UH K',s,'UH'
big,'B IH G',s,'IH'
upon,'AH P AA N',s,'AA'
the,'DH AH',s,''
of,'AH V',s,''
our,'OW R',s,''
affairs,'AH F EH R Z',s,''
you,'Y UW',s,'UW'
too,'T UW',s,'UW'
far,'F AA R',s,'AA'
i,'AY',s,'AY'
of,'AH V',s,''
his,'HH IH Z',s,'IH'
this,'DH IH S',s,'IH'
it,'IH T',s,'IH'
lends,'L EH N D Z',s,''
a,'AH',s,''
and,'AH N D',s,''
great,'G r e T',s,''
a,'AH',s,''
to,'T UW',s,'UW'
our,'OW R',s,''
great,'G r e T',s,''
enterprse,'EH N T ER P R AY Z',s,'AY'
than,'DH AE N',s,'AE'
if,'IH F',s,'IH'
the,'DH AH',s,''
wre,'W ER',s,''
for,'F AO R',s,'AO'
men,'M EH N',s,''
must,'M AH S T',s,''
think,'TH IH NG K',s,'IH'
if,'IH F',s,'IH'
we,'W IY',s,'IY'
his,'HH IH Z',s,'IH'
can,'K AE N',s,'AE'
a,'AH',s,''
to,'T UW',s,'UW'
push,'P UH SH',s,'UH'
against,'AH G EH N S T',s,''
a,'AH',s,''
with,'W IH DH',s,'IH'
his,'HH IH Z',s,'IH'
we,'W IY',s,'IY'
shall,'SH AE L',s,'AE'
it,'IH T',s,'IH'
down,'D ǝ UH N',s,'UH'
yet,'Y EH T',s,''
all,'AA L',s,'AA'
goes,'G OW Z',s,''
well,'W EH L',s,''
yet,'Y EH T',s,''
all,'AA L',s,'AA'
our,'OW R',s,''
joints,'JH OY N T S',s,''
my,'M AY',s,'AY'
cousin,'K AH Z AH N',s,''
vernon,'V ɐ R N ǝ N',s,''
by,'B AY',s,'AY'
my,'M AY',s,'AY'
soul,'S OW L',s,''
no,'N OW',s,''
what,'W AH T',s,''
he,'HH IY',s,'IY'
shall,'SH AE L',s,'AE'
be,'B IY',s,'IY'
too,'T UW',s,'UW'
is,'IH Z',s,'IH'
his,'HH IH Z',s,'IH'
son,'S AO ̃',s,'AO'
the,'DH AH',s,''
madcap,'M AE D K AE P',s,'AE AE'
of,'AH V',s,''
and,'AH N D',s,''
his,'HH IH Z',s,'IH'
that,'DH AE T',s,'AE'
the,'DH AH',s,''
and,'AH N D',s,''
bid,'B IH D',s,'IH'
it,'IH T',s,'IH'
pass,'P AE S',s,'AE'
no,'N OW',s,''
no,'N OW',s,''
than,'DH AE N',s,'AE'
the,'DH AH',s,''
sun,'S AH N',s,''
in,'IH N',s,'IH'
this,'DH IH S',s,'IH'
doth,'D AO TH',s,'AO'
nourish,'N ɤ r IH SH',s,'IH'
let,'L EH T',s,''
them,'DH EH M',s,''
in,'IH N',s,'IH'
their,'DH EH R',s,''
trim,'T R IH M',s,'IH'
and,'AH N D',s,''
to,'T UW',s,'UW'
the,'DH AH',s,''
maid,'M EY D',s,'EY'
of,'AH V',s,''
war,'W AO R',s,'AO'
all,'AA L',s,'AA'
hot,'HH AA T',s,'AA'
and,'AH N D',s,''
will,'W IH L',s,'IH'
we,'W IY',s,'IY'
offer,'ɒ F ǝ R',s,''
them,'DH EH M',s,''
the,'DH AH',s,''
mars,'M AA R Z',s,'AA'
shall,'SH AE L',s,'AE'
on,'AA N',s,'AA'
his,'HH IH Z',s,'IH'
altar,'AA L T ǝ R',s,'AA'
sit,'S IH T',s,'IH'
up,'AH P',s,''
to,'T UW',s,'UW'
the,'DH AH',s,''
ears,'IY R Z',s,'IY'
in,'IH N',s,'IH'
blood,'B L AH D',s,''
i,'AY',s,'AY'
am,'AE M',s,'AE'
on,'AA N',s,'AA'
to,'T UW',s,'UW'
this,'DH IH S',s,'IH'
rich,'R IH CH',s,'IH'
reprisal,'R IY P R AY Z AH L',s,'IY AY'
is,'IH Z',s,'IH'
so,'S OW',s,''
and,'AH N D',s,''
yet,'Y EH T',s,''
not,'N AA T',s,'AA'
ours,'OW R Z',s,''
let,'L EH T',s,''
me,'M IY',s,'IY'
my,'M AY',s,'AY'
who,'HH UW',s,'UW'
is,'IH Z',s,'IH'
to,'T UW',s,'UW'
bear,'B EH R',s,''
me,'M IY',s,'IY'
a,'AH',s,''
against,'AH G EH N S T',s,''
the,'DH AH',s,''
bosom,'B UH Z AH M',s,'UH'
of,'AH V',s,''
the,'DH AH',s,''
of,'AH V',s,''
to,'T UW',s,'UW'
shall,'SH AE L',s,'AE'
hot,'HH AA T',s,'AA'
to,'T UW',s,'UW'
meet,'M IY T',s,'IY'
and,'AH N D',s,''
part,'P AA R T',s,'AA'
till,'T IH L',s,'IH'
drop,'D R AA P',s,'AA'
down,'D ǝ UH N',s,'UH'
a,'AH',s,''
o,'OW',s,''
that,'DH AE T',s,'AE'
wre,'W ER',s,''
what,'W AH T',s,''
the,'DH AH',s,''
reach,'R IY CH',s,'IY'
unto,'AH N T UW',s,'UW'
forty,'F AO R T IY',s,'AO IY'
let,'L EH T',s,''
it,'IH T',s,'IH'
be,'B IY',s,'IY'
my,'M AY',s,'AY'
and,'AH N D',s,''
being,'B IY IH NG',s,'IY IH'
both,'B OW TH',s,''
the,'DH AH',s,''
of,'AH V',s,''
us,'AH S',s,''
seve,'S ER V',s,''
so,'S OW',s,''
great,'G r e T',s,''
a,'AH',s,''
let,'L EH T',s,''
us,'AH S',s,''
a,'AH',s,''
muster,'M ɤ S T ǝ R',s,''
speedily,'S P IY D AH L IY',s,'IY IY'
is,'IH Z',s,'IH'
near,'N IY R',s,'IY'
all,'AA L',s,'AA'
merrily,'M EH R AH L IY',s,'IY'
with,'W IH DH',s,'IH'
him,'HH IH M',s,'IH'
whhy,'ʍ ǝ IH',s,'IH'
you,'Y UW',s,'UW'
so,'S OW',s,''
looks,'L UH K S',s,'UH'
he,'HH IY',s,'IY'
not,'N AA T',s,'AA'
for,'F AO R',s,'AO'
suppply,'S ǝ P L ǝ IH',s,'IH'
his,'HH IH Z',s,'IH'
is,'IH Z',s,'IH'
certain,'S ɐ R T ǝ N',s,''
ours,'OW R Z',s,''
is,'IH Z',s,'IH'
i,'AY',s,'AY'
so,'S OW',s,''
the,'DH AH',s,''
horses,'HH AO R S AH Z',s,'AO'
of,'AH V',s,''
the,'DH AH',s,''
enemy,'EH N AH M IY',s,'IY'
in,'IH N',s,'IH'
and,'AH N D',s,''
the,'DH AH',s,''
better,'B e T ə R',s,''
part,'P AA R T',s,'AA'
of,'AH V',s,''
ours,'OW R Z',s,''
full,'F UH L',s,'UH'
of,'AH V',s,''
rest,'R EH S T',s,''
blunt,'B L ɤ N T',s,''
and,'AH N D',s,''
to,'T UW',s,'UW'
god,'G AA D',s,'AA'
you,'Y UW',s,'UW'
wre,'W ER',s,''
of,'AH V',s,''
our,'OW R',s,''
of,'AH V',s,''
us,'AH S',s,''
you,'Y UW',s,'UW'
well,'W EH L',s,''
and,'AH N D',s,''
even,'IY V IH N',s,'IY IH'
your,'Y AO R',s,'AO'
great,'G r e T',s,''
and,'AH N D',s,''
good,'G UH D',s,'UH'
you,'Y UW',s,'UW'
not,'N AA T',s,'AA'
of,'AH V',s,''
our,'OW R',s,''
but,'B AH T',s,''
stand,'S T AE N D',s,'AE'
against,'AH G EH N S T',s,''
us,'AH S',s,''
an,'AE N',s,'AE'
enemy,'EH N AH M IY',s,'IY'
the,'DH AH',s,''
is,'IH Z',s,'IH'
and,'AH N D',s,''
well,'W EH L',s,''
we,'W IY',s,'IY'
the,'DH AH',s,''
at,'AE T',s,'AE'
what,'W AH T',s,''
to,'T UW',s,'UW'
when,'ʍ e N',s,''
to,'T UW',s,'UW'
my,'M AY',s,'AY'
and,'AH N D',s,''
my,'M AY',s,'AY'
and,'AH N D',s,''
myself,'M AY S EH L F',s,'AY'
did,'D IH D',s,'IH'
him,'HH IH M',s,'IH'
that,'DH AE T',s,'AE'
he,'HH IY',s,'IY'
wears,'W EH R Z',s,''
and,'AH N D',s,''
when,'ʍ e N',s,''
he,'HH IY',s,'IY'
was,'W AA Z',s,'AA'
not,'N AA T',s,'AA'
sick,'S IH K',s,'IH'
in,'IH N',s,'IH'
the,'DH AH',s,''
regard,'r IH G AA R D',s,'IH AA'
and,'AH N D',s,''
a,'AH',s,''
poor,'P UH R',s,'UH'
outlaw,'ǝ UH T L AO',s,'UH AO'
hme,'OW M',s,''
my,'M AY',s,'AY'
him,'HH IH M',s,'IH'
to,'T UW',s,'UW'
the,'DH AH',s,''
and,'AH N D',s,''
when,'ʍ e N',s,''
he,'HH IY',s,'IY'
him,'HH IH M',s,'IH'
swear,'S W EH R',s,''
and,'AH N D',s,''
vow,'V ǝ UH',s,'UH'
to,'T UW',s,'UW'
god,'G AA D',s,'AA'
he,'HH IY',s,'IY'
but,'B AH T',s,''
to,'T UW',s,'UW'
be,'B IY',s,'IY'
of,'AH V',s,''
lancaster,'L AW NG K AW S T ǝ R',s,''
to,'T UW',s,'UW'
sue,'S UW',s,'UW'
his,'HH IH Z',s,'IH'
livery,'L IH V r ǝ IH',s,'IH IH'
and,'AH N D',s,''
beg,'B EH G',s,''
his,'HH IH Z',s,'IH'
with,'W IH DH',s,'IH'
tears,'T EH R Z',s,''
of,'AH V',s,''
and,'AH N D',s,''
terms,'T ɐ R M Z',s,''
of,'AH V',s,''
zeal,'Z IY L',s,'IY'
my,'M AY',s,'AY'
in,'IH N',s,'IH'
heart,'HH AA R T',s,'AA'
and,'AH N D',s,''
him,'HH IH M',s,'IH'
and,'AH N D',s,''
it,'IH T',s,'IH'
too,'T UW',s,'UW'
when,'ʍ e N',s,''
the,'DH AH',s,''
lords,'L AO R D Z',s,'AO'
and,'AH N D',s,''
barons,'B AE R AH N Z',s,'AE'
of,'AH V',s,''
the,'DH AH',s,''
realm,'R EH L M',s,''
did,'D IH D',s,'IH'
lean,'L IY N',s,'IY'
to,'T UW',s,'UW'
him,'HH IH M',s,'IH'
the,'DH AH',s,''
and,'AH N D',s,''
less,'L EH S',s,''
in,'IH N',s,'IH'
with,'W IH DH',s,'IH'
cap,'K AE P',s,'AE'
and,'AH N D',s,''
met,'M EH T',s,''
him,'HH IH M',s,'IH'
in,'IH N',s,'IH'
cities,'S IH T IY Z',s,'IH IY'
villages,'V IH L AH JH AH Z',s,'IH'
attended,'AH T EH N D AH D',s,''
him,'HH IH M',s,'IH'
on,'AA N',s,'AA'
stood,'S T UH D',s,'UH'
in,'IH N',s,'IH'
laid,'L EH D',s,''
gifts,'G IH F T S',s,'IH'
him,'HH IH M',s,'IH'
him,'HH IH M',s,'IH'
their,'DH EH R',s,''
him,'HH IH M',s,'IH'
their,'DH EH R',s,''
as,'AE Z',s,'AE'
pages,'P EY JH AH Z',s,'EY'
him,'HH IH M',s,'IH'
even,'IY V IH N',s,'IY IH'
at,'AE T',s,'AE'
the,'DH AH',s,''
in,'IH N',s,'IH'
golden,'G OW L D ǝ N',s,''
multitudes,'M AH L T AH T Y UW D Z',s,'UW'
he,'HH IY',s,'IY'
presently,'P R EH Z AH N T L IY',s,'IY'
as,'AE Z',s,'AE'
greatness,'G r e T N ǝ S',s,''
itself,'IH T S EH L F',s,'IH'
steps,'S T EH P S',s,''
me,'M IY',s,'IY'
a,'AH',s,''
than,'DH AE N',s,'AE'
his,'HH IH Z',s,'IH'
vow,'V ǝ UH',s,'UH'
to,'T UW',s,'UW'
my,'M AY',s,'AY'
his,'HH IH Z',s,'IH'
blood,'B L AH D',s,''
was,'W AA Z',s,'AA'
poor,'P UH R',s,'UH'
upon,'AH P AA N',s,'AA'
the,'DH AH',s,''
naked,'N EY K AH D',s,'EY'
at,'AE T',s,'AE'
and,'AH N D',s,''
forsooth,'F ǝ R S UW TH',s,'UW'
on,'AA N',s,'AA'
him,'HH IH M',s,'IH'
to,'T UW',s,'UW'
reform,'r IH F AO R M',s,'IH AO'
certain,'S ɐ R T ǝ N',s,''
edicts,'e D IH K T S',s,'IH'
and,'AH N D',s,''
strait,'S T R EY T',s,'EY'
decrees,'D IH K R IY Z',s,'IH IY'
that,'DH AE T',s,'AE'
too,'T UW',s,'UW'
heavy,'e V ǝ IH',s,'IH'
on,'AA N',s,'AA'
the,'DH AH',s,''
commonwealth,'K AA M AH N W EH L TH',s,'AA'
cries,'K R AY Z',s,'AY'
out,'AW T',s,''
upon,'AH P AA N',s,'AA'
seems,'S IY M Z',s,'IY'
to,'T UW',s,'UW'
weep,'W IY P',s,'IY'
over,'OW V ǝ R',s,''
his,'HH IH Z',s,'IH'
and,'AH N D',s,''
by,'B AY',s,'AY'
this,'DH IH S',s,'IH'
this,'DH IH S',s,'IH'
brow,'B r ə UH',s,'UH'
of,'AH V',s,''
did,'D IH D',s,'IH'
he,'HH IY',s,'IY'
win,'W IH N',s,'IH'
the,'DH AH',s,''
hearts,'HH AA R T S',s,'AA'
of,'AH V',s,''
all,'AA L',s,'AA'
that,'DH AE T',s,'AE'
he,'HH IY',s,'IY'
did,'D IH D',s,'IH'
for,'F AO R',s,'AO'
proceeded,'P R AH S IY D AH D',s,'IY'
me,'M IY',s,'IY'
off,'AO F',s,'AO'
the,'DH AH',s,''
heads,'HH EH D Z',s,''
of,'AH V',s,''
all,'AA L',s,'AA'
the,'DH AH',s,''
that,'DH AE T',s,'AE'
the,'DH AH',s,''
absent,'AE B S AH N T',s,'AE'
in,'IH N',s,'IH'
left,'L EH F T',s,''
behind,'B IH ə IH N D',s,'IH IH'
him,'HH IH M',s,'IH'
when,'ʍ e N',s,''
he,'HH IY',s,'IY'
was,'W AA Z',s,'AA'
in,'IH N',s,'IH'
the,'DH AH',s,''
irish,'AY R IH SH',s,'AY IH'
war,'W AO R',s,'AO'
then,'DH EH N',s,''
to,'T UW',s,'UW'
the,'DH AH',s,''
in,'IH N',s,'IH'
short,'SH AO R T',s,'AO'
after,'AW F T ǝ R',s,''
he,'HH IY',s,'IY'
deposed,'D IH P OW Z IH D',s,'IH IH'
the,'DH AH',s,''
soon,'S UW N',s,'UW'
after,'AW F T ǝ R',s,''
that,'DH AE T',s,'AE'
deprived,'D IH P r ǝ IH V D',s,'IH IH'
him,'HH IH M',s,'IH'
of,'AH V',s,''
his,'HH IH Z',s,'IH'
and,'AH N D',s,''
in,'IH N',s,'IH'
the,'DH AH',s,''
neck,'N EH K',s,''
of,'AH V',s,''
that,'DH AE T',s,'AE'
the,'DH AH',s,''
to,'T UW',s,'UW'
that,'DH AE T',s,'AE'
his,'HH IH Z',s,'IH'
kinsman,'K IH N Z M AE N',s,'IH AE'
who,'HH UW',s,'UW'
is,'IH Z',s,'IH'
if,'IH F',s,'IH'
every,'e V r ǝ IH',s,'IH'
wre,'W ER',s,''
well,'W EH L',s,''
placed,'P L EH S IH D',s,'IH'
indeed,'IH N D IY D',s,'IH IY'
his,'HH IH Z',s,'IH'
to,'T UW',s,'UW'
be,'B IY',s,'IY'
in,'IH N',s,'IH'
ransom,'R AE N S AH M',s,'AE'
to,'T UW',s,'UW'
forfeited,'F AO R F IH T IH D',s,'AO IH IH'
me,'M IY',s,'IY'
in,'IH N',s,'IH'
my,'M AY',s,'AY'
to,'T UW',s,'UW'
entrap,'IH N T R AE P',s,'IH AE'
me,'M IY',s,'IY'
by,'B AY',s,'AY'
rated,'r EH T IH D',s,'IH'
from,'F R AH M',s,''
the,'DH AH',s,''
board,'B AO R D',s,'AO'
in,'IH N',s,'IH'
my,'M AY',s,'AY'
from,'F R AH M',s,''
the,'DH AH',s,''
court,'K AO R T',s,'AO'
oath,'OW TH',s,''
on,'AA N',s,'AA'
oath,'OW TH',s,''
committed,'K AH M IH T AH D',s,'IH'
on,'AA N',s,'AA'
and,'AH N D',s,''
in,'IH N',s,'IH'
conclusion,'K AH N K L UW ZH AH N',s,'UW'
us,'AH S',s,''
to,'T UW',s,'UW'
seek,'S IY K',s,'IY'
out,'AW T',s,''
this,'DH IH S',s,'IH'
of,'AH V',s,''
safety,'S EH F T ǝ IH',s,'IH'
and,'AH N D',s,''
withal,'W IH DH AA L',s,'IH AA'
to,'T UW',s,'UW'
pry,'P R AY',s,'AY'
into,'IH N T UW',s,'IH UW'
his,'HH IH Z',s,'IH'
the,'DH AH',s,''
we,'W IY',s,'IY'
too,'T UW',s,'UW'
for,'F AO R',s,'AO'
not,'N AA T',s,'AA'
so,'S OW',s,''
go,'G OW',s,''
to,'T UW',s,'UW'
the,'DH AH',s,''
and,'AH N D',s,''
let,'L EH T',s,''
be,'B IY',s,'IY'
surety,'SH UW R T ǝ IH',s,'UW IH'
for,'F AO R',s,'AO'
a,'AH',s,''
return,'r IH T ɐ R N',s,'IH'
again,'ǝ ɡ EH N',s,''
and,'AH N D',s,''
in,'IH N',s,'IH'
the,'DH AH',s,''
shall,'SH AE L',s,'AE'
him,'HH IH M',s,'IH'
our,'OW R',s,''
purposes,'P ɐ R P ǝ S IH Z',s,'IH'
and,'AH N D',s,''
so,'S OW',s,''
and,'AH N D',s,''
so,'S OW',s,''
we,'W IY',s,'IY'
shall,'SH AE L',s,'AE'
my,'M AY',s,'AY'
is,'IH Z',s,'IH'
returned,'r IH T ɐ R N IH D',s,'IH IH'
deliver,'D IH L IH V ǝ R',s,'IH IH'
up,'AH P',s,''
my,'M AY',s,'AY'
lord,'L AO R D',s,'AO'
of,'AH V',s,''
westmoreland,'W e S T M ǝ R ˌ L AW N D',s,''
what,'W AH T',s,''
lord,'L AO R D',s,'AO'
douglas,'D AH G L AH S',s,''
go,'G OW',s,''
you,'Y UW',s,'UW'
and,'AH N D',s,''
tell,'T EH L',s,''
him,'HH IH M',s,'IH'
so,'S OW',s,''
did,'D IH D',s,'IH'
you,'Y UW',s,'UW'
beg,'B EH G',s,''
god,'G AA D',s,'AA'
forbid,'F ǝ R B IH D',s,'IH'
o,'OW',s,''
the,'DH AH',s,''
upon,'AH P AA N',s,'AA'
our,'OW R',s,''
heads,'HH EH D Z',s,''
and,'AH N D',s,''
that,'DH AE T',s,'AE'
no,'N OW',s,''
man,'M AE N',s,'AE'
short,'SH AO R T',s,'AO'
breath,'B R EH TH',s,''
but,'B AH T',s,''
i,'AY',s,'AY'
and,'AH N D',s,''
monmouth,'M ɒ N M ǝ TH',s,''
tell,'T EH L',s,''
me,'M IY',s,'IY'
tell,'T EH L',s,''
me,'M IY',s,'IY'
his,'HH IH Z',s,'IH'
it,'IH T',s,'IH'
in,'IH N',s,'IH'
cousin,'K AH Z AH N',s,''
i,'AY',s,'AY'
think,'TH IH NG K',s,'IH'
thou,'DH AW',s,''
art,'AA R T',s,'AA'
on,'AA N',s,'AA'
his,'HH IH Z',s,'IH'
never,'N e V ǝ R',s,''
did,'D IH D',s,'IH'
i,'AY',s,'AY'
of,'AH V',s,''
so,'S OW',s,''
a,'AH',s,''
but,'B AH T',s,''
be,'B IY',s,'IY'
he,'HH IY',s,'IY'
as,'AE Z',s,'AE'
he,'HH IY',s,'IY'
will,'W IH L',s,'IH'
yet,'Y EH T',s,''
i,'AY',s,'AY'
will,'W IH L',s,'IH'
him,'HH IH M',s,'IH'
with,'W IH DH',s,'IH'
a,'AH',s,''
arm,'AA R M',s,'AA'
that,'DH AE T',s,'AE'
he,'HH IY',s,'IY'
shall,'SH AE L',s,'AE'
under,'ɤ N D ǝ R',s,''
my,'M AY',s,'AY'
arm,'AA R M',s,'AA'
arm,'AA R M',s,'AA'
with,'W IH DH',s,'IH'
speed,'S P IY D',s,'IY'
and,'AH N D',s,''
friends,'F R EH N D Z',s,''
better,'B e T ə R',s,''
what,'W AH T',s,''
you,'Y UW',s,'UW'
to,'T UW',s,'UW'
do,'D OW',s,''
than,'DH AE N',s,'AE'
i,'AY',s,'AY'
that,'DH AE T',s,'AE'
not,'N AA T',s,'AA'
well,'W EH L',s,''
the,'DH AH',s,''
gift,'G IH F T',s,'IH'
of,'AH V',s,''
can,'K AE N',s,'AE'
lift,'L IH F T',s,'IH'
your,'Y AO R',s,'AO'
blood,'B L AH D',s,''
up,'AH P',s,''
with,'W IH DH',s,'IH'
persuasion,'P ER S W EY ZH AH N',s,'EY'
i,'AY',s,'AY'
cannot,'K AE N AA T',s,'AE AA'
read,'r e D',s,''
them,'DH EH M',s,''
o,'OW',s,''
gentlemen,'JH EH N T AH L M IH N',s,'IH'
the,'DH AH',s,''
of,'AH V',s,''
is,'IH Z',s,'IH'
short,'SH AO R T',s,'AO'
to,'T UW',s,'UW'
spend,'S P EH N D',s,''
that,'DH AE T',s,'AE'
shortness,'SH AO R T N ǝ S',s,'AO'
wre,'W ER',s,''
too,'T UW',s,'UW'
if,'IH F',s,'IH'
did,'D IH D',s,'IH'
upon,'AH P AA N',s,'AA'
a,'AH',s,''
dial's,'D AY AH L Z',s,'AY'
still,'S T IH L',s,'IH'
at,'AE T',s,'AE'
the,'DH AH',s,''
of,'AH V',s,''
an,'AE N',s,'AE'
an,'AE N',s,'AE'
if,'IH F',s,'IH'
we,'W IY',s,'IY'
we,'W IY',s,'IY'
to,'T UW',s,'UW'
tread,'T R EH D',s,''
on,'AA N',s,'AA'
if,'IH F',s,'IH'
death,'D EH TH',s,''
when,'ʍ e N',s,''
princes,'P R IH N S AH Z',s,'IH'
with,'W IH DH',s,'IH'
us,'AH S',s,''
for,'F AO R',s,'AO'
our,'OW R',s,''
the,'DH AH',s,''
arms,'AA R M Z',s,'AA'
fair,'F EH R',s,''
when,'ʍ e N',s,''
the,'DH AH',s,''
intent,'IH N T EH N T',s,'IH'
of,'AH V',s,''
them,'DH EH M',s,''
is,'IH Z',s,'IH'
i,'AY',s,'AY'
thank,'TH AE NG K',s,'AE'
him,'HH IH M',s,'IH'
that,'DH AE T',s,'AE'
he,'HH IY',s,'IY'
cuts,'K ɤ T S',s,''
me,'M IY',s,'IY'
from,'F R AH M',s,''
my,'M AY',s,'AY'
for,'F AO R',s,'AO'
i,'AY',s,'AY'
profess,'P R AH F EH S',s,''
not,'N AA T',s,'AA'
only,'OW N L IY',s,'IY'
this,'DH IH S',s,'IH'
let,'L EH T',s,''
each,'IY CH',s,'IY'
man,'M AE N',s,'AE'
do,'D OW',s,''
his,'HH IH Z',s,'IH'
best,'B EH S T',s,''
and,'AH N D',s,''
i,'AY',s,'AY'
a,'AH',s,''
i,'AY',s,'AY'
intend,'IH N T EH N D',s,'IH'
to,'T UW',s,'UW'
stain,'S T EH N',s,''
with,'W IH DH',s,'IH'
the,'DH AH',s,''
best,'B EH S T',s,''
blood,'B L AH D',s,''
that,'DH AE T',s,'AE'
i,'AY',s,'AY'
can,'K AE N',s,'AE'
meet,'M IY T',s,'IY'
withal,'W IH DH AA L',s,'IH AA'
in,'IH N',s,'IH'
the,'DH AH',s,''
adventre,'ǝ V e N T ǝ R',s,''
of,'AH V',s,''
this,'DH IH S',s,'IH'
and,'AH N D',s,''
set,'S EH T',s,''
on,'AA N',s,'AA'
all,'AA L',s,'AA'
the,'DH AH',s,''
of,'AH V',s,''
war,'W AO R',s,'AO'
and,'AH N D',s,''
by,'B AY',s,'AY'
that,'DH AE T',s,'AE'
let,'L EH T',s,''
us,'AH S',s,''
all,'AA L',s,'AA'
for,'F AO R',s,'AO'
heaven,'HH EH V AH N',s,''
to,'T UW',s,'UW'
of,'AH V',s,''
us,'AH S',s,''
never,'N e V ǝ R',s,''
shall,'SH AE L',s,'AE'
a,'AH',s,''
second,'S EH K AH N D',s,''
do,'D OW',s,''
a,'AH',s,''
o,'OW',s,''
douglas,'D AH G L AH S',s,''
thou,'DH AW',s,''
at,'AE T',s,'AE'
thus,'DH ɤ S',s,''
i,'AY',s,'AY'
never,'N e V ǝ R',s,''
had,'HH AE D',s,'AE'
upon,'AH P AA N',s,'AA'
a,'AH',s,''
this,'DH IH S',s,'IH'
douglas,'D AH G L AH S',s,''
no,'N OW',s,''
i,'AY',s,'AY'
this,'DH IH S',s,'IH'
full,'F UH L',s,'UH'
well,'W EH L',s,''
a,'AH',s,''
gallant,'G AE L AH N T',s,'AE'
he,'HH IY',s,'IY'
was,'W AA Z',s,'AA'
his,'HH IH Z',s,'IH'
was,'W AA Z',s,'AA'
blunt,'B L ɤ N T',s,''
the,'DH AH',s,''
himself,'HH IH M S EH L F',s,'IH'
the,'DH AH',s,''
hath,'HH AE TH',s,'AE'
in,'IH N',s,'IH'
his,'HH IH Z',s,'IH'
coats,'K OW T S',s,''
up,'AH P',s,''
and,'AH N D',s,''
our,'OW R',s,''
stand,'S T AE N D',s,'AE'
full,'F UH L',s,'UH'
fairly,'F EH R L IY',s,'IY'
for,'F AO R',s,'AO'
the,'DH AH',s,''
if,'IH F',s,'IH'
i,'AY',s,'AY'
not,'N AA T',s,'AA'
thou,'DH AW',s,''
art,'AA R T',s,'AA'
monmouth,'M ɒ N M ǝ TH',s,''
my,'M AY',s,'AY'
is,'IH Z',s,'IH'
nor,'N AO R',s,'AO'
shall,'SH AE L',s,'AE'
it,'IH T',s,'IH'
for,'F AO R',s,'AO'
the,'DH AH',s,''
is,'IH Z',s,'IH'
to,'T UW',s,'UW'
end,'EH N D',s,''
the,'DH AH',s,''
of,'AH V',s,''
us,'AH S',s,''
and,'AH N D',s,''
to,'T UW',s,'UW'
god,'G AA D',s,'AA'
in,'IH N',s,'IH'
arms,'AA R M Z',s,'AA'
wre,'W ER',s,''
as,'AE Z',s,'AE'
great,'G r e T',s,''
as,'AE Z',s,'AE'
i,'AY',s,'AY'
can,'K AE N',s,'AE'
no,'N OW',s,''
longer,'L ɒ NG G ǝ R',s,''
brook,'B R UH K',s,'UH'
vanities,'V AE N AH T IY Z',s,'AE IY'
o,'OW',s,''
thou,'DH AW',s,''
hast,'HH AE S T',s,'AE'
me,'M IY',s,'IY'
of,'AH V',s,''
my,'M AY',s,'AY'
youth,'Y UW TH',s,'UW'
i,'AY',s,'AY'
better,'B e T ə R',s,''
brook,'B R UH K',s,'UH'
the,'DH AH',s,''
loss,'L AO S',s,'AO'
of,'AH V',s,''
than,'DH AE N',s,'AE'
titles,'T AY T AH L Z',s,'AY'
thou,'DH AW',s,''
hast,'HH AE S T',s,'AE'
won,'W ɤ N',s,''
of,'AH V',s,''
me,'M IY',s,'IY'
my,'M AY',s,'AY'
than,'DH AE N',s,'AE'
my,'M AY',s,'AY'
flesh,'F L EH SH',s,''
but,'B AH T',s,''
the,'DH AH',s,''
of,'AH V',s,''
and,'AH N D',s,''
fool,'F UH L',s,'UH'
and,'AH N D',s,''
that,'DH AE T',s,'AE'
of,'AH V',s,''
all,'AA L',s,'AA'
the,'DH AH',s,''
must,'M AH S T',s,''
a,'AH',s,''
stop,'S T AA P',s,'AA'
o,'OW',s,''
i,'AY',s,'AY'
but,'B AH T',s,''
that,'DH AE T',s,'AE'
the,'DH AH',s,''
and,'AH N D',s,''
cold,'K OW L D',s,''
of,'AH V',s,''
death,'D EH TH',s,''
on,'AA N',s,'AA'
my,'M AY',s,'AY'
no,'N OW',s,''
thou,'DH AW',s,''
art,'AA R T',s,'AA'
dust,'D AH S T',s,''
and,'AH N D',s,''
food,'F UW D',s,'UW'
for,'F AO R',s,'AO'
