and,'AH N D',s,''
fair,'F EH R',s,''
from,'F R AH M',s,''
our,'OW R',s,''
the,'DH AH',s,''
lord,'L AO R D',s,'AO'
and,'AH N D',s,''
of,'AH V',s,''
lancaster,'L AW NG K AW S T ǝ R',s,''
then,'DH EH N',s,''
my,'M AY',s,'AY'
lord,'L AO R D',s,'AO'
unto,'AH N T UW',s,'UW'
your,'Y AO R',s,'AO'
do,'D OW',s,''
i,'AY',s,'AY'
in,'IH N',s,'IH'
chief,'CH IY F',s,'IY'
the,'DH AH',s,''
of,'AH V',s,''
my,'M AY',s,'AY'
speech,'S P IY CH',s,'IY'
if,'IH F',s,'IH'
that,'DH AE T',s,'AE'
itself,'IH T S EH L F',s,'IH'
in,'IH N',s,'IH'
and,'AH N D',s,''
led,'L EH D',s,''
on,'AA N',s,'AA'
by,'B AY',s,'AY'
bloody,'B L AH D IY',s,'IY'
youth,'Y UW TH',s,'UW'
guarded,'G AA R D AH D',s,'AA'
with,'W IH DH',s,'IH'
and,'AH N D',s,''
by,'B AY',s,'AY'
and,'AH N D',s,''
i,'AY',s,'AY'
if,'IH F',s,'IH'
so,'S OW',s,''
in,'IH N',s,'IH'
his,'HH IH Z',s,'IH'
true,'T R UW',s,'UW'
and,'AH N D',s,''
most,'M OW S T',s,''
you,'Y UW',s,'UW'
and,'AH N D',s,''
lords,'L AO R D Z',s,'AO'
had,'HH AE D',s,'AE'
not,'N AA T',s,'AA'
been,'B IH N',s,'IH'
to,'T UW',s,'UW'
dress,'D R EH S',s,''
the,'DH AH',s,''
form,'F AO R M',s,'AO'
of,'AH V',s,''
and,'AH N D',s,''
bloody,'B L AH D IY',s,'IY'
with,'W IH DH',s,'IH'
your,'Y AO R',s,'AO'
fair,'F EH R',s,''
you,'Y UW',s,'UW'
lord,'L AO R D',s,'AO'
see,'S IY',s,'IY'
is,'IH Z',s,'IH'
by,'B AY',s,'AY'
a,'AH',s,''
civil,'S IH V AH L',s,'IH'
beard,'B EH R D',s,''
the,'DH AH',s,''
of,'AH V',s,''
hath,'HH AE TH',s,'AE'
and,'AH N D',s,''
good,'G UH D',s,'UH'
hath,'HH AE TH',s,'AE'
tutored,'T Y UW T ǝ R D',s,'UW'
investments,'IH N V EH S T M AH N T S',s,'IH'
the,'DH AH',s,''
and,'AH N D',s,''
very,'V EH R IY',s,'IY'
spirit,'S P IH R AH T',s,'IH'
of,'AH V',s,''
do,'D OW',s,''
you,'Y UW',s,'UW'
so,'S OW',s,''
ill,'IH L',s,'IH'
out,'AW T',s,''
of,'AH V',s,''
the,'DH AH',s,''
speech,'S P IY CH',s,'IY'
of,'AH V',s,''
that,'DH AE T',s,'AE'
bears,'B EH R Z',s,''
into,'IH N T UW',s,'IH UW'
the,'DH AH',s,''
and,'AH N D',s,''
of,'AH V',s,''
war,'W AO R',s,'AO'
your,'Y AO R',s,'AO'
books,'B UH K S',s,'UH'
to,'T UW',s,'UW'
your,'Y AO R',s,'AO'
ink,'IH NG K',s,'IH'
to,'T UW',s,'UW'
blood,'B L AH D',s,''
your,'Y AO R',s,'AO'
pens,'P EH N Z',s,''
to,'T UW',s,'UW'
and,'AH N D',s,''
your,'Y AO R',s,'AO'
to,'T UW',s,'UW'
a,'AH',s,''
trumpet,'T R AH M P AH T',s,''
and,'AH N D',s,''
a,'AH',s,''
of,'AH V',s,''
war,'W AO R',s,'AO'
yet,'Y EH T',s,''
was,'W AA Z',s,'AA'
your,'Y AO R',s,'AO'
appeal,'ǝ P IY L',s,'IY'
wherein,'ʍ EH R IH N',s,'IH'
you,'Y UW',s,'UW'
been,'B IH N',s,'IH'
by,'B AY',s,'AY'
the,'DH AH',s,''
what,'W AH T',s,''
peer,'P IY R',s,'IY'
hath,'HH AE TH',s,'AE'
been,'B IH N',s,'IH'
to,'T UW',s,'UW'
on,'AA N',s,'AA'
you,'Y UW',s,'UW'
that,'DH AE T',s,'AE'
you,'Y UW',s,'UW'
seal,'S IY L',s,'IY'
this,'DH IH S',s,'IH'
bloody,'B L AH D IY',s,'IY'
book,'B UH K',s,'UH'
of,'AH V',s,''
with,'W IH DH',s,'IH'
a,'AH',s,''
seal,'S IY L',s,'IY'
and,'AH N D',s,''
ege,'EH JH',s,''
is,'IH Z',s,'IH'
no,'N OW',s,''
need,'N IY D',s,'IY'
of,'AH V',s,''
redress,'R IH D R EH S',s,'IH'
or,'AO R',s,'AO'
if,'IH F',s,'IH'
wre,'W ER',s,''
it,'IH T',s,'IH'
not,'N AA T',s,'AA'
to,'T UW',s,'UW'
you,'Y UW',s,'UW'
o,'OW',s,''
my,'M AY',s,'AY'
good,'G UH D',s,'UH'
lord,'L AO R D',s,'AO'
construe,'K AH N S T R UW',s,'UW'
the,'DH AH',s,''
to,'T UW',s,'UW'
their,'DH EH R',s,''
necessities,'N AH S EH S IH T IY Z',s,'IH IY'
and,'AH N D',s,''
you,'Y UW',s,'UW'
shall,'SH AE L',s,'AE'
indeed,'IH N D IY D',s,'IH IY'
it,'IH T',s,'IH'
is,'IH Z',s,'IH'
the,'DH AH',s,''
and,'AH N D',s,''
not,'N AA T',s,'AA'
the,'DH AH',s,''
that,'DH AE T',s,'AE'
doth,'D AO TH',s,'AO'
you,'Y UW',s,'UW'
yet,'Y EH T',s,''
for,'F AO R',s,'AO'
your,'Y AO R',s,'AO'
part,'P AA R T',s,'AA'
it,'IH T',s,'IH'
not,'N AA T',s,'AA'
appears,'ǝ P IY R Z',s,'IY'
to,'T UW',s,'UW'
me,'M IY',s,'IY'
either,'EH DH ǝ R',s,''
from,'F R AH M',s,''
the,'DH AH',s,''
or,'AO R',s,'AO'
in,'IH N',s,'IH'
the,'DH AH',s,''
present,'P r IH Z e N T',s,'IH'
that,'DH AE T',s,'AE'
you,'Y UW',s,'UW'
an,'AE N',s,'AE'
inch,'IH N CH',s,'IH'
of,'AH V',s,''
to,'T UW',s,'UW'
build,'B IH L D',s,'IH'
a,'AH',s,''
grief,'G R IY F',s,'IY'
on,'AA N',s,'AA'
wre,'W ER',s,''
you,'Y UW',s,'UW'
not,'N AA T',s,'AA'
restored,'r IH S T AO r IH D',s,'IH AO IH'
to,'T UW',s,'UW'
all,'AA L',s,'AA'
the,'DH AH',s,''
of,'AH V',s,''
your,'Y AO R',s,'AO'
and,'AH N D',s,''
well,'W EH L',s,''
you,'Y UW',s,'UW'
speak,'S P IY K',s,'IY'
lord,'L AO R D',s,'AO'
you,'Y UW',s,'UW'
not,'N AA T',s,'AA'
what,'W AH T',s,''
the,'DH AH',s,''
of,'AH V',s,''
was,'W AA Z',s,'AA'
then,'DH EH N',s,''
in,'IH N',s,'IH'
england,'IH NG G L AH N D',s,'IH'
the,'DH AH',s,''
most,'M OW S T',s,''
gentleman,'JH EH N T AH L M AH N',s,''
who,'HH UW',s,'UW'
on,'AA N',s,'AA'
whom,'HH UW M',s,'UW'
then,'DH EH N',s,''
smiled,'S M ǝ IH L D',s,'IH'
but,'B AH T',s,''
if,'IH F',s,'IH'
your,'Y AO R',s,'AO'
had,'HH AE D',s,'AE'
been,'B IH N',s,'IH'
he,'HH IY',s,'IY'
had,'HH AE D',s,'AE'
it,'IH T',s,'IH'
out,'AW T',s,''
of,'AH V',s,''
coventry,'K AH V AH N T R IY',s,'IY'
for,'F AO R',s,'AO'
all,'AA L',s,'AA'
the,'DH AH',s,''
country,'K AH N T R IY',s,'IY'
in,'IH N',s,'IH'
a,'AH',s,''
upon,'AH P AA N',s,'AA'
him,'HH IH M',s,'IH'
and,'AH N D',s,''
all,'AA L',s,'AA'
their,'DH EH R',s,''
and,'AH N D',s,''
wre,'W ER',s,''
set,'S EH T',s,''
on,'AA N',s,'AA'
whom,'HH UW M',s,'UW'
on,'AA N',s,'AA'
and,'AH N D',s,''
blessed,'B L e S IH D',s,'IH'
and,'AH N D',s,''
indeed,'IH N D IY D',s,'IH IY'
than,'DH AE N',s,'AE'
the,'DH AH',s,''
but,'B AH T',s,''
this,'DH IH S',s,'IH'
is,'IH Z',s,'IH'
from,'F R AH M',s,''
my,'M AY',s,'AY'
i,'AY',s,'AY'
from,'F R AH M',s,''
our,'OW R',s,''
princely,'P r IH N S L ǝ IH',s,'IH IH'
to,'T UW',s,'UW'
your,'Y AO R',s,'AO'
to,'T UW',s,'UW'
tell,'T EH L',s,''
you,'Y UW',s,'UW'
from,'F R AH M',s,''
his,'HH IH Z',s,'IH'
that,'DH AE T',s,'AE'
he,'HH IY',s,'IY'
will,'W IH L',s,'IH'
you,'Y UW',s,'UW'
and,'AH N D',s,''
wherein,'ʍ EH R IH N',s,'IH'
it,'IH T',s,'IH'
shall,'SH AE L',s,'AE'
appear,'ǝ P IY R',s,'IY'
that,'DH AE T',s,'AE'
your,'Y AO R',s,'AO'
demands,'D IH M AW N D Z',s,'IH'
you,'Y UW',s,'UW'
shall,'SH AE L',s,'AE'
them,'DH EH M',s,''
everything,'e V r ǝ IH ˌ TH IH NG',s,'IH IH'
set,'S EH T',s,''
off,'AO F',s,'AO'
that,'DH AE T',s,'AE'
so,'S OW',s,''
as,'AE Z',s,'AE'
think,'TH IH NG K',s,'IH'
you,'Y UW',s,'UW'
enemies,'EH N AH M IY Z',s,'IY'
you,'Y UW',s,'UW'
overween,'OW V ǝ R W IY N',s,'IY'
to,'T UW',s,'UW'
it,'IH T',s,'IH'
so,'S OW',s,''
this,'DH IH S',s,'IH'
offer,'ɒ F ǝ R',s,''
from,'F R AH M',s,''
not,'N AA T',s,'AA'
from,'F R AH M',s,''
fear,'F IY R',s,'IY'
for,'F AO R',s,'AO'
lo,'L OW',s,''
within,'W IH DH IH N',s,'IH IH'
a,'AH',s,''
ken,'K EH N',s,''
our,'OW R',s,''
upon,'AH P AA N',s,'AA'
all,'AA L',s,'AA'
too,'T UW',s,'UW'
confident,'K AA N F AH D AH N T',s,'AA'
to,'T UW',s,'UW'
to,'T UW',s,'UW'
a,'AH',s,''
of,'AH V',s,''
fear,'F IY R',s,'IY'
our,'OW R',s,''
is,'IH Z',s,'IH'
full,'F UH L',s,'UH'
of,'AH V',s,''
than,'DH AE N',s,'AE'
yours,'Y UH R Z',s,'UH'
our,'OW R',s,''
men,'M EH N',s,''
in,'IH N',s,'IH'
the,'DH AH',s,''
of,'AH V',s,''
arms,'AA R M Z',s,'AA'
our,'OW R',s,''
all,'AA L',s,'AA'
as,'AE Z',s,'AE'
our,'OW R',s,''
the,'DH AH',s,''
best,'B EH S T',s,''
then,'DH EH N',s,''
reason,'r EH Z ǝ N',s,''
will,'W IH L',s,'IH'
our,'OW R',s,''
hearts,'HH AA R T S',s,'AA'
be,'B IY',s,'IY'
as,'AE Z',s,'AE'
good,'G UH D',s,'UH'
you,'Y UW',s,'UW'
not,'N AA T',s,'AA'
then,'DH EH N',s,''
our,'OW R',s,''
offer,'ɒ F ǝ R',s,''
is,'IH Z',s,'IH'
that,'DH AE T',s,'AE'
but,'B AH T',s,''
the,'DH AH',s,''
of,'AH V',s,''
your,'Y AO R',s,'AO'
a,'AH',s,''
rotten,'R AA T AH N',s,'AA'
no,'N OW',s,''
that,'DH AE T',s,'AE'
is,'IH Z',s,'IH'
intended,'IH N T EH N D AH D',s,'IH'
in,'IH N',s,'IH'
the,'DH AH',s,''
i,'AY',s,'AY'
you,'Y UW',s,'UW'
so,'S OW',s,''
a,'AH',s,''
this,'DH IH S',s,'IH'
will,'W IH L',s,'IH'
i,'AY',s,'AY'
the,'DH AH',s,''
you,'Y UW',s,'UW'
lords,'L AO R D Z',s,'AO'
in,'IH N',s,'IH'
of,'AH V',s,''
both,'B OW TH',s,''
our,'OW R',s,''
we,'W IY',s,'IY'
meet,'M IY T',s,'IY'
and,'AH N D',s,''
either,'EH DH ǝ R',s,''
end,'EH N D',s,''
in,'IH N',s,'IH'
god,'G AA D',s,'AA'
so,'S OW',s,''
or,'AO R',s,'AO'
to,'T UW',s,'UW'
the,'DH AH',s,''
of,'AH V',s,''
call,'K AO L',s,'AO'
the,'DH AH',s,''
must,'M AH S T',s,''
it,'IH T',s,'IH'
the,'DH AH',s,''
is,'IH Z',s,'IH'
at,'AE T',s,'AE'
your,'Y AO R',s,'AO'
to,'T UW',s,'UW'
meet,'M IY T',s,'IY'
his,'HH IH Z',s,'IH'
our,'OW R',s,''
your,'Y AO R',s,'AO'
to,'T UW',s,'UW'
them,'DH EH M',s,''
far,'F AA R',s,'AA'
forth,'F AO R TH',s,'AO'
you,'Y UW',s,'UW'
do,'D OW',s,''
their,'DH EH R',s,''
articles,'AA R T IH K ǝ L Z',s,'AA IH'
i,'AY',s,'AY'
plege,'P L EH JH',s,''
your,'Y AO R',s,'AO'
and,'AH N D',s,''
if,'IH F',s,'IH'
you,'Y UW',s,'UW'
what,'W AH T',s,''
pains,'P EH N Z',s,''
i,'AY',s,'AY'
to,'T UW',s,'UW'
breed,'B R IY D',s,'IY'
this,'DH IH S',s,'IH'
present,'P r IH Z e N T',s,'IH'
you,'Y UW',s,'UW'
drink,'D R IH NG K',s,'IH'
freely,'F R IY L IY',s,'IY IY'
but,'B AH T',s,''
my,'M AY',s,'AY'
to,'T UW',s,'UW'
you,'Y UW',s,'UW'
shall,'SH AE L',s,'AE'
itself,'IH T S EH L F',s,'IH'
i,'AY',s,'AY'
am,'AE M',s,'AE'
glad,'G L AE D',s,'AE'
of,'AH V',s,''
it,'IH T',s,'IH'
to,'T UW',s,'UW'
my,'M AY',s,'AY'
lord,'L AO R D',s,'AO'
and,'AH N D',s,''
cousin,'K AH Z AH N',s,''
therefre,'DH EH R F AO R',s,'AO'
be,'B IY',s,'IY'
merrry,'M e r ǝ IH',s,'IH'
coz,'K AA Z',s,'AA'
sudden,'S AH D AH N',s,''
to,'T UW',s,'UW'
thus,'DH ɤ S',s,''
good,'G UH D',s,'UH'
the,'DH AH',s,''
leaders,'L IY D ǝ R Z',s,'IY'
from,'F R AH M',s,''
you,'Y UW',s,'UW'
to,'T UW',s,'UW'
stand,'S T AE N D',s,'AE'
will,'W IH L',s,'IH'
not,'N AA T',s,'AA'
go,'G OW',s,''
off,'AO F',s,'AO'
until,'AH N T IH L',s,'IH'
you,'Y UW',s,'UW'
speak,'S P IY K',s,'IY'
good,'G UH D',s,'UH'
tidings,'T ǝ IH D IH N Z',s,'IH IH'
my,'M AY',s,'AY'
lord,'L AO R D',s,'AO'
for,'F AO R',s,'AO'
the,'DH AH',s,''
i,'AY',s,'AY'
do,'D OW',s,''
thee,'DH IY',s,'IY'
of,'AH V',s,''
treason,'T R IY Z AH N',s,'IY'
and,'AH N D',s,''
you,'Y UW',s,'UW'
lord,'L AO R D',s,'AO'
and,'AH N D',s,''
you,'Y UW',s,'UW'
lord,'L AO R D',s,'AO'
of,'AH V',s,''
capital,'K AE P AH T AH L',s,'AE'
treason,'T R IY Z AH N',s,'IY'
i,'AY',s,'AY'
attach,'AH T AE CH',s,'AE'
you,'Y UW',s,'UW'
both,'B OW TH',s,''
is,'IH Z',s,'IH'
your,'Y AO R',s,'AO'
so,'S OW',s,''
retreat,'r IH T r EH T',s,'IH'
is,'IH Z',s,'IH'
and,'AH N D',s,''
to,'T UW',s,'UW'
my,'M AY',s,'AY'
and,'AH N D',s,''
happiness,'HH AE P IY N AH S',s,'AE IY'
added,'AE D AH D',s,'AE'
to,'T UW',s,'UW'
that,'DH AE T',s,'AE'
that,'DH AE T',s,'AE'
i,'AY',s,'AY'
am,'AE M',s,'AE'
to,'T UW',s,'UW'
deliver,'D IH L IH V ǝ R',s,'IH IH'
your,'Y AO R',s,'AO'
son,'S AO ̃',s,'AO'
doth,'D AO TH',s,'AO'
kiss,'K IH S',s,'IH'
your,'Y AO R',s,'AO'
the,'DH AH',s,''
bishop,'B IH SH AH P',s,'IH'
and,'AH N D',s,''
all,'AA L',s,'AA'
to,'T UW',s,'UW'
the,'DH AH',s,''
of,'AH V',s,''
your,'Y AO R',s,'AO'
is,'IH Z',s,'IH'
not,'N AA T',s,'AA'
a,'AH',s,''
but,'B AH T',s,''
puts,'P UH T S',s,'UH'
forth,'F AO R TH',s,'AO'
everywhre,'EH V R IY W EH R',s,'IY'
the,'DH AH',s,''
this,'DH IH S',s,'IH'
action,'AE K SH AH N',s,'AE'
hath,'HH AE TH',s,'AE'
been,'B IH N',s,'IH'
at,'AE T',s,'AE'
your,'Y AO R',s,'AO'
read,'r e D',s,''
with,'W IH DH',s,'IH'
every,'e V r ǝ IH',s,'IH'
in,'IH N',s,'IH'
his,'HH IH Z',s,'IH'
my,'M AY',s,'AY'
lord,'L AO R D',s,'AO'
up,'AH P',s,''
look,'L UH K',s,'UH'
up,'AH P',s,''
