lord,'L AO R D',s,'AO'
of,'AH V',s,''
is,'IH Z',s,'IH'
either,'EH DH ǝ R',s,''
slain,'S L EH N',s,''
or,'AO R',s,'AO'
i,'AY',s,'AY'
cleft,'K L EH F T',s,''
his,'HH IH Z',s,'IH'
beaver,'B IY V ə R',s,'IY'
with,'W IH DH',s,'IH'
a,'AH',s,''
that,'DH AE T',s,'AE'
this,'DH IH S',s,'IH'
is,'IH Z',s,'IH'
true,'T R UW',s,'UW'
behold,'B IH HH OW L D',s,'IH'
his,'HH IH Z',s,'IH'
blood,'B L AH D',s,''
sweet,'S W IY T',s,'IY'
do,'D OW',s,''
so,'S OW',s,''
set,'S EH T',s,''
it,'IH T',s,'IH'
on,'AA N',s,'AA'
your,'Y AO R',s,'AO'
no,'N OW',s,''
i,'AY',s,'AY'
can,'K AE N',s,'AE'
better,'B e T ə R',s,''
the,'DH AH',s,''
no,'N OW',s,''
but,'B AH T',s,''
a,'AH',s,''
you,'Y UW',s,'UW'
therefre,'DH EH R F AO R',s,'AO'
it,'IH T',s,'IH'
by,'B AY',s,'AY'
the,'DH AH',s,''
of,'AH V',s,''
lancaster,'L AW NG K AW S T ǝ R',s,''
to,'T UW',s,'UW'
it,'IH T',s,'IH'
will,'W IH L',s,'IH'
you,'Y UW',s,'UW'
in,'IH N',s,'IH'
the,'DH AH',s,''
end,'EH N D',s,''
but,'B AH T',s,''
for,'F AO R',s,'AO'
a,'AH',s,''
oath,'OW TH',s,''
be,'B IY',s,'IY'
broken,'B R OW K AH N',s,''
i,'AY',s,'AY'
break,'B R EY K',s,'EY'
a,'AH',s,''
to,'T UW',s,'UW'
year,'Y IH R',s,'IH'
i,'AY',s,'AY'
their,'DH EH R',s,''
drums,'D R AH M Z',s,''
set,'S EH T',s,''
our,'OW R',s,''
men,'M EH N',s,''
in,'IH N',s,'IH'
order,'AO R D ǝ R',s,'AO'
and,'AH N D',s,''
forth,'F AO R TH',s,'AO'
and,'AH N D',s,''
bid,'B IH D',s,'IH'
them,'DH EH M',s,''
i,'AY',s,'AY'
wonder,'W ɤ N D ǝ R',s,''
our,'OW R',s,''
princely,'P r IH N S L ǝ IH',s,'IH IH'
or,'AO R',s,'AO'
he,'HH IY',s,'IY'
be,'B IY',s,'IY'
or,'AO R',s,'AO'
no,'N OW',s,''
from,'F R AH M',s,''
and,'AH N D',s,''
had,'HH AE D',s,'AE'
he,'HH IY',s,'IY'
been,'B IH N',s,'IH'
we,'W IY',s,'IY'
the,'DH AH',s,''
had,'HH AE D',s,'AE'
he,'HH IY',s,'IY'
been,'B IH N',s,'IH'
slain,'S L EH N',s,''
we,'W IY',s,'IY'
the,'DH AH',s,''
or,'AO R',s,'AO'
had,'HH AE D',s,'AE'
he,'HH IY',s,'IY'
methinks,'M IH TH IH NG K S',s,'IH IH'
we,'W IY',s,'IY'
the,'DH AH',s,''
tidings,'T ǝ IH D IH N Z',s,'IH IH'
of,'AH V',s,''
his,'HH IH Z',s,'IH'
good,'G UH D',s,'UH'
my,'M AY',s,'AY'
whhy,'ʍ ǝ IH',s,'IH'
is,'IH Z',s,'IH'
he,'HH IY',s,'IY'
so,'S OW',s,''
sad,'S AE D',s,'AE'
or,'AO R',s,'AO'
do,'D OW',s,''
i,'AY',s,'AY'
see,'S IY',s,'IY'
suns,'S AH N Z',s,''
wondrous,'W AH N D R AH S',s,''
the,'DH AH',s,''
yet,'Y EH T',s,''
never,'N e V ǝ R',s,''
of,'AH V',s,''
i,'AY',s,'AY'
think,'TH IH NG K',s,'IH'
it,'IH T',s,'IH'
us,'AH S',s,''
to,'T UW',s,'UW'
the,'DH AH',s,''
field,'F IY L D',s,'IY'
that,'DH AE T',s,'AE'
we,'W IY',s,'IY'
the,'DH AH',s,''
sons,'S AH N Z',s,''
of,'AH V',s,''
each,'IY CH',s,'IY'
by,'B AY',s,'AY'
our,'OW R',s,''
join,'JH OY N',s,''
our,'OW R',s,''
and,'AH N D',s,''
the,'DH AH',s,''
as,'AE Z',s,'AE'
this,'DH IH S',s,'IH'
the,'DH AH',s,''
it,'IH T',s,'IH'
will,'W IH L',s,'IH'
i,'AY',s,'AY'
bear,'B EH R',s,''
upon,'AH P AA N',s,'AA'
my,'M AY',s,'AY'
target,'T AA R G AH T',s,'AA'
fair,'F EH R',s,''
shining,'SH ǝ IH N IH N',s,'IH IH'
suns,'S AH N Z',s,''
o,'OW',s,''
speak,'S P IY K',s,'IY'
no,'N OW',s,''
for,'F AO R',s,'AO'
i,'AY',s,'AY'
too,'T UW',s,'UW'
sweet,'S W IY T',s,'IY'
of,'AH V',s,''
york,'Y AO R K',s,'AO'
our,'OW R',s,''
prop,'P R AA P',s,'AA'
to,'T UW',s,'UW'
lean,'L IY N',s,'IY'
upon,'AH P AA N',s,'AA'
thou,'DH AW',s,''
art,'AA R T',s,'AA'
we,'W IY',s,'IY'
no,'N OW',s,''
staff,'S T AE F',s,'AE'
no,'N OW',s,''
o,'OW',s,''
thou,'DH AW',s,''
hast,'HH AE S T',s,'AE'
slain,'S L EH N',s,''
the,'DH AH',s,''
of,'AH V',s,''
for,'F AO R',s,'AO'
his,'HH IH Z',s,'IH'
chivalry,'SH IH V AH L R IY',s,'IH IY'
and,'AH N D',s,''
hast,'HH AE S T',s,'AE'
thou,'DH AW',s,''
vanquished,'V AW NG K W IH SH T',s,'IH'
him,'HH IH M',s,'IH'
for,'F AO R',s,'AO'
to,'T UW',s,'UW'
he,'HH IY',s,'IY'
vanquished,'V AW NG K W IH SH T',s,'IH'
thee,'DH IY',s,'IY'
my,'M AY',s,'AY'
is,'IH Z',s,'IH'
a,'AH',s,''
prison,'P R IH Z AH N',s,'IH'
she,'SH IY',s,'IY'
break,'B R EY K',s,'EY'
from,'F R AH M',s,''
that,'DH AE T',s,'AE'
this,'DH IH S',s,'IH'
my,'M AY',s,'AY'
body,'B AA D IY',s,'AA IY'
in,'IH N',s,'IH'
the,'DH AH',s,''
be,'B IY',s,'IY'
up,'AH P',s,''
in,'IH N',s,'IH'
rest,'R EH S T',s,''
for,'F AO R',s,'AO'
never,'N e V ǝ R',s,''
shall,'SH AE L',s,'AE'
i,'AY',s,'AY'
again,'ǝ ɡ EH N',s,''
never,'N e V ǝ R',s,''
o,'OW',s,''
never,'N e V ǝ R',s,''
shall,'SH AE L',s,'AE'
i,'AY',s,'AY'
see,'S IY',s,'IY'
his,'HH IH Z',s,'IH'
that,'DH AE T',s,'AE'
hath,'HH AE TH',s,'AE'
left,'L EH F T',s,''
with,'W IH DH',s,'IH'
thee,'DH IY',s,'IY'
his,'HH IH Z',s,'IH'
dukedom,'D Y UW K D ǝ M',s,'UW'
and,'AH N D',s,''
his,'HH IH Z',s,'IH'
chair,'CH EH R',s,''
with,'W IH DH',s,'IH'
me,'M IY',s,'IY'
is,'IH Z',s,'IH'
left,'L EH F T',s,''
o,'OW',s,''
that,'DH AE T',s,'AE'
held,'HH EH L D',s,''
thee,'DH IY',s,'IY'
dearly,'D IH R L IY',s,'IH IY'
as,'AE Z',s,'AE'
his,'HH IH Z',s,'IH'
is,'IH Z',s,'IH'
by,'B AY',s,'AY'
the,'DH AH',s,''
stern,'S T ɐ R N',s,''
lord,'L AO R D',s,'AO'
to,'T UW',s,'UW'
death,'D EH TH',s,''
is,'IH Z',s,'IH'
the,'DH AH',s,''
of,'AH V',s,''
and,'AH N D',s,''
when,'ʍ e N',s,''
from,'F R AH M',s,''
to,'T UW',s,'UW'
england,'IH NG G L AH N D',s,'IH'
lord,'L AO R D',s,'AO'
on,'AA N',s,'AA'
shoulder,'SH OW L D ǝ R',s,''
will,'W IH L',s,'IH'
i,'AY',s,'AY'
lean,'L IY N',s,'IY'
and,'AH N D',s,''
when,'ʍ e N',s,''
thou,'DH AW',s,''
god,'G AA D',s,'AA'
forbid,'F ǝ R B IH D',s,'IH'
the,'DH AH',s,''
must,'M AH S T',s,''
edward,'e D W ǝ R D',s,''
fall,'F AA L',s,'AA'
peril,'P EH R AH L',s,''
heaven,'HH EH V AH N',s,''
then,'DH EH N',s,''
up,'AH P',s,''
drums,'D R AH M Z',s,''
god,'G AA D',s,'AA'
and,'AH N D',s,''
saint,'S EY N T',s,'EY'
for,'F AO R',s,'AO'
us,'AH S',s,''
perjured,'P ɐ R D ZH ǝ R D',s,''
henry,'HH EH N R IY',s,'IY'
wilt,'W IH L T',s,'IH'
thou,'DH AW',s,''
for,'F AO R',s,'AO'
and,'AH N D',s,''
set,'S EH T',s,''
upon,'AH P AA N',s,'AA'
my,'M AY',s,'AY'
or,'AO R',s,'AO'
the,'DH AH',s,''
mortal,'M AO R T AA L',s,'AO AA'
of,'AH V',s,''
the,'DH AH',s,''
field,'F IY L D',s,'IY'
i,'AY',s,'AY'
am,'AE M',s,'AE'
his,'HH IH Z',s,'IH'
and,'AH N D',s,''
he,'HH IY',s,'IY'
his,'HH IH Z',s,'IH'
i,'AY',s,'AY'
was,'W AA Z',s,'AA'
adopted,'AH D AA P T AH D',s,'AA'
by,'B AY',s,'AY'
his,'HH IH Z',s,'IH'
consent,'K AH N S EH N T',s,''
when,'ʍ e N',s,''
his,'HH IH Z',s,'IH'
oath,'OW TH',s,''
is,'IH Z',s,'IH'
for,'F AO R',s,'AO'
as,'AE Z',s,'AE'
i,'AY',s,'AY'
you,'Y UW',s,'UW'
that,'DH AE T',s,'AE'
he,'HH IY',s,'IY'
do,'D OW',s,''
wear,'W EH R',s,''
the,'DH AH',s,''
crown,'K r ǝ UH N',s,'UH'
him,'HH IH M',s,'IH'
by,'B AY',s,'AY'
act,'AE K T',s,'AE'
of,'AH V',s,''
parliament,'P AA R L AH M AH N T',s,'AA'
to,'T UW',s,'UW'
blot,'B L AA T',s,'AA'
out,'AW T',s,''
me,'M IY',s,'IY'
and,'AH N D',s,''
put,'P UH T',s,'UH'
his,'HH IH Z',s,'IH'
son,'S AO ̃',s,'AO'
in,'IH N',s,'IH'
henry,'HH EH N R IY',s,'IY'
shall,'SH AE L',s,'AE'
i,'AY',s,'AY'
my,'M AY',s,'AY'
or,'AO R',s,'AO'
no,'N OW',s,''
a,'AH',s,''
men,'M EH N',s,''
their,'DH EH R',s,''
fasts,'F AW S T S',s,''
that,'DH AE T',s,'AE'
shall,'SH AE L',s,'AE'
unless,'ɤ N L e S',s,''
thou,'DH AW',s,''
yield,'Y IY L D',s,'IY'
the,'DH AH',s,''
crown,'K r ǝ UH N',s,'UH'
a,'AH',s,''
wisp,'W IH S P',s,'IH'
of,'AH V',s,''
wre,'W ER',s,''
worth,'W AO R TH',s,'AO'
a,'AH',s,''
crowns,'K r ǝ UH N Z',s,'UH'
to,'T UW',s,'UW'
this,'DH IH S',s,'IH'
callet,'K AW L ǝ T',s,''
helen,'HH EH L AH N',s,''
of,'AH V',s,''
was,'W AA Z',s,'AA'
fairer,'F EH R ǝ R',s,''
far,'F AA R',s,'AA'
than,'DH AE N',s,'AE'
thou,'DH AW',s,''
be,'B IY',s,'IY'
and,'AH N D',s,''
was,'W AA Z',s,'AA'
by,'B AY',s,'AY'
that,'DH AE T',s,'AE'
woman,'W UH M AH N',s,'UH'
as,'AE Z',s,'AE'
this,'DH IH S',s,'IH'
by,'B AY',s,'AY'
thee,'DH IY',s,'IY'
his,'HH IH Z',s,'IH'
in,'IH N',s,'IH'
the,'DH AH',s,''
heart,'HH AA R T',s,'AA'
of,'AH V',s,''
and,'AH N D',s,''
tamed,'T EH M IH D',s,'IH'
the,'DH AH',s,''
and,'AH N D',s,''
the,'DH AH',s,''
stoop,'S T UW P',s,'UW'
and,'AH N D',s,''
had,'HH AE D',s,'AE'
he,'HH IY',s,'IY'
to,'T UW',s,'UW'
his,'HH IH Z',s,'IH'
he,'HH IY',s,'IY'
kept,'K EH P T',s,''
that,'DH AE T',s,'AE'
to,'T UW',s,'UW'
this,'DH IH S',s,'IH'
but,'B AH T',s,''
when,'ʍ e N',s,''
he,'HH IY',s,'IY'
took,'T UH K',s,'UH'
a,'AH',s,''
beggar,'B e ɡ ə R',s,''
to,'T UW',s,'UW'
his,'HH IH Z',s,'IH'
bed,'B EH D',s,''
and,'AH N D',s,''
poor,'P UH R',s,'UH'
with,'W IH DH',s,'IH'
his,'HH IH Z',s,'IH'
bridal,'B R AY D AH L',s,'AY'
even,'IY V IH N',s,'IY IH'
then,'DH EH N',s,''
that,'DH AE T',s,'AE'
a,'AH',s,''
for,'F AO R',s,'AO'
him,'HH IH M',s,'IH'
that,'DH AE T',s,'AE'
his,'HH IH Z',s,'IH'
forth,'F AO R TH',s,'AO'
of,'AH V',s,''
and,'AH N D',s,''
on,'AA N',s,'AA'
his,'HH IH Z',s,'IH'
crown,'K r ǝ UH N',s,'UH'
at,'AE T',s,'AE'
hme,'OW M',s,''
for,'F AO R',s,'AO'
what,'W AH T',s,''
hath,'HH AE TH',s,'AE'
this,'DH IH S',s,'IH'
but,'B AH T',s,''
thou,'DH AW',s,''
been,'B IH N',s,'IH'
meek,'M IY K',s,'IY'
our,'OW R',s,''
still,'S T IH L',s,'IH'
had,'HH AE D',s,'AE'
slept,'S L EH P T',s,''
and,'AH N D',s,''
we,'W IY',s,'IY'
in,'IH N',s,'IH'
of,'AH V',s,''
the,'DH AH',s,''
had,'HH AE D',s,'AE'
our,'OW R',s,''
claim,'K L EH M',s,''
until,'AH N T IH L',s,'IH'
another,'ǝ N ɤ DH ǝ R',s,''
and,'AH N D',s,''
in,'IH N',s,'IH'
this,'DH IH S',s,'IH'
i,'AY',s,'AY'
thee,'DH IY',s,'IY'
not,'N AA T',s,'AA'
longer,'L ɒ NG G ǝ R',s,''
conferece,'K AA N F ER AH N S',s,'AA'
thou,'DH AW',s,''
the,'DH AH',s,''
to,'T UW',s,'UW'
speak,'S P IY K',s,'IY'
trumpets,'T R AH M P AH T S',s,''
let,'L EH T',s,''
our,'OW R',s,''
bloody,'B L AH D IY',s,'IY'
and,'AH N D',s,''
either,'EH DH ǝ R',s,''
or,'AO R',s,'AO'
a,'AH',s,''
no,'N OW',s,''
wrangling,'R AE NG G AH L IH NG',s,'AE IH'
woman,'W UH M AH N',s,'UH'
no,'N OW',s,''
longer,'L ɒ NG G ǝ R',s,''
will,'W IH L',s,'IH'
cost,'K AA S T',s,'AA'
ten,'T EH N',s,''
this,'DH IH S',s,'IH'
heaven,'HH EH V AH N',s,''
or,'AO R',s,'AO'
death,'D EH TH',s,''
for,'F AO R',s,'AO'
this,'DH IH S',s,'IH'
frowns,'F r ǝ UH N Z',s,'UH'
and,'AH N D',s,''
sun,'S AH N',s,''
is,'IH Z',s,'IH'
is,'IH Z',s,'IH'
us,'AH S',s,''
with,'W IH DH',s,'IH'
and,'AH N D',s,''
weak,'W IY K',s,'IY'
we,'W IY',s,'IY'
and,'AH N D',s,''
cannot,'K AE N AA T',s,'AE AA'
shun,'SH ɤ N',s,''
o,'OW',s,''
i,'AY',s,'AY'
do,'D OW',s,''
bend,'B EH N D',s,''
my,'M AY',s,'AY'
with,'W IH DH',s,'IH'
and,'AH N D',s,''
in,'IH N',s,'IH'
this,'DH IH S',s,'IH'
vow,'V ǝ UH',s,'UH'
do,'D OW',s,''
my,'M AY',s,'AY'
soul,'S OW L',s,''
to,'T UW',s,'UW'
and,'AH N D',s,''
my,'M AY',s,'AY'
from,'F R AH M',s,''
the,'DH AH',s,''
cold,'K OW L D',s,''
i,'AY',s,'AY'
my,'M AY',s,'AY'
my,'M AY',s,'AY'
heart,'HH AA R T',s,'AA'
to,'T UW',s,'UW'
thee,'DH IY',s,'IY'
thou,'DH AW',s,''
up,'AH P',s,''
and,'AH N D',s,''
down,'D ǝ UH N',s,'UH'
of,'AH V',s,''
thee,'DH IY',s,'IY'
if,'IH F',s,'IH'
with,'W IH DH',s,'IH'
will,'W IH L',s,'IH'
it,'IH T',s,'IH'
stands,'S T AE N D Z',s,'AE'
that,'DH AE T',s,'AE'
to,'T UW',s,'UW'
my,'M AY',s,'AY'
foes,'F OW Z',s,''
this,'DH IH S',s,'IH'
body,'B AA D IY',s,'AA IY'
must,'M AH S T',s,''
be,'B IY',s,'IY'
yet,'Y EH T',s,''
that,'DH AE T',s,'AE'
brazen,'B r EH Z ə N',s,''
of,'AH V',s,''
heaven,'HH EH V AH N',s,''
and,'AH N D',s,''
sweet,'S W IY T',s,'IY'
to,'T UW',s,'UW'
my,'M AY',s,'AY'
sinful,'S IH N F AH L',s,'IH'
soul,'S OW L',s,''
lords,'L AO R D Z',s,'AO'
until,'AH N T IH L',s,'IH'
we,'W IY',s,'IY'
meet,'M IY T',s,'IY'
again,'ǝ ɡ EH N',s,''
it,'IH T',s,'IH'
be,'B IY',s,'IY'
in,'IH N',s,'IH'
heaven,'HH EH V AH N',s,''
or,'AO R',s,'AO'
in,'IH N',s,'IH'
we,'W IY',s,'IY'
lords,'L AO R D Z',s,'AO'
good,'G UH D',s,'UH'
bids,'B IH D Z',s,'IH'
us,'AH S',s,''
and,'AH N D',s,''
smooth,'S M UW DH',s,'UW'
the,'DH AH',s,''
frowns,'F r ǝ UH N Z',s,'UH'
of,'AH V',s,''
war,'W AO R',s,'AO'
with,'W IH DH',s,'IH'
looks,'L UH K S',s,'UH'
troops,'T R UW P S',s,'UW'
the,'DH AH',s,''
that,'DH AE T',s,'AE'
led,'L EH D',s,''
henry,'HH EH N R IY',s,'IY'
he,'HH IY',s,'IY'
wre,'W ER',s,''
a,'AH',s,''
as,'AE Z',s,'AE'
doth,'D AO TH',s,'AO'
a,'AH',s,''
sail,'S EH L',s,''
with,'W IH DH',s,'IH'
a,'AH',s,''
gust,'G ɤ S T',s,''
command,'K ǝ M AW N D',s,''
an,'AE N',s,'AE'
argosy,'AA R G AH S IY',s,'AA IY'
to,'T UW',s,'UW'
stem,'S T EH M',s,''
the,'DH AH',s,''
but,'B AH T',s,''
think,'TH IH NG K',s,'IH'
you,'Y UW',s,'UW'
lords,'L AO R D Z',s,'AO'
that,'DH AE T',s,'AE'
fled,'F L EH D',s,''
with,'W IH DH',s,'IH'
them,'DH EH M',s,''
see,'S IY',s,'IY'
who,'HH UW',s,'UW'
it,'IH T',s,'IH'
is,'IH Z',s,'IH'
and,'AH N D',s,''
the,'DH AH',s,''
ended,'EH N D AH D',s,''
if,'IH F',s,'IH'
friend,'F R EH N D',s,''
or,'AO R',s,'AO'
foe,'F OW',s,''
let,'L EH T',s,''
him,'HH IH M',s,'IH'
be,'B IY',s,'IY'
used,'Y UW Z D',s,'UW'
forth,'F AO R TH',s,'AO'
that,'DH AE T',s,'AE'
fatal,'F EY T AH L',s,'EY'
sccreech,'S K R IY CH',s,'IY'
to,'T UW',s,'UW'
our,'OW R',s,''
that,'DH AE T',s,'AE'
but,'B AH T',s,''
death,'D EH TH',s,''
to,'T UW',s,'UW'
us,'AH S',s,''
and,'AH N D',s,''
ours,'OW R Z',s,''
death,'D EH TH',s,''
shall,'SH AE L',s,'AE'
stop,'S T AA P',s,'AA'
his,'HH IH Z',s,'IH'
dismal,'D IH Z M AA L',s,'IH AA'
and,'AH N D',s,''
his,'HH IH Z',s,'IH'
no,'N OW',s,''
shall,'SH AE L',s,'AE'
speak,'S P IY K',s,'IY'
repent,'R IH P EH N T',s,'IH'
in,'IH N',s,'IH'
thou,'DH AW',s,''
rutland,'r ɤ T L ǝ N D',s,''
i,'AY',s,'AY'
will,'W IH L',s,'IH'
thee,'DH IY',s,'IY'
even,'IY V IH N',s,'IY IH'
as,'AE Z',s,'AE'
thou,'DH AW',s,''
wilt,'W IH L T',s,'IH'
sweet,'S W IY T',s,'IY'
let,'L EH T',s,''
it,'IH T',s,'IH'
be,'B IY',s,'IY'
for,'F AO R',s,'AO'
in,'IH N',s,'IH'
shoulder,'SH OW L D ǝ R',s,''
do,'D OW',s,''
i,'AY',s,'AY'
build,'B IH L D',s,'IH'
my,'M AY',s,'AY'
seat,'S IY T',s,'IY'
and,'AH N D',s,''
never,'N e V ǝ R',s,''
will,'W IH L',s,'IH'
i,'AY',s,'AY'
the,'DH AH',s,''
wherein,'ʍ EH R IH N',s,'IH'
and,'AH N D',s,''
consent,'K AH N S EH N T',s,''
is,'IH Z',s,'IH'
i,'AY',s,'AY'
will,'W IH L',s,'IH'
thee,'DH IY',s,'IY'
of,'AH V',s,''
and,'AH N D',s,''
of,'AH V',s,''
as,'AE Z',s,'AE'
ourself,'AW ER S EH L F',s,''
shall,'SH AE L',s,'AE'
do,'D OW',s,''
and,'AH N D',s,''
undo,'AH N D UW',s,'UW'
as,'AE Z',s,'AE'
him,'HH IH M',s,'IH'
best,'B EH S T',s,''
of,'AH V',s,''
at,'AE T',s,'AE'
saint,'S EY N T',s,'EY'
albans,'AE L B AE N Z',s,'AE AE'
field,'F IY L D',s,'IY'
this,'DH IH S',s,'IH'
was,'W AA Z',s,'AA'
slain,'S L EH N',s,''
his,'HH IH Z',s,'IH'
land,'L AE N D',s,'AE'
then,'DH EH N',s,''
on,'AA N',s,'AA'
by,'B AY',s,'AY'
the,'DH AH',s,''
suit,'SH UW T',s,'UW'
is,'IH Z',s,'IH'
to,'T UW',s,'UW'
repossess,'R IY P AH Z EH S',s,'IY'
lands,'L AE N D Z',s,'AE'
we,'W IY',s,'IY'
in,'IH N',s,'IH'
cannot,'K AE N AA T',s,'AE AA'
well,'W EH L',s,''
in,'IH N',s,'IH'
of,'AH V',s,''
the,'DH AH',s,''
of,'AH V',s,''
york,'Y AO R K',s,'AO'
the,'DH AH',s,''
gentleman,'JH EH N T AH L M AH N',s,''
did,'D IH D',s,'IH'
his,'HH IH Z',s,'IH'
it,'IH T',s,'IH'
wre,'W ER',s,''
no,'N OW',s,''
less,'L EH S',s,''
but,'B AH T',s,''
yet,'Y EH T',s,''
a,'AH',s,''
we,'W IY',s,'IY'
will,'W IH L',s,'IH'
of,'AH V',s,''
your,'Y AO R',s,'AO'
suit,'SH UW T',s,'UW'
and,'AH N D',s,''
to,'T UW',s,'UW'
our,'OW R',s,''
children,'CH IH L D R AH N',s,'IH'
hast,'HH AE S T',s,'AE'
thou,'DH AW',s,''
tell,'T EH L',s,''
me,'M IY',s,'IY'
their,'DH EH R',s,''
lands,'L AE N D Z',s,'AE'
lords,'L AO R D Z',s,'AO'
us,'AH S',s,''
this,'DH IH S',s,'IH'
wit,'W IH T',s,'IH'
tell,'T EH L',s,''
me,'M IY',s,'IY'
madam,'M AE D AH M',s,'AE'
do,'D OW',s,''
you,'Y UW',s,'UW'
your,'Y AO R',s,'AO'
children,'CH IH L D R AH N',s,'IH'
and,'AH N D',s,''
you,'Y UW',s,'UW'
not,'N AA T',s,'AA'
do,'D OW',s,''
to,'T UW',s,'UW'
do,'D OW',s,''
them,'DH EH M',s,''
good,'G UH D',s,'UH'
then,'DH EH N',s,''
get,'G EH T',s,''
your,'Y AO R',s,'AO'
lands,'L AE N D Z',s,'AE'
to,'T UW',s,'UW'
do,'D OW',s,''
them,'DH EH M',s,''
good,'G UH D',s,'UH'
tell,'T EH L',s,''
you,'Y UW',s,'UW'
lands,'L AE N D Z',s,'AE'
to,'T UW',s,'UW'
be,'B IY',s,'IY'
got,'G AA T',s,'AA'
what,'W AH T',s,''
wilt,'W IH L T',s,'IH'
thou,'DH AW',s,''
do,'D OW',s,''
me,'M IY',s,'IY'
if,'IH F',s,'IH'
i,'AY',s,'AY'
them,'DH EH M',s,''
but,'B AH T',s,''
you,'Y UW',s,'UW'
will,'W IH L',s,'IH'
to,'T UW',s,'UW'
my,'M AY',s,'AY'
boon,'B UW N',s,'UW'
but,'B AH T',s,''
thou,'DH AW',s,''
do,'D OW',s,''
what,'W AH T',s,''
i,'AY',s,'AY'
mean,'M IY N',s,'IY'
to,'T UW',s,'UW'
ask,'AW S K',s,''
an,'AE N',s,'AE'
task,'T AW S K',s,''
but,'B AH T',s,''
to,'T UW',s,'UW'
a,'AH',s,''
whhy,'ʍ ǝ IH',s,'IH'
then,'DH EH N',s,''
lands,'L AE N D Z',s,'AE'
i,'AY',s,'AY'
freely,'F R IY L IY',s,'IY IY'
thee,'DH IY',s,'IY'
but,'B AH T',s,''
thee,'DH IY',s,'IY'
the,'DH AH',s,''
fruits,'F R UW T S',s,'UW'
of,'AH V',s,''
i,'AY',s,'AY'
mean,'M IY N',s,'IY'
but,'B AH T',s,''
i,'AY',s,'AY'
fear,'F IY R',s,'IY'
me,'M IY',s,'IY'
in,'IH N',s,'IH'
another,'ǝ N ɤ DH ǝ R',s,''
what,'W AH T',s,''
thou,'DH AW',s,''
i,'AY',s,'AY'
sue,'S UW',s,'UW'
so,'S OW',s,''
to,'T UW',s,'UW'
get,'G EH T',s,''
no,'N OW',s,''
by,'B AY',s,'AY'
my,'M AY',s,'AY'
troth,'T R OW TH',s,''
i,'AY',s,'AY'
did,'D IH D',s,'IH'
not,'N AA T',s,'AA'
mean,'M IY N',s,'IY'
but,'B AH T',s,''
you,'Y UW',s,'UW'
partly,'P AA R T L IY',s,'AA IY'
percve,'P ER S IY V',s,'IY'
my,'M AY',s,'AY'
to,'T UW',s,'UW'
tell,'T EH L',s,''
thee,'DH IY',s,'IY'
plain,'P L EH N',s,''
i,'AY',s,'AY'
aim,'EH M',s,''
to,'T UW',s,'UW'
with,'W IH DH',s,'IH'
thee,'DH IY',s,'IY'
whhy,'ʍ ǝ IH',s,'IH'
then,'DH EH N',s,''
thou,'DH AW',s,''
shalt,'SH AE L T',s,'AE'
not,'N AA T',s,'AA'
lands,'L AE N D Z',s,'AE'
therein,'DH EH R IH N',s,'IH'
thou,'DH AW',s,''
children,'CH IH L D R AH N',s,'IH'
mightily,'M ǝ IH T IH L ǝ IH',s,'IH IH IH'
if,'IH F',s,'IH'
thou,'DH AW',s,''
wilt,'W IH L T',s,'IH'
to,'T UW',s,'UW'
my,'M AY',s,'AY'
no,'N OW',s,''
if,'IH F',s,'IH'
thou,'DH AW',s,''
dost,'D AA S T',s,'AA'
no,'N OW',s,''
to,'T UW',s,'UW'
my,'M AY',s,'AY'
demand,'D IH M AW N D',s,'IH'
looks,'L UH K S',s,'UH'
doth,'D AO TH',s,'AO'
with,'W IH DH',s,'IH'
modesty,'M AA D AH S T IY',s,'AA IY'
doth,'D AO TH',s,'AO'
wit,'W IH T',s,'IH'
all,'AA L',s,'AA'
or,'AO R',s,'AO'
she,'SH IY',s,'IY'
is,'IH Z',s,'IH'
for,'F AO R',s,'AO'
a,'AH',s,''
and,'AH N D',s,''
she,'SH IY',s,'IY'
shall,'SH AE L',s,'AE'
be,'B IY',s,'IY'
my,'M AY',s,'AY'
or,'AO R',s,'AO'
my,'M AY',s,'AY'
that,'DH AE T',s,'AE'
edward,'e D W ǝ R D',s,''
thee,'DH IY',s,'IY'
for,'F AO R',s,'AO'
his,'HH IH Z',s,'IH'
sweet,'S W IY T',s,'IY'
by,'B AY',s,'AY'
my,'M AY',s,'AY'
i,'AY',s,'AY'
swear,'S W EH R',s,''
to,'T UW',s,'UW'
thee,'DH IY',s,'IY'
i,'AY',s,'AY'
speak,'S P IY K',s,'IY'
no,'N OW',s,''
than,'DH AE N',s,'AE'
what,'W AH T',s,''
my,'M AY',s,'AY'
soul,'S OW L',s,''
intends,'IH N T EH N D Z',s,'IH'
and,'AH N D',s,''
that,'DH AE T',s,'AE'
is,'IH Z',s,'IH'
to,'T UW',s,'UW'
thee,'DH IY',s,'IY'
for,'F AO R',s,'AO'
my,'M AY',s,'AY'
you,'Y UW',s,'UW'
i,'AY',s,'AY'
did,'D IH D',s,'IH'
mean,'M IY N',s,'IY'
my,'M AY',s,'AY'
no,'N OW',s,''
than,'DH AE N',s,'AE'
when,'ʍ e N',s,''
my,'M AY',s,'AY'
call,'K AO L',s,'AO'
thee,'DH IY',s,'IY'
thou,'DH AW',s,''
art,'AA R T',s,'AA'
a,'AH',s,''
and,'AH N D',s,''
thou,'DH AW',s,''
hast,'HH AE S T',s,'AE'
children,'CH IH L D R AH N',s,'IH'
and,'AH N D',s,''
by,'B AY',s,'AY'
i,'AY',s,'AY'
being,'B IY IH NG',s,'IY IH'
but,'B AH T',s,''
a,'AH',s,''
whhy,'ʍ ǝ IH',s,'IH'
a,'AH',s,''
to,'T UW',s,'UW'
be,'B IY',s,'IY'
the,'DH AH',s,''
unto,'AH N T UW',s,'UW'
sons,'S AH N Z',s,''
no,'N OW',s,''
for,'F AO R',s,'AO'
thou,'DH AW',s,''
shalt,'SH AE L T',s,'AE'
be,'B IY',s,'IY'
my,'M AY',s,'AY'
you,'Y UW',s,'UW'
what,'W AH T',s,''
chat,'CH AE T',s,'AE'
we,'W IY',s,'IY'
had,'HH AE D',s,'AE'
think,'TH IH NG K',s,'IH'
it,'IH T',s,'IH'
if,'IH F',s,'IH'
i,'AY',s,'AY'
marrry,'M AW r ǝ IH',s,'IH'
whhy,'ʍ ǝ IH',s,'IH'
to,'T UW',s,'UW'
myself,'M AY S EH L F',s,'AY'
well,'W EH L',s,''
jest,'JH EH S T',s,''
on,'AA N',s,'AA'
i,'AY',s,'AY'
can,'K AE N',s,'AE'
tell,'T EH L',s,''
you,'Y UW',s,'UW'
both,'B OW TH',s,''
suit,'SH UW T',s,'UW'
is,'IH Z',s,'IH'
granted,'G R AE N T AH D',s,'AE'
for,'F AO R',s,'AO'
lands,'L AE N D Z',s,'AE'
see,'S IY',s,'IY'
that,'DH AE T',s,'AE'
he,'HH IY',s,'IY'
be,'B IY',s,'IY'
unto,'AH N T UW',s,'UW'
the,'DH AH',s,''
and,'AH N D',s,''
go,'G OW',s,''
we,'W IY',s,'IY'
to,'T UW',s,'UW'
the,'DH AH',s,''
man,'M AE N',s,'AE'
that,'DH AE T',s,'AE'
took,'T UH K',s,'UH'
him,'HH IH M',s,'IH'
to,'T UW',s,'UW'
of,'AH V',s,''
his,'HH IH Z',s,'IH'
go,'G OW',s,''
you,'Y UW',s,'UW'
of,'AH V',s,''
you,'Y UW',s,'UW'
our,'OW R',s,''
that,'DH AE T',s,'AE'
you,'Y UW',s,'UW'
stand,'S T AE N D',s,'AE'
as,'AE Z',s,'AE'
malcontent,'M AE L K AH N T EH N T',s,'AE'
a,'AH',s,''
but,'B AH T',s,''
and,'AH N D',s,''
i,'AY',s,'AY'
am,'AE M',s,'AE'
edward,'e D W ǝ R D',s,''
your,'Y AO R',s,'AO'
and,'AH N D',s,''
and,'AH N D',s,''
must,'M AH S T',s,''
my,'M AY',s,'AY'
will,'W IH L',s,'IH'
yea,'Y EH',s,''
you,'Y UW',s,'UW'
offended,'AH F EH N D AH D',s,''
too,'T UW',s,'UW'
your,'Y AO R',s,'AO'
and,'AH N D',s,''
your,'Y AO R',s,'AO'
tell,'T EH L',s,''
me,'M IY',s,'IY'
reason,'r EH Z ǝ N',s,''
whhy,'ʍ ǝ IH',s,'IH'
the,'DH AH',s,''
lady,'L EY D IY',s,'EY IY'
not,'N AA T',s,'AA'
my,'M AY',s,'AY'
and,'AH N D',s,''
and,'AH N D',s,''
you,'Y UW',s,'UW'
too,'T UW',s,'UW'
and,'AH N D',s,''
speak,'S P IY K',s,'IY'
freely,'F R IY L IY',s,'IY IY'
what,'W AH T',s,''
you,'Y UW',s,'UW'
think,'TH IH NG K',s,'IH'
what,'W AH T',s,''
if,'IH F',s,'IH'
both,'B OW TH',s,''
and,'AH N D',s,''
be,'B IY',s,'IY'
by,'B AY',s,'AY'
as,'AE Z',s,'AE'
i,'AY',s,'AY'
can,'K AE N',s,'AE'
what,'W AH T',s,''
of,'AH V',s,''
that,'DH AE T',s,'AE'
it,'IH T',s,'IH'
was,'W AA Z',s,'AA'
my,'M AY',s,'AY'
will,'W IH L',s,'IH'
and,'AH N D',s,''
grant,'G r AO N T',s,'AO'
and,'AH N D',s,''
for,'F AO R',s,'AO'
this,'DH IH S',s,'IH'
my,'M AY',s,'AY'
will,'W IH L',s,'IH'
shall,'SH AE L',s,'AE'
stand,'S T AE N D',s,'AE'
for,'F AO R',s,'AO'
alas,'AH L AE S',s,'AE'
poor,'P UH R',s,'UH'
is,'IH Z',s,'IH'
it,'IH T',s,'IH'
for,'F AO R',s,'AO'
a,'AH',s,''
that,'DH AE T',s,'AE'
thou,'DH AW',s,''
art,'AA R T',s,'AA'
malcontent,'M AE L K AH N T EH N T',s,'AE'
i,'AY',s,'AY'
will,'W IH L',s,'IH'
thee,'DH IY',s,'IY'
me,'M IY',s,'IY'
or,'AO R',s,'AO'
tarrry,'T AW r ǝ IH',s,'IH'
edward,'e D W ǝ R D',s,''
will,'W IH L',s,'IH'
be,'B IY',s,'IY'
and,'AH N D',s,''
not,'N AA T',s,'AA'
be,'B IY',s,'IY'
tied,'T AY D',s,'AY'
unto,'AH N T UW',s,'UW'
his,'HH IH Z',s,'IH'
will,'W IH L',s,'IH'
my,'M AY',s,'AY'
forbear,'F ǝ R B EH R',s,''
to,'T UW',s,'UW'
upon,'AH P AA N',s,'AA'
their,'DH EH R',s,''
frowns,'F r ǝ UH N Z',s,'UH'
what,'W AH T',s,''
or,'AO R',s,'AO'
what,'W AH T',s,''
can,'K AE N',s,'AE'
befall,'B IH F AO L',s,'IH AO'
thee,'DH IY',s,'IY'
so,'S OW',s,''
as,'AE Z',s,'AE'
edward,'e D W ǝ R D',s,''
is,'IH Z',s,'IH'
constant,'K AA N S T AH N T',s,'AA'
friend,'F R EH N D',s,''
and,'AH N D',s,''
their,'DH EH R',s,''
true,'T R UW',s,'UW'
whom,'HH UW M',s,'UW'
must,'M AH S T',s,''
whom,'HH UW M',s,'UW'
shall,'SH AE L',s,'AE'
and,'AH N D',s,''
thee,'DH IY',s,'IY'
too,'T UW',s,'UW'
unless,'ɤ N L e S',s,''
seek,'S IY K',s,'IY'
for,'F AO R',s,'AO'
at,'AE T',s,'AE'
my,'M AY',s,'AY'
if,'IH F',s,'IH'
do,'D OW',s,''
yet,'Y EH T',s,''
will,'W IH L',s,'IH'
i,'AY',s,'AY'
keep,'K IY P',s,'IY'
thee,'DH IY',s,'IY'
and,'AH N D',s,''
shall,'SH AE L',s,'AE'
feel,'F IY L',s,'IY'
the,'DH AH',s,''
of,'AH V',s,''
my,'M AY',s,'AY'
wrath,'R AE TH',s,'AE'
what,'W AH T',s,''
or,'AO R',s,'AO'
what,'W AH T',s,''
from,'F R AH M',s,''
go,'G OW',s,''
to,'T UW',s,'UW'
we,'W IY',s,'IY'
pardon,'P AA R D ǝ N',s,'AA'
thee,'DH IY',s,'IY'
therefre,'DH EH R F AO R',s,'AO'
in,'IH N',s,'IH'
brief,'B R IY F',s,'IY'
tell,'T EH L',s,''
me,'M IY',s,'IY'
their,'DH EH R',s,''
as,'AE Z',s,'AE'
near,'N IY R',s,'IY'
as,'AE Z',s,'AE'
thou,'DH AW',s,''
guess,'G EH S',s,''
them,'DH EH M',s,''
what,'W AH T',s,''
unto,'AH N T UW',s,'UW'
our,'OW R',s,''
is,'IH Z',s,'IH'
so,'S OW',s,''
he,'HH IY',s,'IY'
thinks,'TH IH NG K S',s,'IH'
me,'M IY',s,'IY'
henry,'HH EH N R IY',s,'IY'
but,'B AH T',s,''
what,'W AH T',s,''
said,'S EH D',s,''
lady,'L EY D IY',s,'EY IY'
bona,'B OW N ə',s,''
to,'T UW',s,'UW'
my,'M AY',s,'AY'
i,'AY',s,'AY'
not,'N AA T',s,'AA'
she,'SH IY',s,'IY'
less,'L EH S',s,''
she,'SH IY',s,'IY'
had,'HH AE D',s,'AE'
the,'DH AH',s,''
but,'B AH T',s,''
what,'W AH T',s,''
said,'S EH D',s,''
for,'F AO R',s,'AO'
i,'AY',s,'AY'
that,'DH AE T',s,'AE'
she,'SH IY',s,'IY'
was,'W AA Z',s,'AA'
in,'IH N',s,'IH'
she,'SH IY',s,'IY'
to,'T UW',s,'UW'
the,'DH AH',s,''
but,'B AH T',s,''
what,'W AH T',s,''
said,'S EH D',s,''
to,'T UW',s,'UW'
the,'DH AH',s,''
out,'AW T',s,''
so,'S OW',s,''
well,'W EH L',s,''
i,'AY',s,'AY'
will,'W IH L',s,'IH'
arm,'AA R M',s,'AA'
me,'M IY',s,'IY'
being,'B IY IH NG',s,'IY IH'
thus,'DH ɤ S',s,''
forewarned,'ˌ F AO R - W AA R N D',s,'AO AA'
shall,'SH AE L',s,'AE'
wars,'W AO R Z',s,'AO'
and,'AH N D',s,''
for,'F AO R',s,'AO'
their,'DH EH R',s,''
but,'B AH T',s,''
is,'IH Z',s,'IH'
friends,'F R EH N D Z',s,''
with,'W IH DH',s,'IH'
and,'AH N D',s,''
both,'B OW TH',s,''
to,'T UW',s,'UW'
yet,'Y EH T',s,''
am,'AE M',s,'AE'
i,'AY',s,'AY'
against,'AH G EH N S T',s,''
the,'DH AH',s,''
worst,'W AO R S T',s,'AO'
can,'K AE N',s,'AE'
happen,'HH AE P AH N',s,'AE'
and,'AH N D',s,''
hate,'AW S T',s,''
is,'IH Z',s,'IH'
needful,'N IY D F AH L',s,'IY'
in,'IH N',s,'IH'
this,'DH IH S',s,'IH'
and,'AH N D',s,''
you,'Y UW',s,'UW'
in,'IH N',s,'IH'
our,'OW R',s,''
go,'G OW',s,''
men,'M EH N',s,''
and,'AH N D',s,''
for,'F AO R',s,'AO'
war,'W AO R',s,'AO'
or,'AO R',s,'AO'
will,'W IH L',s,'IH'
be,'B IY',s,'IY'
landed,'L AE N D AH D',s,'AE'
myself,'M AY S EH L F',s,'AY'
in,'IH N',s,'IH'
will,'W IH L',s,'IH'
you,'Y UW',s,'UW'
but,'B AH T',s,''
i,'AY',s,'AY'
go,'G OW',s,''
and,'AH N D',s,''
my,'M AY',s,'AY'
doubt,'D ǝ UH T',s,'UH'
you,'Y UW',s,'UW'
twain,'T W EY N',s,'EY'
of,'AH V',s,''
all,'AA L',s,'AA'
the,'DH AH',s,''
rest,'R EH S T',s,''
near,'N IY R',s,'IY'
to,'T UW',s,'UW'
by,'B AY',s,'AY'
blood,'B L AH D',s,''
and,'AH N D',s,''
by,'B AY',s,'AY'
tell,'T EH L',s,''
me,'M IY',s,'IY'
if,'IH F',s,'IH'
you,'Y UW',s,'UW'
than,'DH AE N',s,'AE'
me,'M IY',s,'IY'
if,'IH F',s,'IH'
it,'IH T',s,'IH'
be,'B IY',s,'IY'
so,'S OW',s,''
then,'DH EH N',s,''
both,'B OW TH',s,''
depart,'D IH P AA R T',s,'IH AA'
to,'T UW',s,'UW'
him,'HH IH M',s,'IH'
i,'AY',s,'AY'
wish,'W IH SH',s,'IH'
you,'Y UW',s,'UW'
foes,'F OW Z',s,''
than,'DH AE N',s,'AE'
friends,'F R EH N D Z',s,''
but,'B AH T',s,''
if,'IH F',s,'IH'
you,'Y UW',s,'UW'
to,'T UW',s,'UW'
your,'Y AO R',s,'AO'
true,'T R UW',s,'UW'
me,'M IY',s,'IY'
with,'W IH DH',s,'IH'
friendly,'F r e N L ǝ IH',s,'IH'
vow,'V ǝ UH',s,'UH'
that,'DH AE T',s,'AE'
i,'AY',s,'AY'
never,'N e V ǝ R',s,''
you,'Y UW',s,'UW'
in,'IH N',s,'IH'
suspect,'S ǝ S P e K T',s,''
will,'W IH L',s,'IH'
you,'Y UW',s,'UW'
stand,'S T AE N D',s,'AE'
by,'B AY',s,'AY'
us,'AH S',s,''
whhy,'ʍ ǝ IH',s,'IH'
so,'S OW',s,''
then,'DH EH N',s,''
am,'AE M',s,'AE'
i,'AY',s,'AY'
of,'AH V',s,''
therefre,'DH EH R F AO R',s,'AO'
let,'L EH T',s,''
us,'AH S',s,''
and,'AH N D',s,''
no,'N OW',s,''
till,'T IH L',s,'IH'
we,'W IY',s,'IY'
meet,'M IY T',s,'IY'
with,'W IH DH',s,'IH'
his,'HH IH Z',s,'IH'
the,'DH AH',s,''
whhy,'ʍ ǝ IH',s,'IH'
when,'ʍ e N',s,''
we,'W IY',s,'IY'
parted,'P AA R T IH D',s,'AA IH'
thou,'DH AW',s,''
me,'M IY',s,'IY'
yea,'Y EH',s,''
of,'AH V',s,''
art,'AA R T',s,'AA'
thou,'DH AW',s,''
too,'T UW',s,'UW'
then,'DH EH N',s,''
i,'AY',s,'AY'
see,'S IY',s,'IY'
that,'DH AE T',s,'AE'
edward,'e D W ǝ R D',s,''
needs,'N IY D Z',s,'IY'
must,'M AH S T',s,''
down,'D ǝ UH N',s,'UH'
yet,'Y EH T',s,''
in,'IH N',s,'IH'
of,'AH V',s,''
all,'AA L',s,'AA'
of,'AH V',s,''
thee,'DH IY',s,'IY'
and,'AH N D',s,''
all,'AA L',s,'AA'
edward,'e D W ǝ R D',s,''
will,'W IH L',s,'IH'
bear,'B EH R',s,''
himself,'HH IH M S EH L F',s,'IH'
as,'AE Z',s,'AE'
my,'M AY',s,'AY'
my,'M AY',s,'AY'
exceeds,'IH K S IY D Z',s,'IH IY'
the,'DH AH',s,''
compass,'K ɤ M P ǝ S',s,''
of,'AH V',s,''
wheel,'ʍ IY L',s,'IY'
what,'W AH T',s,''
that,'DH AE T',s,'AE'
men,'M EH N',s,''
must,'M AH S T',s,''
needs,'N IY D Z',s,'IY'
it,'IH T',s,'IH'
boots,'B UW T S',s,'UW'
not,'N AA T',s,'AA'
to,'T UW',s,'UW'
resist,'r IH S IH S T',s,'IH IH'
both,'B OW TH',s,''
and,'AH N D',s,''
this,'DH IH S',s,'IH'
man,'M AE N',s,'AE'
see,'S IY',s,'IY'
the,'DH AH',s,''
stand,'S T AE N D',s,'AE'
of,'AH V',s,''
lord,'L AO R D',s,'AO'
and,'AH N D',s,''
the,'DH AH',s,''
rest,'R EH S T',s,''
stand,'S T AE N D',s,'AE'
you,'Y UW',s,'UW'
thus,'DH ɤ S',s,''
to,'T UW',s,'UW'
steal,'S T IY L',s,'IY'
the,'DH AH',s,''
deer,'D IY R',s,'IY'
but,'B AH T',s,''
shall,'SH AE L',s,'AE'
we,'W IY',s,'IY'
then,'DH EH N',s,''
i,'AY',s,'AY'
will,'W IH L',s,'IH'
huntsman,'HH AH N T S M AH N',s,''
what,'W AH T',s,''
thou,'DH AW',s,''
wilt,'W IH L T',s,'IH'
thou,'DH AW',s,''
go,'G OW',s,''
bishop,'B IH SH AH P',s,'IH'
shield,'SH IY L D',s,'IY'
thee,'DH IY',s,'IY'
from,'F R AH M',s,''
frown,'F r ǝ UH N',s,'UH'
and,'AH N D',s,''
that,'DH AE T',s,'AE'
i,'AY',s,'AY'
repossess,'R IY P AH Z EH S',s,'IY'
the,'DH AH',s,''
crown,'K r ǝ UH N',s,'UH'
lord,'L AO R D',s,'AO'
and,'AH N D',s,''
the,'DH AH',s,''
rest,'R EH S T',s,''
yet,'Y EH T',s,''
thus,'DH ɤ S',s,''
far,'F AA R',s,'AA'
us,'AH S',s,''
amends,'AH M EH N D Z',s,''
and,'AH N D',s,''
that,'DH AE T',s,'AE'
i,'AY',s,'AY'
shall,'SH AE L',s,'AE'
my,'M AY',s,'AY'
wand,'W AA N D',s,'AA'
for,'F AO R',s,'AO'
regal,'r IY G AA L',s,'IY AA'
crown,'K r ǝ UH N',s,'UH'
well,'W EH L',s,''
we,'W IY',s,'IY'
passed,'P AW S IH D',s,'IH'
and,'AH N D',s,''
the,'DH AH',s,''
seas,'S IY Z',s,'IY'
and,'AH N D',s,''
from,'F R AH M',s,''
what,'W AH T',s,''
then,'DH EH N',s,''
remains,'r IH M EH N Z',s,'IH'
we,'W IY',s,'IY'
being,'B IY IH NG',s,'IY IH'
thus,'DH ɤ S',s,''
from,'F R AH M',s,''
haven,'HH EY V AH N',s,'EY'
the,'DH AH',s,''
of,'AH V',s,''
york,'Y AO R K',s,'AO'
but,'B AH T',s,''
that,'DH AE T',s,'AE'
we,'W IY',s,'IY'
enter,'e N T ǝ R',s,''
as,'AE Z',s,'AE'
into,'IH N T UW',s,'IH UW'
our,'OW R',s,''
dukedom,'D Y UW K D ǝ M',s,'UW'
tush,'T UH SH',s,'UH'
man,'M AE N',s,'AE'
must,'M AH S T',s,''
not,'N AA T',s,'AA'
us,'AH S',s,''
by,'B AY',s,'AY'
fair,'F EH R',s,''
or,'AO R',s,'AO'
means,'M IY N Z',s,'IY'
we,'W IY',s,'IY'
must,'M AH S T',s,''
enter,'e N T ǝ R',s,''
in,'IH N',s,'IH'
for,'F AO R',s,'AO'
will,'W IH L',s,'IH'
our,'OW R',s,''
friends,'F R EH N D Z',s,''
repair,'r IH P EH R',s,'IH'
to,'T UW',s,'UW'
us,'AH S',s,''
but,'B AH T',s,''
master,'M AW S T ǝ R',s,''
if,'IH F',s,'IH'
henry,'HH EH N R IY',s,'IY'
be,'B IY',s,'IY'
your,'Y AO R',s,'AO'
yet,'Y EH T',s,''
edward,'e D W ǝ R D',s,''
at,'AE T',s,'AE'
the,'DH AH',s,''
least,'L IY S T',s,'IY'
is,'IH Z',s,'IH'
of,'AH V',s,''
york,'Y AO R K',s,'AO'
whhy,'ʍ ǝ IH',s,'IH'
and,'AH N D',s,''
i,'AY',s,'AY'
but,'B AH T',s,''
my,'M AY',s,'AY'
dukedom,'D Y UW K D ǝ M',s,'UW'
as,'AE Z',s,'AE'
being,'B IY IH NG',s,'IY IH'
well,'W EH L',s,''
content,'K ǝ N T e N T',s,''
with,'W IH DH',s,'IH'
that,'DH AE T',s,'AE'
so,'S OW',s,''
master,'M AW S T ǝ R',s,''
must,'M AH S T',s,''
not,'N AA T',s,'AA'
be,'B IY',s,'IY'
shut,'SH AH T',s,''
but,'B AH T',s,''
in,'IH N',s,'IH'
the,'DH AH',s,''
or,'AO R',s,'AO'
in,'IH N',s,'IH'
the,'DH AH',s,''
of,'AH V',s,''
war,'W AO R',s,'AO'
what,'W AH T',s,''
fear,'F IY R',s,'IY'
not,'N AA T',s,'AA'
man,'M AE N',s,'AE'
but,'B AH T',s,''
yield,'Y IY L D',s,'IY'
me,'M IY',s,'IY'
up,'AH P',s,''
the,'DH AH',s,''
for,'F AO R',s,'AO'
edward,'e D W ǝ R D',s,''
will,'W IH L',s,'IH'
defend,'D IH F EH N D',s,'IH'
the,'DH AH',s,''
and,'AH N D',s,''
thee,'DH IY',s,'IY'
and,'AH N D',s,''
all,'AA L',s,'AA'
friends,'F R EH N D Z',s,''
that,'DH AE T',s,'AE'
to,'T UW',s,'UW'
me,'M IY',s,'IY'
but,'B AH T',s,''
whhy,'ʍ ǝ IH',s,'IH'
you,'Y UW',s,'UW'
in,'IH N',s,'IH'
arms,'AA R M Z',s,'AA'
thanks,'TH AE NG K S',s,'AE'
good,'G UH D',s,'UH'
but,'B AH T',s,''
we,'W IY',s,'IY'
our,'OW R',s,''
to,'T UW',s,'UW'
the,'DH AH',s,''
crown,'K r ǝ UH N',s,'UH'
and,'AH N D',s,''
only,'OW N L IY',s,'IY'
claim,'K L EH M',s,''
our,'OW R',s,''
dukedom,'D Y UW K D ǝ M',s,'UW'
till,'T IH L',s,'IH'
god,'G AA D',s,'AA'
to,'T UW',s,'UW'
send,'S EH N D',s,''
the,'DH AH',s,''
rest,'R EH S T',s,''
a,'AH',s,''
and,'AH N D',s,''
by,'B AY',s,'AY'
what,'W AH T',s,''
means,'M IY N Z',s,'IY'
the,'DH AH',s,''
crown,'K r ǝ UH N',s,'UH'
be,'B IY',s,'IY'
when,'ʍ e N',s,''
we,'W IY',s,'IY'
stronger,'S T r ɒ NG G ǝ R',s,''
then,'DH EH N',s,''
our,'OW R',s,''
claim,'K L EH M',s,''
till,'T IH L',s,'IH'
then,'DH EH N',s,''
wisdom,'W IH Z D AH M',s,'IH'
to,'T UW',s,'UW'
conceal,'K AH N S IY L',s,'IY'
our,'OW R',s,''
then,'DH EH N',s,''
be,'B IY',s,'IY'
it,'IH T',s,'IH'
as,'AE Z',s,'AE'
you,'Y UW',s,'UW'
will,'W IH L',s,'IH'
for,'F AO R',s,'AO'
my,'M AY',s,'AY'
and,'AH N D',s,''
henry,'HH EH N R IY',s,'IY'
but,'B AH T',s,''
usurps,'Y UW S ER P S',s,'UW'
the,'DH AH',s,''
thanks,'TH AE NG K S',s,'AE'
and,'AH N D',s,''
thanks,'TH AE NG K S',s,'AE'
unto,'AH N T UW',s,'UW'
you,'Y UW',s,'UW'
all,'AA L',s,'AA'
if,'IH F',s,'IH'
seve,'S ER V',s,''
me,'M IY',s,'IY'
this,'DH IH S',s,'IH'
kindness,'K AY N D N AH S',s,'AY'
for,'F AO R',s,'AO'
this,'DH IH S',s,'IH'
in,'IH N',s,'IH'
york,'Y AO R K',s,'AO'
and,'AH N D',s,''
when,'ʍ e N',s,''
the,'DH AH',s,''
sun,'S AH N',s,''
shall,'SH AE L',s,'AE'
his,'HH IH Z',s,'IH'
car,'K AW R',s,''
the,'DH AH',s,''
border,'B AO R D ə R',s,'AO'
of,'AH V',s,''
this,'DH IH S',s,'IH'
horizon,'ɒ r IH ˌ Z ɒ N',s,'IH'
towards,'T AH W AO R D Z',s,'AO'
and,'AH N D',s,''
his,'HH IH Z',s,'IH'
for,'F AO R',s,'AO'
well,'W EH L',s,''
i,'AY',s,'AY'
that,'DH AE T',s,'AE'
henry,'HH EH N R IY',s,'IY'
is,'IH Z',s,'IH'
no,'N OW',s,''
evil,'e V IH L',s,'IH'
it,'IH T',s,'IH'
thee,'DH IY',s,'IY'
to,'T UW',s,'UW'
henry,'HH EH N R IY',s,'IY'
and,'AH N D',s,''
yet,'Y EH T',s,''
as,'AE Z',s,'AE'
we,'W IY',s,'IY'
meet,'M IY T',s,'IY'
both,'B OW TH',s,''
thee,'DH IY',s,'IY'
and,'AH N D',s,''
on,'AA N',s,'AA'
doubt,'D ǝ UH T',s,'UH'
not,'N AA T',s,'AA'
of,'AH V',s,''
the,'DH AH',s,''
and,'AH N D',s,''
that,'DH AE T',s,'AE'
gotten,'G AA T AH N',s,'AA'
doubt,'D ǝ UH T',s,'UH'
not,'N AA T',s,'AA'
of,'AH V',s,''
on,'AA N',s,'AA'
the,'DH AH',s,''
henry,'HH EH N R IY',s,'IY'
bear,'B EH R',s,''
him,'HH IH M',s,'IH'
and,'AH N D',s,''
again,'ǝ ɡ EH N',s,''
proclaim,'P R OW K L EY M',s,'EY'
us,'AH S',s,''
of,'AH V',s,''
england,'IH NG G L AH N D',s,'IH'
you,'Y UW',s,'UW'
the,'DH AH',s,''
that,'DH AE T',s,'AE'
small,'S M AO L',s,'AO'
brooks,'B R UH K S',s,'UH'
to,'T UW',s,'UW'
stops,'S T AA P S',s,'AA'
my,'M AY',s,'AY'
sea,'S IY',s,'IY'
shall,'SH AE L',s,'AE'
suck,'S ɤ K',s,''
them,'DH EH M',s,''
and,'AH N D',s,''
swell,'S W EH L',s,''
so,'S OW',s,''
the,'DH AH',s,''
by,'B AY',s,'AY'
their,'DH EH R',s,''
ebb,'EH B',s,''
with,'W IH DH',s,'IH'
him,'HH IH M',s,'IH'
to,'T UW',s,'UW'
the,'DH AH',s,''
let,'L EH T',s,''
him,'HH IH M',s,'IH'
not,'N AA T',s,'AA'
speak,'S P IY K',s,'IY'
and,'AH N D',s,''
lords,'L AO R D Z',s,'AO'
towards,'T AH W AO R D Z',s,'AO'
coventry,'K AH V AH N T R IY',s,'IY'
bend,'B EH N D',s,''
we,'W IY',s,'IY'
our,'OW R',s,''
remains,'r IH M EH N Z',s,'IH'
the,'DH AH',s,''
sun,'S AH N',s,''
hot,'HH AA T',s,'AA'
and,'AH N D',s,''
if,'IH F',s,'IH'
we,'W IY',s,'IY'
cold,'K OW L D',s,''
mars,'M AA R Z',s,'AA'
our,'OW R',s,''
go,'G OW',s,''
trumpet,'T R AH M P AH T',s,''
to,'T UW',s,'UW'
the,'DH AH',s,''
and,'AH N D',s,''
a,'AH',s,''
wilt,'W IH L T',s,'IH'
thou,'DH AW',s,''
the,'DH AH',s,''
speak,'S P IY K',s,'IY'
and,'AH N D',s,''
humbly,'HH AH M B L IY',s,'IY'
bend,'B EH N D',s,''
call,'K AO L',s,'AO'
edward,'e D W ǝ R D',s,''
and,'AH N D',s,''
at,'AE T',s,'AE'
his,'HH IH Z',s,'IH'
beg,'B EH G',s,''
and,'AH N D',s,''
he,'HH IY',s,'IY'
shall,'SH AE L',s,'AE'
pardon,'P AA R D ǝ N',s,'AA'
thee,'DH IY',s,'IY'
outrages,'AW T R EY JH IH Z',s,'EY IH'
whhy,'ʍ ǝ IH',s,'IH'
then,'DH EH N',s,''
if,'IH F',s,'IH'
but,'B AH T',s,''
by,'B AY',s,'AY'
gift,'G IH F T',s,'IH'
but,'B AH T',s,''
is,'IH Z',s,'IH'
and,'AH N D',s,''
gallant,'G AE L AH N T',s,'AE'
do,'D OW',s,''
but,'B AH T',s,''
this,'DH IH S',s,'IH'
what,'W AH T',s,''
is,'IH Z',s,'IH'
the,'DH AH',s,''
body,'B AA D IY',s,'AA IY'
when,'ʍ e N',s,''
the,'DH AH',s,''
is,'IH Z',s,'IH'
off,'AO F',s,'AO'
even,'IY V IH N',s,'IY IH'
so,'S OW',s,''
yet,'Y EH T',s,''
you,'Y UW',s,'UW'
still,'S T IH L',s,'IH'
sail,'S EH L',s,''
thou,'DH AW',s,''
and,'AH N D',s,''
friend,'F R EH N D',s,''
this,'DH IH S',s,'IH'
fast,'F AW S T',s,''
hair,'HH EH R',s,''
shall,'SH AE L',s,'AE'
is,'IH Z',s,'IH'
warm,'W AA R M',s,'AA'
and,'AH N D',s,''
cut,'K ɤ T',s,''
off,'AO F',s,'AO'
in,'IH N',s,'IH'
the,'DH AH',s,''
dust,'D AH S T',s,''
this,'DH IH S',s,'IH'
with,'W IH DH',s,'IH'
blood,'B L AH D',s,''
can,'K AE N',s,'AE'
no,'N OW',s,''
so,'S OW',s,''
foes,'F OW Z',s,''
set,'S EH T',s,''
upon,'AH P AA N',s,'AA'
our,'OW R',s,''
stand,'S T AE N D',s,'AE'
we,'W IY',s,'IY'
in,'IH N',s,'IH'
good,'G UH D',s,'UH'
for,'F AO R',s,'AO'
no,'N OW',s,''
doubt,'D ǝ UH T',s,'UH'
will,'W IH L',s,'IH'
out,'AW T',s,''
again,'ǝ ɡ EH N',s,''
and,'AH N D',s,''
bid,'B IH D',s,'IH'
us,'AH S',s,''
if,'IH F',s,'IH'
not,'N AA T',s,'AA'
the,'DH AH',s,''
being,'B IY IH NG',s,'IY IH'
but,'B AH T',s,''
of,'AH V',s,''
small,'S M AO L',s,'AO'
the,'DH AH',s,''
in,'IH N',s,'IH'
the,'DH AH',s,''
the,'DH AH',s,''
harder,'AA R D · ǝ R',s,'AA'
the,'DH AH',s,''
greater,'G r e T ǝ R',s,''
my,'M AY',s,'AY'
gain,'G EH N',s,''
and,'AH N D',s,''
and,'AH N D',s,''
ten,'T EH N',s,''
than,'DH AE N',s,'AE'
if,'IH F',s,'IH'
thou,'DH AW',s,''
never,'N e V ǝ R',s,''
deserved,'D IH Z ɐ R V IH D',s,'IH IH'
our,'OW R',s,''
what,'W AH T',s,''
wilt,'W IH L T',s,'IH'
thou,'DH AW',s,''
the,'DH AH',s,''
and,'AH N D',s,''
or,'AO R',s,'AO'
shall,'SH AE L',s,'AE'
we,'W IY',s,'IY'
beat,'B IY T',s,'IY'
the,'DH AH',s,''
ears,'IY R Z',s,'IY'
yes,'Y IH S',s,'IH'
edward,'e D W ǝ R D',s,''
and,'AH N D',s,''
leads,'L IY D Z',s,'IY'
the,'DH AH',s,''
lords,'L AO R D Z',s,'AO'
to,'T UW',s,'UW'
the,'DH AH',s,''
field,'F IY L D',s,'IY'
saint,'S EY N T',s,'EY'
and,'AH N D',s,''
so,'S OW',s,''
thou,'DH AW',s,''
thou,'DH AW',s,''
and,'AH N D',s,''
our,'OW R',s,''
fear,'F IY R',s,'IY'
for,'F AO R',s,'AO'
was,'W AA Z',s,'AA'
a,'AH',s,''
bug,'B ɤ G',s,''
that,'DH AE T',s,'AE'
us,'AH S',s,''
all,'AA L',s,'AA'
sit,'S IH T',s,'IH'
fast,'F AW S T',s,''
i,'AY',s,'AY'
seek,'S IY K',s,'IY'
for,'F AO R',s,'AO'
thee,'DH IY',s,'IY'
that,'DH AE T',s,'AE'
keep,'K IY P',s,'IY'
company,'K AH M P AH N IY',s,'IY'
thus,'DH ɤ S',s,''
far,'F AA R',s,'AA'
our,'OW R',s,''
keeps,'K IY P S',s,'IY'
an,'AE N',s,'AE'
and,'AH N D',s,''
we,'W IY',s,'IY'
with,'W IH DH',s,'IH'
of,'AH V',s,''
but,'B AH T',s,''
in,'IH N',s,'IH'
the,'DH AH',s,''
midst,'M IH D S T',s,'IH'
of,'AH V',s,''
this,'DH IH S',s,'IH'
i,'AY',s,'AY'
a,'AH',s,''
black,'B L AE K',s,'AE'
that,'DH AE T',s,'AE'
will,'W IH L',s,'IH'
with,'W IH DH',s,'IH'
our,'OW R',s,''
sun,'S AH N',s,''
he,'HH IY',s,'IY'
attain,'ǝ T EH N',s,''
his,'HH IH Z',s,'IH'
western,'W e S T ǝ R N',s,''
bed,'B EH D',s,''
i,'AY',s,'AY'
mean,'M IY N',s,'IY'
my,'M AY',s,'AY'
lords,'L AO R D Z',s,'AO'
that,'DH AE T',s,'AE'
the,'DH AH',s,''
hath,'HH AE TH',s,'AE'
in,'IH N',s,'IH'
our,'OW R',s,''
coast,'K OW S T',s,''
and,'AH N D',s,''
as,'AE Z',s,'AE'
we,'W IY',s,'IY'
on,'AA N',s,'AA'
to,'T UW',s,'UW'
with,'W IH DH',s,'IH'
us,'AH S',s,''
we,'W IY',s,'IY'
by,'B AY',s,'AY'
our,'OW R',s,''
friends,'F R EH N D Z',s,''
that,'DH AE T',s,'AE'
do,'D OW',s,''
their,'DH EH R',s,''
we,'W IY',s,'IY'
the,'DH AH',s,''
best,'B EH S T',s,''
at,'AE T',s,'AE'
barnet,'B AA R N IH T',s,'AA IH'
field,'F IY L D',s,'IY'
will,'W IH L',s,'IH'
for,'F AO R',s,'AO'
rids,'R IH D Z',s,'IH'
and,'AH N D',s,''
as,'AE Z',s,'AE'
we,'W IY',s,'IY'
our,'OW R',s,''
strength,'S T R EH NG K TH',s,''
will,'W IH L',s,'IH'
be,'B IY',s,'IY'
augmented,'AA G M EH N T AH D',s,'AA'
in,'IH N',s,'IH'
every,'e V r ǝ IH',s,'IH'
county,'K AW N T IY',s,'IY'
as,'AE Z',s,'AE'
we,'W IY',s,'IY'
go,'G OW',s,''
up,'AH P',s,''
the,'DH AH',s,''
drum,'D R AH M',s,''
and,'AH N D',s,''
followers,'F ɒ L ǝ W ǝ R Z',s,''
stands,'S T AE N D Z',s,'AE'
the,'DH AH',s,''
thorny,'TH AO R N IY',s,'AO IY'
wood,'W UH D',s,'UH'
by,'B AY',s,'AY'
the,'DH AH',s,''
and,'AH N D',s,''
your,'Y AO R',s,'AO'
strength,'S T R EH NG K TH',s,''
must,'M AH S T',s,''
by,'B AY',s,'AY'
the,'DH AH',s,''
roots,'R UW T S',s,'UW'
be,'B IY',s,'IY'
hewn,'HH Y UW N',s,'UW'
up,'AH P',s,''
yet,'Y EH T',s,''
i,'AY',s,'AY'
need,'N IY D',s,'IY'
not,'N AA T',s,'AA'
add,'AE D',s,'AE'
to,'T UW',s,'UW'
your,'Y AO R',s,'AO'
for,'F AO R',s,'AO'
well,'W EH L',s,''
i,'AY',s,'AY'
you,'Y UW',s,'UW'
to,'T UW',s,'UW'
them,'DH EH M',s,''
out,'AW T',s,''
signal,'S IH G N AA L',s,'IH AA'
to,'T UW',s,'UW'
the,'DH AH',s,''
and,'AH N D',s,''
to,'T UW',s,'UW'
it,'IH T',s,'IH'
lords,'L AO R D Z',s,'AO'
a,'AH',s,''
of,'AH V',s,''
with,'W IH DH',s,'IH'
to,'T UW',s,'UW'
for,'F AO R',s,'AO'
off,'AO F',s,'AO'
with,'W IH DH',s,'IH'
his,'HH IH Z',s,'IH'
guilty,'G IH L T IY',s,'IH IY'
go,'G OW',s,''
bear,'B EH R',s,''
them,'DH EH M',s,''
i,'AY',s,'AY'
will,'W IH L',s,'IH'
not,'N AA T',s,'AA'
them,'DH EH M',s,''
speak,'S P IY K',s,'IY'
is,'IH Z',s,'IH'
proclamation,'P R AA K L AH M EY SH AH N',s,'AA EY'
that,'DH AE T',s,'AE'
who,'HH UW',s,'UW'
edward,'e D W ǝ R D',s,''
shall,'SH AE L',s,'AE'
a,'AH',s,''
reward,'r IH W AA R D',s,'IH AA'
and,'AH N D',s,''
he,'HH IY',s,'IY'
his,'HH IH Z',s,'IH'
forth,'F AO R TH',s,'AO'
the,'DH AH',s,''
gallant,'G AE L AH N T',s,'AE'
let,'L EH T',s,''
us,'AH S',s,''
him,'HH IH M',s,'IH'
speak,'S P IY K',s,'IY'
what,'W AH T',s,''
can,'K AE N',s,'AE'
so,'S OW',s,''
a,'AH',s,''
thorn,'TH AO R N',s,'AO'
begin,'B IH G IH N',s,'IH IH'
to,'T UW',s,'UW'
prick,'P R IH K',s,'IH'
edward,'e D W ǝ R D',s,''
what,'W AH T',s,''
satisfaction,'S AE T AH S F AE K SH AH N',s,'AE AE'
thou,'DH AW',s,''
for,'F AO R',s,'AO'
arms,'AA R M Z',s,'AA'
for,'F AO R',s,'AO'
up,'AH P',s,''
my,'M AY',s,'AY'
subjects,'S AH B JH IH K T S',s,'IH'
and,'AH N D',s,''
all,'AA L',s,'AA'
the,'DH AH',s,''
thou,'DH AW',s,''
hast,'HH AE S T',s,'AE'
turned,'T ɐ R N IH D',s,'IH'
me,'M IY',s,'IY'
to,'T UW',s,'UW'
or,'AO R',s,'AO'
i,'AY',s,'AY'
will,'W IH L',s,'IH'
your,'Y AO R',s,'AO'
that,'DH AE T',s,'AE'
the,'DH AH',s,''
of,'AH V',s,''
this,'DH IH S',s,'IH'
for,'F AO R',s,'AO'
we,'W IY',s,'IY'
too,'T UW',s,'UW'
what,'W AH T',s,''
doth,'D AO TH',s,'AO'
she,'SH IY',s,'IY'
swoon,'S W UW N',s,'UW'
means,'M IY N Z',s,'IY'
for,'F AO R',s,'AO'
recovery,'r IH K ɤ V r ǝ IH',s,'IH IH'
with,'W IH DH',s,'IH'
go,'G OW',s,''
bear,'B EH R',s,''
perfoce,'P ER F AO R S',s,'AO'
i,'AY',s,'AY'
i,'AY',s,'AY'
you,'Y UW',s,'UW'
bear,'B EH R',s,''
sudden,'S AH D AH N',s,''
if,'IH F',s,'IH'
a,'AH',s,''
in,'IH N',s,'IH'
his,'HH IH Z',s,'IH'
we,'W IY',s,'IY'
the,'DH AH',s,''
common,'K AA M AH N',s,'AA'
sort,'S AO R T',s,'AO'
with,'W IH DH',s,'IH'
and,'AH N D',s,''
thanks,'TH AE NG K S',s,'AE'
and,'AH N D',s,''
to,'T UW',s,'UW'
london,'L AH N D AH N',s,''
and,'AH N D',s,''
see,'S IY',s,'IY'
our,'OW R',s,''
well,'W EH L',s,''
she,'SH IY',s,'IY'
by,'B AY',s,'AY'
this,'DH IH S',s,'IH'
i,'AY',s,'AY'
she,'SH IY',s,'IY'
hath,'HH AE TH',s,'AE'
a,'AH',s,''
son,'S AO ̃',s,'AO'
for,'F AO R',s,'AO'
me,'M IY',s,'IY'
we,'W IY',s,'IY'
sit,'S IH T',s,'IH'
in,'IH N',s,'IH'
thhrne,'TH r OW N',s,''
with,'W IH DH',s,'IH'
the,'DH AH',s,''
blood,'B L AH D',s,''
of,'AH V',s,''
enemies,'EH N AH M IY Z',s,'IY'
what,'W AH T',s,''
to,'T UW',s,'UW'
corn,'K AO R N',s,'AO'
we,'W IY',s,'IY'
down,'D ǝ UH N',s,'UH'
in,'IH N',s,'IH'
tops,'T AA P S',s,'AA'
of,'AH V',s,''
all,'AA L',s,'AA'
their,'DH EH R',s,''
of,'AH V',s,''
for,'F AO R',s,'AO'
hardy,'HH AA R D IY',s,'AA IY'
and,'AH N D',s,''
undoubted,'ɤ N D ǝ UH T IH D',s,'UH IH'
as,'AE Z',s,'AE'
the,'DH AH',s,''
and,'AH N D',s,''
the,'DH AH',s,''
son,'S AO ̃',s,'AO'
and,'AH N D',s,''
men,'M EH N',s,''
their,'DH EH R',s,''
at,'AE T',s,'AE'
the,'DH AH',s,''
with,'W IH DH',s,'IH'
them,'DH EH M',s,''
the,'DH AH',s,''
bears,'B EH R Z',s,''
and,'AH N D',s,''
that,'DH AE T',s,'AE'
in,'IH N',s,'IH'
their,'DH EH R',s,''
the,'DH AH',s,''
and,'AH N D',s,''
the,'DH AH',s,''
forest,'F AO R AH S T',s,'AO'
when,'ʍ e N',s,''
thus,'DH ɤ S',s,''
we,'W IY',s,'IY'
swept,'S W EH P T',s,''
suspicion,'S AH S P IH SH AH N',s,'IH'
from,'F R AH M',s,''
our,'OW R',s,''
seat,'S IY T',s,'IY'
and,'AH N D',s,''
our,'OW R',s,''
footstool,'F UH T S T UH L',s,'UH UH'
of,'AH V',s,''
bess,'B EH S',s,''
and,'AH N D',s,''
let,'L EH T',s,''
me,'M IY',s,'IY'
kiss,'K IH S',s,'IH'
my,'M AY',s,'AY'
ned,'N EH D',s,''
for,'F AO R',s,'AO'
thee,'DH IY',s,'IY'
uncles,'AH NG K AH L Z',s,''
and,'AH N D',s,''
myself,'M AY S EH L F',s,'AY'
in,'IH N',s,'IH'
our,'OW R',s,''
the,'DH AH',s,''
went,'W EH N T',s,''
all,'AA L',s,'AA'
afoot,'AH F UH T',s,'UH'
in,'IH N',s,'IH'
scalding,'S K AO L D IH N',s,'AO IH'
that,'DH AE T',s,'AE'
thou,'DH AW',s,''
repossess,'R IY P AH Z EH S',s,'IY'
the,'DH AH',s,''
crown,'K r ǝ UH N',s,'UH'
in,'IH N',s,'IH'
and,'AH N D',s,''
of,'AH V',s,''
our,'OW R',s,''
thou,'DH AW',s,''
shalt,'SH AE L T',s,'AE'
reap,'R IY P',s,'IY'
the,'DH AH',s,''
gain,'G EH N',s,''
and,'AH N D',s,''
my,'M AY',s,'AY'
lovely,'L ɤ V L ǝ IH',s,'IH'
and,'AH N D',s,''
kiss,'K IH S',s,'IH'
your,'Y AO R',s,'AO'
princely,'P r IH N S L ǝ IH',s,'IH IH'
both,'B OW TH',s,''
thanks,'TH AE NG K S',s,'AE'
thanks,'TH AE NG K S',s,'AE'
am,'AE M',s,'AE'
i,'AY',s,'AY'
seated,'S IY T AH D',s,'IY'
as,'AE Z',s,'AE'
my,'M AY',s,'AY'
soul,'S OW L',s,''
my,'M AY',s,'AY'
and,'AH N D',s,''
with,'W IH DH',s,'IH'
and,'AH N D',s,''
waft,'W AA F T',s,'AA'
to,'T UW',s,'UW'
and,'AH N D',s,''
what,'W AH T',s,''
rests,'R EH S T S',s,''
but,'B AH T',s,''
that,'DH AE T',s,'AE'
we,'W IY',s,'IY'
spend,'S P EH N D',s,''
the,'DH AH',s,''
with,'W IH DH',s,'IH'
stately,'S T EH T L ǝ IH',s,'IH'
comic,'K AA M IH K',s,'AA IH'
as,'AE Z',s,'AE'
befits,'B IH F IH T S',s,'IH IH'
the,'DH AH',s,''
pleasre,'P L EH ZH ER',s,''
of,'AH V',s,''
the,'DH AH',s,''
court,'K AO R T',s,'AO'
drums,'D R AH M Z',s,''
and,'AH N D',s,''
trumpets,'T R AH M P AH T S',s,''
sour,'S OW R',s,''
annoy,'ǝ N ǝ IH',s,'IH'
for,'F AO R',s,'AO'
i,'AY',s,'AY'
begins,'B IH G IH N Z',s,'IH IH'
our,'OW R',s,''
