i,'AY',s,'AY'
you,'Y UW',s,'UW'
is,'IH Z',s,'IH'
mountanto,'M ɒ N T AW N T OW',s,''
returned,'r IH T ɐ R N IH D',s,'IH IH'
from,'F R AH M',s,''
the,'DH AH',s,''
wars,'W AO R Z',s,'AO'
or,'AO R',s,'AO'
no,'N OW',s,''
he,'HH IY',s,'IY'
set,'S EH T',s,''
up,'AH P',s,''
his,'HH IH Z',s,'IH'
in,'IH N',s,'IH'
messina,'M IH S IY N AH',s,'IH IY'
and,'AH N D',s,''
at,'AE T',s,'AE'
the,'DH AH',s,''
and,'AH N D',s,''
my,'M AY',s,'AY'
fool,'F UH L',s,'UH'
the,'DH AH',s,''
subsccribed,'S ǝ B S K r ǝ IH B D',s,'IH'
for,'F AO R',s,'AO'
and,'AH N D',s,''
him,'HH IH M',s,'IH'
at,'AE T',s,'AE'
the,'DH AH',s,''
i,'AY',s,'AY'
you,'Y UW',s,'UW'
hath,'HH AE TH',s,'AE'
he,'HH IY',s,'IY'
and,'AH N D',s,''
eaten,'e T ǝ N',s,''
in,'IH N',s,'IH'
wars,'W AO R Z',s,'AO'
but,'B AH T',s,''
hath,'HH AE TH',s,'AE'
he,'HH IY',s,'IY'
for,'F AO R',s,'AO'
indeed,'IH N D IY D',s,'IH IY'
i,'AY',s,'AY'
to,'T UW',s,'UW'
eat,'IY T',s,'IY'
all,'AA L',s,'AA'
of,'AH V',s,''
his,'HH IH Z',s,'IH'
you,'Y UW',s,'UW'
had,'HH AE D',s,'AE'
musty,'M AH S T IY',s,'IY'
and,'AH N D',s,''
he,'HH IY',s,'IY'
hath,'HH AE TH',s,'AE'
to,'T UW',s,'UW'
eat,'IY T',s,'IY'
it,'IH T',s,'IH'
he,'HH IY',s,'IY'
is,'IH Z',s,'IH'
a,'AH',s,''
very,'V EH R IY',s,'IY'
he,'HH IY',s,'IY'
hath,'HH AE TH',s,'AE'
an,'AE N',s,'AE'
stomach,'S T AH M AH K',s,''
and,'AH N D',s,''
a,'AH',s,''
good,'G UH D',s,'UH'
to,'T UW',s,'UW'
a,'AH',s,''
lady,'L EY D IY',s,'EY IY'
but,'B AH T',s,''
what,'W AH T',s,''
is,'IH Z',s,'IH'
he,'HH IY',s,'IY'
to,'T UW',s,'UW'
a,'AH',s,''
lord,'L AO R D',s,'AO'
it,'IH T',s,'IH'
is,'IH Z',s,'IH'
so,'S OW',s,''
indeed,'IH N D IY D',s,'IH IY'
he,'HH IY',s,'IY'
is,'IH Z',s,'IH'
no,'N OW',s,''
less,'L EH S',s,''
than,'DH AE N',s,'AE'
a,'AH',s,''
man,'M AE N',s,'AE'
but,'B AH T',s,''
for,'F AO R',s,'AO'
the,'DH AH',s,''
we,'W IY',s,'IY'
all,'AA L',s,'AA'
mortal,'M AO R T AA L',s,'AO AA'
alas,'AH L AE S',s,'AE'
he,'HH IY',s,'IY'
gets,'G EH T S',s,''
by,'B AY',s,'AY'
that,'DH AE T',s,'AE'
in,'IH N',s,'IH'
our,'OW R',s,''
last,'L AE S T',s,'AE'
conflict,'K ɒ N F L IH K T',s,'IH'
four,'F AO R',s,'AO'
of,'AH V',s,''
his,'HH IH Z',s,'IH'
wits,'W IH T S',s,'IH'
went,'W EH N T',s,''
off,'AO F',s,'AO'
and,'AH N D',s,''
is,'IH Z',s,'IH'
the,'DH AH',s,''
man,'M AE N',s,'AE'
with,'W IH DH',s,'IH'
so,'S OW',s,''
that,'DH AE T',s,'AE'
if,'IH F',s,'IH'
he,'HH IY',s,'IY'
wit,'W IH T',s,'IH'
to,'T UW',s,'UW'
keep,'K IY P',s,'IY'
himself,'HH IH M S EH L F',s,'IH'
warm,'W AA R M',s,'AA'
let,'L EH T',s,''
him,'HH IH M',s,'IH'
bear,'B EH R',s,''
it,'IH T',s,'IH'
for,'F AO R',s,'AO'
a,'AH',s,''
between,'B IH T W IY N',s,'IH IY'
himself,'HH IH M S EH L F',s,'IH'
and,'AH N D',s,''
his,'HH IH Z',s,'IH'
for,'F AO R',s,'AO'
it,'IH T',s,'IH'
is,'IH Z',s,'IH'
all,'AA L',s,'AA'
the,'DH AH',s,''
wealth,'W EH L TH',s,''
that,'DH AE T',s,'AE'
he,'HH IY',s,'IY'
hath,'HH AE TH',s,'AE'
left,'L EH F T',s,''
to,'T UW',s,'UW'
be,'B IY',s,'IY'
a,'AH',s,''
creatre,'K R IY CH ER',s,'IY'
who,'HH UW',s,'UW'
is,'IH Z',s,'IH'
his,'HH IH Z',s,'IH'
he,'HH IY',s,'IY'
hath,'HH AE TH',s,'AE'
every,'e V r ǝ IH',s,'IH'
month,'M AH N TH',s,''
a,'AH',s,''
sworn,'S W AO R N',s,'AO'
very,'V EH R IY',s,'IY'
easily,'IY Z L ǝ IH',s,'IY IH'
he,'HH IY',s,'IY'
wears,'W EH R Z',s,''
his,'HH IH Z',s,'IH'
faith,'F EY TH',s,'EY'
but,'B AH T',s,''
as,'AE Z',s,'AE'
the,'DH AH',s,''
fashion,'F AE SH AH N',s,'AE'
of,'AH V',s,''
his,'HH IH Z',s,'IH'
it,'IH T',s,'IH'
with,'W IH DH',s,'IH'
the,'DH AH',s,''
block,'B L AA K',s,'AA'
no,'N OW',s,''
an,'AE N',s,'AE'
he,'HH IY',s,'IY'
wre,'W ER',s,''
i,'AY',s,'AY'
my,'M AY',s,'AY'
study,'S T AH D IY',s,'IY'
but,'B AH T',s,''
i,'AY',s,'AY'
you,'Y UW',s,'UW'
who,'HH UW',s,'UW'
is,'IH Z',s,'IH'
his,'HH IH Z',s,'IH'
is,'IH Z',s,'IH'
no,'N OW',s,''
that,'DH AE T',s,'AE'
will,'W IH L',s,'IH'
a,'AH',s,''
voyge,'V OY AH JH',s,''
with,'W IH DH',s,'IH'
him,'HH IH M',s,'IH'
to,'T UW',s,'UW'
the,'DH AH',s,''
devil,'D IH V ǝ L',s,'IH'
o,'OW',s,''
lord,'L AO R D',s,'AO'
he,'HH IY',s,'IY'
will,'W IH L',s,'IH'
upon,'AH P AA N',s,'AA'
him,'HH IH M',s,'IH'
a,'AH',s,''
he,'HH IY',s,'IY'
is,'IH Z',s,'IH'
sooner,'S UW N ǝ R',s,'UW'
than,'DH AE N',s,'AE'
the,'DH AH',s,''
and,'AH N D',s,''
the,'DH AH',s,''
taker,'T EH K ǝ R',s,''
runs,'R AH N Z',s,''
presently,'P R EH Z AH N T L IY',s,'IY'
mad,'M AE D',s,'AE'
god,'G AA D',s,'AA'
the,'DH AH',s,''
if,'IH F',s,'IH'
he,'HH IY',s,'IY'
the,'DH AH',s,''
benedick,'B EH N AH D IH K',s,'IH'
it,'IH T',s,'IH'
will,'W IH L',s,'IH'
cost,'K AA S T',s,'AA'
him,'HH IH M',s,'IH'
a,'AH',s,''
he,'HH IY',s,'IY'
be,'B IY',s,'IY'
cured,'K Y UW R D',s,'UW'
do,'D OW',s,''
good,'G UH D',s,'UH'
friend,'F R EH N D',s,''
no,'N OW',s,''
not,'N AA T',s,'AA'
till,'T IH L',s,'IH'
a,'AH',s,''
hot,'HH AA T',s,'AA'
i,'AY',s,'AY'
wonder,'W ɤ N D ǝ R',s,''
that,'DH AE T',s,'AE'
you,'Y UW',s,'UW'
will,'W IH L',s,'IH'
still,'S T IH L',s,'IH'
be,'B IY',s,'IY'
benedick,'B EH N AH D IH K',s,'IH'
marks,'M AA R K S',s,'AA'
you,'Y UW',s,'UW'
is,'IH Z',s,'IH'
it,'IH T',s,'IH'
disdain,'D IH S D EH N',s,'IH'
she,'SH IY',s,'IY'
hath,'HH AE TH',s,'AE'
meet,'M IY T',s,'IY'
food,'F UW D',s,'UW'
to,'T UW',s,'UW'
feed,'F IY D',s,'IY'
it,'IH T',s,'IH'
as,'AE Z',s,'AE'
benedick,'B EH N AH D IH K',s,'IH'
itself,'IH T S EH L F',s,'IH'
must,'M AH S T',s,''
convert,'K ǝ N V ɐ R T',s,''
to,'T UW',s,'UW'
disdain,'D IH S D EH N',s,'IH'
if,'IH F',s,'IH'
you,'Y UW',s,'UW'
in,'IH N',s,'IH'
a,'AH',s,''
dear,'D IY R',s,'IY'
happiness,'HH AE P IY N AH S',s,'AE IY'
to,'T UW',s,'UW'
women,'W IH M AH N',s,'IH'
been,'B IH N',s,'IH'
troubled,'T r ɤ B ǝ L D',s,''
with,'W IH DH',s,'IH'
a,'AH',s,''
suitor,'SH UW T ǝ R',s,'UW'
i,'AY',s,'AY'
thank,'TH AE NG K',s,'AE'
god,'G AA D',s,'AA'
and,'AH N D',s,''
my,'M AY',s,'AY'
cold,'K OW L D',s,''
blood,'B L AH D',s,''
i,'AY',s,'AY'
am,'AE M',s,'AE'
of,'AH V',s,''
your,'Y AO R',s,'AO'
humor,'HH Y UW M ER',s,'UW'
for,'F AO R',s,'AO'
that,'DH AE T',s,'AE'
i,'AY',s,'AY'
had,'HH AE D',s,'AE'
my,'M AY',s,'AY'
dog,'D AO G',s,'AO'
bark,'B AA R K',s,'AA'
at,'AE T',s,'AE'
a,'AH',s,''
than,'DH AE N',s,'AE'
a,'AH',s,''
man,'M AE N',s,'AE'
swear,'S W EH R',s,''
he,'HH IY',s,'IY'
me,'M IY',s,'IY'
not,'N AA T',s,'AA'
it,'IH T',s,'IH'
an,'AE N',s,'AE'
a,'AH',s,''
as,'AE Z',s,'AE'
yours,'Y UH R Z',s,'UH'
wre,'W ER',s,''
a,'AH',s,''
bird,'B ɐ R D',s,''
of,'AH V',s,''
my,'M AY',s,'AY'
is,'IH Z',s,'IH'
better,'B e T ə R',s,''
than,'DH AE N',s,'AE'
a,'AH',s,''
beast,'B e S T',s,''
of,'AH V',s,''
yours,'Y UH R Z',s,'UH'
you,'Y UW',s,'UW'
end,'EH N D',s,''
with,'W IH DH',s,'IH'
a,'AH',s,''
trick,'T R IH K',s,'IH'
i,'AY',s,'AY'
you,'Y UW',s,'UW'
of,'AH V',s,''
old,'OW L D',s,''
tartly,'T AA R T L IY',s,'AA IY'
that,'DH AE T',s,'AE'
gentleman,'JH EH N T AH L M AH N',s,''
looks,'L UH K S',s,'UH'
i,'AY',s,'AY'
never,'N e V ǝ R',s,''
can,'K AE N',s,'AE'
see,'S IY',s,'IY'
him,'HH IH M',s,'IH'
but,'B AH T',s,''
i,'AY',s,'AY'
am,'AE M',s,'AE'
an,'AE N',s,'AE'
after,'AW F T ǝ R',s,''
he,'HH IY',s,'IY'
wre,'W ER',s,''
an,'AE N',s,'AE'
man,'M AE N',s,'AE'
that,'DH AE T',s,'AE'
wre,'W ER',s,''
in,'IH N',s,'IH'
the,'DH AH',s,''
between,'B IH T W IY N',s,'IH IY'
him,'HH IH M',s,'IH'
and,'AH N D',s,''
benedick,'B EH N AH D IH K',s,'IH'
the,'DH AH',s,''
is,'IH Z',s,'IH'
too,'T UW',s,'UW'
an,'AE N',s,'AE'
and,'AH N D',s,''
and,'AH N D',s,''
the,'DH AH',s,''
too,'T UW',s,'UW'
my,'M AY',s,'AY'
eldest,'EH L D AH S T',s,''
son,'S AO ̃',s,'AO'
with,'W IH DH',s,'IH'
a,'AH',s,''
good,'G UH D',s,'UH'
leg,'L EH G',s,''
and,'AH N D',s,''
a,'AH',s,''
good,'G UH D',s,'UH'
foot,'F UH T',s,'UH'
and,'AH N D',s,''
in,'IH N',s,'IH'
his,'HH IH Z',s,'IH'
a,'AH',s,''
man,'M AE N',s,'AE'
win,'W IH N',s,'IH'
woman,'W UH M AH N',s,'UH'
in,'IH N',s,'IH'
the,'DH AH',s,''
if,'IH F',s,'IH'
he,'HH IY',s,'IY'
get,'G EH T',s,''
goodwill,'G UH D W IH L',s,'UH IH'
too,'T UW',s,'UW'
curst,'K ɐ R S T',s,''
is,'IH Z',s,'IH'
than,'DH AE N',s,'AE'
curst,'K ɐ R S T',s,''
i,'AY',s,'AY'
shall,'SH AE L',s,'AE'
lessen,'L EH S AH N',s,''
that,'DH AE T',s,'AE'
for,'F AO R',s,'AO'
it,'IH T',s,'IH'
is,'IH Z',s,'IH'
said,'S EH D',s,''
god,'G AA D',s,'AA'
sends,'S EH N D Z',s,''
a,'AH',s,''
curst,'K ɐ R S T',s,''
short,'SH AO R T',s,'AO'
horns,'HH AO R N Z',s,'AO'
but,'B AH T',s,''
to,'T UW',s,'UW'
a,'AH',s,''
too,'T UW',s,'UW'
curst,'K ɐ R S T',s,''
he,'HH IY',s,'IY'
sends,'S EH N D Z',s,''
if,'IH F',s,'IH'
he,'HH IY',s,'IY'
send,'S EH N D',s,''
me,'M IY',s,'IY'
no,'N OW',s,''
for,'F AO R',s,'AO'
the,'DH AH',s,''
i,'AY',s,'AY'
am,'AE M',s,'AE'
at,'AE T',s,'AE'
him,'HH IH M',s,'IH'
upon,'AH P AA N',s,'AA'
my,'M AY',s,'AY'
every,'e V r ǝ IH',s,'IH'
and,'AH N D',s,''
lord,'L AO R D',s,'AO'
i,'AY',s,'AY'
not,'N AA T',s,'AA'
a,'AH',s,''
with,'W IH DH',s,'IH'
a,'AH',s,''
beard,'B EH R D',s,''
on,'AA N',s,'AA'
his,'HH IH Z',s,'IH'
i,'AY',s,'AY'
had,'HH AE D',s,'AE'
in,'IH N',s,'IH'
the,'DH AH',s,''
woolen,'W UH L AH N',s,'UH'
what,'W AH T',s,''
i,'AY',s,'AY'
do,'D OW',s,''
with,'W IH DH',s,'IH'
him,'HH IH M',s,'IH'
dress,'D R EH S',s,''
him,'HH IH M',s,'IH'
in,'IH N',s,'IH'
my,'M AY',s,'AY'
apparel,'AH P AE R AH L',s,'AE'
and,'AH N D',s,''
him,'HH IH M',s,'IH'
my,'M AY',s,'AY'
gentlewoman,'JH EH N T AH L W UH M AH N',s,'UH'
he,'HH IY',s,'IY'
that,'DH AE T',s,'AE'
hath,'HH AE TH',s,'AE'
a,'AH',s,''
beard,'B EH R D',s,''
is,'IH Z',s,'IH'
than,'DH AE N',s,'AE'
a,'AH',s,''
youth,'Y UW TH',s,'UW'
and,'AH N D',s,''
he,'HH IY',s,'IY'
that,'DH AE T',s,'AE'
hath,'HH AE TH',s,'AE'
no,'N OW',s,''
beard,'B EH R D',s,''
is,'IH Z',s,'IH'
less,'L EH S',s,''
than,'DH AE N',s,'AE'
a,'AH',s,''
man,'M AE N',s,'AE'
and,'AH N D',s,''
he,'HH IY',s,'IY'
that,'DH AE T',s,'AE'
is,'IH Z',s,'IH'
than,'DH AE N',s,'AE'
a,'AH',s,''
youth,'Y UW TH',s,'UW'
is,'IH Z',s,'IH'
not,'N AA T',s,'AA'
for,'F AO R',s,'AO'
me,'M IY',s,'IY'
and,'AH N D',s,''
he,'HH IY',s,'IY'
that,'DH AE T',s,'AE'
is,'IH Z',s,'IH'
less,'L EH S',s,''
than,'DH AE N',s,'AE'
a,'AH',s,''
man,'M AE N',s,'AE'
i,'AY',s,'AY'
am,'AE M',s,'AE'
not,'N AA T',s,'AA'
for,'F AO R',s,'AO'
him,'HH IH M',s,'IH'
therefre,'DH EH R F AO R',s,'AO'
i,'AY',s,'AY'
will,'W IH L',s,'IH'
even,'IY V IH N',s,'IY IH'
in,'IH N',s,'IH'
earnest,'ɐ R N IH S T',s,'IH'
of,'AH V',s,''
the,'DH AH',s,''
and,'AH N D',s,''
lead,'L EH D',s,''
his,'HH IH Z',s,'IH'
into,'IH N T UW',s,'IH UW'
no,'N OW',s,''
but,'B AH T',s,''
to,'T UW',s,'UW'
the,'DH AH',s,''
and,'AH N D',s,''
will,'W IH L',s,'IH'
the,'DH AH',s,''
devil,'D IH V ǝ L',s,'IH'
meet,'M IY T',s,'IY'
me,'M IY',s,'IY'
an,'AE N',s,'AE'
old,'OW L D',s,''
with,'W IH DH',s,'IH'
horns,'HH AO R N Z',s,'AO'
on,'AA N',s,'AA'
his,'HH IH Z',s,'IH'
and,'AH N D',s,''
get,'G EH T',s,''
you,'Y UW',s,'UW'
to,'T UW',s,'UW'
heaven,'HH EH V AH N',s,''
get,'G EH T',s,''
you,'Y UW',s,'UW'
to,'T UW',s,'UW'
heaven,'HH EH V AH N',s,''
no,'N OW',s,''
for,'F AO R',s,'AO'
you,'Y UW',s,'UW'
maids,'M EY D Z',s,'EY'
so,'S OW',s,''
deliver,'D IH L IH V ǝ R',s,'IH IH'
i,'AY',s,'AY'
up,'AH P',s,''
my,'M AY',s,'AY'
and,'AH N D',s,''
to,'T UW',s,'UW'
saint,'S EY N T',s,'EY'
for,'F AO R',s,'AO'
the,'DH AH',s,''
heavens,'HH EH V AH N Z',s,''
he,'HH IY',s,'IY'
me,'M IY',s,'IY'
the,'DH AH',s,''
sit,'S IH T',s,'IH'
and,'AH N D',s,''
we,'W IY',s,'IY'
as,'AE Z',s,'AE'
merrry,'M e r ǝ IH',s,'IH'
as,'AE Z',s,'AE'
the,'DH AH',s,''
is,'IH Z',s,'IH'
yes,'Y IH S',s,'IH'
faith,'F EY TH',s,'EY'
it,'IH T',s,'IH'
is,'IH Z',s,'IH'
my,'M AY',s,'AY'
duty,'D UW T IY',s,'UW IY'
to,'T UW',s,'UW'
and,'AH N D',s,''
as,'AE Z',s,'AE'
it,'IH T',s,'IH'
you,'Y UW',s,'UW'
but,'B AH T',s,''
yet,'Y EH T',s,''
for,'F AO R',s,'AO'
all,'AA L',s,'AA'
that,'DH AE T',s,'AE'
cousin,'K AH Z AH N',s,''
let,'L EH T',s,''
him,'HH IH M',s,'IH'
be,'B IY',s,'IY'
a,'AH',s,''
handsme,'HH AE N S AH M',s,'AE'
or,'AO R',s,'AO'
another,'ǝ N ɤ DH ǝ R',s,''
and,'AH N D',s,''
as,'AE Z',s,'AE'
it,'IH T',s,'IH'
me,'M IY',s,'IY'
not,'N AA T',s,'AA'
till,'T IH L',s,'IH'
god,'G AA D',s,'AA'
men,'M EH N',s,''
of,'AH V',s,''
metal,'M EH T AH L',s,''
than,'DH AE N',s,'AE'
it,'IH T',s,'IH'
not,'N AA T',s,'AA'
a,'AH',s,''
woman,'W UH M AH N',s,'UH'
to,'T UW',s,'UW'
be,'B IY',s,'IY'
with,'W IH DH',s,'IH'
a,'AH',s,''
of,'AH V',s,''
dust,'D AH S T',s,''
to,'T UW',s,'UW'
an,'AE N',s,'AE'
of,'AH V',s,''
to,'T UW',s,'UW'
a,'AH',s,''
of,'AH V',s,''
marl,'M AA R L',s,'AA'
no,'N OW',s,''
sons,'S AH N Z',s,''
my,'M AY',s,'AY'
and,'AH N D',s,''
i,'AY',s,'AY'
it,'IH T',s,'IH'
a,'AH',s,''
sin,'S IH N',s,'IH'
to,'T UW',s,'UW'
in,'IH N',s,'IH'
my,'M AY',s,'AY'
the,'DH AH',s,''
fault,'F AO L T',s,'AO'
will,'W IH L',s,'IH'
be,'B IY',s,'IY'
in,'IH N',s,'IH'
the,'DH AH',s,''
cousin,'K AH Z AH N',s,''
if,'IH F',s,'IH'
you,'Y UW',s,'UW'
be,'B IY',s,'IY'
not,'N AA T',s,'AA'
wooed,'W UW D',s,'UW'
in,'IH N',s,'IH'
good,'G UH D',s,'UH'
if,'IH F',s,'IH'
the,'DH AH',s,''
be,'B IY',s,'IY'
too,'T UW',s,'UW'
important,'IH M P AO R T AH N T',s,'IH AO'
tell,'T EH L',s,''
him,'HH IH M',s,'IH'
is,'IH Z',s,'IH'
in,'IH N',s,'IH'
everything,'e V r ǝ IH ˌ TH IH NG',s,'IH IH'
and,'AH N D',s,''
so,'S OW',s,''
out,'AW T',s,''
the,'DH AH',s,''
for,'F AO R',s,'AO'
me,'M IY',s,'IY'
hero,'HH IH R OW',s,'IH'
wooing,'W UW IH N',s,'UW IH'
and,'AH N D',s,''
is,'IH Z',s,'IH'
as,'AE Z',s,'AE'
a,'AH',s,''
scotch,'S K AA CH',s,'AA'
jig,'JH IH G',s,'IH'
a,'AH',s,''
and,'AH N D',s,''
a,'AH',s,''
the,'DH AH',s,''
suit,'SH UW T',s,'UW'
is,'IH Z',s,'IH'
hot,'HH AA T',s,'AA'
and,'AH N D',s,''
hasty,'HH EY S T IY',s,'EY IY'
a,'AH',s,''
scotch,'S K AA CH',s,'AA'
jig,'JH IH G',s,'IH'
and,'AH N D',s,''
full,'F UH L',s,'UH'
as,'AE Z',s,'AE'
fantastical,'F AW N T AW S T IH K AA L',s,'IH AA'
the,'DH AH',s,''
modest,'M AA D AH S T',s,'AA'
as,'AE Z',s,'AE'
a,'AH',s,''
full,'F UH L',s,'UH'
of,'AH V',s,''
and,'AH N D',s,''
and,'AH N D',s,''
then,'DH EH N',s,''
and,'AH N D',s,''
with,'W IH DH',s,'IH'
his,'HH IH Z',s,'IH'
bad,'B AE D',s,'AE'
legs,'L EH G Z',s,''
into,'IH N T UW',s,'IH UW'
the,'DH AH',s,''
and,'AH N D',s,''
till,'T IH L',s,'IH'
he,'HH IY',s,'IY'
sink,'S IH NG K',s,'IH'
into,'IH N T UW',s,'IH UW'
his,'HH IH Z',s,'IH'
i,'AY',s,'AY'
a,'AH',s,''
good,'G UH D',s,'UH'
i,'AY',s,'AY'
can,'K AE N',s,'AE'
see,'S IY',s,'IY'
a,'AH',s,''
by,'B AY',s,'AY'
will,'W IH L',s,'IH'
you,'Y UW',s,'UW'
not,'N AA T',s,'AA'
tell,'T EH L',s,''
me,'M IY',s,'IY'
who,'HH UW',s,'UW'
told,'T OW L D',s,''
you,'Y UW',s,'UW'
so,'S OW',s,''
nor,'N AO R',s,'AO'
will,'W IH L',s,'IH'
you,'Y UW',s,'UW'
not,'N AA T',s,'AA'
tell,'T EH L',s,''
me,'M IY',s,'IY'
who,'HH UW',s,'UW'
you,'Y UW',s,'UW'
that,'DH AE T',s,'AE'
i,'AY',s,'AY'
was,'W AA Z',s,'AA'
disdainful,'D IH S D EY N F AH L',s,'IH EY'
and,'AH N D',s,''
that,'DH AE T',s,'AE'
i,'AY',s,'AY'
had,'HH AE D',s,'AE'
my,'M AY',s,'AY'
good,'G UH D',s,'UH'
wit,'W IH T',s,'IH'
out,'AW T',s,''
of,'AH V',s,''
the,'DH AH',s,''
merrry,'M e r ǝ IH',s,'IH'
well,'W EH L',s,''
this,'DH IH S',s,'IH'
was,'W AA Z',s,'AA'
benedick,'B EH N AH D IH K',s,'IH'
that,'DH AE T',s,'AE'
said,'S EH D',s,''
so,'S OW',s,''
i,'AY',s,'AY'
am,'AE M',s,'AE'
you,'Y UW',s,'UW'
him,'HH IH M',s,'IH'
well,'W EH L',s,''
did,'D IH D',s,'IH'
he,'HH IY',s,'IY'
never,'N e V ǝ R',s,''
you,'Y UW',s,'UW'
whhy,'ʍ ǝ IH',s,'IH'
he,'HH IY',s,'IY'
is,'IH Z',s,'IH'
the,'DH AH',s,''
a,'AH',s,''
very,'V EH R IY',s,'IY'
dull,'D ɤ L',s,''
fool,'F UH L',s,'UH'
only,'OW N L IY',s,'IY'
his,'HH IH Z',s,'IH'
gift,'G IH F T',s,'IH'
is,'IH Z',s,'IH'
in,'IH N',s,'IH'
slanders,'S L AO N D ǝ R Z',s,'AO'
but,'B AH T',s,''
in,'IH N',s,'IH'
him,'HH IH M',s,'IH'
and,'AH N D',s,''
the,'DH AH',s,''
is,'IH Z',s,'IH'
not,'N AA T',s,'AA'
in,'IH N',s,'IH'
his,'HH IH Z',s,'IH'
wit,'W IH T',s,'IH'
but,'B AH T',s,''
in,'IH N',s,'IH'
his,'HH IH Z',s,'IH'
for,'F AO R',s,'AO'
he,'HH IY',s,'IY'
both,'B OW TH',s,''
pleases,'P L IY Z IH Z',s,'IY IH'
men,'M EH N',s,''
and,'AH N D',s,''
angers,'AW NG ɡ ǝ R Z',s,''
them,'DH EH M',s,''
and,'AH N D',s,''
then,'DH EH N',s,''
at,'AE T',s,'AE'
him,'HH IH M',s,'IH'
and,'AH N D',s,''
beat,'B IY T',s,'IY'
him,'HH IH M',s,'IH'
i,'AY',s,'AY'
am,'AE M',s,'AE'
he,'HH IY',s,'IY'
is,'IH Z',s,'IH'
in,'IH N',s,'IH'
the,'DH AH',s,''
he,'HH IY',s,'IY'
had,'HH AE D',s,'AE'
boarded,'B AO R D IH D',s,'AO IH'
me,'M IY',s,'IY'
do,'D OW',s,''
do,'D OW',s,''
but,'B AH T',s,''
break,'B R EY K',s,'EY'
a,'AH',s,''
comparison,'K AH M P EH R AH S AH N',s,''
or,'AO R',s,'AO'
on,'AA N',s,'AA'
me,'M IY',s,'IY'
not,'N AA T',s,'AA'
or,'AO R',s,'AO'
not,'N AA T',s,'AA'
at,'AE T',s,'AE'
him,'HH IH M',s,'IH'
into,'IH N T UW',s,'IH UW'
and,'AH N D',s,''
then,'DH EH N',s,''
a,'AH',s,''
for,'F AO R',s,'AO'
the,'DH AH',s,''
fool,'F UH L',s,'UH'
will,'W IH L',s,'IH'
eat,'IY T',s,'IY'
no,'N OW',s,''
supper,'S ɤ P ǝ R',s,''
that,'DH AE T',s,'AE'
we,'W IY',s,'IY'
must,'M AH S T',s,''
the,'DH AH',s,''
leaders,'L IY D ǝ R Z',s,'IY'
if,'IH F',s,'IH'
lead,'L EH D',s,''
to,'T UW',s,'UW'
ill,'IH L',s,'IH'
i,'AY',s,'AY'
will,'W IH L',s,'IH'
them,'DH EH M',s,''
at,'AE T',s,'AE'
the,'DH AH',s,''
indeed,'IH N D IY D',s,'IH IY'
my,'M AY',s,'AY'
lord,'L AO R D',s,'AO'
he,'HH IY',s,'IY'
lent,'L EH N T',s,''
it,'IH T',s,'IH'
me,'M IY',s,'IY'
and,'AH N D',s,''
i,'AY',s,'AY'
him,'HH IH M',s,'IH'
for,'F AO R',s,'AO'
it,'IH T',s,'IH'
a,'AH',s,''
heart,'HH AA R T',s,'AA'
for,'F AO R',s,'AO'
his,'HH IH Z',s,'IH'
marrry,'M AW r ǝ IH',s,'IH'
he,'HH IY',s,'IY'
won,'W ɤ N',s,''
it,'IH T',s,'IH'
of,'AH V',s,''
me,'M IY',s,'IY'
with,'W IH DH',s,'IH'
therefre,'DH EH R F AO R',s,'AO'
your,'Y AO R',s,'AO'
well,'W EH L',s,''
i,'AY',s,'AY'
lost,'L AO S T',s,'AO'
it,'IH T',s,'IH'
so,'S OW',s,''
i,'AY',s,'AY'
not,'N AA T',s,'AA'
he,'HH IY',s,'IY'
do,'D OW',s,''
me,'M IY',s,'IY'
my,'M AY',s,'AY'
lord,'L AO R D',s,'AO'
lest,'L EH S T',s,''
i,'AY',s,'AY'
the,'DH AH',s,''
of,'AH V',s,''
fools,'F UW L Z',s,'UW'
i,'AY',s,'AY'
whom,'HH UW M',s,'UW'
you,'Y UW',s,'UW'
sent,'S EH N T',s,''
me,'M IY',s,'IY'
to,'T UW',s,'UW'
seek,'S IY K',s,'IY'
the,'DH AH',s,''
is,'IH Z',s,'IH'
neither,'N EH DH ǝ R',s,''
sad,'S AE D',s,'AE'
nor,'N AO R',s,'AO'
sick,'S IH K',s,'IH'
nor,'N AO R',s,'AO'
merrry,'M e r ǝ IH',s,'IH'
nor,'N AO R',s,'AO'
well,'W EH L',s,''
but,'B AH T',s,''
civil,'S IH V AH L',s,'IH'
civil,'S IH V AH L',s,'IH'
as,'AE Z',s,'AE'
an,'AE N',s,'AE'
and,'AH N D',s,''
of,'AH V',s,''
that,'DH AE T',s,'AE'
jealous,'JH EH L AH S',s,''
speak,'S P IY K',s,'IY'
your,'Y AO R',s,'AO'
speak,'S P IY K',s,'IY'
cousin,'K AH Z AH N',s,''
or,'AO R',s,'AO'
if,'IH F',s,'IH'
you,'Y UW',s,'UW'
cannot,'K AE N AA T',s,'AE AA'
stop,'S T AA P',s,'AA'
his,'HH IH Z',s,'IH'
with,'W IH DH',s,'IH'
a,'AH',s,''
kiss,'K IH S',s,'IH'
and,'AH N D',s,''
let,'L EH T',s,''
not,'N AA T',s,'AA'
him,'HH IH M',s,'IH'
speak,'S P IY K',s,'IY'
neither,'N EH DH ǝ R',s,''
yea,'Y EH',s,''
my,'M AY',s,'AY'
lord,'L AO R D',s,'AO'
i,'AY',s,'AY'
thank,'TH AE NG K',s,'AE'
it,'IH T',s,'IH'
poor,'P UH R',s,'UH'
fool,'F UH L',s,'UH'
it,'IH T',s,'IH'
keeps,'K IY P S',s,'IY'
on,'AA N',s,'AA'
the,'DH AH',s,''
windy,'W IH N D IY',s,'IH IY'
of,'AH V',s,''
my,'M AY',s,'AY'
cousin,'K AH Z AH N',s,''
him,'HH IH M',s,'IH'
in,'IH N',s,'IH'
his,'HH IH Z',s,'IH'
ear,'IY R',s,'IY'
that,'DH AE T',s,'AE'
he,'HH IY',s,'IY'
is,'IH Z',s,'IH'
in,'IH N',s,'IH'
heart,'HH AA R T',s,'AA'
good,'G UH D',s,'UH'
lord,'L AO R D',s,'AO'
for,'F AO R',s,'AO'
thus,'DH ɤ S',s,''
goes,'G OW Z',s,''
to,'T UW',s,'UW'
the,'DH AH',s,''
but,'B AH T',s,''
i,'AY',s,'AY'
and,'AH N D',s,''
i,'AY',s,'AY'
am,'AE M',s,'AE'
i,'AY',s,'AY'
sit,'S IH T',s,'IH'
in,'IH N',s,'IH'
a,'AH',s,''
corner,'K AO R N ǝ R',s,'AO'
and,'AH N D',s,''
for,'F AO R',s,'AO'
a,'AH',s,''
i,'AY',s,'AY'
of,'AH V',s,''
your,'Y AO R',s,'AO'
hath,'HH AE TH',s,'AE'
your,'Y AO R',s,'AO'
a,'AH',s,''
you,'Y UW',s,'UW'
your,'Y AO R',s,'AO'
got,'G AA T',s,'AA'
husbands,'HH AH Z B AH N D Z',s,''
if,'IH F',s,'IH'
a,'AH',s,''
maid,'M EY D',s,'EY'
by,'B AY',s,'AY'
them,'DH EH M',s,''
no,'N OW',s,''
my,'M AY',s,'AY'
lord,'L AO R D',s,'AO'
unless,'ɤ N L e S',s,''
i,'AY',s,'AY'
another,'ǝ N ɤ DH ǝ R',s,''
for,'F AO R',s,'AO'
your,'Y AO R',s,'AO'
is,'IH Z',s,'IH'
too,'T UW',s,'UW'
costly,'K AA S T L IY',s,'AA IY'
to,'T UW',s,'UW'
wear,'W EH R',s,''
every,'e V r ǝ IH',s,'IH'
but,'B AH T',s,''
i,'AY',s,'AY'
beseech,'B IY S IY CH',s,'IY IY'
your,'Y AO R',s,'AO'
pardon,'P AA R D ǝ N',s,'AA'
me,'M IY',s,'IY'
i,'AY',s,'AY'
was,'W AA Z',s,'AA'
born,'B AO R N',s,'AO'
to,'T UW',s,'UW'
speak,'S P IY K',s,'IY'
all,'AA L',s,'AA'
mirth,'M ɐ R TH',s,''
and,'AH N D',s,''
no,'N OW',s,''
matter,'M AW T ǝ R',s,''
no,'N OW',s,''
my,'M AY',s,'AY'
lord,'L AO R D',s,'AO'
my,'M AY',s,'AY'
but,'B AH T',s,''
then,'DH EH N',s,''
was,'W AA Z',s,'AA'
a,'AH',s,''
star,'S T AA R',s,'AA'
and,'AH N D',s,''
under,'ɤ N D ǝ R',s,''
that,'DH AE T',s,'AE'
was,'W AA Z',s,'AA'
i,'AY',s,'AY'
god,'G AA D',s,'AA'
you,'Y UW',s,'UW'
i,'AY',s,'AY'
you,'Y UW',s,'UW'
your,'Y AO R',s,'AO'
pardon,'P AA R D ǝ N',s,'AA'
against,'AH G EH N S T',s,''
my,'M AY',s,'AY'
will,'W IH L',s,'IH'
i,'AY',s,'AY'
am,'AE M',s,'AE'
sent,'S EH N T',s,''
to,'T UW',s,'UW'
bid,'B IH D',s,'IH'
you,'Y UW',s,'UW'
in,'IH N',s,'IH'
to,'T UW',s,'UW'
i,'AY',s,'AY'
took,'T UH K',s,'UH'
no,'N OW',s,''
pains,'P EH N Z',s,''
for,'F AO R',s,'AO'
thanks,'TH AE NG K S',s,'AE'
than,'DH AE N',s,'AE'
you,'Y UW',s,'UW'
pains,'P EH N Z',s,''
to,'T UW',s,'UW'
thank,'TH AE NG K',s,'AE'
me,'M IY',s,'IY'
if,'IH F',s,'IH'
it,'IH T',s,'IH'
had,'HH AE D',s,'AE'
been,'B IH N',s,'IH'
painful,'P EH N F UH L',s,'UH'
i,'AY',s,'AY'
not,'N AA T',s,'AA'
yea,'Y EH',s,''
so,'S OW',s,''
as,'AE Z',s,'AE'
you,'Y UW',s,'UW'
upon,'AH P AA N',s,'AA'
a,'AH',s,''
and,'AH N D',s,''
a,'AH',s,''
withal,'W IH DH AA L',s,'IH AA'
you,'Y UW',s,'UW'
no,'N OW',s,''
stomach,'S T AH M AH K',s,''
you,'Y UW',s,'UW'
well,'W EH L',s,''
what,'W AH T',s,''
is,'IH Z',s,'IH'
in,'IH N',s,'IH'
ears,'IY R Z',s,'IY'
can,'K AE N',s,'AE'
this,'DH IH S',s,'IH'
be,'B IY',s,'IY'
true,'T R UW',s,'UW'
stand,'S T AE N D',s,'AE'
i,'AY',s,'AY'
for,'F AO R',s,'AO'
and,'AH N D',s,''
so,'S OW',s,''
and,'AH N D',s,''
maiden,'M EY D AH N',s,'EY'
adieu,'AH D UW',s,'UW'
no,'N OW',s,''
behind,'B IH ə IH N D',s,'IH IH'
the,'DH AH',s,''
back,'B AE K',s,'AE'
of,'AH V',s,''
and,'AH N D',s,''
benedick,'B EH N AH D IH K',s,'IH'
on,'AA N',s,'AA'
i,'AY',s,'AY'
will,'W IH L',s,'IH'
thee,'DH IY',s,'IY'
my,'M AY',s,'AY'
heart,'HH AA R T',s,'AA'
to,'T UW',s,'UW'
if,'IH F',s,'IH'
thou,'DH AW',s,''
dost,'D AA S T',s,'AA'
my,'M AY',s,'AY'
kindness,'K AY N D N AH S',s,'AY'
shall,'SH AE L',s,'AE'
thee,'DH IY',s,'IY'
to,'T UW',s,'UW'
bind,'B AY N D',s,'AY'
our,'OW R',s,''
up,'AH P',s,''
in,'IH N',s,'IH'
a,'AH',s,''
holy,'HH OW L IY',s,'IY'
band,'B AE N D',s,'AE'
for,'F AO R',s,'AO'
thou,'DH AW',s,''
dost,'D AA S T',s,'AA'
and,'AH N D',s,''
i,'AY',s,'AY'
it,'IH T',s,'IH'
better,'B e T ə R',s,''
than,'DH AE N',s,'AE'
good,'G UH D',s,'UH'
sweet,'S W IY T',s,'IY'
hero,'HH IH R OW',s,'IH'
i,'AY',s,'AY'
am,'AE M',s,'AE'
out,'AW T',s,''
of,'AH V',s,''
all,'AA L',s,'AA'
methinks,'M IH TH IH NG K S',s,'IH IH'
you,'Y UW',s,'UW'
with,'W IH DH',s,'IH'
your,'Y AO R',s,'AO'
then,'DH EH N',s,''
if,'IH F',s,'IH'
your,'Y AO R',s,'AO'
stables,'S T EH B ǝ L Z',s,''
see,'S IY',s,'IY'
he,'HH IY',s,'IY'
shall,'SH AE L',s,'AE'
lack,'L AE K',s,'AE'
no,'N OW',s,''
barns,'B AA R N Z',s,'AA'
almost,'AA L M OW S T',s,'AA'
cousin,'K AH Z AH N',s,''
you,'Y UW',s,'UW'
wre,'W ER',s,''
ready,'R EH D IY',s,'IY'
by,'B AY',s,'AY'
my,'M AY',s,'AY'
troth,'T R OW TH',s,''
i,'AY',s,'AY'
am,'AE M',s,'AE'
ill,'IH L',s,'IH'
for,'F AO R',s,'AO'
the,'DH AH',s,''
that,'DH AE T',s,'AE'
begins,'B IH G IH N Z',s,'IH IH'
them,'DH EH M',s,''
all,'AA L',s,'AA'
what,'W AH T',s,''
means,'M IY N Z',s,'IY'
the,'DH AH',s,''
fool,'F UH L',s,'UH'
i,'AY',s,'AY'
am,'AE M',s,'AE'
cousin,'K AH Z AH N',s,''
i,'AY',s,'AY'
cannot,'K AE N AA T',s,'AE AA'
smell,'S M EH L',s,''
o,'OW',s,''
god,'G AA D',s,'AA'
me,'M IY',s,'IY'
god,'G AA D',s,'AA'
me,'M IY',s,'IY'
you,'Y UW',s,'UW'
it,'IH T',s,'IH'
is,'IH Z',s,'IH'
not,'N AA T',s,'AA'
seen,'S IY N',s,'IY'
you,'Y UW',s,'UW'
wear,'W EH R',s,''
it,'IH T',s,'IH'
in,'IH N',s,'IH'
your,'Y AO R',s,'AO'
cap,'K AE P',s,'AE'
by,'B AY',s,'AY'
my,'M AY',s,'AY'
troth,'T R OW TH',s,''
i,'AY',s,'AY'
am,'AE M',s,'AE'
sick,'S IH K',s,'IH'
whhy,'ʍ ǝ IH',s,'IH'
you,'Y UW',s,'UW'
moral,'M AO R AH L',s,'AO'
in,'IH N',s,'IH'
this,'DH IH S',s,'IH'
what,'W AH T',s,''
is,'IH Z',s,'IH'
this,'DH IH S',s,'IH'
that,'DH AE T',s,'AE'
keeps,'K IY P S',s,'IY'
whhy,'ʍ ǝ IH',s,'IH'
cousin,'K AH Z AH N',s,''
sink,'S IH NG K',s,'IH'
you,'Y UW',s,'UW'
down,'D ǝ UH N',s,'UH'
dead,'D EH D',s,''
i,'AY',s,'AY'
hero,'HH IH R OW',s,'IH'
whhy,'ʍ ǝ IH',s,'IH'
hero,'HH IH R OW',s,'IH'
benedick,'B EH N AH D IH K',s,'IH'
friar,'F R AY ER',s,'AY'
cousin,'K AH Z AH N',s,''
hero,'HH IH R OW',s,'IH'
o,'OW',s,''
on,'AA N',s,'AA'
my,'M AY',s,'AY'
soul,'S OW L',s,''
my,'M AY',s,'AY'
cousin,'K AH Z AH N',s,''
is,'IH Z',s,'IH'
no,'N OW',s,''
not,'N AA T',s,'AA'
until,'AH N T IH L',s,'IH'
last,'L AE S T',s,'AE'
i,'AY',s,'AY'
this,'DH IH S',s,'IH'
been,'B IH N',s,'IH'
yea,'Y EH',s,''
and,'AH N D',s,''
i,'AY',s,'AY'
will,'W IH L',s,'IH'
weep,'W IY P',s,'IY'
a,'AH',s,''
longer,'L ɒ NG G ǝ R',s,''
you,'Y UW',s,'UW'
no,'N OW',s,''
reason,'r EH Z ǝ N',s,''
i,'AY',s,'AY'
do,'D OW',s,''
it,'IH T',s,'IH'
freely,'F R IY L IY',s,'IY IY'
the,'DH AH',s,''
man,'M AE N',s,'AE'
of,'AH V',s,''
me,'M IY',s,'IY'
that,'DH AE T',s,'AE'
a,'AH',s,''
very,'V EH R IY',s,'IY'
even,'IY V IH N',s,'IY IH'
but,'B AH T',s,''
no,'N OW',s,''
friend,'F R EH N D',s,''
it,'IH T',s,'IH'
is,'IH Z',s,'IH'
a,'AH',s,''
but,'B AH T',s,''
not,'N AA T',s,'AA'
yours,'Y UH R Z',s,'UH'
as,'AE Z',s,'AE'
as,'AE Z',s,'AE'
the,'DH AH',s,''
i,'AY',s,'AY'
not,'N AA T',s,'AA'
it,'IH T',s,'IH'
wre,'W ER',s,''
as,'AE Z',s,'AE'
for,'F AO R',s,'AO'
me,'M IY',s,'IY'
to,'T UW',s,'UW'
i,'AY',s,'AY'
so,'S OW',s,''
well,'W EH L',s,''
as,'AE Z',s,'AE'
you,'Y UW',s,'UW'
but,'B AH T',s,''
me,'M IY',s,'IY'
not,'N AA T',s,'AA'
and,'AH N D',s,''
yet,'Y EH T',s,''
i,'AY',s,'AY'
not,'N AA T',s,'AA'
i,'AY',s,'AY'
confess,'K AH N F EH S',s,''
nor,'N AO R',s,'AO'
i,'AY',s,'AY'
i,'AY',s,'AY'
am,'AE M',s,'AE'
for,'F AO R',s,'AO'
my,'M AY',s,'AY'
cousin,'K AH Z AH N',s,''
do,'D OW',s,''
not,'N AA T',s,'AA'
swear,'S W EH R',s,''
and,'AH N D',s,''
eat,'IY T',s,'IY'
it,'IH T',s,'IH'
will,'W IH L',s,'IH'
you,'Y UW',s,'UW'
not,'N AA T',s,'AA'
eat,'IY T',s,'IY'
your,'Y AO R',s,'AO'
whhy,'ʍ ǝ IH',s,'IH'
then,'DH EH N',s,''
god,'G AA D',s,'AA'
forgve,'F ER G IH V',s,'IH'
me,'M IY',s,'IY'
you,'Y UW',s,'UW'
me,'M IY',s,'IY'
in,'IH N',s,'IH'
a,'AH',s,''
i,'AY',s,'AY'
was,'W AA Z',s,'AA'
to,'T UW',s,'UW'
protest,'P R OW T EH S T',s,''
i,'AY',s,'AY'
you,'Y UW',s,'UW'
i,'AY',s,'AY'
you,'Y UW',s,'UW'
with,'W IH DH',s,'IH'
so,'S OW',s,''
of,'AH V',s,''
my,'M AY',s,'AY'
heart,'HH AA R T',s,'AA'
that,'DH AE T',s,'AE'
is,'IH Z',s,'IH'
left,'L EH F T',s,''
to,'T UW',s,'UW'
protest,'P R OW T EH S T',s,''
kill,'K IH L',s,'IH'
you,'Y UW',s,'UW'
kill,'K IH L',s,'IH'
me,'M IY',s,'IY'
to,'T UW',s,'UW'
it,'IH T',s,'IH'
i,'AY',s,'AY'
am,'AE M',s,'AE'
i,'AY',s,'AY'
am,'AE M',s,'AE'
is,'IH Z',s,'IH'
no,'N OW',s,''
in,'IH N',s,'IH'
you,'Y UW',s,'UW'
i,'AY',s,'AY'
you,'Y UW',s,'UW'
let,'L EH T',s,''
me,'M IY',s,'IY'
go,'G OW',s,''
in,'IH N',s,'IH'
faith,'F EY TH',s,'EY'
i,'AY',s,'AY'
will,'W IH L',s,'IH'
go,'G OW',s,''
you,'Y UW',s,'UW'
be,'B IY',s,'IY'
friends,'F R EH N D Z',s,''
with,'W IH DH',s,'IH'
me,'M IY',s,'IY'
than,'DH AE N',s,'AE'
with,'W IH DH',s,'IH'
enemy,'EH N AH M IY',s,'IY'
is,'IH Z',s,'IH'
he,'HH IY',s,'IY'
not,'N AA T',s,'AA'
in,'IH N',s,'IH'
the,'DH AH',s,''
a,'AH',s,''
villain,'V IH L AH N',s,'IH'
that,'DH AE T',s,'AE'
hath,'HH AE TH',s,'AE'
scorned,'S K AO R N D',s,'AO'
my,'M AY',s,'AY'
o,'OW',s,''
that,'DH AE T',s,'AE'
i,'AY',s,'AY'
wre,'W ER',s,''
a,'AH',s,''
man,'M AE N',s,'AE'
what,'W AH T',s,''
bear,'B EH R',s,''
in,'IH N',s,'IH'
until,'AH N T IH L',s,'IH'
to,'T UW',s,'UW'
and,'AH N D',s,''
then,'DH EH N',s,''
with,'W IH DH',s,'IH'
public,'P ɤ B L IH K',s,'IH'
slander,'S L AO N D ǝ R',s,'AO'
unmitigated,'AH N M IH T AH G EY T IH D',s,'IH EY IH'
god,'G AA D',s,'AA'
that,'DH AE T',s,'AE'
i,'AY',s,'AY'
wre,'W ER',s,''
a,'AH',s,''
man,'M AE N',s,'AE'
i,'AY',s,'AY'
eat,'IY T',s,'IY'
his,'HH IH Z',s,'IH'
heart,'HH AA R T',s,'AA'
in,'IH N',s,'IH'
the,'DH AH',s,''
with,'W IH DH',s,'IH'
a,'AH',s,''
man,'M AE N',s,'AE'
out,'AW T',s,''
at,'AE T',s,'AE'
a,'AH',s,''
a,'AH',s,''
sweet,'S W IY T',s,'IY'
hero,'HH IH R OW',s,'IH'
she,'SH IY',s,'IY'
is,'IH Z',s,'IH'
she,'SH IY',s,'IY'
is,'IH Z',s,'IH'
she,'SH IY',s,'IY'
is,'IH Z',s,'IH'
princes,'P R IH N S AH Z',s,'IH'
and,'AH N D',s,''
counties,'K AW N T IY Z',s,'IY'
a,'AH',s,''
princely,'P r IH N S L ǝ IH',s,'IH IH'
a,'AH',s,''
a,'AH',s,''
sweet,'S W IY T',s,'IY'
gallant,'G AE L AH N T',s,'AE'
o,'OW',s,''
that,'DH AE T',s,'AE'
i,'AY',s,'AY'
wre,'W ER',s,''
a,'AH',s,''
man,'M AE N',s,'AE'
for,'F AO R',s,'AO'
his,'HH IH Z',s,'IH'
or,'AO R',s,'AO'
that,'DH AE T',s,'AE'
i,'AY',s,'AY'
had,'HH AE D',s,'AE'
friend,'F R EH N D',s,''
be,'B IY',s,'IY'
a,'AH',s,''
man,'M AE N',s,'AE'
for,'F AO R',s,'AO'
my,'M AY',s,'AY'
but,'B AH T',s,''
manhood,'M AE N HH UH D',s,'AE UH'
is,'IH Z',s,'IH'
melted,'M EH L T AH D',s,''
into,'IH N T UW',s,'IH UW'
into,'IH N T UW',s,'IH UW'
compliment,'K AA M P L AH M EH N T',s,'AA'
and,'AH N D',s,''
men,'M EH N',s,''
only,'OW N L IY',s,'IY'
turned,'T ɐ R N IH D',s,'IH'
into,'IH N T UW',s,'IH UW'
and,'AH N D',s,''
trim,'T R IH M',s,'IH'
ones,'W AH N Z',s,''
too,'T UW',s,'UW'
he,'HH IY',s,'IY'
is,'IH Z',s,'IH'
as,'AE Z',s,'AE'
as,'AE Z',s,'AE'
that,'DH AE T',s,'AE'
only,'OW N L IY',s,'IY'
a,'AH',s,''
and,'AH N D',s,''
swears,'S W EH R Z',s,''
it,'IH T',s,'IH'
i,'AY',s,'AY'
cannot,'K AE N AA T',s,'AE AA'
be,'B IY',s,'IY'
a,'AH',s,''
man,'M AE N',s,'AE'
with,'W IH DH',s,'IH'
therefre,'DH EH R F AO R',s,'AO'
i,'AY',s,'AY'
will,'W IH L',s,'IH'
a,'AH',s,''
woman,'W UH M AH N',s,'UH'
with,'W IH DH',s,'IH'
it,'IH T',s,'IH'
for,'F AO R',s,'AO'
my,'M AY',s,'AY'
than,'DH AE N',s,'AE'
by,'B AY',s,'AY'
it,'IH T',s,'IH'
yea,'Y EH',s,''
as,'AE Z',s,'AE'
as,'AE Z',s,'AE'
i,'AY',s,'AY'
a,'AH',s,''
or,'AO R',s,'AO'
a,'AH',s,''
soul,'S OW L',s,''
yea,'Y EH',s,''
and,'AH N D',s,''
depart,'D IH P AA R T',s,'IH AA'
when,'ʍ e N',s,''
you,'Y UW',s,'UW'
bid,'B IH D',s,'IH'
me,'M IY',s,'IY'
then,'DH EH N',s,''
is,'IH Z',s,'IH'
spoken,'S P IY K ǝ N',s,'IY'
you,'Y UW',s,'UW'
well,'W EH L',s,''
and,'AH N D',s,''
yet,'Y EH T',s,''
i,'AY',s,'AY'
go,'G OW',s,''
let,'L EH T',s,''
me,'M IY',s,'IY'
go,'G OW',s,''
with,'W IH DH',s,'IH'
that,'DH AE T',s,'AE'
i,'AY',s,'AY'
is,'IH Z',s,'IH'
with,'W IH DH',s,'IH'
what,'W AH T',s,''
hath,'HH AE TH',s,'AE'
passed,'P AW S IH D',s,'IH'
between,'B IH T W IY N',s,'IH IY'
you,'Y UW',s,'UW'
and,'AH N D',s,''
is,'IH Z',s,'IH'
but,'B AH T',s,''
and,'AH N D',s,''
is,'IH Z',s,'IH'
but,'B AH T',s,''
breath,'B R EH TH',s,''
and,'AH N D',s,''
breath,'B R EH TH',s,''
is,'IH Z',s,'IH'
therefre,'DH EH R F AO R',s,'AO'
i,'AY',s,'AY'
will,'W IH L',s,'IH'
depart,'D IH P AA R T',s,'IH AA'
for,'F AO R',s,'AO'
them,'DH EH M',s,''
all,'AA L',s,'AA'
so,'S OW',s,''
politic,'P AA L AH T IH K',s,'AA IH'
a,'AH',s,''
of,'AH V',s,''
evil,'e V IH L',s,'IH'
that,'DH AE T',s,'AE'
will,'W IH L',s,'IH'
not,'N AA T',s,'AA'
admit,'AH D M IH T',s,'IH'
good,'G UH D',s,'UH'
part,'P AA R T',s,'AA'
to,'T UW',s,'UW'
with,'W IH DH',s,'IH'
them,'DH EH M',s,''
but,'B AH T',s,''
for,'F AO R',s,'AO'
of,'AH V',s,''
my,'M AY',s,'AY'
good,'G UH D',s,'UH'
parts,'P AA R T S',s,'AA'
did,'D IH D',s,'IH'
you,'Y UW',s,'UW'
suffer,'S ɤ F ǝ R',s,''
for,'F AO R',s,'AO'
me,'M IY',s,'IY'
in,'IH N',s,'IH'
of,'AH V',s,''
your,'Y AO R',s,'AO'
heart,'HH AA R T',s,'AA'
i,'AY',s,'AY'
think,'TH IH NG K',s,'IH'
alas,'AH L AE S',s,'AE'
poor,'P UH R',s,'UH'
heart,'HH AA R T',s,'AA'
if,'IH F',s,'IH'
you,'Y UW',s,'UW'
it,'IH T',s,'IH'
for,'F AO R',s,'AO'
my,'M AY',s,'AY'
i,'AY',s,'AY'
will,'W IH L',s,'IH'
it,'IH T',s,'IH'
for,'F AO R',s,'AO'
yours,'Y UH R Z',s,'UH'
for,'F AO R',s,'AO'
i,'AY',s,'AY'
will,'W IH L',s,'IH'
never,'N e V ǝ R',s,''
that,'DH AE T',s,'AE'
my,'M AY',s,'AY'
friend,'F R EH N D',s,''
it,'IH T',s,'IH'
appears,'ǝ P IY R Z',s,'IY'
not,'N AA T',s,'AA'
in,'IH N',s,'IH'
this,'DH IH S',s,'IH'
not,'N AA T',s,'AA'
man,'M AE N',s,'AE'
that,'DH AE T',s,'AE'
will,'W IH L',s,'IH'
himself,'HH IH M S EH L F',s,'IH'
and,'AH N D',s,''
is,'IH Z',s,'IH'
that,'DH AE T',s,'AE'
think,'TH IH NG K',s,'IH'
you,'Y UW',s,'UW'
very,'V EH R IY',s,'IY'
ill,'IH L',s,'IH'
very,'V EH R IY',s,'IY'
ill,'IH L',s,'IH'
too,'T UW',s,'UW'
will,'W IH L',s,'IH'
you,'Y UW',s,'UW'
go,'G OW',s,''
this,'DH IH S',s,'IH'
i,'AY',s,'AY'
to,'T UW',s,'UW'
that,'DH AE T',s,'AE'
what,'W AH T',s,''
is,'IH Z',s,'IH'
your,'Y AO R',s,'AO'
will,'W IH L',s,'IH'
whhy,'ʍ ǝ IH',s,'IH'
no,'N OW',s,''
no,'N OW',s,''
than,'DH AE N',s,'AE'
reason,'r EH Z ǝ N',s,''
do,'D OW',s,''
not,'N AA T',s,'AA'
you,'Y UW',s,'UW'
me,'M IY',s,'IY'
whhy,'ʍ ǝ IH',s,'IH'
then,'DH EH N',s,''
my,'M AY',s,'AY'
cousin,'K AH Z AH N',s,''
and,'AH N D',s,''
for,'F AO R',s,'AO'
did,'D IH D',s,'IH'
swear,'S W EH R',s,''
you,'Y UW',s,'UW'
did,'D IH D',s,'IH'
that,'DH AE T',s,'AE'
you,'Y UW',s,'UW'
wre,'W ER',s,''
dead,'D EH D',s,''
for,'F AO R',s,'AO'
me,'M IY',s,'IY'
no,'N OW',s,''
but,'B AH T',s,''
in,'IH N',s,'IH'
friendly,'F r e N L ǝ IH',s,'IH'
i,'AY',s,'AY'
not,'N AA T',s,'AA'
you,'Y UW',s,'UW'
but,'B AH T',s,''
by,'B AY',s,'AY'
this,'DH IH S',s,'IH'
good,'G UH D',s,'UH'
i,'AY',s,'AY'
yield,'Y IY L D',s,'IY'
upon,'AH P AA N',s,'AA'
great,'G r e T',s,''
persuasion,'P ER S W EY ZH AH N',s,'EY'
and,'AH N D',s,''
partly,'P AA R T L IY',s,'AA IY'
to,'T UW',s,'UW'
sve,'EH V',s,''
your,'Y AO R',s,'AO'
for,'F AO R',s,'AO'
i,'AY',s,'AY'
was,'W AA Z',s,'AA'
told,'T OW L D',s,''
you,'Y UW',s,'UW'
wre,'W ER',s,''
in,'IH N',s,'IH'
a,'AH',s,''
