i,'AY',s,'AY'
from,'F R AH M',s,''
a,'AH',s,''
great,'G r e T',s,''
supper,'S ɤ P ǝ R',s,''
the,'DH AH',s,''
your,'Y AO R',s,'AO'
is,'IH Z',s,'IH'
entertained,'ˌ e N T ǝ R T EH N D',s,''
by,'B AY',s,'AY'
and,'AH N D',s,''
i,'AY',s,'AY'
can,'K AE N',s,'AE'
you,'Y UW',s,'UW'
of,'AH V',s,''
an,'AE N',s,'AE'
intended,'IH N T EH N D AH D',s,'IH'
marrry,'M AW r ǝ IH',s,'IH'
it,'IH T',s,'IH'
is,'IH Z',s,'IH'
your,'Y AO R',s,'AO'
even,'IY V IH N',s,'IY IH'
he,'HH IY',s,'IY'
marrry,'M AW r ǝ IH',s,'IH'
on,'AA N',s,'AA'
hero,'HH IH R OW',s,'IH'
the,'DH AH',s,''
and,'AH N D',s,''
of,'AH V',s,''
being,'B IY IH NG',s,'IY IH'
entertained,'ˌ e N T ǝ R T EH N D',s,''
for,'F AO R',s,'AO'
a,'AH',s,''
as,'AE Z',s,'AE'
i,'AY',s,'AY'
was,'W AA Z',s,'AA'
a,'AH',s,''
musty,'M AH S T IY',s,'IY'
room,'R UW M',s,'UW'
me,'M IY',s,'IY'
the,'DH AH',s,''
and,'AH N D',s,''
in,'IH N',s,'IH'
in,'IH N',s,'IH'
sad,'S AE D',s,'AE'
conferece,'K AA N F ER AH N S',s,'AA'
i,'AY',s,'AY'
me,'M IY',s,'IY'
behind,'B IH ə IH N D',s,'IH IH'
the,'DH AH',s,''
and,'AH N D',s,''
it,'IH T',s,'IH'
agreed,'ǝ ɡ r IY D',s,'IY'
upon,'AH P AA N',s,'AA'
that,'DH AE T',s,'AE'
the,'DH AH',s,''
woo,'W UW',s,'UW'
hero,'HH IH R OW',s,'IH'
for,'F AO R',s,'AO'
himself,'HH IH M S EH L F',s,'IH'
and,'AH N D',s,''
to,'T UW',s,'UW'
wait,'W EH T',s,''
upon,'AH P AA N',s,'AA'
your,'Y AO R',s,'AO'
and,'AH N D',s,''
that,'DH AE T',s,'AE'
is,'IH Z',s,'IH'
i,'AY',s,'AY'
him,'HH IH M',s,'IH'
by,'B AY',s,'AY'
his,'HH IH Z',s,'IH'
so,'S OW',s,''
did,'D IH D',s,'IH'
i,'AY',s,'AY'
too,'T UW',s,'UW'
and,'AH N D',s,''
he,'HH IY',s,'IY'
he,'HH IY',s,'IY'
marrry,'M AW r ǝ IH',s,'IH'
yea,'Y EH',s,''
my,'M AY',s,'AY'
lord,'L AO R D',s,'AO'
but,'B AH T',s,''
i,'AY',s,'AY'
can,'K AE N',s,'AE'
cross,'K R AO S',s,'AO'
it,'IH T',s,'IH'
not,'N AA T',s,'AA'
my,'M AY',s,'AY'
lord,'L AO R D',s,'AO'
but,'B AH T',s,''
so,'S OW',s,''
that,'DH AE T',s,'AE'
no,'N OW',s,''
shall,'SH AE L',s,'AE'
appear,'ǝ P IY R',s,'IY'
in,'IH N',s,'IH'
me,'M IY',s,'IY'
i,'AY',s,'AY'
think,'TH IH NG K',s,'IH'
i,'AY',s,'AY'
told,'T OW L D',s,''
your,'Y AO R',s,'AO'
a,'AH',s,''
year,'Y IH R',s,'IH'
i,'AY',s,'AY'
am,'AE M',s,'AE'
in,'IH N',s,'IH'
the,'DH AH',s,''
of,'AH V',s,''
the,'DH AH',s,''
gentlewoman,'JH EH N T AH L W UH M AH N',s,'UH'
to,'T UW',s,'UW'
hero,'HH IH R OW',s,'IH'
i,'AY',s,'AY'
can,'K AE N',s,'AE'
at,'AE T',s,'AE'
instant,'IH N S T AH N T',s,'IH'
of,'AH V',s,''
the,'DH AH',s,''
to,'T UW',s,'UW'
look,'L UH K',s,'UH'
out,'AW T',s,''
at,'AE T',s,'AE'
the,'DH AH',s,''
of,'AH V',s,''
that,'DH AE T',s,'AE'
in,'IH N',s,'IH'
you,'Y UW',s,'UW'
to,'T UW',s,'UW'
go,'G OW',s,''
you,'Y UW',s,'UW'
to,'T UW',s,'UW'
the,'DH AH',s,''
your,'Y AO R',s,'AO'
not,'N AA T',s,'AA'
to,'T UW',s,'UW'
tell,'T EH L',s,''
him,'HH IH M',s,'IH'
that,'DH AE T',s,'AE'
he,'HH IY',s,'IY'
hath,'HH AE TH',s,'AE'
his,'HH IH Z',s,'IH'
in,'IH N',s,'IH'
the,'DH AH',s,''
do,'D OW',s,''
you,'Y UW',s,'UW'
mightily,'M ǝ IH T IH L ǝ IH',s,'IH IH IH'
up,'AH P',s,''
to,'T UW',s,'UW'
a,'AH',s,''
a,'AH',s,''
as,'AE Z',s,'AE'
hero,'HH IH R OW',s,'IH'
proof,'P R UW F',s,'UW'
to,'T UW',s,'UW'
the,'DH AH',s,''
to,'T UW',s,'UW'
to,'T UW',s,'UW'
undo,'AH N D UW',s,'UW'
hero,'HH IH R OW',s,'IH'
and,'AH N D',s,''
kill,'K IH L',s,'IH'
look,'L UH K',s,'UH'
you,'Y UW',s,'UW'
for,'F AO R',s,'AO'
go,'G OW',s,''
then,'DH EH N',s,''
me,'M IY',s,'IY'
a,'AH',s,''
meet,'M IY T',s,'IY'
to,'T UW',s,'UW'
don,'D AA N',s,'AA'
pedro,'P e D r OW',s,''
and,'AH N D',s,''
the,'DH AH',s,''
tell,'T EH L',s,''
them,'DH EH M',s,''
that,'DH AE T',s,'AE'
you,'Y UW',s,'UW'
that,'DH AE T',s,'AE'
hero,'HH IH R OW',s,'IH'
me,'M IY',s,'IY'
intend,'IH N T EH N D',s,'IH'
a,'AH',s,''
of,'AH V',s,''
zeal,'Z IY L',s,'IY'
both,'B OW TH',s,''
to,'T UW',s,'UW'
the,'DH AH',s,''
and,'AH N D',s,''
as,'AE Z',s,'AE'
in,'IH N',s,'IH'
of,'AH V',s,''
your,'Y AO R',s,'AO'
who,'HH UW',s,'UW'
hath,'HH AE TH',s,'AE'
this,'DH IH S',s,'IH'
and,'AH N D',s,''
his,'HH IH Z',s,'IH'
who,'HH UW',s,'UW'
is,'IH Z',s,'IH'
thus,'DH ɤ S',s,''
to,'T UW',s,'UW'
be,'B IY',s,'IY'
with,'W IH DH',s,'IH'
the,'DH AH',s,''
of,'AH V',s,''
a,'AH',s,''
maid,'M EY D',s,'EY'
that,'DH AE T',s,'AE'
you,'Y UW',s,'UW'
thus,'DH ɤ S',s,''
will,'W IH L',s,'IH'
this,'DH IH S',s,'IH'
offer,'ɒ F ǝ R',s,''
them,'DH EH M',s,''
instances,'IH N S T AH N S AH Z',s,'IH'
shall,'SH AE L',s,'AE'
bear,'B EH R',s,''
no,'N OW',s,''
less,'L EH S',s,''
likelihood,'L ǝ IH K L IH ˌ UH D',s,'IH IH UH'
than,'DH AE N',s,'AE'
to,'T UW',s,'UW'
see,'S IY',s,'IY'
me,'M IY',s,'IY'
at,'AE T',s,'AE'
me,'M IY',s,'IY'
call,'K AO L',s,'AO'
hero,'HH IH R OW',s,'IH'
term,'T ɐ R M',s,''
me,'M IY',s,'IY'
and,'AH N D',s,''
them,'DH EH M',s,''
to,'T UW',s,'UW'
see,'S IY',s,'IY'
this,'DH IH S',s,'IH'
the,'DH AH',s,''
very,'V EH R IY',s,'IY'
the,'DH AH',s,''
intended,'IH N T EH N D AH D',s,'IH'
for,'F AO R',s,'AO'
in,'IH N',s,'IH'
the,'DH AH',s,''
i,'AY',s,'AY'
will,'W IH L',s,'IH'
so,'S OW',s,''
fashion,'F AE SH AH N',s,'AE'
the,'DH AH',s,''
matter,'M AW T ǝ R',s,''
that,'DH AE T',s,'AE'
hero,'HH IH R OW',s,'IH'
shall,'SH AE L',s,'AE'
be,'B IY',s,'IY'
absent,'AE B S AH N T',s,'AE'
and,'AH N D',s,''
shall,'SH AE L',s,'AE'
appear,'ǝ P IY R',s,'IY'
truth,'T R UW TH',s,'UW'
of,'AH V',s,''
that,'DH AE T',s,'AE'
shall,'SH AE L',s,'AE'
be,'B IY',s,'IY'
and,'AH N D',s,''
all,'AA L',s,'AA'
the,'DH AH',s,''
be,'B IY',s,'IY'
you,'Y UW',s,'UW'
constant,'K AA N S T AH N T',s,'AA'
in,'IH N',s,'IH'
the,'DH AH',s,''
and,'AH N D',s,''
my,'M AY',s,'AY'
shall,'SH AE L',s,'AE'
not,'N AA T',s,'AA'
me,'M IY',s,'IY'
what,'W AH T',s,''
i,'AY',s,'AY'
mass,'M AW S',s,''
and,'AH N D',s,''
my,'M AY',s,'AY'
i,'AY',s,'AY'
a,'AH',s,''
stand,'S T AE N D',s,'AE'
thee,'DH IY',s,'IY'
then,'DH EH N',s,''
under,'ɤ N D ǝ R',s,''
this,'DH IH S',s,'IH'
for,'F AO R',s,'AO'
it,'IH T',s,'IH'
rain,'r EH N',s,''
and,'AH N D',s,''
i,'AY',s,'AY'
will,'W IH L',s,'IH'
a,'AH',s,''
true,'T R UW',s,'UW'
drunkard,'D r ɤ NG K ǝ R D',s,''
all,'AA L',s,'AA'
to,'T UW',s,'UW'
thee,'DH IY',s,'IY'
therefre,'DH EH R F AO R',s,'AO'
i,'AY',s,'AY'
of,'AH V',s,''
don,'D AA N',s,'AA'
a,'AH',s,''
thou,'DH AW',s,''
ask,'AW S K',s,''
if,'IH F',s,'IH'
it,'IH T',s,'IH'
wre,'W ER',s,''
be,'B IY',s,'IY'
so,'S OW',s,''
rich,'R IH CH',s,'IH'
for,'F AO R',s,'AO'
when,'ʍ e N',s,''
rich,'R IH CH',s,'IH'
villains,'V IH L AH N Z',s,'IH'
need,'N IY D',s,'IY'
of,'AH V',s,''
poor,'P UH R',s,'UH'
ones,'W AH N Z',s,''
poor,'P UH R',s,'UH'
ones,'W AH N Z',s,''
what,'W AH T',s,''
will,'W IH L',s,'IH'
that,'DH AE T',s,'AE'
thou,'DH AW',s,''
art,'AA R T',s,'AA'
unconfirmed,'ˌ ɤ N K ǝ N F ɐ R M D',s,''
thou,'DH AW',s,''
that,'DH AE T',s,'AE'
the,'DH AH',s,''
fashion,'F AE SH AH N',s,'AE'
of,'AH V',s,''
a,'AH',s,''
doublet,'D ɤ B L IH T',s,'IH'
or,'AO R',s,'AO'
a,'AH',s,''
or,'AO R',s,'AO'
a,'AH',s,''
cloak,'K L OW K',s,''
is,'IH Z',s,'IH'
to,'T UW',s,'UW'
a,'AH',s,''
man,'M AE N',s,'AE'
i,'AY',s,'AY'
mean,'M IY N',s,'IY'
the,'DH AH',s,''
fashion,'F AE SH AH N',s,'AE'
tush,'T UH SH',s,'UH'
i,'AY',s,'AY'
as,'AE Z',s,'AE'
well,'W EH L',s,''
the,'DH AH',s,''
the,'DH AH',s,''
fool,'F UH L',s,'UH'
but,'B AH T',s,''
thou,'DH AW',s,''
not,'N AA T',s,'AA'
what,'W AH T',s,''
a,'AH',s,''
thief,'TH IY F',s,'IY'
this,'DH IH S',s,'IH'
fashion,'F AE SH AH N',s,'AE'
is,'IH Z',s,'IH'
thou,'DH AW',s,''
not,'N AA T',s,'AA'
thou,'DH AW',s,''
not,'N AA T',s,'AA'
i,'AY',s,'AY'
what,'W AH T',s,''
a,'AH',s,''
thief,'TH IY F',s,'IY'
this,'DH IH S',s,'IH'
fashion,'F AE SH AH N',s,'AE'
is,'IH Z',s,'IH'
he,'HH IY',s,'IY'
turns,'T ɐ R N Z',s,''
all,'AA L',s,'AA'
the,'DH AH',s,''
hot,'HH AA T',s,'AA'
bloods,'B L AH D Z',s,''
between,'B IH T W IY N',s,'IH IY'
fourteen,'F AO R T IY N',s,'AO IY'
and,'AH N D',s,''
them,'DH EH M',s,''
in,'IH N',s,'IH'
the,'DH AH',s,''
god,'G AA D',s,'AA'
priests,'P R IY S T S',s,'IY'
in,'IH N',s,'IH'
the,'DH AH',s,''
old,'OW L D',s,''
the,'DH AH',s,''
shaven,'SH EH V ǝ N',s,''
in,'IH N',s,'IH'
the,'DH AH',s,''
his,'HH IH Z',s,'IH'
seems,'S IY M Z',s,'IY'
as,'AE Z',s,'AE'
as,'AE Z',s,'AE'
his,'HH IH Z',s,'IH'
club,'K L ɤ B',s,''
not,'N AA T',s,'AA'
so,'S OW',s,''
neither,'N EH DH ǝ R',s,''
but,'B AH T',s,''
that,'DH AE T',s,'AE'
i,'AY',s,'AY'
wooed,'W UW D',s,'UW'
the,'DH AH',s,''
lady,'L EY D IY',s,'EY IY'
gentlewoman,'JH EH N T AH L W UH M AH N',s,'UH'
by,'B AY',s,'AY'
the,'DH AH',s,''
of,'AH V',s,''
hero,'HH IH R OW',s,'IH'
she,'SH IY',s,'IY'
leans,'L IY N Z',s,'IY'
me,'M IY',s,'IY'
out,'AW T',s,''
at,'AE T',s,'AE'
bids,'B IH D Z',s,'IH'
me,'M IY',s,'IY'
a,'AH',s,''
i,'AY',s,'AY'
tell,'T EH L',s,''
this,'DH IH S',s,'IH'
vilely,'V ǝ IH L ǝ IH',s,'IH IH'
i,'AY',s,'AY'
tell,'T EH L',s,''
thee,'DH IY',s,'IY'
the,'DH AH',s,''
and,'AH N D',s,''
my,'M AY',s,'AY'
master,'M AW S T ǝ R',s,''
planted,'P L AW N T IH D',s,'IH'
and,'AH N D',s,''
placed,'P L EH S IH D',s,'IH'
and,'AH N D',s,''
by,'B AY',s,'AY'
my,'M AY',s,'AY'
master,'M AW S T ǝ R',s,''
don,'D AA N',s,'AA'
afar,'ǝ F AA R',s,'AA'
off,'AO F',s,'AO'
in,'IH N',s,'IH'
the,'DH AH',s,''
this,'DH IH S',s,'IH'
of,'AH V',s,''
them,'DH EH M',s,''
did,'D IH D',s,'IH'
the,'DH AH',s,''
and,'AH N D',s,''
but,'B AH T',s,''
the,'DH AH',s,''
devil,'D IH V ǝ L',s,'IH'
my,'M AY',s,'AY'
master,'M AW S T ǝ R',s,''
she,'SH IY',s,'IY'
was,'W AA Z',s,'AA'
and,'AH N D',s,''
partly,'P AA R T L IY',s,'AA IY'
by,'B AY',s,'AY'
his,'HH IH Z',s,'IH'
them,'DH EH M',s,''
partly,'P AA R T L IY',s,'AA IY'
by,'B AY',s,'AY'
the,'DH AH',s,''
dark,'D AA R K',s,'AA'
did,'D IH D',s,'IH'
them,'DH EH M',s,''
but,'B AH T',s,''
by,'B AY',s,'AY'
my,'M AY',s,'AY'
did,'D IH D',s,'IH'
slander,'S L AO N D ǝ R',s,'AO'
that,'DH AE T',s,'AE'
don,'D AA N',s,'AA'
had,'HH AE D',s,'AE'
went,'W EH N T',s,''
he,'HH IY',s,'IY'
meet,'M IY T',s,'IY'
as,'AE Z',s,'AE'
he,'HH IY',s,'IY'
was,'W AA Z',s,'AA'
appointed,'P ǝ IH N T IH D',s,'IH IH'
at,'AE T',s,'AE'
the,'DH AH',s,''
and,'AH N D',s,''
the,'DH AH',s,''
with,'W IH DH',s,'IH'
what,'W AH T',s,''
he,'HH IY',s,'IY'
and,'AH N D',s,''
send,'S EH N D',s,''
hme,'OW M',s,''
again,'ǝ ɡ EH N',s,''
a,'AH',s,''
we,'W IY',s,'IY'
to,'T UW',s,'UW'
a,'AH',s,''
being,'B IY IH NG',s,'IY IH'
taken,'T EY K AH N',s,'EY'
up,'AH P',s,''
of,'AH V',s,''
yea,'Y EH',s,''
we,'W IY',s,'IY'
i,'AY',s,'AY'
to,'T UW',s,'UW'
you,'Y UW',s,'UW'
we,'W IY',s,'IY'
master,'M AW S T ǝ R',s,''
sweet,'S W IY T',s,'IY'
let,'L EH T',s,''
me,'M IY',s,'IY'
go,'G OW',s,''
no,'N OW',s,''
to,'T UW',s,'UW'
do,'D OW',s,''
you,'Y UW',s,'UW'
me,'M IY',s,'IY'
and,'AH N D',s,''
let,'L EH T',s,''
this,'DH IH S',s,'IH'
kill,'K IH L',s,'IH'
me,'M IY',s,'IY'
i,'AY',s,'AY'
even,'IY V IH N',s,'IY IH'
your,'Y AO R',s,'AO'
very,'V EH R IY',s,'IY'
what,'W AH T',s,''
your,'Y AO R',s,'AO'
not,'N AA T',s,'AA'
discover,'D IH S K AH V ER',s,'IH'
fools,'F UW L Z',s,'UW'
to,'T UW',s,'UW'
who,'HH UW',s,'UW'
in,'IH N',s,'IH'
the,'DH AH',s,''
me,'M IY',s,'IY'
to,'T UW',s,'UW'
this,'DH IH S',s,'IH'
man,'M AE N',s,'AE'
don,'D AA N',s,'AA'
your,'Y AO R',s,'AO'
incensed,'IH N S e N S IH D',s,'IH IH'
me,'M IY',s,'IY'
to,'T UW',s,'UW'
slander,'S L AO N D ǝ R',s,'AO'
the,'DH AH',s,''
lady,'L EY D IY',s,'EY IY'
hero,'HH IH R OW',s,'IH'
you,'Y UW',s,'UW'
wre,'W ER',s,''
into,'IH N T UW',s,'IH UW'
the,'DH AH',s,''
and,'AH N D',s,''
me,'M IY',s,'IY'
court,'K AO R T',s,'AO'
in,'IH N',s,'IH'
garments,'G AA R M AH N T S',s,'AA'
you,'Y UW',s,'UW'
when,'ʍ e N',s,''
you,'Y UW',s,'UW'
marrry,'M AW r ǝ IH',s,'IH'
my,'M AY',s,'AY'
upon,'AH P AA N',s,'AA'
record,'r IH K AO R D',s,'IH AO'
i,'AY',s,'AY'
had,'HH AE D',s,'AE'
seal,'S IY L',s,'IY'
with,'W IH DH',s,'IH'
my,'M AY',s,'AY'
death,'D EH TH',s,''
than,'DH AE N',s,'AE'
repeat,'r IH P IY T',s,'IH IY'
over,'OW V ǝ R',s,''
to,'T UW',s,'UW'
my,'M AY',s,'AY'
the,'DH AH',s,''
lady,'L EY D IY',s,'EY IY'
is,'IH Z',s,'IH'
dead,'D EH D',s,''
upon,'AH P AA N',s,'AA'
and,'AH N D',s,''
my,'M AY',s,'AY'
and,'AH N D',s,''
briefly,'B R IY F L IY',s,'IY IY'
i,'AY',s,'AY'
but,'B AH T',s,''
the,'DH AH',s,''
reward,'r IH W AA R D',s,'IH AA'
of,'AH V',s,''
a,'AH',s,''
villain,'V IH L AH N',s,'IH'
yea,'Y EH',s,''
and,'AH N D',s,''
paid,'P EY D',s,'EY'
me,'M IY',s,'IY'
for,'F AO R',s,'AO'
the,'DH AH',s,''
of,'AH V',s,''
it,'IH T',s,'IH'
if,'IH F',s,'IH'
you,'Y UW',s,'UW'
your,'Y AO R',s,'AO'
look,'L UH K',s,'UH'
on,'AA N',s,'AA'
me,'M IY',s,'IY'
yea,'Y EH',s,''
even,'IY V IH N',s,'IY IH'
i,'AY',s,'AY'
no,'N OW',s,''
by,'B AY',s,'AY'
my,'M AY',s,'AY'
soul,'S OW L',s,''
she,'SH IY',s,'IY'
was,'W AA Z',s,'AA'
not,'N AA T',s,'AA'
nor,'N AO R',s,'AO'
not,'N AA T',s,'AA'
what,'W AH T',s,''
she,'SH IY',s,'IY'
did,'D IH D',s,'IH'
when,'ʍ e N',s,''
she,'SH IY',s,'IY'
to,'T UW',s,'UW'
me,'M IY',s,'IY'
but,'B AH T',s,''
hath,'HH AE TH',s,'AE'
been,'B IH N',s,'IH'
and,'AH N D',s,''
virtuous,'V ER CH UW AH S',s,'UW'
in,'IH N',s,'IH'
that,'DH AE T',s,'AE'
i,'AY',s,'AY'
do,'D OW',s,''
by,'B AY',s,'AY'
