in,'IH N',s,'IH'
the,'DH AH',s,''
that,'DH AE T',s,'AE'
can,'K AE N',s,'AE'
be,'B IY',s,'IY'
then,'DH EH N',s,''
must,'M AH S T',s,''
thou,'DH AW',s,''
needs,'N IY D Z',s,'IY'
out,'AW T',s,''
heaven,'HH EH V AH N',s,''
me,'M IY',s,'IY'
the,'DH AH',s,''
sum,'S ɤ M',s,''
my,'M AY',s,'AY'
let,'L EH T',s,''
in,'IH N',s,'IH'
melt,'M EH L T',s,''
and,'AH N D',s,''
the,'DH AH',s,''
arch,'AA R CH',s,'AA'
of,'AH V',s,''
the,'DH AH',s,''
ranged,'r EH N D ZH D',s,''
fall,'F AA L',s,'AA'
is,'IH Z',s,'IH'
my,'M AY',s,'AY'
our,'OW R',s,''
feeds,'F IY D Z',s,'IY'
beast,'B e S T',s,''
as,'AE Z',s,'AE'
man,'M AE N',s,'AE'
the,'DH AH',s,''
of,'AH V',s,''
is,'IH Z',s,'IH'
to,'T UW',s,'UW'
do,'D OW',s,''
thus,'DH ɤ S',s,''
when,'ʍ e N',s,''
a,'AH',s,''
pair,'P EH R',s,''
and,'AH N D',s,''
a,'AH',s,''
twain,'T W EY N',s,'EY'
can,'K AE N',s,'AE'
do,'D OW',s,''
in,'IH N',s,'IH'
i,'AY',s,'AY'
bind,'B AY N D',s,'AY'
on,'AA N',s,'AA'
pain,'P EH N',s,''
of,'AH V',s,''
punishhment,'P ɤ N IH SH ˌ M e N T',s,'IH'
the,'DH AH',s,''
to,'T UW',s,'UW'
we,'W IY',s,'IY'
stand,'S T AE N D',s,'AE'
up,'AH P',s,''
peerless,'P IY R L ǝ S',s,'IY'
but,'B AH T',s,''
by,'B AY',s,'AY'
for,'F AO R',s,'AO'
the,'DH AH',s,''
of,'AH V',s,''
and,'AH N D',s,''
soft,'S AA F T',s,'AA'
not,'N AA T',s,'AA'
confound,'K AA N F AW N D',s,'AA'
the,'DH AH',s,''
with,'W IH DH',s,'IH'
conferece,'K AA N F ER AH N S',s,'AA'
not,'N AA T',s,'AA'
a,'AH',s,''
of,'AH V',s,''
our,'OW R',s,''
pleasre,'P L EH ZH ER',s,''
what,'W AH T',s,''
sport,'S P AO R T',s,'AO'
wrangling,'R AE NG G AH L IH NG',s,'AE IH'
whom,'HH UW M',s,'UW'
everything,'e V r ǝ IH ˌ TH IH NG',s,'IH IH'
to,'T UW',s,'UW'
to,'T UW',s,'UW'
weep,'W IY P',s,'IY'
every,'e V r ǝ IH',s,'IH'
passion,'P AE SH AH N',s,'AE'
fullly,'F UH L ǝ IH',s,'UH IH'
to,'T UW',s,'UW'
itself,'IH T S EH L F',s,'IH'
in,'IH N',s,'IH'
thee,'DH IY',s,'IY'
fair,'F EH R',s,''
and,'AH N D',s,''
admired,'ǝ D M ǝ IH R D',s,'IH'
no,'N OW',s,''
but,'B AH T',s,''
and,'AH N D',s,''
all,'AA L',s,'AA'
the,'DH AH',s,''
streets,'S T R IY T S',s,'IY'
and,'AH N D',s,''
the,'DH AH',s,''
of,'AH V',s,''
my,'M AY',s,'AY'
last,'L AE S T',s,'AE'
you,'Y UW',s,'UW'
did,'D IH D',s,'IH'
it,'IH T',s,'IH'
speak,'S P IY K',s,'IY'
not,'N AA T',s,'AA'
to,'T UW',s,'UW'
us,'AH S',s,''
against,'AH G EH N S T',s,''
my,'M AY',s,'AY'
lucius,'L UW SH AH S',s,'UW'
well,'W EH L',s,''
what,'W AH T',s,''
worst,'W AO R S T',s,'AO'
when,'ʍ e N',s,''
it,'IH T',s,'IH'
the,'DH AH',s,''
fool,'F UH L',s,'UH'
or,'AO R',s,'AO'
on,'AA N',s,'AA'
that,'DH AE T',s,'AE'
past,'P AW S T',s,''
with,'W IH DH',s,'IH'
me,'M IY',s,'IY'
thus,'DH ɤ S',s,''
who,'HH UW',s,'UW'
me,'M IY',s,'IY'
true,'T R UW',s,'UW'
in,'IH N',s,'IH'
his,'HH IH Z',s,'IH'
death,'D EH TH',s,''
i,'AY',s,'AY'
him,'HH IH M',s,'IH'
as,'AE Z',s,'AE'
he,'HH IY',s,'IY'
antony,'AE N T AH N IY',s,'AE IY'
thou,'DH AW',s,''
speak,'S P IY K',s,'IY'
to,'T UW',s,'UW'
me,'M IY',s,'IY'
hme,'OW M',s,''
not,'N AA T',s,'AA'
the,'DH AH',s,''
as,'AE Z',s,'AE'
she,'SH IY',s,'IY'
is,'IH Z',s,'IH'
in,'IH N',s,'IH'
rail,'r EH L',s,''
thou,'DH AW',s,''
in,'IH N',s,'IH'
phrse,'F r EH Z',s,''
and,'AH N D',s,''
taunt,'T AO N T',s,'AO'
my,'M AY',s,'AY'
faults,'F AO L T S',s,'AO'
with,'W IH DH',s,'IH'
full,'F UH L',s,'UH'
as,'AE Z',s,'AE'
both,'B OW TH',s,''
truth,'T R UW TH',s,'UW'
and,'AH N D',s,''
to,'T UW',s,'UW'
o,'OW',s,''
then,'DH EH N',s,''
we,'W IY',s,'IY'
forth,'F AO R TH',s,'AO'
weeds,'W IY D Z',s,'IY'
when,'ʍ e N',s,''
our,'OW R',s,''
still,'S T IH L',s,'IH'
and,'AH N D',s,''
our,'OW R',s,''
told,'T OW L D',s,''
us,'AH S',s,''
is,'IH Z',s,'IH'
as,'AE Z',s,'AE'
our,'OW R',s,''
thee,'DH IY',s,'IY'
well,'W EH L',s,''
from,'F R AH M',s,''
sicyon,'S IH S IH ǝ N',s,'IH IH'
the,'DH AH',s,''
speak,'S P IY K',s,'IY'
is,'IH Z',s,'IH'
an,'AE N',s,'AE'
let,'L EH T',s,''
him,'HH IH M',s,'IH'
appear,'ǝ P IY R',s,'IY'
egyptian,'IH JH IH P SH AH N',s,'IH IH'
i,'AY',s,'AY'
must,'M AH S T',s,''
break,'B R EY K',s,'EY'
or,'AO R',s,'AO'
myself,'M AY S EH L F',s,'AY'
in,'IH N',s,'IH'
what,'W AH T',s,''
you,'Y UW',s,'UW'
died,'D AY D',s,'AY'
she,'SH IY',s,'IY'
forbear,'F ǝ R B EH R',s,''
me,'M IY',s,'IY'
a,'AH',s,''
great,'G r e T',s,''
spirit,'S P IH R AH T',s,'IH'
thus,'DH ɤ S',s,''
did,'D IH D',s,'IH'
i,'AY',s,'AY'
it,'IH T',s,'IH'
what,'W AH T',s,''
our,'OW R',s,''
doth,'D AO TH',s,'AO'
from,'F R AH M',s,''
us,'AH S',s,''
we,'W IY',s,'IY'
wish,'W IH SH',s,'IH'
it,'IH T',s,'IH'
ours,'OW R Z',s,''
again,'ǝ ɡ EH N',s,''
the,'DH AH',s,''
present,'P r IH Z e N T',s,'IH'
pleasre,'P L EH ZH ER',s,''
by,'B AY',s,'AY'
does,'D AH Z',s,''
the,'DH AH',s,''
of,'AH V',s,''
itself,'IH T S EH L F',s,'IH'
good,'G UH D',s,'UH'
being,'B IY IH NG',s,'IY IH'
the,'DH AH',s,''
pluck,'P L ɤ K',s,''
back,'B AE K',s,'AE'
that,'DH AE T',s,'AE'
on,'AA N',s,'AA'
i,'AY',s,'AY'
must,'M AH S T',s,''
from,'F R AH M',s,''
this,'DH IH S',s,'IH'
break,'B R EY K',s,'EY'
off,'AO F',s,'AO'
ten,'T EH N',s,''
harms,'HH AA R M Z',s,'AA'
than,'DH AE N',s,'AE'
the,'DH AH',s,''
i,'AY',s,'AY'
my,'M AY',s,'AY'
idleness,'ǝ IH D L N ǝ S',s,'IH'
doth,'D AO TH',s,'AO'
i,'AY',s,'AY'
must,'M AH S T',s,''
with,'W IH DH',s,'IH'
hate,'AW S T',s,''
from,'F R AH M',s,''
i,'AY',s,'AY'
must,'M AH S T',s,''
be,'B IY',s,'IY'
she,'SH IY',s,'IY'
is,'IH Z',s,'IH'
past,'P AW S T',s,''
i,'AY',s,'AY'
had,'HH AE D',s,'AE'
never,'N e V ǝ R',s,''
seen,'S IY N',s,'IY'
is,'IH Z',s,'IH'
dead,'D EH D',s,''
is,'IH Z',s,'IH'
dead,'D EH D',s,''
dead,'D EH D',s,''
the,'DH AH',s,''
she,'SH IY',s,'IY'
hath,'HH AE TH',s,'AE'
in,'IH N',s,'IH'
the,'DH AH',s,''
cannot,'K AE N AA T',s,'AE AA'
my,'M AY',s,'AY'
no,'N OW',s,''
let,'L EH T',s,''
our,'OW R',s,''
what,'W AH T',s,''
we,'W IY',s,'IY'
i,'AY',s,'AY'
shall,'SH AE L',s,'AE'
break,'B R EY K',s,'EY'
the,'DH AH',s,''
of,'AH V',s,''
our,'OW R',s,''
to,'T UW',s,'UW'
the,'DH AH',s,''
and,'AH N D',s,''
get,'G EH T',s,''
to,'T UW',s,'UW'
part,'P AA R T',s,'AA'
for,'F AO R',s,'AO'
not,'N AA T',s,'AA'
the,'DH AH',s,''
death,'D EH TH',s,''
of,'AH V',s,''
with,'W IH DH',s,'IH'
do,'D OW',s,''
strongly,'S T r ɒ NG L ǝ IH',s,'IH'
speak,'S P IY K',s,'IY'
to,'T UW',s,'UW'
us,'AH S',s,''
but,'B AH T',s,''
the,'DH AH',s,''
too,'T UW',s,'UW'
of,'AH V',s,''
our,'OW R',s,''
contriving,'K ǝ N T r ǝ IH V IH N',s,'IH IH'
friends,'F R EH N D Z',s,''
in,'IH N',s,'IH'
us,'AH S',s,''
at,'AE T',s,'AE'
hme,'OW M',s,''
hath,'HH AE TH',s,'AE'
given,'G IH V AH N',s,'IH'
the,'DH AH',s,''
to,'T UW',s,'UW'
and,'AH N D',s,''
commands,'K ǝ M AW N D Z',s,''
the,'DH AH',s,''
of,'AH V',s,''
the,'DH AH',s,''
sea,'S IY',s,'IY'
our,'OW R',s,''
slippery,'S L IH P r ǝ IH',s,'IH IH'
is,'IH Z',s,'IH'
never,'N e V ǝ R',s,''
to,'T UW',s,'UW'
the,'DH AH',s,''
till,'T IH L',s,'IH'
his,'HH IH Z',s,'IH'
deserts,'D IH Z ɐ R T S',s,'IH'
past,'P AW S T',s,''
begin,'B IH G IH N',s,'IH IH'
to,'T UW',s,'UW'
the,'DH AH',s,''
great,'G r e T',s,''
and,'AH N D',s,''
all,'AA L',s,'AA'
his,'HH IH Z',s,'IH'
upon,'AH P AA N',s,'AA'
his,'HH IH Z',s,'IH'
son,'S AO ̃',s,'AO'
in,'IH N',s,'IH'
and,'AH N D',s,''
than,'DH AE N',s,'AE'
both,'B OW TH',s,''
in,'IH N',s,'IH'
blood,'B L AH D',s,''
and,'AH N D',s,''
up,'AH P',s,''
for,'F AO R',s,'AO'
the,'DH AH',s,''
main,'M EH N',s,''
going,'G OW IH N',s,'IH'
on,'AA N',s,'AA'
the,'DH AH',s,''
is,'IH Z',s,'IH'
the,'DH AH',s,''
hair,'HH EH R',s,''
hath,'HH AE TH',s,'AE'
yet,'Y EH T',s,''
but,'B AH T',s,''
and,'AH N D',s,''
not,'N AA T',s,'AA'
a,'AH',s,''
our,'OW R',s,''
pleasre,'P L EH ZH ER',s,''
to,'T UW',s,'UW'
is,'IH Z',s,'IH'
under,'ɤ N D ǝ R',s,''
us,'AH S',s,''
requires,'R IY K W AY ER Z',s,'IY AY'
our,'OW R',s,''
from,'F R AH M',s,''
i,'AY',s,'AY'
am,'AE M',s,'AE'
to,'T UW',s,'UW'
to,'T UW',s,'UW'
my,'M AY',s,'AY'
my,'M AY',s,'AY'
dearest,'D IY R ǝ S T',s,'IY'
the,'DH AH',s,''
matter,'M AW T ǝ R',s,''
the,'DH AH',s,''
gods,'G AA D Z',s,'AA'
best,'B EH S T',s,''
most,'M OW S T',s,''
sweet,'S W IY T',s,'IY'
lady,'L EY D IY',s,'EY IY'
me,'M IY',s,'IY'
the,'DH AH',s,''
necessity,'N AH S EH S AH T IY',s,'IY'
of,'AH V',s,''
commands,'K ǝ M AW N D Z',s,''
our,'OW R',s,''
services,'S ɐ R V IH S IH Z',s,'IH IH'
but,'B AH T',s,''
my,'M AY',s,'AY'
full,'F UH L',s,'UH'
heart,'HH AA R T',s,'AA'
remains,'r IH M EH N Z',s,'IH'
in,'IH N',s,'IH'
with,'W IH DH',s,'IH'
you,'Y UW',s,'UW'
our,'OW R',s,''
with,'W IH DH',s,'IH'
civil,'S IH V AH L',s,'IH'
his,'HH IH Z',s,'IH'
appproaches,'ǝ P r OW T SH IH Z',s,'IH'
to,'T UW',s,'UW'
the,'DH AH',s,''
port,'P AO R T',s,'AO'
of,'AH V',s,''
of,'AH V',s,''
domestic,'D AH M EH S T IH K',s,'IH'
breed,'B R IY D',s,'IY'
faction,'F AE K SH AH N',s,'AE'
the,'DH AH',s,''
to,'T UW',s,'UW'
strength,'S T R EH NG K TH',s,''
to,'T UW',s,'UW'
the,'DH AH',s,''
rich,'R IH CH',s,'IH'
in,'IH N',s,'IH'
his,'HH IH Z',s,'IH'
creeps,'K R IY P S',s,'IY'
into,'IH N T UW',s,'IH UW'
the,'DH AH',s,''
hearts,'HH AA R T S',s,'AA'
of,'AH V',s,''
as,'AE Z',s,'AE'
not,'N AA T',s,'AA'
upon,'AH P AA N',s,'AA'
the,'DH AH',s,''
present,'P r IH Z e N T',s,'IH'
and,'AH N D',s,''
sick,'S IH K',s,'IH'
of,'AH V',s,''
rest,'R EH S T',s,''
by,'B AY',s,'AY'
desperte,'D EH S P R IH T',s,'IH'
my,'M AY',s,'AY'
and,'AH N D',s,''
that,'DH AE T',s,'AE'
most,'M OW S T',s,''
with,'W IH DH',s,'IH'
you,'Y UW',s,'UW'
my,'M AY',s,'AY'
going,'G OW IH N',s,'IH'
is,'IH Z',s,'IH'
death,'D EH TH',s,''
dead,'D EH D',s,''
my,'M AY',s,'AY'
look,'L UH K',s,'UH'
and,'AH N D',s,''
at,'AE T',s,'AE'
read,'r e D',s,''
the,'DH AH',s,''
she,'SH IY',s,'IY'
at,'AE T',s,'AE'
the,'DH AH',s,''
last,'L AE S T',s,'AE'
best,'B EH S T',s,''
see,'S IY',s,'IY'
when,'ʍ e N',s,''
and,'AH N D',s,''
she,'SH IY',s,'IY'
died,'D AY D',s,'AY'
no,'N OW',s,''
but,'B AH T',s,''
be,'B IY',s,'IY'
to,'T UW',s,'UW'
the,'DH AH',s,''
purposes,'P ɐ R P ǝ S IH Z',s,'IH'
i,'AY',s,'AY'
bear,'B EH R',s,''
or,'AO R',s,'AO'
as,'AE Z',s,'AE'
you,'Y UW',s,'UW'
shall,'SH AE L',s,'AE'
by,'B AY',s,'AY'
the,'DH AH',s,''
that,'DH AE T',s,'AE'
i,'AY',s,'AY'
go,'G OW',s,''
from,'F R AH M',s,''
servant,'S ɐ R V ǝ N T',s,''
or,'AO R',s,'AO'
war,'W AO R',s,'AO'
as,'AE Z',s,'AE'
thou,'DH AW',s,''
affects,'ǝ F e K · S',s,''
my,'M AY',s,'AY'
precious,'P R EH SH AH S',s,''
forbear,'F ǝ R B EH R',s,''
and,'AH N D',s,''
true,'T R UW',s,'UW'
to,'T UW',s,'UW'
his,'HH IH Z',s,'IH'
stands,'S T AE N D Z',s,'AE'
an,'AE N',s,'AE'
honorale,'AA N ER AH B AH L',s,'AA'
my,'M AY',s,'AY'
blood,'B L AH D',s,''
no,'N OW',s,''
by,'B AY',s,'AY'
my,'M AY',s,'AY'
you,'Y UW',s,'UW'
lady,'L EY D IY',s,'EY IY'
but,'B AH T',s,''
that,'DH AE T',s,'AE'
your,'Y AO R',s,'AO'
idleness,'ǝ IH D L N ǝ S',s,'IH'
your,'Y AO R',s,'AO'
subject,'S AH B JH EH K T',s,''
i,'AY',s,'AY'
you,'Y UW',s,'UW'
for,'F AO R',s,'AO'
idleness,'ǝ IH D L N ǝ S',s,'IH'
itself,'IH T S EH L F',s,'IH'
let,'L EH T',s,''
us,'AH S',s,''
go,'G OW',s,''
our,'OW R',s,''
so,'S OW',s,''
and,'AH N D',s,''
that,'DH AE T',s,'AE'
thou,'DH AW',s,''
residing,'r IH S ǝ IH D IH N',s,'IH IH IH'
goes,'G OW Z',s,''
yet,'Y EH T',s,''
with,'W IH DH',s,'IH'
me,'M IY',s,'IY'
and,'AH N D',s,''
i,'AY',s,'AY'
remain,'r IH M EH N',s,'IH'
with,'W IH DH',s,'IH'
thee,'DH IY',s,'IY'
if,'IH F',s,'IH'
we,'W IY',s,'IY'
well,'W EH L',s,''
to,'T UW',s,'UW'
spoken,'S P IY K ǝ N',s,'IY'
well,'W EH L',s,''
wre,'W ER',s,''
we,'W IY',s,'IY'
our,'OW R',s,''
and,'AH N D',s,''
to,'T UW',s,'UW'
i,'AY',s,'AY'
do,'D OW',s,''
thus,'DH ɤ S',s,''
thank,'TH AE NG K',s,'AE'
you,'Y UW',s,'UW'
sit,'S IH T',s,'IH'
i,'AY',s,'AY'
you,'Y UW',s,'UW'
ill,'IH L',s,'IH'
not,'N AA T',s,'AA'
so,'S OW',s,''
or,'AO R',s,'AO'
being,'B IY IH NG',s,'IY IH'
you,'Y UW',s,'UW'
not,'N AA T',s,'AA'
my,'M AY',s,'AY'
being,'B IY IH NG',s,'IY IH'
in,'IH N',s,'IH'
egypt,'IY JH AH P T',s,'IY'
what,'W AH T',s,''
was,'W AA Z',s,'AA'
to,'T UW',s,'UW'
you,'Y UW',s,'UW'
intend,'IH N T EH N D',s,'IH'
you,'Y UW',s,'UW'
you,'Y UW',s,'UW'
do,'D OW',s,''
your,'Y AO R',s,'AO'
my,'M AY',s,'AY'
never,'N e V ǝ R',s,''
did,'D IH D',s,'IH'
uge,'ER JH',s,''
me,'M IY',s,'IY'
in,'IH N',s,'IH'
his,'HH IH Z',s,'IH'
act,'AE K T',s,'AE'
i,'AY',s,'AY'
did,'D IH D',s,'IH'
it,'IH T',s,'IH'
and,'AH N D',s,''
my,'M AY',s,'AY'
from,'F R AH M',s,''
true,'T R UW',s,'UW'
reports,'r IH P AO R T S',s,'IH AO'
that,'DH AE T',s,'AE'
their,'DH EH R',s,''
with,'W IH DH',s,'IH'
you,'Y UW',s,'UW'
did,'D IH D',s,'IH'
he,'HH IY',s,'IY'
not,'N AA T',s,'AA'
disccredit,'D IH S K R EH D AH T',s,'IH'
my,'M AY',s,'AY'
with,'W IH DH',s,'IH'
yours,'Y UH R Z',s,'UH'
and,'AH N D',s,''
the,'DH AH',s,''
wars,'W AO R Z',s,'AO'
against,'AH G EH N S T',s,''
my,'M AY',s,'AY'
stomach,'S T AH M AH K',s,''
your,'Y AO R',s,'AO'
of,'AH V',s,''
this,'DH IH S',s,'IH'
my,'M AY',s,'AY'
did,'D IH D',s,'IH'
you,'Y UW',s,'UW'
if,'IH F',s,'IH'
a,'AH',s,''
as,'AE Z',s,'AE'
matter,'M AW T ǝ R',s,''
you,'Y UW',s,'UW'
to,'T UW',s,'UW'
it,'IH T',s,'IH'
with,'W IH DH',s,'IH'
it,'IH T',s,'IH'
must,'M AH S T',s,''
not,'N AA T',s,'AA'
be,'B IY',s,'IY'
with,'W IH DH',s,'IH'
this,'DH IH S',s,'IH'
not,'N AA T',s,'AA'
so,'S OW',s,''
not,'N AA T',s,'AA'
so,'S OW',s,''
i,'AY',s,'AY'
you,'Y UW',s,'UW'
not,'N AA T',s,'AA'
am,'AE M',s,'AE'
certain,'S ɐ R T ǝ N',s,''
on,'AA N',s,'AA'
very,'V EH R IY',s,'IY'
necessity,'N AH S EH S AH T IY',s,'IY'
of,'AH V',s,''
this,'DH IH S',s,'IH'
that,'DH AE T',s,'AE'
i,'AY',s,'AY'
your,'Y AO R',s,'AO'
partner,'P AA R T N ǝ R',s,'AA'
in,'IH N',s,'IH'
the,'DH AH',s,''
he,'HH IY',s,'IY'
not,'N AA T',s,'AA'
with,'W IH DH',s,'IH'
attend,'AH T EH N D',s,''
wars,'W AO R Z',s,'AO'
fronted,'F R AH N T IH D',s,'IH'
as,'AE Z',s,'AE'
for,'F AO R',s,'AO'
my,'M AY',s,'AY'
i,'AY',s,'AY'
you,'Y UW',s,'UW'
had,'HH AE D',s,'AE'
spirit,'S P IH R AH T',s,'IH'
in,'IH N',s,'IH'
another,'ǝ N ɤ DH ǝ R',s,''
the,'DH AH',s,''
is,'IH Z',s,'IH'
yours,'Y UH R Z',s,'UH'
with,'W IH DH',s,'IH'
a,'AH',s,''
you,'Y UW',s,'UW'
but,'B AH T',s,''
not,'N AA T',s,'AA'
a,'AH',s,''
so,'S OW',s,''
out,'AW T',s,''
of,'AH V',s,''
not,'N AA T',s,'AA'
wanted,'W AA N T IH D',s,'AA IH'
of,'AH V',s,''
grant,'G r AO N T',s,'AO'
did,'D IH D',s,'IH'
you,'Y UW',s,'UW'
too,'T UW',s,'UW'
for,'F AO R',s,'AO'
that,'DH AE T',s,'AE'
you,'Y UW',s,'UW'
must,'M AH S T',s,''
but,'B AH T',s,''
i,'AY',s,'AY'
not,'N AA T',s,'AA'
it,'IH T',s,'IH'
he,'HH IY',s,'IY'
fell,'F EH L',s,''
upon,'AH P AA N',s,'AA'
me,'M IY',s,'IY'
admitted,'AH D M IH T AH D',s,'IH'
then,'DH EH N',s,''
i,'AY',s,'AY'
had,'HH AE D',s,'AE'
feasted,'F e S T IH D',s,'IH'
and,'AH N D',s,''
did,'D IH D',s,'IH'
want,'W AA N T',s,'AA'
of,'AH V',s,''
what,'W AH T',s,''
i,'AY',s,'AY'
was,'W AA Z',s,'AA'
but,'B AH T',s,''
i,'AY',s,'AY'
told,'T OW L D',s,''
him,'HH IH M',s,'IH'
of,'AH V',s,''
myself,'M AY S EH L F',s,'AY'
was,'W AA Z',s,'AA'
as,'AE Z',s,'AE'
as,'AE Z',s,'AE'
to,'T UW',s,'UW'
him,'HH IH M',s,'IH'
pardon,'P AA R D ǝ N',s,'AA'
let,'L EH T',s,''
this,'DH IH S',s,'IH'
be,'B IY',s,'IY'
of,'AH V',s,''
our,'OW R',s,''
if,'IH F',s,'IH'
we,'W IY',s,'IY'
contend,'K AH N T EH N D',s,''
out,'AW T',s,''
of,'AH V',s,''
our,'OW R',s,''
him,'HH IH M',s,'IH'
no,'N OW',s,''
lepidus,'L e P IH D ǝ S',s,'IH'
let,'L EH T',s,''
him,'HH IH M',s,'IH'
speak,'S P IY K',s,'IY'
the,'DH AH',s,''
is,'IH Z',s,'IH'
sacred,'S EY K R AH D',s,'EY'
he,'HH IY',s,'IY'
on,'AA N',s,'AA'
that,'DH AE T',s,'AE'
i,'AY',s,'AY'
on,'AA N',s,'AA'
the,'DH AH',s,''
of,'AH V',s,''
my,'M AY',s,'AY'
oath,'OW TH',s,''
neglected,'N AH G L EH K T AH D',s,''
and,'AH N D',s,''
then,'DH EH N',s,''
when,'ʍ e N',s,''
poisoned,'P ǝ IH Z ǝ N D',s,'IH'
had,'HH AE D',s,'AE'
me,'M IY',s,'IY'
up,'AH P',s,''
from,'F R AH M',s,''
as,'AE Z',s,'AE'
as,'AE Z',s,'AE'
i,'AY',s,'AY'
the,'DH AH',s,''
to,'T UW',s,'UW'
you,'Y UW',s,'UW'
but,'B AH T',s,''
shall,'SH AE L',s,'AE'
not,'N AA T',s,'AA'
poor,'P UH R',s,'UH'
my,'M AY',s,'AY'
greatness,'G r e T N ǝ S',s,''
nor,'N AO R',s,'AO'
my,'M AY',s,'AY'
work,'W AO R K',s,'AO'
it,'IH T',s,'IH'
truth,'T R UW TH',s,'UW'
is,'IH Z',s,'IH'
that,'DH AE T',s,'AE'
to,'T UW',s,'UW'
me,'M IY',s,'IY'
out,'AW T',s,''
of,'AH V',s,''
egypt,'IY JH AH P T',s,'IY'
wars,'W AO R Z',s,'AO'
for,'F AO R',s,'AO'
myself,'M AY S EH L F',s,'AY'
the,'DH AH',s,''
ignorant,'IH G N ǝ r ǝ N T',s,'IH'
do,'D OW',s,''
so,'S OW',s,''
far,'F AA R',s,'AA'
ask,'AW S K',s,''
pardon,'P AA R D ǝ N',s,'AA'
as,'AE Z',s,'AE'
befits,'B IH F IH T S',s,'IH IH'
to,'T UW',s,'UW'
stoop,'S T UW P',s,'UW'
in,'IH N',s,'IH'
a,'AH',s,''
thou,'DH AW',s,''
art,'AA R T',s,'AA'
a,'AH',s,''
only,'OW N L IY',s,'IY'
speak,'S P IY K',s,'IY'
no,'N OW',s,''
you,'Y UW',s,'UW'
this,'DH IH S',s,'IH'
therefre,'DH EH R F AO R',s,'AO'
speak,'S P IY K',s,'IY'
no,'N OW',s,''
i,'AY',s,'AY'
am,'AE M',s,'AE'
not,'N AA T',s,'AA'
let,'L EH T',s,''
me,'M IY',s,'IY'
agrippa,'AH G R IH P AH',s,'IH'
speak,'S P IY K',s,'IY'
will,'W IH L',s,'IH'
speak,'S P IY K',s,'IY'
what,'W AH T',s,''
is,'IH Z',s,'IH'
in,'IH N',s,'IH'
agrippa,'AH G R IH P AH',s,'IH'
if,'IH F',s,'IH'
i,'AY',s,'AY'
agrippa,'AH G R IH P AH',s,'IH'
be,'B IY',s,'IY'
it,'IH T',s,'IH'
so,'S OW',s,''
to,'T UW',s,'UW'
this,'DH IH S',s,'IH'
good,'G UH D',s,'UH'
i,'AY',s,'AY'
never,'N e V ǝ R',s,''
to,'T UW',s,'UW'
this,'DH IH S',s,'IH'
good,'G UH D',s,'UH'
that,'DH AE T',s,'AE'
so,'S OW',s,''
fairly,'F EH R L IY',s,'IY'
dream,'D R IY M',s,'IY'
of,'AH V',s,''
impediment,'IH M P EH D AH M AH N T',s,'IH'
let,'L EH T',s,''
me,'M IY',s,'IY'
this,'DH IH S',s,'IH'
act,'AE K T',s,'AE'
of,'AH V',s,''
and,'AH N D',s,''
from,'F R AH M',s,''
this,'DH IH S',s,'IH'
the,'DH AH',s,''
heart,'HH AA R T',s,'AA'
of,'AH V',s,''
govern,'G ɤ V ǝ R N',s,''
in,'IH N',s,'IH'
our,'OW R',s,''
and,'AH N D',s,''
our,'OW R',s,''
great,'G r e T',s,''
designs,'D IH Z ǝ IH N Z',s,'IH IH'
i,'AY',s,'AY'
did,'D IH D',s,'IH'
not,'N AA T',s,'AA'
think,'TH IH NG K',s,'IH'
to,'T UW',s,'UW'
my,'M AY',s,'AY'
for,'F AO R',s,'AO'
he,'HH IY',s,'IY'
hath,'HH AE TH',s,'AE'
laid,'L EH D',s,''
and,'AH N D',s,''
great,'G r e T',s,''
of,'AH V',s,''
upon,'AH P AA N',s,'AA'
me,'M IY',s,'IY'
i,'AY',s,'AY'
must,'M AH S T',s,''
thank,'TH AE NG K',s,'AE'
him,'HH IH M',s,'IH'
only,'OW N L IY',s,'IY'
lest,'L EH S T',s,''
my,'M AY',s,'AY'
suffer,'S ɤ F ǝ R',s,''
ill,'IH L',s,'IH'
report,'r IH P AO R T',s,'IH AO'
at,'AE T',s,'AE'
of,'AH V',s,''
that,'DH AE T',s,'AE'
him,'HH IH M',s,'IH'
he,'HH IY',s,'IY'
what,'W AH T',s,''
is,'IH Z',s,'IH'
his,'HH IH Z',s,'IH'
strength,'S T R EH NG K TH',s,''
by,'B AY',s,'AY'
land,'L AE N D',s,'AE'
so,'S OW',s,''
is,'IH Z',s,'IH'
the,'DH AH',s,''
we,'W IY',s,'IY'
had,'HH AE D',s,'AE'
hate,'AW S T',s,''
we,'W IY',s,'IY'
for,'F AO R',s,'AO'
it,'IH T',s,'IH'
yet,'Y EH T',s,''
we,'W IY',s,'IY'
put,'P UH T',s,'UH'
in,'IH N',s,'IH'
arms,'AA R M Z',s,'AA'
we,'W IY',s,'IY'
the,'DH AH',s,''
we,'W IY',s,'IY'
of,'AH V',s,''
let,'L EH T',s,''
us,'AH S',s,''
lepidus,'L e P IH D ǝ S',s,'IH'
not,'N AA T',s,'AA'
lack,'L AE K',s,'AE'
your,'Y AO R',s,'AO'
company,'K AH M P AH N IY',s,'IY'
the,'DH AH',s,''
and,'AH N D',s,''
my,'M AY',s,'AY'
great,'G r e T',s,''
will,'W IH L',s,'IH'
me,'M IY',s,'IY'
from,'F R AH M',s,''
your,'Y AO R',s,'AO'
bosom,'B UH Z AH M',s,'UH'
read,'r e D',s,''
not,'N AA T',s,'AA'
my,'M AY',s,'AY'
blemishes,'B L EH M IH SH IH Z',s,'IH IH'
in,'IH N',s,'IH'
the,'DH AH',s,''
report,'r IH P AO R T',s,'IH AO'
i,'AY',s,'AY'
not,'N AA T',s,'AA'
kept,'K EH P T',s,''
my,'M AY',s,'AY'
but,'B AH T',s,''
that,'DH AE T',s,'AE'
to,'T UW',s,'UW'
shall,'SH AE L',s,'AE'
all,'AA L',s,'AA'
be,'B IY',s,'IY'
by,'B AY',s,'AY'
good,'G UH D',s,'UH'
dear,'D IY R',s,'IY'
lady,'L EY D IY',s,'EY IY'
good,'G UH D',s,'UH'
you,'Y UW',s,'UW'
do,'D OW',s,''
wish,'W IH SH',s,'IH'
in,'IH N',s,'IH'
egypt,'IY JH AH P T',s,'IY'
if,'IH F',s,'IH'
you,'Y UW',s,'UW'
can,'K AE N',s,'AE'
your,'Y AO R',s,'AO'
reason,'r EH Z ǝ N',s,''
to,'T UW',s,'UW'
me,'M IY',s,'IY'
shall,'SH AE L',s,'AE'
or,'AO R',s,'AO'
speak,'S P IY K',s,'IY'
this,'DH IH S',s,'IH'
no,'N OW',s,''
get,'G EH T',s,''
thee,'DH IY',s,'IY'
to,'T UW',s,'UW'
i,'AY',s,'AY'
speak,'S P IY K',s,'IY'
with,'W IH DH',s,'IH'
him,'HH IH M',s,'IH'
he,'HH IY',s,'IY'
shall,'SH AE L',s,'AE'
to,'T UW',s,'UW'
be,'B IY',s,'IY'
it,'IH T',s,'IH'
art,'AA R T',s,'AA'
or,'AO R',s,'AO'
he,'HH IY',s,'IY'
hath,'HH AE TH',s,'AE'
spoken,'S P IY K ǝ N',s,'IY'
true,'T R UW',s,'UW'
the,'DH AH',s,''
very,'V EH R IY',s,'IY'
him,'HH IH M',s,'IH'
and,'AH N D',s,''
in,'IH N',s,'IH'
our,'OW R',s,''
sports,'S P AO R T S',s,'AO'
my,'M AY',s,'AY'
better,'B e T ə R',s,''
faints,'F EH N T S',s,''
under,'ɤ N D ǝ R',s,''
his,'HH IH Z',s,'IH'
if,'IH F',s,'IH'
we,'W IY',s,'IY'
lots,'L AA T S',s,'AA'
he,'HH IY',s,'IY'
speeds,'S P IY D Z',s,'IY'
his,'HH IH Z',s,'IH'
do,'D OW',s,''
win,'W IH N',s,'IH'
the,'DH AH',s,''
still,'S T IH L',s,'IH'
of,'AH V',s,''
when,'ʍ e N',s,''
it,'IH T',s,'IH'
is,'IH Z',s,'IH'
all,'AA L',s,'AA'
to,'T UW',s,'UW'
and,'AH N D',s,''
his,'HH IH Z',s,'IH'
beat,'B IY T',s,'IY'
at,'AE T',s,'AE'
i,'AY',s,'AY'
will,'W IH L',s,'IH'
to,'T UW',s,'UW'
egypt,'IY JH AH P T',s,'IY'
and,'AH N D',s,''
i,'AY',s,'AY'
this,'DH IH S',s,'IH'
for,'F AO R',s,'AO'
my,'M AY',s,'AY'
east,'e S T',s,''
my,'M AY',s,'AY'
pleasre,'P L EH ZH ER',s,''
o,'OW',s,''
you,'Y UW',s,'UW'
must,'M AH S T',s,''
to,'T UW',s,'UW'
your,'Y AO R',s,'AO'
ready,'R EH D IY',s,'IY'
me,'M IY',s,'IY'
and,'AH N D',s,''
thou,'DH AW',s,''
not,'N AA T',s,'AA'
fear,'F IY R',s,'IY'
us,'AH S',s,''
with,'W IH DH',s,'IH'
sails,'S EH L Z',s,''
speak,'S P IY K',s,'IY'
with,'W IH DH',s,'IH'
thee,'DH IY',s,'IY'
at,'AE T',s,'AE'
sea,'S IY',s,'IY'
at,'AE T',s,'AE'
land,'L AE N D',s,'AE'
thou,'DH AW',s,''
we,'W IY',s,'IY'
do,'D OW',s,''
thee,'DH IY',s,'IY'
do,'D OW',s,''
not,'N AA T',s,'AA'
be,'B IY',s,'IY'
to,'T UW',s,'UW'
but,'B AH T',s,''
what,'W AH T',s,''
it,'IH T',s,'IH'
is,'IH Z',s,'IH'
worth,'W AO R TH',s,'AO'
our,'OW R',s,''
offer,'ɒ F ǝ R',s,''
i,'AY',s,'AY'
it,'IH T',s,'IH'
and,'AH N D',s,''
am,'AE M',s,'AE'
well,'W EH L',s,''
for,'F AO R',s,'AO'
a,'AH',s,''
thanks,'TH AE NG K S',s,'AE'
i,'AY',s,'AY'
do,'D OW',s,''
we,'OW',s,''
you,'Y UW',s,'UW'
the,'DH AH',s,''
beds,'B EH D Z',s,''
east,'e S T',s,''
soft,'S AA F T',s,'AA'
and,'AH N D',s,''
thanks,'TH AE NG K S',s,'AE'
to,'T UW',s,'UW'
you,'Y UW',s,'UW'
that,'DH AE T',s,'AE'
me,'M IY',s,'IY'
than,'DH AE N',s,'AE'
my,'M AY',s,'AY'
for,'F AO R',s,'AO'
i,'AY',s,'AY'
by,'B AY',s,'AY'
that,'DH AE T',s,'AE'
will,'W IH L',s,'IH'
i,'AY',s,'AY'
you,'Y UW',s,'UW'
and,'AH N D',s,''
fair,'F EH R',s,''
to,'T UW',s,'UW'
them,'DH EH M',s,''
's,'EH S',s,''
the,'DH AH',s,''
thus,'DH ɤ S',s,''
do,'D OW',s,''
the,'DH AH',s,''
by,'B AY',s,'AY'
certain,'S ɐ R T ǝ N',s,''
scales,'S K EH L Z',s,''
pyramid,'P IH R AH M IH D',s,'IH IH'
by,'B AY',s,'AY'
the,'DH AH',s,''
or,'AO R',s,'AO'
the,'DH AH',s,''
mean,'M IY N',s,'IY'
if,'IH F',s,'IH'
or,'AO R',s,'AO'
the,'DH AH',s,''
the,'DH AH',s,''
it,'IH T',s,'IH'
promises,'P R AA M AH S AH Z',s,'AA'
as,'AE Z',s,'AE'
it,'IH T',s,'IH'
the,'DH AH',s,''
seedsman,'S IY D Z M AH N',s,'IY'
upon,'AH P AA N',s,'AA'
the,'DH AH',s,''
and,'AH N D',s,''
his,'HH IH Z',s,'IH'
grain,'G r EH N',s,''
and,'AH N D',s,''
shortly,'SH AO R T L IY',s,'AO IY'
to,'T UW',s,'UW'
lepidus,'L e P IH D ǝ S',s,'IH'
so,'S OW',s,''
it,'IH T',s,'IH'
is,'IH Z',s,'IH'
itself,'IH T S EH L F',s,'IH'
and,'AH N D',s,''
it,'IH T',s,'IH'
is,'IH Z',s,'IH'
as,'AE Z',s,'AE'
broad,'B R AO D',s,'AO'
as,'AE Z',s,'AE'
it,'IH T',s,'IH'
hath,'HH AE TH',s,'AE'
breadth,'B R EH D TH',s,''
it,'IH T',s,'IH'
is,'IH Z',s,'IH'
so,'S OW',s,''
as,'AE Z',s,'AE'
it,'IH T',s,'IH'
is,'IH Z',s,'IH'
and,'AH N D',s,''
with,'W IH DH',s,'IH'
it,'IH T',s,'IH'
organs,'AO R G AH N Z',s,'AO'
it,'IH T',s,'IH'
by,'B AY',s,'AY'
that,'DH AE T',s,'AE'
it,'IH T',s,'IH'
and,'AH N D',s,''
the,'DH AH',s,''
out,'AW T',s,''
of,'AH V',s,''
it,'IH T',s,'IH'
it,'IH T',s,'IH'
of,'AH V',s,''
it,'IH T',s,'IH'
too,'T UW',s,'UW'
so,'S OW',s,''
and,'AH N D',s,''
the,'DH AH',s,''
tears,'T EH R Z',s,''
of,'AH V',s,''
it,'IH T',s,'IH'
wet,'W EH T',s,''
with,'W IH DH',s,'IH'
the,'DH AH',s,''
that,'DH AE T',s,'AE'
him,'HH IH M',s,'IH'
he,'HH IY',s,'IY'
is,'IH Z',s,'IH'
a,'AH',s,''
very,'V EH R IY',s,'IY'
quickksands,'K W IH K S AE N D Z',s,'IH AE'
lepidus,'L e P IH D ǝ S',s,'IH'
keep,'K IY P',s,'IY'
off,'AO F',s,'AO'
them,'DH EH M',s,''
for,'F AO R',s,'AO'
you,'Y UW',s,'UW'
sink,'S IH NG K',s,'IH'
bear,'B EH R',s,''
him,'HH IH M',s,'IH'
plege,'P L EH JH',s,''
it,'IH T',s,'IH'
for,'F AO R',s,'AO'
him,'HH IH M',s,'IH'
it,'IH T',s,'IH'
towards,'T AH W AO R D Z',s,'AO'
it,'IH T',s,'IH'
the,'DH AH',s,''
vessels,'V EH S AH L Z',s,''
ho,'HH OW',s,''
to,'T UW',s,'UW'
be,'B IY',s,'IY'
a,'AH',s,''
child,'CH AY L D',s,'AY'
all,'AA L',s,'AA'
till,'T IH L',s,'IH'
that,'DH AE T',s,'AE'
the,'DH AH',s,''
hath,'HH AE TH',s,'AE'
our,'OW R',s,''
in,'IH N',s,'IH'
soft,'S AA F T',s,'AA'
and,'AH N D',s,''
cup,'K ɤ P',s,''
us,'AH S',s,''
till,'T IH L',s,'IH'
the,'DH AH',s,''
go,'G OW',s,''
cup,'K ɤ P',s,''
us,'AH S',s,''
till,'T IH L',s,'IH'
the,'DH AH',s,''
go,'G OW',s,''
and,'AH N D',s,''
shall,'SH AE L',s,'AE'
's,'EH S',s,''
your,'Y AO R',s,'AO'
no,'N OW',s,''
me,'M IY',s,'IY'
not,'N AA T',s,'AA'
offended,'AH F EH N D AH D',s,''
in,'IH N',s,'IH'
your,'Y AO R',s,'AO'
distrust,'D IH S T r ɤ S T',s,'IH'
you,'Y UW',s,'UW'
shall,'SH AE L',s,'AE'
not,'N AA T',s,'AA'
you,'Y UW',s,'UW'
be,'B IY',s,'IY'
therein,'DH EH R IH N',s,'IH'
the,'DH AH',s,''
least,'L IY S T',s,'IY'
for,'F AO R',s,'AO'
what,'W AH T',s,''
you,'Y UW',s,'UW'
seem,'S IY M',s,'IY'
to,'T UW',s,'UW'
fear,'F IY R',s,'IY'
so,'S OW',s,''
the,'DH AH',s,''
gods,'G AA D Z',s,'AA'
keep,'K IY P',s,'IY'
you,'Y UW',s,'UW'
and,'AH N D',s,''
the,'DH AH',s,''
hearts,'HH AA R T S',s,'AA'
of,'AH V',s,''
romans,'R OW M AH N Z',s,''
seve,'S ER V',s,''
your,'Y AO R',s,'AO'
ends,'EH N D Z',s,''
we,'W IY',s,'IY'
will,'W IH L',s,'IH'
part,'P AA R T',s,'AA'
the,'DH AH',s,''
in,'IH N',s,'IH'
it,'IH T',s,'IH'
is,'IH Z',s,'IH'
and,'AH N D',s,''
the,'DH AH',s,''
to,'T UW',s,'UW'
it,'IH T',s,'IH'
cheerful,'CH IH R F AH L',s,'IH'
will,'W IH L',s,'IH'
not,'N AA T',s,'AA'
heart,'HH AA R T',s,'AA'
nor,'N AO R',s,'AO'
can,'K AE N',s,'AE'
heart,'HH AA R T',s,'AA'
inform,'IH N F AO R M',s,'IH AO'
that,'DH AE T',s,'AE'
stands,'S T AE N D Z',s,'AE'
upon,'AH P AA N',s,'AA'
the,'DH AH',s,''
swell,'S W EH L',s,''
at,'AE T',s,'AE'
the,'DH AH',s,''
full,'F UH L',s,'UH'
of,'AH V',s,''
and,'AH N D',s,''
neither,'N EH DH ǝ R',s,''
with,'W IH DH',s,'IH'
you,'Y UW',s,'UW'
in,'IH N',s,'IH'
my,'M AY',s,'AY'
strength,'S T R EH NG K TH',s,''
of,'AH V',s,''
look,'L UH K',s,'UH'
i,'AY',s,'AY'
you,'Y UW',s,'UW'
thus,'DH ɤ S',s,''
i,'AY',s,'AY'
let,'L EH T',s,''
you,'Y UW',s,'UW'
go,'G OW',s,''
and,'AH N D',s,''
you,'Y UW',s,'UW'
to,'T UW',s,'UW'
the,'DH AH',s,''
gods,'G AA D Z',s,'AA'
not,'N AA T',s,'AA'
only,'OW N L IY',s,'IY'
that,'DH AE T',s,'AE'
that,'DH AE T',s,'AE'
wre,'W ER',s,''
that,'DH AE T',s,'AE'
and,'AH N D',s,''
thousands,'TH AW Z AH N D Z',s,''
of,'AH V',s,''
he,'HH IY',s,'IY'
hath,'HH AE TH',s,'AE'
wars,'W AO R Z',s,'AO'
his,'HH IH Z',s,'IH'
will,'W IH L',s,'IH'
and,'AH N D',s,''
read,'r e D',s,''
it,'IH T',s,'IH'
to,'T UW',s,'UW'
public,'P ɤ B L IH K',s,'IH'
ear,'IY R',s,'IY'
of,'AH V',s,''
me,'M IY',s,'IY'
when,'ʍ e N',s,''
perfoce,'P ER F AO R S',s,'AO'
he,'HH IY',s,'IY'
not,'N AA T',s,'AA'
but,'B AH T',s,''
me,'M IY',s,'IY'
terms,'T ɐ R M Z',s,''
of,'AH V',s,''
cold,'K OW L D',s,''
and,'AH N D',s,''
he,'HH IY',s,'IY'
vented,'V EH N T IH D',s,'IH'
them,'DH EH M',s,''
most,'M OW S T',s,''
lent,'L EH N T',s,''
me,'M IY',s,'IY'
when,'ʍ e N',s,''
the,'DH AH',s,''
best,'B EH S T',s,''
was,'W AA Z',s,'AA'
given,'G IH V AH N',s,'IH'
him,'HH IH M',s,'IH'
he,'HH IY',s,'IY'
not,'N AA T',s,'AA'
took,'T UH K',s,'UH'
or,'AO R',s,'AO'
did,'D IH D',s,'IH'
it,'IH T',s,'IH'
from,'F R AH M',s,''
his,'HH IH Z',s,'IH'
teeth,'T IY TH',s,'IY'
let,'L EH T',s,''
your,'Y AO R',s,'AO'
best,'B EH S T',s,''
to,'T UW',s,'UW'
that,'DH AE T',s,'AE'
seeks,'S IY K S',s,'IY'
best,'B EH S T',s,''
to,'T UW',s,'UW'
preseve,'P R AH Z ER V',s,''
it,'IH T',s,'IH'
if,'IH F',s,'IH'
i,'AY',s,'AY'
i,'AY',s,'AY'
myself,'M AY S EH L F',s,'AY'
better,'B e T ə R',s,''
i,'AY',s,'AY'
wre,'W ER',s,''
not,'N AA T',s,'AA'
yours,'Y UH R Z',s,'UH'
than,'DH AE N',s,'AE'
yours,'Y UH R Z',s,'UH'
so,'S OW',s,''
but,'B AH T',s,''
as,'AE Z',s,'AE'
you,'Y UW',s,'UW'
shall,'SH AE L',s,'AE'
go,'G OW',s,''
between,'B IH T W IY N',s,'IH IY'
's,'EH S',s,''
the,'DH AH',s,''
lady,'L EY D IY',s,'EY IY'
the,'DH AH',s,''
of,'AH V',s,''
a,'AH',s,''
war,'W AO R',s,'AO'
shall,'SH AE L',s,'AE'
stain,'S T EH N',s,''
your,'Y AO R',s,'AO'
your,'Y AO R',s,'AO'
soonest,'S UW N AH S T',s,'UW'
hate,'AW S T',s,''
so,'S OW',s,''
your,'Y AO R',s,'AO'
desires,'D IH Z ǝ IH R Z',s,'IH IH'
yours,'Y UH R Z',s,'UH'
when,'ʍ e N',s,''
it,'IH T',s,'IH'
appears,'ǝ P IY R Z',s,'IY'
to,'T UW',s,'UW'
you,'Y UW',s,'UW'
this,'DH IH S',s,'IH'
begins,'B IH G IH N Z',s,'IH IH'
turn,'T ɐ R N',s,''
your,'Y AO R',s,'AO'
that,'DH AE T',s,'AE'
for,'F AO R',s,'AO'
our,'OW R',s,''
faults,'F AO L T S',s,'AO'
can,'K AE N',s,'AE'
never,'N e V ǝ R',s,''
be,'B IY',s,'IY'
so,'S OW',s,''
that,'DH AE T',s,'AE'
your,'Y AO R',s,'AO'
can,'K AE N',s,'AE'
with,'W IH DH',s,'IH'
them,'DH EH M',s,''
your,'Y AO R',s,'AO'
going,'G OW IH N',s,'IH'
your,'Y AO R',s,'AO'
company,'K AH M P AH N IY',s,'IY'
and,'AH N D',s,''
command,'K ǝ M AW N D',s,''
what,'W AH T',s,''
cost,'K AA S T',s,'AA'
your,'Y AO R',s,'AO'
heart,'HH AA R T',s,'AA'
to,'T UW',s,'UW'
is,'IH Z',s,'IH'
it,'IH T',s,'IH'
not,'N AA T',s,'AA'
that,'DH AE T',s,'AE'
from,'F R AH M',s,''
and,'AH N D',s,''
he,'HH IY',s,'IY'
so,'S OW',s,''
cut,'K ɤ T',s,''
the,'DH AH',s,''
sea,'S IY',s,'IY'
and,'AH N D',s,''
in,'IH N',s,'IH'
on,'AA N',s,'AA'
sweet,'S W IY T',s,'IY'
a,'AH',s,''
good,'G UH D',s,'UH'
well,'W EH L',s,''
the,'DH AH',s,''
best,'B EH S T',s,''
of,'AH V',s,''
men,'M EH N',s,''
to,'T UW',s,'UW'
taunt,'T AO N T',s,'AO'
at,'AE T',s,'AE'
we,'W IY',s,'IY'
will,'W IH L',s,'IH'
with,'W IH DH',s,'IH'
him,'HH IH M',s,'IH'
by,'B AY',s,'AY'
sea,'S IY',s,'IY'
for,'F AO R',s,'AO'
that,'DH AE T',s,'AE'
he,'HH IY',s,'IY'
us,'AH S',s,''
to,'T UW',s,'UW'
by,'B AY',s,'AY'
sea,'S IY',s,'IY'
by,'B AY',s,'AY'
sea,'S IY',s,'IY'
at,'AE T',s,'AE'
sea,'S IY',s,'IY'
our,'OW R',s,''
of,'AH V',s,''
will,'W IH L',s,'IH'
we,'W IY',s,'IY'
and,'AH N D',s,''
with,'W IH DH',s,'IH'
the,'DH AH',s,''
rest,'R EH S T',s,''
from,'F R AH M',s,''
of,'AH V',s,''
beat,'B IY T',s,'IY'
but,'B AH T',s,''
if,'IH F',s,'IH'
we,'W IY',s,'IY'
fail,'F EH L',s,''
we,'W IY',s,'IY'
then,'DH EH N',s,''
can,'K AE N',s,'AE'
do,'D OW',s,''
at,'AE T',s,'AE'
land,'L AE N D',s,'AE'
can,'K AE N',s,'AE'
he,'HH IY',s,'IY'
be,'B IY',s,'IY'
in,'IH N',s,'IH'
that,'DH AE T',s,'AE'
his,'HH IH Z',s,'IH'
be,'B IY',s,'IY'
our,'OW R',s,''
nineteen,'N ǝ IH N T IY N',s,'IH IY'
thou,'DH AW',s,''
shalt,'SH AE L T',s,'AE'
by,'B AY',s,'AY'
land,'L AE N D',s,'AE'
and,'AH N D',s,''
our,'OW R',s,''
to,'T UW',s,'UW'
our,'OW R',s,''
ship,'SH IH P',s,'IH'
my,'M AY',s,'AY'
thetis,'TH IY T AH S',s,'IY'
well,'W EH L',s,''
well,'W EH L',s,''
set,'S EH T',s,''
we,'W IY',s,'IY'
our,'OW R',s,''
on,'AA N',s,'AA'
in,'IH N',s,'IH'
of,'AH V',s,''
from,'F R AH M',s,''
we,'W IY',s,'IY'
the,'DH AH',s,''
of,'AH V',s,''
the,'DH AH',s,''
ships,'SH IH P S',s,'IH'
behold,'B IH HH OW L D',s,'IH'
and,'AH N D',s,''
so,'S OW',s,''
proceed,'P R AH S IY D',s,'IY'
the,'DH AH',s,''
land,'L AE N D',s,'AE'
bids,'B IH D Z',s,'IH'
me,'M IY',s,'IY'
tread,'T R EH D',s,''
no,'N OW',s,''
upon,'AH P AA N',s,'AA'
it,'IH T',s,'IH'
is,'IH Z',s,'IH'
to,'T UW',s,'UW'
bear,'B EH R',s,''
me,'M IY',s,'IY'
friends,'F R EH N D Z',s,''
i,'AY',s,'AY'
am,'AE M',s,'AE'
so,'S OW',s,''
lated,'L EH T IH D',s,'IH'
in,'IH N',s,'IH'
the,'DH AH',s,''
that,'DH AE T',s,'AE'
i,'AY',s,'AY'
lost,'L AO S T',s,'AO'
my,'M AY',s,'AY'
i,'AY',s,'AY'
a,'AH',s,''
ship,'SH IH P',s,'IH'
laden,'L EH D ǝ N',s,''
with,'W IH DH',s,'IH'
gold,'G OW L D',s,''
that,'DH AE T',s,'AE'
it,'IH T',s,'IH'
and,'AH N D',s,''
your,'Y AO R',s,'AO'
with,'W IH DH',s,'IH'
i,'AY',s,'AY'
fled,'F L EH D',s,''
myself,'M AY S EH L F',s,'AY'
and,'AH N D',s,''
instructed,'IH N S T R AH K T AH D',s,'IH'
to,'T UW',s,'UW'
run,'r ɤ N',s,''
and,'AH N D',s,''
their,'DH EH R',s,''
friends,'F R EH N D Z',s,''
i,'AY',s,'AY'
myself,'M AY S EH L F',s,'AY'
upon,'AH P AA N',s,'AA'
a,'AH',s,''
no,'N OW',s,''
need,'N IY D',s,'IY'
of,'AH V',s,''
you,'Y UW',s,'UW'
my,'M AY',s,'AY'
in,'IH N',s,'IH'
the,'DH AH',s,''
it,'IH T',s,'IH'
o,'OW',s,''
i,'AY',s,'AY'
that,'DH AE T',s,'AE'
i,'AY',s,'AY'
blush,'B L ɤ SH',s,''
to,'T UW',s,'UW'
look,'L UH K',s,'UH'
upon,'AH P AA N',s,'AA'
my,'M AY',s,'AY'
very,'V EH R IY',s,'IY'
hairs,'HH EH R Z',s,''
do,'D OW',s,''
for,'F AO R',s,'AO'
the,'DH AH',s,''
the,'DH AH',s,''
brown,'B r ə UH N',s,'UH'
for,'F AO R',s,'AO'
and,'AH N D',s,''
them,'DH EH M',s,''
for,'F AO R',s,'AO'
fear,'F IY R',s,'IY'
and,'AH N D',s,''
friends,'F R EH N D Z',s,''
you,'Y UW',s,'UW'
shall,'SH AE L',s,'AE'
from,'F R AH M',s,''
me,'M IY',s,'IY'
to,'T UW',s,'UW'
friends,'F R EH N D Z',s,''
that,'DH AE T',s,'AE'
will,'W IH L',s,'IH'
sweep,'S W IY P',s,'IY'
your,'Y AO R',s,'AO'
for,'F AO R',s,'AO'
you,'Y UW',s,'UW'
you,'Y UW',s,'UW'
look,'L UH K',s,'UH'
not,'N AA T',s,'AA'
sad,'S AE D',s,'AE'
nor,'N AO R',s,'AO'
replies,'R IH P L AY Z',s,'IH AY'
of,'AH V',s,''
the,'DH AH',s,''
my,'M AY',s,'AY'
despair,'D IH S P EH R',s,'IH'
proclaims,'P R OW K L EY M Z',s,'EY'
let,'L EH T',s,''
that,'DH AE T',s,'AE'
be,'B IY',s,'IY'
left,'L EH F T',s,''
itself,'IH T S EH L F',s,'IH'
to,'T UW',s,'UW'
the,'DH AH',s,''
i,'AY',s,'AY'
will,'W IH L',s,'IH'
possess,'P AH Z EH S',s,''
you,'Y UW',s,'UW'
of,'AH V',s,''
that,'DH AE T',s,'AE'
ship,'SH IH P',s,'IH'
and,'AH N D',s,''
me,'M IY',s,'IY'
i,'AY',s,'AY'
a,'AH',s,''
you,'Y UW',s,'UW'
do,'D OW',s,''
indeed,'IH N D IY D',s,'IH IY'
i,'AY',s,'AY'
lost,'L AO S T',s,'AO'
command,'K ǝ M AW N D',s,''
therefre,'DH EH R F AO R',s,'AO'
i,'AY',s,'AY'
see,'S IY',s,'IY'
you,'Y UW',s,'UW'
by,'B AY',s,'AY'
and,'AH N D',s,''
by,'B AY',s,'AY'
no,'N OW',s,''
no,'N OW',s,''
no,'N OW',s,''
no,'N OW',s,''
no,'N OW',s,''
yes,'Y IH S',s,'IH'
my,'M AY',s,'AY'
lord,'L AO R D',s,'AO'
yes,'Y IH S',s,'IH'
he,'HH IY',s,'IY'
at,'AE T',s,'AE'
kept,'K EH P T',s,''
his,'HH IH Z',s,'IH'
a,'AH',s,''
dancer,'D AW N S ǝ R',s,''
i,'AY',s,'AY'
the,'DH AH',s,''
lean,'L IY N',s,'IY'
and,'AH N D',s,''
wrinkled,'R IH NG K AH L D',s,'IH'
and,'AH N D',s,''
i,'AY',s,'AY'
that,'DH AE T',s,'AE'
the,'DH AH',s,''
mad,'M AE D',s,'AE'
brutus,'B R UW T AH S',s,'UW'
ended,'EH N D AH D',s,''
he,'HH IY',s,'IY'
dealt,'D EH L T',s,''
on,'AA N',s,'AA'
and,'AH N D',s,''
no,'N OW',s,''
had,'HH AE D',s,'AE'
in,'IH N',s,'IH'
the,'DH AH',s,''
squares,'S K W EH R Z',s,''
of,'AH V',s,''
war,'W AO R',s,'AO'
yet,'Y EH T',s,''
matter,'M AW T ǝ R',s,''
i,'AY',s,'AY'
offended,'AH F EH N D AH D',s,''
a,'AH',s,''
most,'M OW S T',s,''
o,'OW',s,''
hast,'HH AE S T',s,'AE'
them,'DH EH M',s,''
led,'L EH D',s,''
me,'M IY',s,'IY'
egypt,'IY JH AH P T',s,'IY'
see,'S IY',s,'IY'
i,'AY',s,'AY'
my,'M AY',s,'AY'
out,'AW T',s,''
of,'AH V',s,''
by,'B AY',s,'AY'
back,'B AE K',s,'AE'
what,'W AH T',s,''
i,'AY',s,'AY'
left,'L EH F T',s,''
behind,'B IH ə IH N D',s,'IH IH'
in,'IH N',s,'IH'
egypt,'IY JH AH P T',s,'IY'
thou,'DH AW',s,''
too,'T UW',s,'UW'
well,'W EH L',s,''
my,'M AY',s,'AY'
heart,'HH AA R T',s,'AA'
was,'W AA Z',s,'AA'
to,'T UW',s,'UW'
rudder,'r ɤ D ǝ R',s,''
tied,'T AY D',s,'AY'
by,'B AY',s,'AY'
and,'AH N D',s,''
thou,'DH AW',s,''
me,'M IY',s,'IY'
after,'AW F T ǝ R',s,''
my,'M AY',s,'AY'
spirit,'S P IH R AH T',s,'IH'
full,'F UH L',s,'UH'
thou,'DH AW',s,''
and,'AH N D',s,''
that,'DH AE T',s,'AE'
beck,'B EH K',s,''
from,'F R AH M',s,''
the,'DH AH',s,''
of,'AH V',s,''
the,'DH AH',s,''
gods,'G AA D Z',s,'AA'
command,'K ǝ M AW N D',s,''
me,'M IY',s,'IY'
i,'AY',s,'AY'
must,'M AH S T',s,''
to,'T UW',s,'UW'
the,'DH AH',s,''
man,'M AE N',s,'AE'
send,'S EH N D',s,''
treaties,'T R IY T IY Z',s,'IY IY'
doge,'D AA JH',s,'AA'
and,'AH N D',s,''
in,'IH N',s,'IH'
the,'DH AH',s,''
shifts,'SH IH F T S',s,'IH'
of,'AH V',s,''
who,'HH UW',s,'UW'
with,'W IH DH',s,'IH'
the,'DH AH',s,''
bulk,'B ɤ L K',s,''
as,'AE Z',s,'AE'
i,'AY',s,'AY'
and,'AH N D',s,''
you,'Y UW',s,'UW'
did,'D IH D',s,'IH'
you,'Y UW',s,'UW'
wre,'W ER',s,''
my,'M AY',s,'AY'
and,'AH N D',s,''
that,'DH AE T',s,'AE'
my,'M AY',s,'AY'
weak,'W IY K',s,'IY'
by,'B AY',s,'AY'
my,'M AY',s,'AY'
affection,'AH F EH K SH AH N',s,''
it,'IH T',s,'IH'
on,'AA N',s,'AA'
all,'AA L',s,'AA'
fall,'F AA L',s,'AA'
not,'N AA T',s,'AA'
a,'AH',s,''
tear,'T IY R',s,'IY'
i,'AY',s,'AY'
of,'AH V',s,''
them,'DH EH M',s,''
all,'AA L',s,'AA'
that,'DH AE T',s,'AE'
is,'IH Z',s,'IH'
won,'W ɤ N',s,''
and,'AH N D',s,''
lost,'L AO S T',s,'AO'
me,'M IY',s,'IY'
a,'AH',s,''
kiss,'K IH S',s,'IH'
even,'IY V IH N',s,'IY IH'
this,'DH IH S',s,'IH'
me,'M IY',s,'IY'
we,'W IY',s,'IY'
sent,'S EH N T',s,''
our,'OW R',s,''
is,'IH Z',s,'IH'
he,'HH IY',s,'IY'
back,'B AE K',s,'AE'
i,'AY',s,'AY'
am,'AE M',s,'AE'
full,'F UH L',s,'UH'
of,'AH V',s,''
within,'W IH DH IH N',s,'IH IH'
and,'AH N D',s,''
our,'OW R',s,''
we,'W IY',s,'IY'
most,'M OW S T',s,''
when,'ʍ e N',s,''
most,'M OW S T',s,''
she,'SH IY',s,'IY'
offers,'ɒ F ǝ R Z',s,''
is,'IH Z',s,'IH'
that,'DH AE T',s,'AE'
his,'HH IH Z',s,'IH'
the,'DH AH',s,''
shall,'SH AE L',s,'AE'
then,'DH EH N',s,''
so,'S OW',s,''
she,'SH IY',s,'IY'
will,'W IH L',s,'IH'
yield,'Y IY L D',s,'IY'
us,'AH S',s,''
up,'AH P',s,''
let,'L EH T',s,''
to,'T UW',s,'UW'
the,'DH AH',s,''
send,'S EH N D',s,''
this,'DH IH S',s,'IH'
and,'AH N D',s,''
he,'HH IY',s,'IY'
will,'W IH L',s,'IH'
fill,'F IH L',s,'IH'
wishes,'W IH SH IH Z',s,'IH IH'
to,'T UW',s,'UW'
the,'DH AH',s,''
brim,'B R IH M',s,'IH'
with,'W IH DH',s,'IH'
principalities,'P R IH N S IH P AE L IH T IY Z',s,'IH IH AE IH IY'
to,'T UW',s,'UW'
him,'HH IH M',s,'IH'
again,'ǝ ɡ EH N',s,''
tell,'T EH L',s,''
him,'HH IH M',s,'IH'
he,'HH IY',s,'IY'
wears,'W EH R Z',s,''
the,'DH AH',s,''
of,'AH V',s,''
youth,'Y UW TH',s,'UW'
upon,'AH P AA N',s,'AA'
him,'HH IH M',s,'IH'
from,'F R AH M',s,''
the,'DH AH',s,''
his,'HH IH Z',s,'IH'
ships,'SH IH P S',s,'IH'
be,'B IY',s,'IY'
a,'AH',s,''
ministers,'M IH N IH S T ǝ R Z',s,'IH IH'
prevail,'P R IH V EY L',s,'IH EY'
under,'ɤ N D ǝ R',s,''
the,'DH AH',s,''
of,'AH V',s,''
a,'AH',s,''
child,'CH AY L D',s,'AY'
as,'AE Z',s,'AE'
soon,'S UW N',s,'UW'
as,'AE Z',s,'AE'
command,'K ǝ M AW N D',s,''
of,'AH V',s,''
i,'AY',s,'AY'
him,'HH IH M',s,'IH'
therefre,'DH EH R F AO R',s,'AO'
to,'T UW',s,'UW'
his,'HH IH Z',s,'IH'
apart,'ǝ P AW R T',s,''
and,'AH N D',s,''
me,'M IY',s,'IY'
declined,'D IH K L ǝ IH N D',s,'IH IH'
against,'AH G EH N S T',s,''
it,'IH T',s,'IH'
me,'M IY',s,'IY'
by,'B AY',s,'AY'
that,'DH AE T',s,'AE'
what,'W AH T',s,''
art,'AA R T',s,'AA'
thou,'DH AW',s,''
appproach,'ǝ P r OW T SH',s,''
you,'Y UW',s,'UW'
gods,'G AA D Z',s,'AA'
and,'AH N D',s,''
devils,'D EH V AH L Z',s,''
melts,'M EH L T S',s,''
from,'F R AH M',s,''
me,'M IY',s,'IY'
of,'AH V',s,''
when,'ʍ e N',s,''
i,'AY',s,'AY'
ho,'HH OW',s,''
unto,'AH N T UW',s,'UW'
a,'AH',s,''
muss,'M ɤ S',s,''
start,'S T AA R T',s,'AA'
forth,'F AO R TH',s,'AO'
and,'AH N D',s,''
your,'Y AO R',s,'AO'
will,'W IH L',s,'IH'
you,'Y UW',s,'UW'
no,'N OW',s,''
ears,'IY R Z',s,'IY'
i,'AY',s,'AY'
am,'AE M',s,'AE'
antony,'AE N T AH N IY',s,'AE IY'
yet,'Y EH T',s,''
this,'DH IH S',s,'IH'
jack,'JH AE K',s,'AE'
and,'AH N D',s,''
whip,'ʍ IH P',s,'IH'
him,'HH IH M',s,'IH'
moon,'M UW N',s,'UW'
and,'AH N D',s,''
stars,'S T AA R Z',s,'AA'
whip,'ʍ IH P',s,'IH'
him,'HH IH M',s,'IH'
wre,'W ER',s,''
of,'AH V',s,''
the,'DH AH',s,''
greatest,'G r e T ǝ S T',s,''
that,'DH AE T',s,'AE'
do,'D OW',s,''
i,'AY',s,'AY'
them,'DH EH M',s,''
so,'S OW',s,''
with,'W IH DH',s,'IH'
the,'DH AH',s,''
of,'AH V',s,''
she,'SH IY',s,'IY'
she,'SH IY',s,'IY'
was,'W AA Z',s,'AA'
whip,'ʍ IH P',s,'IH'
him,'HH IH M',s,'IH'
till,'T IH L',s,'IH'
a,'AH',s,''
you,'Y UW',s,'UW'
see,'S IY',s,'IY'
him,'HH IH M',s,'IH'
his,'HH IH Z',s,'IH'
and,'AH N D',s,''
for,'F AO R',s,'AO'
him,'HH IH M',s,'IH'
tug,'T AH G',s,''
him,'HH IH M',s,'IH'
being,'B IY IH NG',s,'IY IH'
him,'HH IH M',s,'IH'
again,'ǝ ɡ EH N',s,''
this,'DH IH S',s,'IH'
jack,'JH AE K',s,'AE'
of,'AH V',s,''
shall,'SH AE L',s,'AE'
bear,'B EH R',s,''
us,'AH S',s,''
an,'AE N',s,'AE'
errand,'EH R AH N D',s,''
to,'T UW',s,'UW'
him,'HH IH M',s,'IH'
you,'Y UW',s,'UW'
wre,'W ER',s,''
blasted,'B L AW S T IH D',s,'IH'
i,'AY',s,'AY'
you,'Y UW',s,'UW'
i,'AY',s,'AY'
my,'M AY',s,'AY'
left,'L EH F T',s,''
in,'IH N',s,'IH'
the,'DH AH',s,''
of,'AH V',s,''
a,'AH',s,''
and,'AH N D',s,''
by,'B AY',s,'AY'
a,'AH',s,''
gem,'JH EH M',s,''
of,'AH V',s,''
women,'W IH M AH N',s,'IH'
to,'T UW',s,'UW'
be,'B IY',s,'IY'
abused,'ǝ B Y UW Z D',s,'UW'
by,'B AY',s,'AY'
that,'DH AE T',s,'AE'
looks,'L UH K S',s,'UH'
on,'AA N',s,'AA'
feeders,'F IY D ǝ R Z',s,'IY'
you,'Y UW',s,'UW'
been,'B IH N',s,'IH'
a,'AH',s,''
but,'B AH T',s,''
when,'ʍ e N',s,''
we,'W IY',s,'IY'
in,'IH N',s,'IH'
our,'OW R',s,''
o,'OW',s,''
on,'AA N',s,'AA'
gods,'G AA D Z',s,'AA'
seel,'S IY L',s,'IY'
our,'OW R',s,''
in,'IH N',s,'IH'
our,'OW R',s,''
filth,'F IH L TH',s,'IH'
drop,'D R AA P',s,'AA'
our,'OW R',s,''
clear,'K L IY R',s,'IY'
us,'AH S',s,''
our,'OW R',s,''
errors,'e r ǝ R Z',s,''
at,'AE T',s,'AE'
's,'EH S',s,''
we,'W IY',s,'IY'
strut,'S T R AH T',s,''
to,'T UW',s,'UW'
our,'OW R',s,''
i,'AY',s,'AY'
you,'Y UW',s,'UW'
as,'AE Z',s,'AE'
a,'AH',s,''
morsel,'M AO R S AH L',s,'AO'
cold,'K OW L D',s,''
upon,'AH P AA N',s,'AA'
dead,'D EH D',s,''
you,'Y UW',s,'UW'
wre,'W ER',s,''
a,'AH',s,''
fragment,'F R AE G M AH N T',s,'AE'
of,'AH V',s,''
besides,'B IH S ə IH D Z',s,'IH IH'
what,'W AH T',s,''
in,'IH N',s,'IH'
vulgar,'V ɤ L G ǝ R',s,''
you,'Y UW',s,'UW'
out,'AW T',s,''
for,'F AO R',s,'AO'
i,'AY',s,'AY'
am,'AE M',s,'AE'
you,'Y UW',s,'UW'
can,'K AE N',s,'AE'
guess,'G EH S',s,''
what,'W AH T',s,''
be,'B IY',s,'IY'
you,'Y UW',s,'UW'
not,'N AA T',s,'AA'
what,'W AH T',s,''
it,'IH T',s,'IH'
is,'IH Z',s,'IH'
to,'T UW',s,'UW'
let,'L EH T',s,''
a,'AH',s,''
that,'DH AE T',s,'AE'
will,'W IH L',s,'IH'
rewards,'r IH W AA R D Z',s,'IH AA'
and,'AH N D',s,''
god,'G AA D',s,'AA'
you,'Y UW',s,'UW'
be,'B IY',s,'IY'
with,'W IH DH',s,'IH'
my,'M AY',s,'AY'
your,'Y AO R',s,'AO'
this,'DH IH S',s,'IH'
seal,'S IY L',s,'IY'
and,'AH N D',s,''
of,'AH V',s,''
hearts,'HH AA R T S',s,'AA'
o,'OW',s,''
that,'DH AE T',s,'AE'
i,'AY',s,'AY'
wre,'W ER',s,''
upon,'AH P AA N',s,'AA'
the,'DH AH',s,''
of,'AH V',s,''
basan,'B AW S ə N',s,''
to,'T UW',s,'UW'
the,'DH AH',s,''
for,'F AO R',s,'AO'
i,'AY',s,'AY'
and,'AH N D',s,''
to,'T UW',s,'UW'
proclaim,'P R OW K L EY M',s,'EY'
it,'IH T',s,'IH'
wre,'W ER',s,''
a,'AH',s,''
neck,'N EH K',s,''
does,'D AH Z',s,''
the,'DH AH',s,''
thank,'TH AE NG K',s,'AE'
for,'F AO R',s,'AO'
being,'B IY IH NG',s,'IY IH'
him,'HH IH M',s,'IH'
is,'IH Z',s,'IH'
he,'HH IY',s,'IY'
he,'HH IY',s,'IY'
and,'AH N D',s,''
he,'HH IY',s,'IY'
pardon,'P AA R D ǝ N',s,'AA'
if,'IH F',s,'IH'
that,'DH AE T',s,'AE'
let,'L EH T',s,''
him,'HH IH M',s,'IH'
repent,'R IH P EH N T',s,'IH'
thou,'DH AW',s,''
not,'N AA T',s,'AA'
his,'HH IH Z',s,'IH'
and,'AH N D',s,''
be,'B IY',s,'IY'
thou,'DH AW',s,''
to,'T UW',s,'UW'
in,'IH N',s,'IH'
his,'HH IH Z',s,'IH'
thou,'DH AW',s,''
hast,'HH AE S T',s,'AE'
been,'B IH N',s,'IH'
for,'F AO R',s,'AO'
him,'HH IH M',s,'IH'
the,'DH AH',s,''
of,'AH V',s,''
a,'AH',s,''
lady,'L EY D IY',s,'EY IY'
fever,'F EH V ǝ R',s,''
thee,'DH IY',s,'IY'
thou,'DH AW',s,''
to,'T UW',s,'UW'
look,'L UH K',s,'UH'
on,'AA N',s,'AA'
get,'G EH T',s,''
thee,'DH IY',s,'IY'
back,'B AE K',s,'AE'
to,'T UW',s,'UW'
tell,'T EH L',s,''
him,'HH IH M',s,'IH'
look,'L UH K',s,'UH'
thou,'DH AW',s,''
he,'HH IY',s,'IY'
me,'M IY',s,'IY'
angry,'AE NG G R IY',s,'AE IY'
with,'W IH DH',s,'IH'
him,'HH IH M',s,'IH'
for,'F AO R',s,'AO'
he,'HH IY',s,'IY'
seems,'S IY M Z',s,'IY'
and,'AH N D',s,''
disdainful,'D IH S D EY N F AH L',s,'IH EY'
on,'AA N',s,'AA'
what,'W AH T',s,''
i,'AY',s,'AY'
am,'AE M',s,'AE'
not,'N AA T',s,'AA'
what,'W AH T',s,''
he,'HH IY',s,'IY'
i,'AY',s,'AY'
was,'W AA Z',s,'AA'
he,'HH IY',s,'IY'
me,'M IY',s,'IY'
angry,'AE NG G R IY',s,'AE IY'
and,'AH N D',s,''
at,'AE T',s,'AE'
this,'DH IH S',s,'IH'
most,'M OW S T',s,''
to,'T UW',s,'UW'
do,'D OW',s,''
when,'ʍ e N',s,''
my,'M AY',s,'AY'
good,'G UH D',s,'UH'
stars,'S T AA R Z',s,'AA'
that,'DH AE T',s,'AE'
wre,'W ER',s,''
my,'M AY',s,'AY'
guides,'G ǝ IH D Z',s,'IH'
empty,'e M T ǝ IH',s,'IH'
left,'L EH F T',s,''
their,'DH EH R',s,''
orbs,'AO R B Z',s,'AO'
and,'AH N D',s,''
shot,'SH AA T',s,'AA'
their,'DH EH R',s,''
into,'IH N T UW',s,'IH UW'
of,'AH V',s,''
if,'IH F',s,'IH'
he,'HH IY',s,'IY'
my,'M AY',s,'AY'
speech,'S P IY CH',s,'IY'
and,'AH N D',s,''
what,'W AH T',s,''
is,'IH Z',s,'IH'
tell,'T EH L',s,''
him,'HH IH M',s,'IH'
he,'HH IY',s,'IY'
my,'M AY',s,'AY'
whom,'HH UW M',s,'UW'
he,'HH IY',s,'IY'
at,'AE T',s,'AE'
pleasre,'P L EH ZH ER',s,''
whip,'ʍ IH P',s,'IH'
or,'AO R',s,'AO'
or,'AO R',s,'AO'
as,'AE Z',s,'AE'
he,'HH IY',s,'IY'
shall,'SH AE L',s,'AE'
to,'T UW',s,'UW'
me,'M IY',s,'IY'
uge,'ER JH',s,''
it,'IH T',s,'IH'
thou,'DH AW',s,''
with,'W IH DH',s,'IH'
our,'OW R',s,''
moon,'M UW N',s,'UW'
is,'IH Z',s,'IH'
and,'AH N D',s,''
it,'IH T',s,'IH'
portends,'P AO R T EH N D Z',s,'AO'
the,'DH AH',s,''
fall,'F AA L',s,'AA'
of,'AH V',s,''
antony,'AE N T AH N IY',s,'AE IY'
to,'T UW',s,'UW'
you,'Y UW',s,'UW'
with,'W IH DH',s,'IH'
that,'DH AE T',s,'AE'
ties,'T AY Z',s,'AY'
his,'HH IH Z',s,'IH'
me,'M IY',s,'IY'
i,'AY',s,'AY'
am,'AE M',s,'AE'
satisfied,'S AE T AH S F AY D',s,'AE AY'
sits,'S IH T S',s,'IH'
down,'D ǝ UH N',s,'UH'
in,'IH N',s,'IH'
i,'AY',s,'AY'
will,'W IH L',s,'IH'
his,'HH IH Z',s,'IH'
our,'OW R',s,''
by,'B AY',s,'AY'
land,'L AE N D',s,'AE'
hath,'HH AE TH',s,'AE'
nobly,'N AA B L IY',s,'AA IY'
held,'HH EH L D',s,''
our,'OW R',s,''
navy,'N EY V IY',s,'EY IY'
too,'T UW',s,'UW'
again,'ǝ ɡ EH N',s,''
and,'AH N D',s,''
fleet,'F L IY T',s,'IY'
most,'M OW S T',s,''
hast,'HH AE S T',s,'AE'
thou,'DH AW',s,''
been,'B IH N',s,'IH'
my,'M AY',s,'AY'
heart,'HH AA R T',s,'AA'
dost,'D AA S T',s,'AA'
thou,'DH AW',s,''
lady,'L EY D IY',s,'EY IY'
if,'IH F',s,'IH'
from,'F R AH M',s,''
the,'DH AH',s,''
field,'F IY L D',s,'IY'
i,'AY',s,'AY'
shall,'SH AE L',s,'AE'
return,'r IH T ɐ R N',s,'IH'
to,'T UW',s,'UW'
kiss,'K IH S',s,'IH'
lips,'L IH P S',s,'IH'
i,'AY',s,'AY'
will,'W IH L',s,'IH'
appear,'ǝ P IY R',s,'IY'
in,'IH N',s,'IH'
blood,'B L AH D',s,''
i,'AY',s,'AY'
and,'AH N D',s,''
my,'M AY',s,'AY'
will,'W IH L',s,'IH'
earn,'ɐ R N',s,''
our,'OW R',s,''
in,'IH N',s,'IH'
yet,'Y EH T',s,''
i,'AY',s,'AY'
will,'W IH L',s,'IH'
be,'B IY',s,'IY'
and,'AH N D',s,''
for,'F AO R',s,'AO'
when,'ʍ e N',s,''
wre,'W ER',s,''
and,'AH N D',s,''
men,'M EH N',s,''
did,'D IH D',s,'IH'
ransom,'R AE N S AH M',s,'AE'
of,'AH V',s,''
me,'M IY',s,'IY'
for,'F AO R',s,'AO'
jests,'JH EH S T S',s,''
but,'B AH T',s,''
set,'S EH T',s,''
my,'M AY',s,'AY'
teeth,'T IY TH',s,'IY'
and,'AH N D',s,''
send,'S EH N D',s,''
to,'T UW',s,'UW'
darkness,'D AA R K N AH S',s,'AA'
all,'AA L',s,'AA'
that,'DH AE T',s,'AE'
stop,'S T AA P',s,'AA'
me,'M IY',s,'IY'
call,'K AO L',s,'AO'
to,'T UW',s,'UW'
me,'M IY',s,'IY'
all,'AA L',s,'AA'
my,'M AY',s,'AY'
sad,'S AE D',s,'AE'
captains,'K AE P T AH N Z',s,'AE'
fill,'F IH L',s,'IH'
our,'OW R',s,''
bowls,'B ə UH L Z',s,'UH'
mock,'M AA K',s,'AA'
the,'DH AH',s,''
bell,'B EH L',s,''
we,'W IY',s,'IY'
will,'W IH L',s,'IH'
yet,'Y EH T',s,''
do,'D OW',s,''
well,'W EH L',s,''
do,'D OW',s,''
so,'S OW',s,''
speak,'S P IY K',s,'IY'
to,'T UW',s,'UW'
them,'DH EH M',s,''
and,'AH N D',s,''
the,'DH AH',s,''
peep,'P IY P',s,'IY'
their,'DH EH R',s,''
on,'AA N',s,'AA'
my,'M AY',s,'AY'
sap,'S AE P',s,'AE'
in,'IH N',s,'IH'
yet,'Y EH T',s,''
the,'DH AH',s,''
i,'AY',s,'AY'
do,'D OW',s,''
death,'D EH TH',s,''
me,'M IY',s,'IY'
for,'F AO R',s,'AO'
i,'AY',s,'AY'
will,'W IH L',s,'IH'
contend,'K AH N T EH N D',s,''
even,'IY V IH N',s,'IY IH'
with,'W IH DH',s,'IH'
his,'HH IH Z',s,'IH'
he,'HH IY',s,'IY'
will,'W IH L',s,'IH'
not,'N AA T',s,'AA'
with,'W IH DH',s,'IH'
me,'M IY',s,'IY'
whhy,'ʍ ǝ IH',s,'IH'
he,'HH IY',s,'IY'
not,'N AA T',s,'AA'
by,'B AY',s,'AY'
sea,'S IY',s,'IY'
and,'AH N D',s,''
land,'L AE N D',s,'AE'
or,'AO R',s,'AO'
i,'AY',s,'AY'
will,'W IH L',s,'IH'
or,'AO R',s,'AO'
my,'M AY',s,'AY'
in,'IH N',s,'IH'
the,'DH AH',s,''
blood,'B L AH D',s,''
shall,'SH AE L',s,'AE'
it,'IH T',s,'IH'
again,'ǝ ɡ EH N',s,''
thou,'DH AW',s,''
well,'W EH L',s,''
well,'W EH L',s,''
said,'S EH D',s,''
on,'AA N',s,'AA'
call,'K AO L',s,'AO'
forth,'F AO R TH',s,'AO'
my,'M AY',s,'AY'
be,'B IY',s,'IY'
at,'AE T',s,'AE'
our,'OW R',s,''
me,'M IY',s,'IY'
thou,'DH AW',s,''
hast,'HH AE S T',s,'AE'
been,'B IH N',s,'IH'
rightly,'r ǝ IH T L ǝ IH',s,'IH IH'
hast,'HH AE S T',s,'AE'
thou,'DH AW',s,''
thou,'DH AW',s,''
you,'Y UW',s,'UW'
me,'M IY',s,'IY'
well,'W EH L',s,''
and,'AH N D',s,''
been,'B IH N',s,'IH'
your,'Y AO R',s,'AO'
and,'AH N D',s,''
thou,'DH AW',s,''
art,'AA R T',s,'AA'
too,'T UW',s,'UW'
i,'AY',s,'AY'
wish,'W IH SH',s,'IH'
i,'AY',s,'AY'
be,'B IY',s,'IY'
so,'S OW',s,''
men,'M EH N',s,''
and,'AH N D',s,''
all,'AA L',s,'AA'
of,'AH V',s,''
you,'Y UW',s,'UW'
up,'AH P',s,''
in,'IH N',s,'IH'
an,'AE N',s,'AE'
antony,'AE N T AH N IY',s,'AE IY'
that,'DH AE T',s,'AE'
i,'AY',s,'AY'
do,'D OW',s,''
you,'Y UW',s,'UW'
so,'S OW',s,''
good,'G UH D',s,'UH'
as,'AE Z',s,'AE'
you,'Y UW',s,'UW'
well,'W EH L',s,''
my,'M AY',s,'AY'
good,'G UH D',s,'UH'
wait,'W EH T',s,''
on,'AA N',s,'AA'
me,'M IY',s,'IY'
not,'N AA T',s,'AA'
my,'M AY',s,'AY'
cups,'K ɤ P S',s,''
and,'AH N D',s,''
as,'AE Z',s,'AE'
of,'AH V',s,''
me,'M IY',s,'IY'
as,'AE Z',s,'AE'
when,'ʍ e N',s,''
was,'W AA Z',s,'AA'
your,'Y AO R',s,'AO'
too,'T UW',s,'UW'
and,'AH N D',s,''
my,'M AY',s,'AY'
command,'K ǝ M AW N D',s,''
tend,'T EH N D',s,''
me,'M IY',s,'IY'
be,'B IY',s,'IY'
it,'IH T',s,'IH'
is,'IH Z',s,'IH'
the,'DH AH',s,''
of,'AH V',s,''
your,'Y AO R',s,'AO'
duty,'D UW T IY',s,'UW IY'
haply,'AW P L ǝ IH',s,'IH'
you,'Y UW',s,'UW'
shall,'SH AE L',s,'AE'
not,'N AA T',s,'AA'
see,'S IY',s,'IY'
me,'M IY',s,'IY'
or,'AO R',s,'AO'
if,'IH F',s,'IH'
a,'AH',s,''
mangled,'M AE NG G AH L D',s,'AE'
perchace,'P ER CH AE N S',s,'AE'
seve,'S ER V',s,''
another,'ǝ N ɤ DH ǝ R',s,''
master,'M AW S T ǝ R',s,''
i,'AY',s,'AY'
look,'L UH K',s,'UH'
on,'AA N',s,'AA'
you,'Y UW',s,'UW'
as,'AE Z',s,'AE'
that,'DH AE T',s,'AE'
his,'HH IH Z',s,'IH'
friends,'F R EH N D Z',s,''
i,'AY',s,'AY'
turn,'T ɐ R N',s,''
you,'Y UW',s,'UW'
not,'N AA T',s,'AA'
but,'B AH T',s,''
a,'AH',s,''
master,'M AW S T ǝ R',s,''
to,'T UW',s,'UW'
your,'Y AO R',s,'AO'
good,'G UH D',s,'UH'
till,'T IH L',s,'IH'
death,'D EH TH',s,''
tend,'T EH N D',s,''
me,'M IY',s,'IY'
ask,'AW S K',s,''
no,'N OW',s,''
and,'AH N D',s,''
the,'DH AH',s,''
gods,'G AA D Z',s,'AA'
yield,'Y IY L D',s,'IY'
you,'Y UW',s,'UW'
for,'F AO R',s,'AO'
ho,'HH OW',s,''
ho,'HH OW',s,''
ho,'HH OW',s,''
the,'DH AH',s,''
me,'M IY',s,'IY'
if,'IH F',s,'IH'
i,'AY',s,'AY'
meant,'M EH N T',s,''
it,'IH T',s,'IH'
thus,'DH ɤ S',s,''
drops,'D R AA P S',s,'AA'
fall,'F AA L',s,'AA'
my,'M AY',s,'AY'
hearty,'HH AA R T IY',s,'AA IY'
friends,'F R EH N D Z',s,''
you,'Y UW',s,'UW'
me,'M IY',s,'IY'
in,'IH N',s,'IH'
too,'T UW',s,'UW'
a,'AH',s,''
for,'F AO R',s,'AO'
i,'AY',s,'AY'
to,'T UW',s,'UW'
you,'Y UW',s,'UW'
for,'F AO R',s,'AO'
your,'Y AO R',s,'AO'
comfort,'K ɤ M F ǝ R T',s,''
did,'D IH D',s,'IH'
you,'Y UW',s,'UW'
to,'T UW',s,'UW'
this,'DH IH S',s,'IH'
with,'W IH DH',s,'IH'
torches,'T AO R CH IH Z',s,'AO IH'
my,'M AY',s,'AY'
hearts,'HH AA R T S',s,'AA'
i,'AY',s,'AY'
well,'W EH L',s,''
of,'AH V',s,''
and,'AH N D',s,''
will,'W IH L',s,'IH'
lead,'L EH D',s,''
you,'Y UW',s,'UW'
than,'DH AE N',s,'AE'
death,'D EH TH',s,''
and,'AH N D',s,''
to,'T UW',s,'UW'
supper,'S ɤ P ǝ R',s,''
and,'AH N D',s,''
drown,'D r ǝ UH N',s,'UH'
eros,'IY r ɒ S',s,'IY'
eros,'IY r ɒ S',s,'IY'
no,'N OW',s,''
my,'M AY',s,'AY'
eros,'IY r ɒ S',s,'IY'
good,'G UH D',s,'UH'
put,'P UH T',s,'UH'
on,'AA N',s,'AA'
if,'IH F',s,'IH'
be,'B IY',s,'IY'
not,'N AA T',s,'AA'
ours,'OW R Z',s,''
it,'IH T',s,'IH'
is,'IH Z',s,'IH'
we,'W IY',s,'IY'
let,'L EH T',s,''
be,'B IY',s,'IY'
let,'L EH T',s,''
be,'B IY',s,'IY'
thou,'DH AW',s,''
art,'AA R T',s,'AA'
the,'DH AH',s,''
of,'AH V',s,''
my,'M AY',s,'AY'
heart,'HH AA R T',s,'AA'
this,'DH IH S',s,'IH'
this,'DH IH S',s,'IH'
well,'W EH L',s,''
well,'W EH L',s,''
we,'W IY',s,'IY'
shall,'SH AE L',s,'AE'
thhrve,'TH R AY V',s,'AY'
thou,'DH AW',s,''
my,'M AY',s,'AY'
good,'G UH D',s,'UH'
go,'G OW',s,''
put,'P UH T',s,'UH'
on,'AA N',s,'AA'
defenses,'D IH F EH N S AH Z',s,'IH'
rarely,'r EH R L ǝ IH',s,'IH'
rarely,'r EH R L ǝ IH',s,'IH'
he,'HH IY',s,'IY'
that,'DH AE T',s,'AE'
this,'DH IH S',s,'IH'
till,'T IH L',s,'IH'
we,'W IY',s,'IY'
do,'D OW',s,''
to,'T UW',s,'UW'
for,'F AO R',s,'AO'
our,'OW R',s,''
shall,'SH AE L',s,'AE'
a,'AH',s,''
storm,'S T AO R M',s,'AO'
thou,'DH AW',s,''
eros,'IY r ɒ S',s,'IY'
and,'AH N D',s,''
my,'M AY',s,'AY'
queen's,'K W IY N Z',s,'IY'
a,'AH',s,''
at,'AE T',s,'AE'
this,'DH IH S',s,'IH'
than,'DH AE N',s,'AE'
thou,'DH AW',s,''
that,'DH AE T',s,'AE'
thou,'DH AW',s,''
see,'S IY',s,'IY'
my,'M AY',s,'AY'
wars,'W AO R Z',s,'AO'
and,'AH N D',s,''
the,'DH AH',s,''
thou,'DH AW',s,''
see,'S IY',s,'IY'
a,'AH',s,''
in,'IH N',s,'IH'
good,'G UH D',s,'UH'
to,'T UW',s,'UW'
thee,'DH IY',s,'IY'
thou,'DH AW',s,''
him,'HH IH M',s,'IH'
that,'DH AE T',s,'AE'
a,'AH',s,''
to,'T UW',s,'UW'
that,'DH AE T',s,'AE'
we,'W IY',s,'IY'
we,'W IY',s,'IY'
and,'AH N D',s,''
go,'G OW',s,''
to,'T UW',s,'UW'
with,'W IH DH',s,'IH'
well,'W EH L',s,''
lads,'L AE D Z',s,'AE'
this,'DH IH S',s,'IH'
the,'DH AH',s,''
spirit,'S P IH R AH T',s,'IH'
of,'AH V',s,''
a,'AH',s,''
youth,'Y UW TH',s,'UW'
that,'DH AE T',s,'AE'
means,'M IY N Z',s,'IY'
to,'T UW',s,'UW'
be,'B IY',s,'IY'
of,'AH V',s,''
begins,'B IH G IH N Z',s,'IH IH'
betimes,'B IH T ə IH M Z',s,'IH IH'
so,'S OW',s,''
me,'M IY',s,'IY'
that,'DH AE T',s,'AE'
this,'DH IH S',s,'IH'
said,'S EH D',s,''
thee,'DH IY',s,'IY'
well,'W EH L',s,''
of,'AH V',s,''
me,'M IY',s,'IY'
this,'DH IH S',s,'IH'
is,'IH Z',s,'IH'
a,'AH',s,''
kiss,'K IH S',s,'IH'
and,'AH N D',s,''
check,'CH EH K',s,''
it,'IH T',s,'IH'
wre,'W ER',s,''
to,'T UW',s,'UW'
stand,'S T AE N D',s,'AE'
on,'AA N',s,'AA'
mechanic,'M ǝ K AW N IH K',s,'IH'
compliment,'K AA M P L AH M EH N T',s,'AA'
thee,'DH IY',s,'IY'
a,'AH',s,''
man,'M AE N',s,'AE'
of,'AH V',s,''
that,'DH AE T',s,'AE'
will,'W IH L',s,'IH'
me,'M IY',s,'IY'
you,'Y UW',s,'UW'
to,'T UW',s,'UW'
thou,'DH AW',s,''
and,'AH N D',s,''
had,'HH AE D',s,'AE'
to,'T UW',s,'UW'
me,'M IY',s,'IY'
at,'AE T',s,'AE'
land,'L AE N D',s,'AE'
this,'DH IH S',s,'IH'
what,'W AH T',s,''
thou,'DH AW',s,''
is,'IH Z',s,'IH'
he,'HH IY',s,'IY'
go,'G OW',s,''
eros,'IY r ɒ S',s,'IY'
send,'S EH N D',s,''
his,'HH IH Z',s,'IH'
after,'AW F T ǝ R',s,''
do,'D OW',s,''
it,'IH T',s,'IH'
detain,'D IH T EH N',s,'IH'
no,'N OW',s,''
jot,'JH AA T',s,'AA'
i,'AY',s,'AY'
thee,'DH IY',s,'IY'
to,'T UW',s,'UW'
him,'HH IH M',s,'IH'
i,'AY',s,'AY'
will,'W IH L',s,'IH'
and,'AH N D',s,''
that,'DH AE T',s,'AE'
i,'AY',s,'AY'
wish,'W IH SH',s,'IH'
he,'HH IY',s,'IY'
never,'N e V ǝ R',s,''
to,'T UW',s,'UW'
a,'AH',s,''
master,'M AW S T ǝ R',s,''
o,'OW',s,''
my,'M AY',s,'AY'
corrupted,'K ǝ r ɤ P T IH D',s,'IH'
men,'M EH N',s,''
thou,'DH AW',s,''
do,'D OW',s,''
i,'AY',s,'AY'
will,'W IH L',s,'IH'
reward,'r IH W AA R D',s,'IH AA'
thee,'DH IY',s,'IY'
for,'F AO R',s,'AO'
comfort,'K ɤ M F ǝ R T',s,''
and,'AH N D',s,''
tenfold,'T EH N F OW L D',s,''
for,'F AO R',s,'AO'
good,'G UH D',s,'UH'
thee,'DH IY',s,'IY'
on,'AA N',s,'AA'
we,'W IY',s,'IY'
beat,'B IY T',s,'IY'
him,'HH IH M',s,'IH'
to,'T UW',s,'UW'
his,'HH IH Z',s,'IH'
camp,'K AE M P',s,'AE'
run,'r ɤ N',s,''
and,'AH N D',s,''
let,'L EH T',s,''
the,'DH AH',s,''
of,'AH V',s,''
our,'OW R',s,''
the,'DH AH',s,''
sun,'S AH N',s,''
shall,'SH AE L',s,'AE'
see,'S IY',s,'IY'
's,'EH S',s,''
spill,'S P IH L',s,'IH'
the,'DH AH',s,''
blood,'B L AH D',s,''
that,'DH AE T',s,'AE'
escaped,'IH S K EY P T',s,'IH EY'
i,'AY',s,'AY'
thank,'TH AE NG K',s,'AE'
you,'Y UW',s,'UW'
all,'AA L',s,'AA'
for,'F AO R',s,'AO'
you,'Y UW',s,'UW'
and,'AH N D',s,''
not,'N AA T',s,'AA'
as,'AE Z',s,'AE'
you,'Y UW',s,'UW'
the,'DH AH',s,''
but,'B AH T',s,''
as,'AE Z',s,'AE'
had,'HH AE D',s,'AE'
been,'B IH N',s,'IH'
each,'IY CH',s,'IY'
you,'Y UW',s,'UW'
all,'AA L',s,'AA'
enter,'e N T ǝ R',s,''
the,'DH AH',s,''
clip,'K L IH P',s,'IH'
your,'Y AO R',s,'AO'
your,'Y AO R',s,'AO'
friends,'F R EH N D Z',s,''
tell,'T EH L',s,''
them,'DH EH M',s,''
your,'Y AO R',s,'AO'
feats,'F IY T S',s,'IY'
with,'W IH DH',s,'IH'
tears,'T EH R Z',s,''
wash,'W AA SH',s,'AA'
the,'DH AH',s,''
from,'F R AH M',s,''
your,'Y AO R',s,'AO'
wounds,'W UW N D Z',s,'UW'
and,'AH N D',s,''
kiss,'K IH S',s,'IH'
the,'DH AH',s,''
gashes,'G AE SH AH Z',s,'AE'
me,'M IY',s,'IY'
to,'T UW',s,'UW'
this,'DH IH S',s,'IH'
great,'G r e T',s,''
fairy,'F EH R IY',s,'IY'
commend,'K AH M EH N D',s,''
acts,'AE K T S',s,'AE'
thanks,'TH AE NG K S',s,'AE'
bless,'B L EH S',s,''
thou,'DH AW',s,''
neck,'N EH K',s,''
leap,'L IY P',s,'IY'
thou,'DH AW',s,''
and,'AH N D',s,''
all,'AA L',s,'AA'
proof,'P R UW F',s,'UW'
of,'AH V',s,''
to,'T UW',s,'UW'
my,'M AY',s,'AY'
heart,'HH AA R T',s,'AA'
and,'AH N D',s,''
on,'AA N',s,'AA'
the,'DH AH',s,''
pants,'P AE N T S',s,'AE'
we,'W IY',s,'IY'
beat,'B IY T',s,'IY'
them,'DH EH M',s,''
to,'T UW',s,'UW'
their,'DH EH R',s,''
beds,'B EH D Z',s,''
what,'W AH T',s,''
do,'D OW',s,''
with,'W IH DH',s,'IH'
our,'OW R',s,''
brown,'B r ə UH N',s,'UH'
yet,'Y EH T',s,''
we,'W IY',s,'IY'
a,'AH',s,''
brain,'B r EH N',s,''
that,'DH AE T',s,'AE'
our,'OW R',s,''
and,'AH N D',s,''
can,'K AE N',s,'AE'
get,'G EH T',s,''
goal,'G OW L',s,''
for,'F AO R',s,'AO'
goal,'G OW L',s,''
of,'AH V',s,''
youth,'Y UW TH',s,'UW'
behold,'B IH HH OW L D',s,'IH'
this,'DH IH S',s,'IH'
man,'M AE N',s,'AE'
commend,'K AH M EH N D',s,''
unto,'AH N T UW',s,'UW'
his,'HH IH Z',s,'IH'
lips,'L IH P S',s,'IH'
kiss,'K IH S',s,'IH'
it,'IH T',s,'IH'
my,'M AY',s,'AY'
he,'HH IY',s,'IY'
hath,'HH AE TH',s,'AE'
as,'AE Z',s,'AE'
if,'IH F',s,'IH'
a,'AH',s,''
god,'G AA D',s,'AA'
in,'IH N',s,'IH'
of,'AH V',s,''
had,'HH AE D',s,'AE'
in,'IH N',s,'IH'
a,'AH',s,''
he,'HH IY',s,'IY'
deserved,'D IH Z ɐ R V IH D',s,'IH IH'
it,'IH T',s,'IH'
wre,'W ER',s,''
it,'IH T',s,'IH'
holy,'HH OW L IY',s,'IY'
car,'K AW R',s,''
me,'M IY',s,'IY'
a,'AH',s,''
bear,'B EH R',s,''
our,'OW R',s,''
targets,'T AA R G AH T S',s,'AA'
the,'DH AH',s,''
men,'M EH N',s,''
that,'DH AE T',s,'AE'
we,'OW',s,''
them,'DH EH M',s,''
had,'HH AE D',s,'AE'
our,'OW R',s,''
great,'G r e T',s,''
the,'DH AH',s,''
to,'T UW',s,'UW'
camp,'K AE M P',s,'AE'
this,'DH IH S',s,'IH'
we,'W IY',s,'IY'
all,'AA L',s,'AA'
sup,'S AH P',s,''
and,'AH N D',s,''
drink,'D R IH NG K',s,'IH'
to,'T UW',s,'UW'
the,'DH AH',s,''
promises,'P R AA M AH S AH Z',s,'AA'
with,'W IH DH',s,'IH'
brazen,'B r EH Z ə N',s,''
din,'D IH N',s,'IH'
blast,'B L AW S T',s,''
you,'Y UW',s,'UW'
the,'DH AH',s,''
ear,'IY R',s,'IY'
with,'W IH DH',s,'IH'
our,'OW R',s,''
that,'DH AE T',s,'AE'
heaven,'HH EH V AH N',s,''
and,'AH N D',s,''
their,'DH EH R',s,''
sounds,'S AW N D Z',s,''
our,'OW R',s,''
appproach,'ǝ P r OW T SH',s,''
their,'DH EH R',s,''
is,'IH Z',s,'IH'
by,'B AY',s,'AY'
sea,'S IY',s,'IY'
we,'W IY',s,'IY'
them,'DH EH M',s,''
not,'N AA T',s,'AA'
by,'B AY',s,'AY'
land,'L AE N D',s,'AE'
i,'AY',s,'AY'
or,'AO R',s,'AO'
air,'EH R',s,''
too,'T UW',s,'UW'
but,'B AH T',s,''
this,'DH IH S',s,'IH'
it,'IH T',s,'IH'
is,'IH Z',s,'IH'
our,'OW R',s,''
foot,'F UH T',s,'UH'
upon,'AH P AA N',s,'AA'
the,'DH AH',s,''
to,'T UW',s,'UW'
the,'DH AH',s,''
shall,'SH AE L',s,'AE'
with,'W IH DH',s,'IH'
for,'F AO R',s,'AO'
sea,'S IY',s,'IY'
is,'IH Z',s,'IH'
given,'G IH V AH N',s,'IH'
put,'P UH T',s,'UH'
forth,'F AO R TH',s,'AO'
the,'DH AH',s,''
haven,'HH EY V AH N',s,'EY'
their,'DH EH R',s,''
appointment,'AH P OY N T M AH N T',s,''
we,'W IY',s,'IY'
best,'B EH S T',s,''
discover,'D IH S K AH V ER',s,'IH'
and,'AH N D',s,''
look,'L UH K',s,'UH'
on,'AA N',s,'AA'
their,'DH EH R',s,''
yet,'Y EH T',s,''
not,'N AA T',s,'AA'
does,'D AH Z',s,''
stand,'S T AE N D',s,'AE'
i,'AY',s,'AY'
shall,'SH AE L',s,'AE'
discover,'D IH S K AH V ER',s,'IH'
all,'AA L',s,'AA'
thee,'DH IY',s,'IY'
to,'T UW',s,'UW'
go,'G OW',s,''
all,'AA L',s,'AA'
is,'IH Z',s,'IH'
lost,'L AO S T',s,'AO'
this,'DH IH S',s,'IH'
egyptian,'IH JH IH P SH AH N',s,'IH IH'
hath,'HH AE TH',s,'AE'
me,'M IY',s,'IY'
my,'M AY',s,'AY'
fleet,'F L IY T',s,'IY'
hath,'HH AE TH',s,'AE'
yielded,'Y IY L D AH D',s,'IY'
to,'T UW',s,'UW'
the,'DH AH',s,''
foe,'F OW',s,''
and,'AH N D',s,''
cast,'K AW S T',s,''
their,'DH EH R',s,''
caps,'K AE P S',s,'AE'
up,'AH P',s,''
and,'AH N D',s,''
carse,'K ER AW Z',s,''
friends,'F R EH N D Z',s,''
lost,'L AO S T',s,'AO'
triple-turned,'T r IH P ǝ L - ˌ T ɐ R N D',s,'IH'
thou,'DH AW',s,''
hast,'HH AE S T',s,'AE'
sold,'S OW L D',s,''
me,'M IY',s,'IY'
to,'T UW',s,'UW'
this,'DH IH S',s,'IH'
and,'AH N D',s,''
my,'M AY',s,'AY'
heart,'HH AA R T',s,'AA'
only,'OW N L IY',s,'IY'
wars,'W AO R Z',s,'AO'
on,'AA N',s,'AA'
thee,'DH IY',s,'IY'
bid,'B IH D',s,'IH'
them,'DH EH M',s,''
all,'AA L',s,'AA'
for,'F AO R',s,'AO'
when,'ʍ e N',s,''
i,'AY',s,'AY'
am,'AE M',s,'AE'
upon,'AH P AA N',s,'AA'
my,'M AY',s,'AY'
i,'AY',s,'AY'
all,'AA L',s,'AA'
bid,'B IH D',s,'IH'
them,'DH EH M',s,''
all,'AA L',s,'AA'
o,'OW',s,''
sun,'S AH N',s,''
shall,'SH AE L',s,'AE'
i,'AY',s,'AY'
see,'S IY',s,'IY'
no,'N OW',s,''
and,'AH N D',s,''
antony,'AE N T AH N IY',s,'AE IY'
part,'P AA R T',s,'AA'
even,'IY V IH N',s,'IY IH'
do,'D OW',s,''
we,'W IY',s,'IY'
all,'AA L',s,'AA'
to,'T UW',s,'UW'
this,'DH IH S',s,'IH'
the,'DH AH',s,''
hearts,'HH AA R T S',s,'AA'
that,'DH AE T',s,'AE'
me,'M IY',s,'IY'
at,'AE T',s,'AE'
to,'T UW',s,'UW'
whom,'HH UW M',s,'UW'
i,'AY',s,'AY'
their,'DH EH R',s,''
wishes,'W IH SH IH Z',s,'IH IH'
do,'D OW',s,''
melt,'M EH L T',s,''
their,'DH EH R',s,''
sweets,'S W IY T S',s,'IY'
on,'AA N',s,'AA'
and,'AH N D',s,''
this,'DH IH S',s,'IH'
is,'IH Z',s,'IH'
that,'DH AE T',s,'AE'
them,'DH EH M',s,''
all,'AA L',s,'AA'
i,'AY',s,'AY'
am,'AE M',s,'AE'
o,'OW',s,''
this,'DH IH S',s,'IH'
soul,'S OW L',s,''
of,'AH V',s,''
egypt,'IY JH AH P T',s,'IY'
this,'DH IH S',s,'IH'
forth,'F AO R TH',s,'AO'
my,'M AY',s,'AY'
wars,'W AO R Z',s,'AO'
and,'AH N D',s,''
them,'DH EH M',s,''
hme,'OW M',s,''
bosom,'B UH Z AH M',s,'UH'
was,'W AA Z',s,'AA'
my,'M AY',s,'AY'
my,'M AY',s,'AY'
chief,'CH IY F',s,'IY'
end,'EH N D',s,''
a,'AH',s,''
gypsy,'JH IH P S IY',s,'IH IY'
hath,'HH AE TH',s,'AE'
at,'AE T',s,'AE'
fast,'F AW S T',s,''
and,'AH N D',s,''
me,'M IY',s,'IY'
to,'T UW',s,'UW'
the,'DH AH',s,''
very,'V EH R IY',s,'IY'
heart,'HH AA R T',s,'AA'
of,'AH V',s,''
loss,'L AO S',s,'AO'
what,'W AH T',s,''
eros,'IY r ɒ S',s,'IY'
eros,'IY r ɒ S',s,'IY'
thou,'DH AW',s,''
spell,'S P EH L',s,''
avaunt,'ǝ V AO N T',s,'AO'
vanish,'V AE N IH SH',s,'AE IH'
or,'AO R',s,'AO'
i,'AY',s,'AY'
shall,'SH AE L',s,'AE'
thee,'DH IY',s,'IY'
and,'AH N D',s,''
blemish,'B L EH M IH SH',s,'IH'
let,'L EH T',s,''
him,'HH IH M',s,'IH'
thee,'DH IY',s,'IY'
and,'AH N D',s,''
hoist,'ǝ IH S T',s,'IH'
thee,'DH IY',s,'IY'
up,'AH P',s,''
to,'T UW',s,'UW'
the,'DH AH',s,''
shouting,'SH ǝ UH T IH N',s,'UH IH'
his,'HH IH Z',s,'IH'
the,'DH AH',s,''
greatest,'G r e T ǝ S T',s,''
spot,'S P AA T',s,'AA'
of,'AH V',s,''
all,'AA L',s,'AA'
most,'M OW S T',s,''
be,'B IY',s,'IY'
for,'F AO R',s,'AO'
for,'F AO R',s,'AO'
dolts,'D OW L T S',s,''
and,'AH N D',s,''
let,'L EH T',s,''
up,'AH P',s,''
with,'W IH DH',s,'IH'
nails,'N EY L Z',s,'EY'
well,'W EH L',s,''
art,'AA R T',s,'AA'
if,'IH F',s,'IH'
it,'IH T',s,'IH'
be,'B IY',s,'IY'
well,'W EH L',s,''
to,'T UW',s,'UW'
but,'B AH T',s,''
better,'B e T ə R',s,''
thou,'DH AW',s,''
into,'IH N T UW',s,'IH UW'
my,'M AY',s,'AY'
for,'F AO R',s,'AO'
death,'D EH TH',s,''
prevented,'P R IH V EH N T IH D',s,'IH IH'
ho,'HH OW',s,''
the,'DH AH',s,''
of,'AH V',s,''
is,'IH Z',s,'IH'
upon,'AH P AA N',s,'AA'
me,'M IY',s,'IY'
teach,'T IY CH',s,'IY'
me,'M IY',s,'IY'
thou,'DH AW',s,''
let,'L EH T',s,''
me,'M IY',s,'IY'
loge,'L AA JH',s,'AA'
on,'AA N',s,'AA'
the,'DH AH',s,''
horns,'HH AO R N Z',s,'AO'
moon,'M UW N',s,'UW'
and,'AH N D',s,''
with,'W IH DH',s,'IH'
that,'DH AE T',s,'AE'
the,'DH AH',s,''
club,'K L ɤ B',s,''
subdue,'S AH B D UW',s,'UW'
my,'M AY',s,'AY'
self,'S EH L F',s,''
the,'DH AH',s,''
shall,'SH AE L',s,'AE'
to,'T UW',s,'UW'
the,'DH AH',s,''
roman,'r OW M ǝ N',s,''
she,'SH IY',s,'IY'
hath,'HH AE TH',s,'AE'
sold,'S OW L D',s,''
me,'M IY',s,'IY'
and,'AH N D',s,''
i,'AY',s,'AY'
fall,'F AA L',s,'AA'
under,'ɤ N D ǝ R',s,''
this,'DH IH S',s,'IH'
plot,'P L AA T',s,'AA'
she,'SH IY',s,'IY'
for,'F AO R',s,'AO'
ho,'HH OW',s,''
eros,'IY r ɒ S',s,'IY'
thou,'DH AW',s,''
yet,'Y EH T',s,''
me,'M IY',s,'IY'
sometme,'S AH M T AY M',s,'AY'
we,'W IY',s,'IY'
see,'S IY',s,'IY'
a,'AH',s,''
a,'AH',s,''
sometme,'S AH M T AY M',s,'AY'
a,'AH',s,''
bear,'B EH R',s,''
or,'AO R',s,'AO'
a,'AH',s,''
citadel,'S IH T AH D EH L',s,'IH'
a,'AH',s,''
rock,'R AA K',s,'AA'
a,'AH',s,''
mountain,'M AW N T AH N',s,''
or,'AO R',s,'AO'
blue,'B L UW',s,'UW'
promontory,'P r ɒ M ǝ N T r ǝ IH',s,'IH'
with,'W IH DH',s,'IH'
trees,'T R IY Z',s,'IY'
upon,'AH P AA N',s,'AA'
that,'DH AE T',s,'AE'
nod,'N AA D',s,'AA'
unto,'AH N T UW',s,'UW'
the,'DH AH',s,''
and,'AH N D',s,''
mock,'M AA K',s,'AA'
our,'OW R',s,''
with,'W IH DH',s,'IH'
air,'EH R',s,''
thou,'DH AW',s,''
hast,'HH AE S T',s,'AE'
seen,'S IY N',s,'IY'
signs,'S ǝ IH N Z',s,'IH'
black,'B L AE K',s,'AE'
pageants,'P AE JH AH N T S',s,'AE'
that,'DH AE T',s,'AE'
is,'IH Z',s,'IH'
a,'AH',s,''
even,'IY V IH N',s,'IY IH'
with,'W IH DH',s,'IH'
a,'AH',s,''
the,'DH AH',s,''
rack,'R AE K',s,'AE'
and,'AH N D',s,''
it,'IH T',s,'IH'
indistinct,'IH N D IH S T IH NG K T',s,'IH IH IH'
as,'AE Z',s,'AE'
water,'W AA T ǝ R',s,'AA'
is,'IH Z',s,'IH'
in,'IH N',s,'IH'
water,'W AA T ǝ R',s,'AA'
my,'M AY',s,'AY'
good,'G UH D',s,'UH'
knve,'N EY V',s,'EY'
eros,'IY r ɒ S',s,'IY'
captain,'K AE P T AH N',s,'AE'
is,'IH Z',s,'IH'
even,'IY V IH N',s,'IY IH'
a,'AH',s,''
body,'B AA D IY',s,'AA IY'
i,'AY',s,'AY'
am,'AE M',s,'AE'
antony,'AE N T AH N IY',s,'AE IY'
yet,'Y EH T',s,''
cannot,'K AE N AA T',s,'AE AA'
this,'DH IH S',s,'IH'
my,'M AY',s,'AY'
knve,'N EY V',s,'EY'
i,'AY',s,'AY'
wars,'W AO R Z',s,'AO'
for,'F AO R',s,'AO'
egypt,'IY JH AH P T',s,'IY'
and,'AH N D',s,''
the,'DH AH',s,''
heart,'HH AA R T',s,'AA'
i,'AY',s,'AY'
i,'AY',s,'AY'
had,'HH AE D',s,'AE'
for,'F AO R',s,'AO'
she,'SH IY',s,'IY'
had,'HH AE D',s,'AE'
it,'IH T',s,'IH'
was,'W AA Z',s,'AA'
had,'HH AE D',s,'AE'
annexed,'AE N EH K S T',s,'AE'
unto,'AH N T UW',s,'UW'
a,'AH',s,''
eros,'IY r ɒ S',s,'IY'
cards,'K AA R D Z',s,'AA'
with,'W IH DH',s,'IH'
and,'AH N D',s,''
my,'M AY',s,'AY'
unto,'AH N T UW',s,'UW'
an,'AE N',s,'AE'
weep,'W IY P',s,'IY'
not,'N AA T',s,'AA'
eros,'IY r ɒ S',s,'IY'
is,'IH Z',s,'IH'
left,'L EH F T',s,''
us,'AH S',s,''
to,'T UW',s,'UW'
end,'EH N D',s,''
o,'OW',s,''
lady,'L EY D IY',s,'EY IY'
she,'SH IY',s,'IY'
me,'M IY',s,'IY'
of,'AH V',s,''
my,'M AY',s,'AY'
she,'SH IY',s,'IY'
hath,'HH AE TH',s,'AE'
me,'M IY',s,'IY'
and,'AH N D',s,''
shall,'SH AE L',s,'AE'
the,'DH AH',s,''
death,'D EH TH',s,''
dead,'D EH D',s,''
then,'DH EH N',s,''
unarm,'AH N AA R M',s,'AA'
eros,'IY r ɒ S',s,'IY'
the,'DH AH',s,''
task,'T AW S K',s,''
is,'IH Z',s,'IH'
and,'AH N D',s,''
we,'W IY',s,'IY'
must,'M AH S T',s,''
thou,'DH AW',s,''
does,'D AH Z',s,''
go,'G OW',s,''
off,'AO F',s,'AO'
pluck,'P L ɤ K',s,''
off,'AO F',s,'AO'
the,'DH AH',s,''
shield,'SH IY L D',s,'IY'
of,'AH V',s,''
cannot,'K AE N AA T',s,'AE AA'
keep,'K IY P',s,'IY'
the,'DH AH',s,''
battery,'B AW T r ə IH',s,'IH'
from,'F R AH M',s,''
my,'M AY',s,'AY'
heart,'HH AA R T',s,'AA'
o,'OW',s,''
my,'M AY',s,'AY'
heart,'HH AA R T',s,'AA'
be,'B IY',s,'IY'
stronger,'S T r ɒ NG G ǝ R',s,''
than,'DH AE N',s,'AE'
crack,'K R AE K',s,'AE'
frail,'F r EH L',s,''
eros,'IY r ɒ S',s,'IY'
no,'N OW',s,''
a,'AH',s,''
pieces,'P IY S AH Z',s,'IY'
go,'G OW',s,''
you,'Y UW',s,'UW'
been,'B IH N',s,'IH'
nobly,'N AA B L IY',s,'AA IY'
me,'M IY',s,'IY'
i,'AY',s,'AY'
will,'W IH L',s,'IH'
thee,'DH IY',s,'IY'
and,'AH N D',s,''
weep,'W IY P',s,'IY'
for,'F AO R',s,'AO'
my,'M AY',s,'AY'
pardon,'P AA R D ǝ N',s,'AA'
so,'S OW',s,''
it,'IH T',s,'IH'
must,'M AH S T',s,''
be,'B IY',s,'IY'
for,'F AO R',s,'AO'
all,'AA L',s,'AA'
length,'L EH NG K TH',s,''
is,'IH Z',s,'IH'
the,'DH AH',s,''
torch,'T AO R CH',s,'AO'
is,'IH Z',s,'IH'
out,'AW T',s,''
down,'D ǝ UH N',s,'UH'
and,'AH N D',s,''
no,'N OW',s,''
all,'AA L',s,'AA'
mars,'M AA R Z',s,'AA'
what,'W AH T',s,''
it,'IH T',s,'IH'
does,'D AH Z',s,''
yea,'Y EH',s,''
very,'V EH R IY',s,'IY'
itself,'IH T S EH L F',s,'IH'
with,'W IH DH',s,'IH'
strength,'S T R EH NG K TH',s,''
seal,'S IY L',s,'IY'
then,'DH EH N',s,''
and,'AH N D',s,''
all,'AA L',s,'AA'
is,'IH Z',s,'IH'
my,'M AY',s,'AY'
for,'F AO R',s,'AO'
me,'M IY',s,'IY'
souls,'S OW L Z',s,''
do,'D OW',s,''
on,'AA N',s,'AA'
in,'IH N',s,'IH'
and,'AH N D',s,''
with,'W IH DH',s,'IH'
our,'OW R',s,''
port,'P AO R T',s,'AO'
the,'DH AH',s,''
dido,'D AY D OW',s,'AY'
and,'AH N D',s,''
shall,'SH AE L',s,'AE'
want,'W AA N T',s,'AA'
troops,'T R UW P S',s,'UW'
and,'AH N D',s,''
all,'AA L',s,'AA'
the,'DH AH',s,''
be,'B IY',s,'IY'
eros,'IY r ɒ S',s,'IY'
eros,'IY r ɒ S',s,'IY'
died,'D AY D',s,'AY'
i,'AY',s,'AY'
in,'IH N',s,'IH'
that,'DH AE T',s,'AE'
the,'DH AH',s,''
gods,'G AA D Z',s,'AA'
detest,'D IH T EH S T',s,'IH'
my,'M AY',s,'AY'
i,'AY',s,'AY'
that,'DH AE T',s,'AE'
with,'W IH DH',s,'IH'
my,'M AY',s,'AY'
quartered,'K W AA R T ǝ R D',s,'AA'
the,'DH AH',s,''
and,'AH N D',s,''
green,'G R IY N',s,'IY'
back,'B AE K',s,'AE'
with,'W IH DH',s,'IH'
ships,'SH IH P S',s,'IH'
cities,'S IH T IY Z',s,'IH IY'
myself,'M AY S EH L F',s,'AY'
to,'T UW',s,'UW'
lack,'L AE K',s,'AE'
the,'DH AH',s,''
of,'AH V',s,''
a,'AH',s,''
than,'DH AE N',s,'AE'
she,'SH IY',s,'IY'
by,'B AY',s,'AY'
death,'D EH TH',s,''
our,'OW R',s,''
i,'AY',s,'AY'
am,'AE M',s,'AE'
of,'AH V',s,''
myself,'M AY S EH L F',s,'AY'
thou,'DH AW',s,''
art,'AA R T',s,'AA'
sworn,'S W AO R N',s,'AO'
eros,'IY r ɒ S',s,'IY'
that,'DH AE T',s,'AE'
when,'ʍ e N',s,''
the,'DH AH',s,''
is,'IH Z',s,'IH'
indeed,'IH N D IY D',s,'IH IY'
when,'ʍ e N',s,''
i,'AY',s,'AY'
see,'S IY',s,'IY'
behind,'B IH ə IH N D',s,'IH IH'
me,'M IY',s,'IY'
of,'AH V',s,''
and,'AH N D',s,''
that,'DH AE T',s,'AE'
on,'AA N',s,'AA'
my,'M AY',s,'AY'
command,'K ǝ M AW N D',s,''
thou,'DH AW',s,''
then,'DH EH N',s,''
kill,'K IH L',s,'IH'
me,'M IY',s,'IY'
do,'D OW',s,''
the,'DH AH',s,''
is,'IH Z',s,'IH'
thou,'DH AW',s,''
not,'N AA T',s,'AA'
me,'M IY',s,'IY'
thou,'DH AW',s,''
put,'P UH T',s,'UH'
in,'IH N',s,'IH'
cheek,'CH IY K',s,'IY'
eros,'IY r ɒ S',s,'IY'
thou,'DH AW',s,''
be,'B IY',s,'IY'
in,'IH N',s,'IH'
great,'G r e T',s,''
and,'AH N D',s,''
see,'S IY',s,'IY'
master,'M AW S T ǝ R',s,''
thus,'DH ɤ S',s,''
with,'W IH DH',s,'IH'
arms,'AA R M Z',s,'AA'
down,'D ǝ UH N',s,'UH'
his,'HH IH Z',s,'IH'
neck,'N EH K',s,''
his,'HH IH Z',s,'IH'
subdued,'S AH B D UW D',s,'UW'
to,'T UW',s,'UW'
the,'DH AH',s,''
seat,'S IY T',s,'IY'
of,'AH V',s,''
him,'HH IH M',s,'IH'
branded,'B R AE N D IH D',s,'AE IH'
his,'HH IH Z',s,'IH'
that,'DH AE T',s,'AE'
ensued,'IH N S UW D',s,'IH UW'
then,'DH EH N',s,''
for,'F AO R',s,'AO'
with,'W IH DH',s,'IH'
a,'AH',s,''
i,'AY',s,'AY'
must,'M AH S T',s,''
be,'B IY',s,'IY'
cured,'K Y UW R D',s,'UW'
that,'DH AE T',s,'AE'
thou,'DH AW',s,''
hast,'HH AE S T',s,'AE'
worn,'W AO R N',s,'AO'
most,'M OW S T',s,''
useful,'Y UW S F AH L',s,'UW'
for,'F AO R',s,'AO'
country,'K AH N T R IY',s,'IY'
when,'ʍ e N',s,''
i,'AY',s,'AY'
did,'D IH D',s,'IH'
thee,'DH IY',s,'IY'
free,'F R IY',s,'IY'
thou,'DH AW',s,''
not,'N AA T',s,'AA'
then,'DH EH N',s,''
to,'T UW',s,'UW'
do,'D OW',s,''
this,'DH IH S',s,'IH'
when,'ʍ e N',s,''
i,'AY',s,'AY'
thee,'DH IY',s,'IY'
do,'D OW',s,''
it,'IH T',s,'IH'
at,'AE T',s,'AE'
or,'AO R',s,'AO'
services,'S ɐ R V IH S IH Z',s,'IH IH'
all,'AA L',s,'AA'
but,'B AH T',s,''
and,'AH N D',s,''
lo,'L OW',s,''
thee,'DH IY',s,'IY'
then,'DH EH N',s,''
let,'L EH T',s,''
it,'IH T',s,'IH'
do,'D OW',s,''
at,'AE T',s,'AE'
the,'DH AH',s,''
whhy,'ʍ ǝ IH',s,'IH'
thou,'DH AW',s,''
hast,'HH AE S T',s,'AE'
it,'IH T',s,'IH'
said,'S EH D',s,''
man,'M AE N',s,'AE'
and,'AH N D',s,''
eros,'IY r ɒ S',s,'IY'
nobler,'N OW B L ǝ R',s,''
than,'DH AE N',s,'AE'
myself,'M AY S EH L F',s,'AY'
thou,'DH AW',s,''
me,'M IY',s,'IY'
o,'OW',s,''
eros,'IY r ɒ S',s,'IY'
what,'W AH T',s,''
i,'AY',s,'AY'
and,'AH N D',s,''
thou,'DH AW',s,''
not,'N AA T',s,'AA'
my,'M AY',s,'AY'
and,'AH N D',s,''
eros,'IY r ɒ S',s,'IY'
by,'B AY',s,'AY'
their,'DH EH R',s,''
instruction,'IH N S T R AH K SH AH N',s,'IH'
got,'G AA T',s,'AA'
upon,'AH P AA N',s,'AA'
me,'M IY',s,'IY'
a,'AH',s,''
in,'IH N',s,'IH'
record,'r IH K AO R D',s,'IH AO'
but,'B AH T',s,''
i,'AY',s,'AY'
will,'W IH L',s,'IH'
be,'B IY',s,'IY'
a,'AH',s,''
in,'IH N',s,'IH'
my,'M AY',s,'AY'
death,'D EH TH',s,''
and,'AH N D',s,''
run,'r ɤ N',s,''
into,'IH N T UW',s,'IH UW'
as,'AE Z',s,'AE'
to,'T UW',s,'UW'
a,'AH',s,''
bed,'B EH D',s,''
then,'DH EH N',s,''
and,'AH N D',s,''
eros,'IY r ɒ S',s,'IY'
master,'M AW S T ǝ R',s,''
to,'T UW',s,'UW'
do,'D OW',s,''
thus,'DH ɤ S',s,''
i,'AY',s,'AY'
of,'AH V',s,''
thee,'DH IY',s,'IY'
not,'N AA T',s,'AA'
dead,'D EH D',s,''
not,'N AA T',s,'AA'
dead,'D EH D',s,''
the,'DH AH',s,''
guard,'G AA R D',s,'AA'
ho,'HH OW',s,''
o,'OW',s,''
me,'M IY',s,'IY'
i,'AY',s,'AY'
my,'M AY',s,'AY'
work,'W AO R K',s,'AO'
ill,'IH L',s,'IH'
friends,'F R EH N D Z',s,''
o,'OW',s,''
an,'AE N',s,'AE'
end,'EH N D',s,''
of,'AH V',s,''
what,'W AH T',s,''
i,'AY',s,'AY'
begun,'B IH G AH N',s,'IH'
let,'L EH T',s,''
him,'HH IH M',s,'IH'
that,'DH AE T',s,'AE'
me,'M IY',s,'IY'
me,'M IY',s,'IY'
dead,'D EH D',s,''
art,'AA R T',s,'AA'
thou,'DH AW',s,''
and,'AH N D',s,''
me,'M IY',s,'IY'
for,'F AO R',s,'AO'
death,'D EH TH',s,''
when,'ʍ e N',s,''
did,'D IH D',s,'IH'
she,'SH IY',s,'IY'
send,'S EH N D',s,''
thee,'DH IY',s,'IY'
is,'IH Z',s,'IH'
she,'SH IY',s,'IY'
too,'T UW',s,'UW'
good,'G UH D',s,'UH'
call,'K AO L',s,'AO'
my,'M AY',s,'AY'
guard,'G AA R D',s,'AA'
i,'AY',s,'AY'
prithee,'P r e DH IY',s,'IY'
bear,'B EH R',s,''
me,'M IY',s,'IY'
good,'G UH D',s,'UH'
friends,'F R EH N D Z',s,''
the,'DH AH',s,''
last,'L AE S T',s,'AE'
that,'DH AE T',s,'AE'
i,'AY',s,'AY'
shall,'SH AE L',s,'AE'
command,'K ǝ M AW N D',s,''
you,'Y UW',s,'UW'
good,'G UH D',s,'UH'
my,'M AY',s,'AY'
do,'D OW',s,''
not,'N AA T',s,'AA'
sharp,'SH AA R P',s,'AA'
to,'T UW',s,'UW'
it,'IH T',s,'IH'
with,'W IH DH',s,'IH'
your,'Y AO R',s,'AO'
sorrows,'S ɒ r ǝ ǝ Z',s,''
bid,'B IH D',s,'IH'
that,'DH AE T',s,'AE'
to,'T UW',s,'UW'
punish,'P ɤ N IH SH',s,'IH'
us,'AH S',s,''
and,'AH N D',s,''
we,'W IY',s,'IY'
punish,'P ɤ N IH SH',s,'IH'
it,'IH T',s,'IH'
to,'T UW',s,'UW'
bear,'B EH R',s,''
it,'IH T',s,'IH'
lightly,'L ǝ IH T L ǝ IH',s,'IH IH'
me,'M IY',s,'IY'
up,'AH P',s,''
i,'AY',s,'AY'
led,'L EH D',s,''
you,'Y UW',s,'UW'
oft,'AO F T',s,'AO'
carrry,'K AW r ǝ IH',s,'IH'
me,'M IY',s,'IY'
good,'G UH D',s,'UH'
friends,'F R EH N D Z',s,''
and,'AH N D',s,''
my,'M AY',s,'AY'
thanks,'TH AE NG K S',s,'AE'
for,'F AO R',s,'AO'
all,'AA L',s,'AA'
not,'N AA T',s,'AA'
hath,'HH AE TH',s,'AE'
antony,'AE N T AH N IY',s,'AE IY'
but,'B AH T',s,''
hath,'HH AE TH',s,'AE'
on,'AA N',s,'AA'
itself,'IH T S EH L F',s,'IH'
i,'AY',s,'AY'
am,'AE M',s,'AE'
egypt,'IY JH AH P T',s,'IY'
only,'OW N L IY',s,'IY'
i,'AY',s,'AY'
death,'D EH TH',s,''
until,'AH N T IH L',s,'IH'
of,'AH V',s,''
kisses,'K IH S AH Z',s,'IH'
the,'DH AH',s,''
poor,'P UH R',s,'UH'
last,'L AE S T',s,'AE'
i,'AY',s,'AY'
upon,'AH P AA N',s,'AA'
lips,'L IH P S',s,'IH'
o,'OW',s,''
or,'AO R',s,'AO'
i,'AY',s,'AY'
am,'AE M',s,'AE'
i,'AY',s,'AY'
am,'AE M',s,'AE'
egypt,'IY JH AH P T',s,'IY'
me,'M IY',s,'IY'
and,'AH N D',s,''
let,'L EH T',s,''
me,'M IY',s,'IY'
speak,'S P IY K',s,'IY'
a,'AH',s,''
sweet,'S W IY T',s,'IY'
of,'AH V',s,''
seek,'S IY K',s,'IY'
your,'Y AO R',s,'AO'
with,'W IH DH',s,'IH'
your,'Y AO R',s,'AO'
me,'M IY',s,'IY'
trust,'T r ɤ S T',s,''
but,'B AH T',s,''
the,'DH AH',s,''
at,'AE T',s,'AE'
my,'M AY',s,'AY'
end,'EH N D',s,''
lament,'L ǝ M e N T',s,''
nor,'N AO R',s,'AO'
at,'AE T',s,'AE'
but,'B AH T',s,''
your,'Y AO R',s,'AO'
in,'IH N',s,'IH'
them,'DH EH M',s,''
with,'W IH DH',s,'IH'
my,'M AY',s,'AY'
wherein,'ʍ EH R IH N',s,'IH'
i,'AY',s,'AY'
the,'DH AH',s,''
greatest,'G r e T ǝ S T',s,''
the,'DH AH',s,''
noblest,'N OW B L IH S T',s,'IH'
and,'AH N D',s,''
do,'D OW',s,''
not,'N AA T',s,'AA'
not,'N AA T',s,'AA'
put,'P UH T',s,'UH'
off,'AO F',s,'AO'
my,'M AY',s,'AY'
to,'T UW',s,'UW'
my,'M AY',s,'AY'
roman,'r OW M ǝ N',s,''
by,'B AY',s,'AY'
a,'AH',s,''
roman,'r OW M ǝ N',s,''
vanquished,'V AW NG K W IH SH T',s,'IH'
my,'M AY',s,'AY'
spirit,'S P IH R AH T',s,'IH'
is,'IH Z',s,'IH'
going,'G OW IH N',s,'IH'
i,'AY',s,'AY'
can,'K AE N',s,'AE'
no,'N OW',s,''
