the,'DH AH',s,''
and,'AH N D',s,''
is,'IH Z',s,'IH'
at,'AE T',s,'AE'
his,'HH IH Z',s,'IH'
alas,'AH L AE S',s,'AE'
and,'AH N D',s,''
woe,'W OW',s,''
not,'N AA T',s,'AA'
i,'AY',s,'AY'
woe,'W OW',s,''
woe,'W OW',s,''
we,'W IY',s,'IY'
you,'Y UW',s,'UW'
not,'N AA T',s,'AA'
to,'T UW',s,'UW'
wear,'W EH R',s,''
all,'AA L',s,'AA'
your,'Y AO R',s,'AO'
true,'T R UW',s,'UW'
followers,'F ɒ L ǝ W ǝ R Z',s,''
out,'AW T',s,''
most,'M OW S T',s,''
heavy,'e V ǝ IH',s,'IH'
a,'AH',s,''
heavy,'e V ǝ IH',s,'IH'
