if,'IH F',s,'IH'
it,'IH T',s,'IH'
be,'B IY',s,'IY'
indeed,'IH N D IY D',s,'IH IY'
tell,'T EH L',s,''
me,'M IY',s,'IY'
set,'S EH T',s,''
a,'AH',s,''
bourn,'B AO R N',s,'AO'
far,'F AA R',s,'AA'
to,'T UW',s,'UW'
be,'B IY',s,'IY'
them,'DH EH M',s,''
antony,'AE N T AH N IY',s,'AE IY'
perchace,'P ER CH AE N S',s,'AE'
is,'IH Z',s,'IH'
angry,'AE NG G R IY',s,'AE IY'
or,'AO R',s,'AO'
who,'HH UW',s,'UW'
if,'IH F',s,'IH'
the,'DH AH',s,''
not,'N AA T',s,'AA'
sent,'S EH N T',s,''
his,'HH IH Z',s,'IH'
to,'T UW',s,'UW'
you,'Y UW',s,'UW'
do,'D OW',s,''
this,'DH IH S',s,'IH'
or,'AO R',s,'AO'
this,'DH IH S',s,'IH'
in,'IH N',s,'IH'
that,'DH AE T',s,'AE'
and,'AH N D',s,''
that,'DH AE T',s,'AE'
perform,'P ǝ R F AO R M',s,'AO'
or,'AO R',s,'AO'
we,'W IY',s,'IY'
thee,'DH IY',s,'IY'
perchace,'P ER CH AE N S',s,'AE'
and,'AH N D',s,''
most,'M OW S T',s,''
you,'Y UW',s,'UW'
must,'M AH S T',s,''
not,'N AA T',s,'AA'
longer,'L ɒ NG G ǝ R',s,''
your,'Y AO R',s,'AO'
is,'IH Z',s,'IH'
from,'F R AH M',s,''
therefre,'DH EH R F AO R',s,'AO'
it,'IH T',s,'IH'
antony,'AE N T AH N IY',s,'AE IY'
process,'P r OW S e S',s,''
i,'AY',s,'AY'
both,'B OW TH',s,''
call,'K AO L',s,'AO'
in,'IH N',s,'IH'
the,'DH AH',s,''
as,'AE Z',s,'AE'
i,'AY',s,'AY'
am,'AE M',s,'AE'
thou,'DH AW',s,''
antony,'AE N T AH N IY',s,'AE IY'
and,'AH N D',s,''
that,'DH AE T',s,'AE'
blood,'B L AH D',s,''
of,'AH V',s,''
is,'IH Z',s,'IH'
so,'S OW',s,''
cheek,'CH IY K',s,'IY'
when,'ʍ e N',s,''
the,'DH AH',s,''
whhy,'ʍ ǝ IH',s,'IH'
did,'D IH D',s,'IH'
he,'HH IY',s,'IY'
marrry,'M AW r ǝ IH',s,'IH'
and,'AH N D',s,''
not,'N AA T',s,'AA'
seem,'S IY M',s,'IY'
the,'DH AH',s,''
fool,'F UH L',s,'UH'
i,'AY',s,'AY'
am,'AE M',s,'AE'
not,'N AA T',s,'AA'
antony,'AE N T AH N IY',s,'AE IY'
will,'W IH L',s,'IH'
be,'B IY',s,'IY'
himself,'HH IH M S EH L F',s,'IH'
the,'DH AH',s,''
you,'Y UW',s,'UW'
my,'M AY',s,'AY'
lord,'L AO R D',s,'AO'
was,'W AA Z',s,'AA'
he,'HH IY',s,'IY'
not,'N AA T',s,'AA'
he,'HH IY',s,'IY'
was,'W AA Z',s,'AA'
to,'T UW',s,'UW'
mirth,'M ɐ R TH',s,''
but,'B AH T',s,''
on,'AA N',s,'AA'
the,'DH AH',s,''
sudden,'S AH D AH N',s,''
a,'AH',s,''
roman,'r OW M ǝ N',s,''
hath,'HH AE TH',s,'AE'
seek,'S IY K',s,'IY'
him,'HH IH M',s,'IH'
and,'AH N D',s,''
him,'HH IH M',s,'IH'
we,'W IY',s,'IY'
will,'W IH L',s,'IH'
not,'N AA T',s,'AA'
look,'L UH K',s,'UH'
upon,'AH P AA N',s,'AA'
him,'HH IH M',s,'IH'
go,'G OW',s,''
with,'W IH DH',s,'IH'
us,'AH S',s,''
is,'IH Z',s,'IH'
he,'HH IY',s,'IY'
see,'S IY',s,'IY'
he,'HH IY',s,'IY'
is,'IH Z',s,'IH'
with,'W IH DH',s,'IH'
him,'HH IH M',s,'IH'
what,'W AH T',s,''
he,'HH IY',s,'IY'
does,'D AH Z',s,''
i,'AY',s,'AY'
did,'D IH D',s,'IH'
not,'N AA T',s,'AA'
send,'S EH N D',s,''
you,'Y UW',s,'UW'
if,'IH F',s,'IH'
you,'Y UW',s,'UW'
him,'HH IH M',s,'IH'
sad,'S AE D',s,'AE'
i,'AY',s,'AY'
am,'AE M',s,'AE'
if,'IH F',s,'IH'
in,'IH N',s,'IH'
mirth,'M ɐ R TH',s,''
report,'r IH P AO R T',s,'IH AO'
that,'DH AE T',s,'AE'
i,'AY',s,'AY'
am,'AE M',s,'AE'
sudden,'S AH D AH N',s,''
sick,'S IH K',s,'IH'
and,'AH N D',s,''
return,'r IH T ɐ R N',s,'IH'
what,'W AH T',s,''
i,'AY',s,'AY'
do,'D OW',s,''
i,'AY',s,'AY'
do,'D OW',s,''
not,'N AA T',s,'AA'
thou,'DH AW',s,''
a,'AH',s,''
fool,'F UH L',s,'UH'
the,'DH AH',s,''
to,'T UW',s,'UW'
him,'HH IH M',s,'IH'
i,'AY',s,'AY'
am,'AE M',s,'AE'
sick,'S IH K',s,'IH'
and,'AH N D',s,''
sullen,'S ɤ L ǝ N',s,''
me,'M IY',s,'IY'
dear,'D IY R',s,'IY'
i,'AY',s,'AY'
shall,'SH AE L',s,'AE'
fall,'F AA L',s,'AA'
it,'IH T',s,'IH'
cannot,'K AE N AA T',s,'AE AA'
be,'B IY',s,'IY'
thus,'DH ɤ S',s,''
the,'DH AH',s,''
of,'AH V',s,''
natre,'N EY CH ER',s,'EY'
will,'W IH L',s,'IH'
not,'N AA T',s,'AA'
sustain,'S AH S T EY N',s,'EY'
it,'IH T',s,'IH'
you,'Y UW',s,'UW'
stand,'S T AE N D',s,'AE'
from,'F R AH M',s,''
me,'M IY',s,'IY'
i,'AY',s,'AY'
by,'B AY',s,'AY'
that,'DH AE T',s,'AE'
good,'G UH D',s,'UH'
what,'W AH T',s,''
the,'DH AH',s,''
woman,'W UH M AH N',s,'UH'
you,'Y UW',s,'UW'
go,'G OW',s,''
she,'SH IY',s,'IY'
had,'HH AE D',s,'AE'
never,'N e V ǝ R',s,''
given,'G IH V AH N',s,'IH'
you,'Y UW',s,'UW'
to,'T UW',s,'UW'
let,'L EH T',s,''
not,'N AA T',s,'AA'
i,'AY',s,'AY'
that,'DH AE T',s,'AE'
keep,'K IY P',s,'IY'
you,'Y UW',s,'UW'
i,'AY',s,'AY'
no,'N OW',s,''
upon,'AH P AA N',s,'AA'
you,'Y UW',s,'UW'
you,'Y UW',s,'UW'
o,'OW',s,''
never,'N e V ǝ R',s,''
was,'W AA Z',s,'AA'
so,'S OW',s,''
mightily,'M ǝ IH T IH L ǝ IH',s,'IH IH IH'
yet,'Y EH T',s,''
at,'AE T',s,'AE'
the,'DH AH',s,''
i,'AY',s,'AY'
the,'DH AH',s,''
planted,'P L AW N T IH D',s,'IH'
whhy,'ʍ ǝ IH',s,'IH'
i,'AY',s,'AY'
think,'TH IH NG K',s,'IH'
you,'Y UW',s,'UW'
can,'K AE N',s,'AE'
be,'B IY',s,'IY'
and,'AH N D',s,''
true,'T R UW',s,'UW'
you,'Y UW',s,'UW'
in,'IH N',s,'IH'
the,'DH AH',s,''
gods,'G AA D Z',s,'AA'
who,'HH UW',s,'UW'
been,'B IH N',s,'IH'
to,'T UW',s,'UW'
madness,'M AE D N AH S',s,'AE'
to,'T UW',s,'UW'
be,'B IY',s,'IY'
entangled,'EH N T AE NG G AH L D',s,'AE'
with,'W IH DH',s,'IH'
vows,'V ǝ UH Z',s,'UH'
break,'B R EY K',s,'EY'
in,'IH N',s,'IH'
you,'Y UW',s,'UW'
seek,'S IY K',s,'IY'
no,'N OW',s,''
for,'F AO R',s,'AO'
your,'Y AO R',s,'AO'
going,'G OW IH N',s,'IH'
but,'B AH T',s,''
bid,'B IH D',s,'IH'
and,'AH N D',s,''
go,'G OW',s,''
when,'ʍ e N',s,''
you,'Y UW',s,'UW'
sued,'S UW D',s,'UW'
then,'DH EH N',s,''
was,'W AA Z',s,'AA'
the,'DH AH',s,''
for,'F AO R',s,'AO'
no,'N OW',s,''
going,'G OW IH N',s,'IH'
then,'DH EH N',s,''
was,'W AA Z',s,'AA'
in,'IH N',s,'IH'
our,'OW R',s,''
lips,'L IH P S',s,'IH'
and,'AH N D',s,''
bliss,'B L IH S',s,'IH'
in,'IH N',s,'IH'
our,'OW R',s,''
bent,'B EH N T',s,''
our,'OW R',s,''
parts,'P AA R T S',s,'AA'
so,'S OW',s,''
poor,'P UH R',s,'UH'
but,'B AH T',s,''
was,'W AA Z',s,'AA'
a,'AH',s,''
of,'AH V',s,''
heaven,'HH EH V AH N',s,''
so,'S OW',s,''
still,'S T IH L',s,'IH'
or,'AO R',s,'AO'
thou,'DH AW',s,''
the,'DH AH',s,''
greatest,'G r e T ǝ S T',s,''
of,'AH V',s,''
the,'DH AH',s,''
art,'AA R T',s,'AA'
turned,'T ɐ R N IH D',s,'IH'
the,'DH AH',s,''
greatest,'G r e T ǝ S T',s,''
liar,'L AY ER',s,'AY'
i,'AY',s,'AY'
i,'AY',s,'AY'
had,'HH AE D',s,'AE'
inches,'IH N CH AH Z',s,'IH'
thou,'DH AW',s,''
wre,'W ER',s,''
a,'AH',s,''
heart,'HH AA R T',s,'AA'
in,'IH N',s,'IH'
egypt,'IY JH AH P T',s,'IY'
from,'F R AH M',s,''
follly,'F ɒ L ǝ IH',s,'IH'
not,'N AA T',s,'AA'
me,'M IY',s,'IY'
freedom,'F R IY D AH M',s,'IY'
it,'IH T',s,'IH'
does,'D AH Z',s,''
from,'F R AH M',s,''
can,'K AE N',s,'AE'
o,'OW',s,''
most,'M OW S T',s,''
be,'B IY',s,'IY'
the,'DH AH',s,''
sacred,'S EY K R AH D',s,'EY'
thou,'DH AW',s,''
fill,'F IH L',s,'IH'
with,'W IH DH',s,'IH'
water,'W AA T ǝ R',s,'AA'
i,'AY',s,'AY'
see,'S IY',s,'IY'
i,'AY',s,'AY'
see,'S IY',s,'IY'
in,'IH N',s,'IH'
death,'D EH TH',s,''
shall,'SH AE L',s,'AE'
be,'B IY',s,'IY'
cut,'K ɤ T',s,''
my,'M AY',s,'AY'
but,'B AH T',s,''
let,'L EH T',s,''
it,'IH T',s,'IH'
be,'B IY',s,'IY'
i,'AY',s,'AY'
am,'AE M',s,'AE'
ill,'IH L',s,'IH'
and,'AH N D',s,''
well,'W EH L',s,''
so,'S OW',s,''
antony,'AE N T AH N IY',s,'AE IY'
so,'S OW',s,''
told,'T OW L D',s,''
me,'M IY',s,'IY'
i,'AY',s,'AY'
prithee,'P r e DH IY',s,'IY'
turn,'T ɐ R N',s,''
and,'AH N D',s,''
weep,'W IY P',s,'IY'
for,'F AO R',s,'AO'
then,'DH EH N',s,''
bid,'B IH D',s,'IH'
adieu,'AH D UW',s,'UW'
to,'T UW',s,'UW'
me,'M IY',s,'IY'
and,'AH N D',s,''
the,'DH AH',s,''
tears,'T EH R Z',s,''
to,'T UW',s,'UW'
egypt,'IY JH AH P T',s,'IY'
good,'G UH D',s,'UH'
of,'AH V',s,''
and,'AH N D',s,''
let,'L EH T',s,''
it,'IH T',s,'IH'
look,'L UH K',s,'UH'
you,'Y UW',s,'UW'
can,'K AE N',s,'AE'
do,'D OW',s,''
better,'B e T ə R',s,''
yet,'Y EH T',s,''
but,'B AH T',s,''
this,'DH IH S',s,'IH'
is,'IH Z',s,'IH'
and,'AH N D',s,''
target,'T AA R G AH T',s,'AA'
still,'S T IH L',s,'IH'
he,'HH IY',s,'IY'
but,'B AH T',s,''
this,'DH IH S',s,'IH'
is,'IH Z',s,'IH'
not,'N AA T',s,'AA'
the,'DH AH',s,''
best,'B EH S T',s,''
look,'L UH K',s,'UH'
prithee,'P r e DH IY',s,'IY'
this,'DH IH S',s,'IH'
roman,'r OW M ǝ N',s,''
does,'D AH Z',s,''
the,'DH AH',s,''
of,'AH V',s,''
his,'HH IH Z',s,'IH'
lord,'L AO R D',s,'AO'
you,'Y UW',s,'UW'
and,'AH N D',s,''
i,'AY',s,'AY'
must,'M AH S T',s,''
part,'P AA R T',s,'AA'
but,'B AH T',s,''
not,'N AA T',s,'AA'
it,'IH T',s,'IH'
you,'Y UW',s,'UW'
and,'AH N D',s,''
i,'AY',s,'AY'
but,'B AH T',s,''
not,'N AA T',s,'AA'
it,'IH T',s,'IH'
that,'DH AE T',s,'AE'
you,'Y UW',s,'UW'
well,'W EH L',s,''
it,'IH T',s,'IH'
is,'IH Z',s,'IH'
i,'AY',s,'AY'
o,'OW',s,''
my,'M AY',s,'AY'
is,'IH Z',s,'IH'
a,'AH',s,''
very,'V EH R IY',s,'IY'
antony,'AE N T AH N IY',s,'AE IY'
and,'AH N D',s,''
i,'AY',s,'AY'
am,'AE M',s,'AE'
all,'AA L',s,'AA'
to,'T UW',s,'UW'
bear,'B EH R',s,''
idleness,'ǝ IH D L N ǝ S',s,'IH'
so,'S OW',s,''
near,'N IY R',s,'IY'
the,'DH AH',s,''
heart,'HH AA R T',s,'AA'
as,'AE Z',s,'AE'
this,'DH IH S',s,'IH'
but,'B AH T',s,''
forgve,'F ER G IH V',s,'IH'
me,'M IY',s,'IY'
my,'M AY',s,'AY'
kill,'K IH L',s,'IH'
me,'M IY',s,'IY'
when,'ʍ e N',s,''
do,'D OW',s,''
not,'N AA T',s,'AA'
well,'W EH L',s,''
to,'T UW',s,'UW'
you,'Y UW',s,'UW'
your,'Y AO R',s,'AO'
you,'Y UW',s,'UW'
therefre,'DH EH R F AO R',s,'AO'
be,'B IY',s,'IY'
deaf,'D EH F',s,''
to,'T UW',s,'UW'
my,'M AY',s,'AY'
follly,'F ɒ L ǝ IH',s,'IH'
and,'AH N D',s,''
all,'AA L',s,'AA'
the,'DH AH',s,''
gods,'G AA D Z',s,'AA'
go,'G OW',s,''
with,'W IH DH',s,'IH'
you,'Y UW',s,'UW'
upon,'AH P AA N',s,'AA'
your,'Y AO R',s,'AO'
sit,'S IH T',s,'IH'
laurel,'L AO R AH L',s,'AO'
and,'AH N D',s,''
smooth,'S M UW DH',s,'UW'
be,'B IY',s,'IY'
your,'Y AO R',s,'AO'
feet,'F IY T',s,'IY'
me,'M IY',s,'IY'
to,'T UW',s,'UW'
drink,'D R IH NG K',s,'IH'
that,'DH AE T',s,'AE'
i,'AY',s,'AY'
sleep,'S L IY P',s,'IY'
out,'AW T',s,''
this,'DH IH S',s,'IH'
great,'G r e T',s,''
gap,'G AE P',s,'AE'
of,'AH V',s,''
my,'M AY',s,'AY'
antony,'AE N T AH N IY',s,'AE IY'
is,'IH Z',s,'IH'
o,'OW',s,''
treason,'T R IY Z AH N',s,'IY'
thou,'DH AW',s,''
not,'N AA T',s,'AA'
to,'T UW',s,'UW'
thee,'DH IY',s,'IY'
i,'AY',s,'AY'
no,'N OW',s,''
pleasre,'P L EH ZH ER',s,''
in,'IH N',s,'IH'
an,'AE N',s,'AE'
well,'W EH L',s,''
for,'F AO R',s,'AO'
thee,'DH IY',s,'IY'
that,'DH AE T',s,'AE'
being,'B IY IH NG',s,'IY IH'
unseminared,'ɤ N S e M IH ˌ N AA R D',s,'IH AA'
not,'N AA T',s,'AA'
forth,'F AO R TH',s,'AO'
of,'AH V',s,''
egypt,'IY JH AH P T',s,'IY'
hast,'HH AE S T',s,'AE'
thou,'DH AW',s,''
affections,'AH F EH K SH AH N Z',s,''
indeed,'IH N D IY D',s,'IH IY'
o,'OW',s,''
thou,'DH AW',s,''
he,'HH IY',s,'IY'
is,'IH Z',s,'IH'
stands,'S T AE N D Z',s,'AE'
he,'HH IY',s,'IY'
or,'AO R',s,'AO'
sits,'S IH T S',s,'IH'
he,'HH IY',s,'IY'
or,'AO R',s,'AO'
does,'D AH Z',s,''
he,'HH IY',s,'IY'
or,'AO R',s,'AO'
is,'IH Z',s,'IH'
he,'HH IY',s,'IY'
on,'AA N',s,'AA'
his,'HH IH Z',s,'IH'
o,'OW',s,''
to,'T UW',s,'UW'
bear,'B EH R',s,''
the,'DH AH',s,''
of,'AH V',s,''
antony,'AE N T AH N IY',s,'AE IY'
do,'D OW',s,''
for,'F AO R',s,'AO'
thou,'DH AW',s,''
whom,'HH UW M',s,'UW'
thou,'DH AW',s,''
the,'DH AH',s,''
of,'AH V',s,''
this,'DH IH S',s,'IH'
the,'DH AH',s,''
arm,'AA R M',s,'AA'
and,'AH N D',s,''
of,'AH V',s,''
men,'M EH N',s,''
or,'AO R',s,'AO'
my,'M AY',s,'AY'
of,'AH V',s,''
old,'OW L D',s,''
for,'F AO R',s,'AO'
so,'S OW',s,''
he,'HH IY',s,'IY'
me,'M IY',s,'IY'
i,'AY',s,'AY'
feed,'F IY D',s,'IY'
myself,'M AY S EH L F',s,'AY'
with,'W IH DH',s,'IH'
most,'M OW S T',s,''
delicious,'D IH L IH SH AH S',s,'IH IH'
think,'TH IH NG K',s,'IH'
on,'AA N',s,'AA'
me,'M IY',s,'IY'
that,'DH AE T',s,'AE'
am,'AE M',s,'AE'
with,'W IH DH',s,'IH'
black,'B L AE K',s,'AE'
and,'AH N D',s,''
wrinkled,'R IH NG K AH L D',s,'IH'
deep,'D IY P',s,'IY'
in,'IH N',s,'IH'
when,'ʍ e N',s,''
thou,'DH AW',s,''
the,'DH AH',s,''
i,'AY',s,'AY'
was,'W AA Z',s,'AA'
a,'AH',s,''
morsel,'M AO R S AH L',s,'AO'
for,'F AO R',s,'AO'
a,'AH',s,''
monarch,'M AA N AA R K',s,'AA AA'
and,'AH N D',s,''
great,'G r e T',s,''
stand,'S T AE N D',s,'AE'
and,'AH N D',s,''
his,'HH IH Z',s,'IH'
in,'IH N',s,'IH'
my,'M AY',s,'AY'
brow,'B r ə UH',s,'UH'
he,'HH IY',s,'IY'
anchor,'AW NG K ǝ R',s,''
his,'HH IH Z',s,'IH'
aspect,'ǝ S P e K T',s,''
and,'AH N D',s,''
with,'W IH DH',s,'IH'
on,'AA N',s,'AA'
his,'HH IH Z',s,'IH'
art,'AA R T',s,'AA'
thou,'DH AW',s,''
mark,'M AA R K',s,'AA'
antony,'AE N T AH N IY',s,'AE IY'
yet,'Y EH T',s,''
from,'F R AH M',s,''
him,'HH IH M',s,'IH'
that,'DH AE T',s,'AE'
great,'G r e T',s,''
hath,'HH AE TH',s,'AE'
with,'W IH DH',s,'IH'
his,'HH IH Z',s,'IH'
gilded,'G IH L D IH D',s,'IH IH'
thee,'DH IY',s,'IY'
goes,'G OW Z',s,''
it,'IH T',s,'IH'
with,'W IH DH',s,'IH'
my,'M AY',s,'AY'
mark,'M AA R K',s,'AA'
antony,'AE N T AH N IY',s,'AE IY'
ear,'IY R',s,'IY'
must,'M AH S T',s,''
pluck,'P L ɤ K',s,''
it,'IH T',s,'IH'
what,'W AH T',s,''
was,'W AA Z',s,'AA'
he,'HH IY',s,'IY'
sad,'S AE D',s,'AE'
or,'AO R',s,'AO'
merrry,'M e r ǝ IH',s,'IH'
o,'OW',s,''
welll-divided,'W e L - D IH V ǝ IH D IH D',s,'IH IH IH'
him,'HH IH M',s,'IH'
him,'HH IH M',s,'IH'
good,'G UH D',s,'UH'
the,'DH AH',s,''
man,'M AE N',s,'AE'
but,'B AH T',s,''
him,'HH IH M',s,'IH'
he,'HH IY',s,'IY'
was,'W AA Z',s,'AA'
not,'N AA T',s,'AA'
sad,'S AE D',s,'AE'
for,'F AO R',s,'AO'
he,'HH IY',s,'IY'
on,'AA N',s,'AA'
that,'DH AE T',s,'AE'
their,'DH EH R',s,''
looks,'L UH K S',s,'UH'
by,'B AY',s,'AY'
his,'HH IH Z',s,'IH'
he,'HH IY',s,'IY'
was,'W AA Z',s,'AA'
not,'N AA T',s,'AA'
merrry,'M e r ǝ IH',s,'IH'
to,'T UW',s,'UW'
tell,'T EH L',s,''
them,'DH EH M',s,''
his,'HH IH Z',s,'IH'
in,'IH N',s,'IH'
egypt,'IY JH AH P T',s,'IY'
with,'W IH DH',s,'IH'
his,'HH IH Z',s,'IH'
but,'B AH T',s,''
between,'B IH T W IY N',s,'IH IY'
both,'B OW TH',s,''
o,'OW',s,''
thou,'DH AW',s,''
sad,'S AE D',s,'AE'
or,'AO R',s,'AO'
merrry,'M e r ǝ IH',s,'IH'
the,'DH AH',s,''
of,'AH V',s,''
either,'EH DH ǝ R',s,''
thee,'DH IY',s,'IY'
so,'S OW',s,''
does,'D AH Z',s,''
it,'IH T',s,'IH'
no,'N OW',s,''
thou,'DH AW',s,''
my,'M AY',s,'AY'
posts,'P OW S T S',s,''
born,'B AO R N',s,'AO'
that,'DH AE T',s,'AE'
when,'ʍ e N',s,''
i,'AY',s,'AY'
to,'T UW',s,'UW'
send,'S EH N D',s,''
to,'T UW',s,'UW'
antony,'AE N T AH N IY',s,'AE IY'
shall,'SH AE L',s,'AE'
a,'AH',s,''
and,'AH N D',s,''
paper,'P EH P ǝ R',s,''
my,'M AY',s,'AY'
good,'G UH D',s,'UH'
i,'AY',s,'AY'
so,'S OW',s,''
be,'B IY',s,'IY'
with,'W IH DH',s,'IH'
another,'ǝ N ɤ DH ǝ R',s,''
emphasis,'e M F ǝ ˌ S IH S',s,'IH'
the,'DH AH',s,''
antony,'AE N T AH N IY',s,'AE IY'
by,'B AY',s,'AY'
i,'AY',s,'AY'
will,'W IH L',s,'IH'
thee,'DH IY',s,'IY'
bloody,'B L AH D IY',s,'IY'
teeth,'T IY TH',s,'IY'
if,'IH F',s,'IH'
thou,'DH AW',s,''
with,'W IH DH',s,'IH'
again,'ǝ ɡ EH N',s,''
my,'M AY',s,'AY'
man,'M AE N',s,'AE'
of,'AH V',s,''
men,'M EH N',s,''
my,'M AY',s,'AY'
salad,'S AE L AH D',s,'AE'
when,'ʍ e N',s,''
i,'AY',s,'AY'
was,'W AA Z',s,'AA'
green,'G R IY N',s,'IY'
in,'IH N',s,'IH'
cold,'K OW L D',s,''
in,'IH N',s,'IH'
blood,'B L AH D',s,''
to,'T UW',s,'UW'
as,'AE Z',s,'AE'
i,'AY',s,'AY'
said,'S EH D',s,''
then,'DH EH N',s,''
but,'B AH T',s,''
get,'G EH T',s,''
me,'M IY',s,'IY'
ink,'IH NG K',s,'IH'
and,'AH N D',s,''
paper,'P EH P ǝ R',s,''
he,'HH IY',s,'IY'
shall,'SH AE L',s,'AE'
every,'e V r ǝ IH',s,'IH'
a,'AH',s,''
or,'AO R',s,'AO'
egypt,'IY JH AH P T',s,'IY'
me,'M IY',s,'IY'
moody,'M UW D IY',s,'UW IY'
food,'F UW D',s,'UW'
of,'AH V',s,''
us,'AH S',s,''
that,'DH AE T',s,'AE'
in,'IH N',s,'IH'
let,'L EH T',s,''
it,'IH T',s,'IH'
to,'T UW',s,'UW'
billiards,'B IH L Y ER D Z',s,'IH'
as,'AE Z',s,'AE'
well,'W EH L',s,''
a,'AH',s,''
woman,'W UH M AH N',s,'UH'
with,'W IH DH',s,'IH'
an,'AE N',s,'AE'
as,'AE Z',s,'AE'
with,'W IH DH',s,'IH'
a,'AH',s,''
with,'W IH DH',s,'IH'
me,'M IY',s,'IY'
and,'AH N D',s,''
when,'ʍ e N',s,''
good,'G UH D',s,'UH'
will,'W IH L',s,'IH'
is,'IH Z',s,'IH'
too,'T UW',s,'UW'
short,'SH AO R T',s,'AO'
the,'DH AH',s,''
plead,'P L IY D',s,'IY'
pardon,'P AA R D ǝ N',s,'AA'
me,'M IY',s,'IY'
to,'T UW',s,'UW'
river,'r IH V ǝ R',s,'IH'
my,'M AY',s,'AY'
far,'F AA R',s,'AA'
off,'AO F',s,'AO'
i,'AY',s,'AY'
will,'W IH L',s,'IH'
tawny-finned,'T AO N ǝ IH - ˌ F IH N D',s,'AO IH IH'
fishes,'F IH SH AH Z',s,'IH'
my,'M AY',s,'AY'
bended,'B EH N D IH D',s,'IH'
shall,'SH AE L',s,'AE'
their,'DH EH R',s,''
and,'AH N D',s,''
as,'AE Z',s,'AE'
i,'AY',s,'AY'
them,'DH EH M',s,''
up,'AH P',s,''
think,'TH IH NG K',s,'IH'
them,'DH EH M',s,''
every,'e V r ǝ IH',s,'IH'
an,'AE N',s,'AE'
antony,'AE N T AH N IY',s,'AE IY'
and,'AH N D',s,''
aha,'AA HH AA',s,'AA AA'
youre,'Y UH R',s,'UH'
that,'DH AE T',s,'AE'
i,'AY',s,'AY'
him,'HH IH M',s,'IH'
out,'AW T',s,''
of,'AH V',s,''
and,'AH N D',s,''
that,'DH AE T',s,'AE'
i,'AY',s,'AY'
him,'HH IH M',s,'IH'
into,'IH N T UW',s,'IH UW'
and,'AH N D',s,''
morn,'M AO R N',s,'AO'
the,'DH AH',s,''
ninth,'N AY N TH',s,'AY'
i,'AY',s,'AY'
drunk,'D R AH NG K',s,''
him,'HH IH M',s,'IH'
to,'T UW',s,'UW'
his,'HH IH Z',s,'IH'
bed,'B EH D',s,''
then,'DH EH N',s,''
put,'P UH T',s,'UH'
my,'M AY',s,'AY'
tires,'T ǝ IH R Z',s,'IH'
and,'AH N D',s,''
mantles,'M AE N T AH L Z',s,'AE'
on,'AA N',s,'AA'
him,'HH IH M',s,'IH'
i,'AY',s,'AY'
his,'HH IH Z',s,'IH'
o,'OW',s,''
from,'F R AH M',s,''
ram,'R AE M',s,'AE'
thou,'DH AW',s,''
fruitful,'F R UW T F AH L',s,'UW'
tidings,'T ǝ IH D IH N Z',s,'IH IH'
in,'IH N',s,'IH'
ears,'IY R Z',s,'IY'
that,'DH AE T',s,'AE'
been,'B IH N',s,'IH'
barren,'B AE R AH N',s,'AE'
antonio's,'AE N T OW N IY OW Z',s,'AE IY'
dead,'D EH D',s,''
if,'IH F',s,'IH'
thou,'DH AW',s,''
so,'S OW',s,''
villain,'V IH L AH N',s,'IH'
thou,'DH AW',s,''
mistress,'M IH S T R AH S',s,'IH'
but,'B AH T',s,''
well,'W EH L',s,''
and,'AH N D',s,''
free,'F R IY',s,'IY'
if,'IH F',s,'IH'
thou,'DH AW',s,''
so,'S OW',s,''
yield,'Y IY L D',s,'IY'
him,'HH IH M',s,'IH'
is,'IH Z',s,'IH'
gold,'G OW L D',s,''
and,'AH N D',s,''
my,'M AY',s,'AY'
veins,'V EY N Z',s,'EY'
to,'T UW',s,'UW'
kiss,'K IH S',s,'IH'
a,'AH',s,''
that,'DH AE T',s,'AE'
and,'AH N D',s,''
trembled,'T R EH M B AH L D',s,''
whhy,'ʍ ǝ IH',s,'IH'
gold,'G OW L D',s,''
but,'B AH T',s,''
mark,'M AA R K',s,'AA'
we,'W IY',s,'IY'
to,'T UW',s,'UW'
the,'DH AH',s,''
dead,'D EH D',s,''
well,'W EH L',s,''
it,'IH T',s,'IH'
to,'T UW',s,'UW'
that,'DH AE T',s,'AE'
the,'DH AH',s,''
gold,'G OW L D',s,''
i,'AY',s,'AY'
thee,'DH IY',s,'IY'
will,'W IH L',s,'IH'
i,'AY',s,'AY'
melt,'M EH L T',s,''
and,'AH N D',s,''
pour,'P UW R',s,'UW'
down,'D ǝ UH N',s,'UH'
well,'W EH L',s,''
go,'G OW',s,''
to,'T UW',s,'UW'
i,'AY',s,'AY'
will,'W IH L',s,'IH'
but,'B AH T',s,''
no,'N OW',s,''
goodness,'G UH D N AH S',s,'UH'
in,'IH N',s,'IH'
antony,'AE N T AH N IY',s,'AE IY'
be,'B IY',s,'IY'
free,'F R IY',s,'IY'
and,'AH N D',s,''
so,'S OW',s,''
tart,'T AA R T',s,'AA'
a,'AH',s,''
to,'T UW',s,'UW'
trumpet,'T R AH M P AH T',s,''
good,'G UH D',s,'UH'
tidings,'T ǝ IH D IH N Z',s,'IH IH'
if,'IH F',s,'IH'
not,'N AA T',s,'AA'
well,'W EH L',s,''
thou,'DH AW',s,''
a,'AH',s,''
with,'W IH DH',s,'IH'
not,'N AA T',s,'AA'
a,'AH',s,''
formal,'F AO R M AH L',s,'AO'
man,'M AE N',s,'AE'
i,'AY',s,'AY'
a,'AH',s,''
to,'T UW',s,'UW'
thee,'DH IY',s,'IY'
thou,'DH AW',s,''
yet,'Y EH T',s,''
if,'IH F',s,'IH'
thou,'DH AW',s,''
antony,'AE N T AH N IY',s,'AE IY'
is,'IH Z',s,'IH'
well,'W EH L',s,''
or,'AO R',s,'AO'
friends,'F R EH N D Z',s,''
with,'W IH DH',s,'IH'
or,'AO R',s,'AO'
not,'N AA T',s,'AA'
to,'T UW',s,'UW'
him,'HH IH M',s,'IH'
set,'S EH T',s,''
thee,'DH IY',s,'IY'
in,'IH N',s,'IH'
a,'AH',s,''
of,'AH V',s,''
gold,'G OW L D',s,''
and,'AH N D',s,''
hail,'HH EY L',s,'EY'
rich,'R IH CH',s,'IH'
pearls,'P ɐ R L Z',s,''
upon,'AH P AA N',s,'AA'
thee,'DH IY',s,'IY'
well,'W EH L',s,''
said,'S EH D',s,''
art,'AA R T',s,'AA'
an,'AE N',s,'AE'
man,'M AE N',s,'AE'
thee,'DH IY',s,'IY'
a,'AH',s,''
from,'F R AH M',s,''
me,'M IY',s,'IY'
i,'AY',s,'AY'
do,'D OW',s,''
not,'N AA T',s,'AA'
but,'B AH T',s,''
yet,'Y EH T',s,''
it,'IH T',s,'IH'
does,'D AH Z',s,''
the,'DH AH',s,''
good,'G UH D',s,'UH'
upon,'AH P AA N',s,'AA'
but,'B AH T',s,''
yet,'Y EH T',s,''
but,'B AH T',s,''
yet,'Y EH T',s,''
is,'IH Z',s,'IH'
as,'AE Z',s,'AE'
a,'AH',s,''
to,'T UW',s,'UW'
forth,'F AO R TH',s,'AO'
prithee,'P r e DH IY',s,'IY'
friend,'F R EH N D',s,''
pour,'P UW R',s,'UW'
out,'AW T',s,''
the,'DH AH',s,''
pack,'P AE K',s,'AE'
of,'AH V',s,''
matter,'M AW T ǝ R',s,''
to,'T UW',s,'UW'
ear,'IY R',s,'IY'
the,'DH AH',s,''
good,'G UH D',s,'UH'
and,'AH N D',s,''
bad,'B AE D',s,'AE'
friends,'F R EH N D Z',s,''
with,'W IH DH',s,'IH'
in,'IH N',s,'IH'
of,'AH V',s,''
thou,'DH AW',s,''
and,'AH N D',s,''
thou,'DH AW',s,''
free,'F R IY',s,'IY'
for,'F AO R',s,'AO'
what,'W AH T',s,''
good,'G UH D',s,'UH'
turn,'T ɐ R N',s,''
i,'AY',s,'AY'
am,'AE M',s,'AE'
the,'DH AH',s,''
most,'M OW S T',s,''
infectious,'IH N F EH K SH AH S',s,'IH'
upon,'AH P AA N',s,'AA'
thee,'DH IY',s,'IY'
what,'W AH T',s,''
you,'Y UW',s,'UW'
villain,'V IH L AH N',s,'IH'
or,'AO R',s,'AO'
spurn,'S P ɐ R N',s,''
me,'M IY',s,'IY'
thou,'DH AW',s,''
shalt,'SH AE L T',s,'AE'
be,'B IY',s,'IY'
with,'W IH DH',s,'IH'
and,'AH N D',s,''
in,'IH N',s,'IH'
in,'IH N',s,'IH'
not,'N AA T',s,'AA'
so,'S OW',s,''
a,'AH',s,''
i,'AY',s,'AY'
will,'W IH L',s,'IH'
thee,'DH IY',s,'IY'
and,'AH N D',s,''
the,'DH AH',s,''
thou,'DH AW',s,''
shall,'SH AE L',s,'AE'
for,'F AO R',s,'AO'
me,'M IY',s,'IY'
to,'T UW',s,'UW'
and,'AH N D',s,''
i,'AY',s,'AY'
will,'W IH L',s,'IH'
boot,'B UW T',s,'UW'
thee,'DH IY',s,'IY'
with,'W IH DH',s,'IH'
what,'W AH T',s,''
gift,'G IH F T',s,'IH'
modesty,'M AA D AH S T IY',s,'AA IY'
can,'K AE N',s,'AE'
beg,'B EH G',s,''
thou,'DH AW',s,''
hast,'HH AE S T',s,'AE'
too,'T UW',s,'UW'
not,'N AA T',s,'AA'
the,'DH AH',s,''
melt,'M EH L T',s,''
egypt,'IY JH AH P T',s,'IY'
into,'IH N T UW',s,'IH UW'
and,'AH N D',s,''
turn,'T ɐ R N',s,''
all,'AA L',s,'AA'
to,'T UW',s,'UW'
call,'K AO L',s,'AO'
the,'DH AH',s,''
again,'ǝ ɡ EH N',s,''
i,'AY',s,'AY'
am,'AE M',s,'AE'
mad,'M AE D',s,'AE'
i,'AY',s,'AY'
will,'W IH L',s,'IH'
not,'N AA T',s,'AA'
him,'HH IH M',s,'IH'
call,'K AO L',s,'AO'
i,'AY',s,'AY'
will,'W IH L',s,'IH'
not,'N AA T',s,'AA'
him,'HH IH M',s,'IH'
do,'D OW',s,''
lack,'L AE K',s,'AE'
that,'DH AE T',s,'AE'
a,'AH',s,''
than,'DH AE N',s,'AE'
myself,'M AY S EH L F',s,'AY'
i,'AY',s,'AY'
myself,'M AY S EH L F',s,'AY'
given,'G IH V AH N',s,'IH'
myself,'M AY S EH L F',s,'AY'
the,'DH AH',s,''
it,'IH T',s,'IH'
be,'B IY',s,'IY'
it,'IH T',s,'IH'
is,'IH Z',s,'IH'
never,'N e V ǝ R',s,''
good,'G UH D',s,'UH'
to,'T UW',s,'UW'
bad,'B AE D',s,'AE'
to,'T UW',s,'UW'
a,'AH',s,''
an,'AE N',s,'AE'
of,'AH V',s,''
but,'B AH T',s,''
let,'L EH T',s,''
ill,'IH L',s,'IH'
tidings,'T ǝ IH D IH N Z',s,'IH IH'
tell,'T EH L',s,''
when,'ʍ e N',s,''
be,'B IY',s,'IY'
felt,'F EH L T',s,''
is,'IH Z',s,'IH'
he,'HH IY',s,'IY'
i,'AY',s,'AY'
cannot,'K AE N AA T',s,'AE AA'
thee,'DH IY',s,'IY'
worser,'W AO R S ǝ R',s,'AO'
than,'DH AE N',s,'AE'
i,'AY',s,'AY'
do,'D OW',s,''
if,'IH F',s,'IH'
thou,'DH AW',s,''
again,'ǝ ɡ EH N',s,''
yes,'Y IH S',s,'IH'
the,'DH AH',s,''
gods,'G AA D Z',s,'AA'
confound,'K AA N F AW N D',s,'AA'
thee,'DH IY',s,'IY'
dost,'D AA S T',s,'AA'
thou,'DH AW',s,''
still,'S T IH L',s,'IH'
o,'OW',s,''
i,'AY',s,'AY'
thou,'DH AW',s,''
so,'S OW',s,''
my,'M AY',s,'AY'
egypt,'IY JH AH P T',s,'IY'
wre,'W ER',s,''
and,'AH N D',s,''
a,'AH',s,''
for,'F AO R',s,'AO'
scaled,'S K EH L D',s,''
go,'G OW',s,''
get,'G EH T',s,''
thee,'DH IY',s,'IY'
thou,'DH AW',s,''
narcissus,'N AA R S IH S ǝ S',s,'AA IH'
in,'IH N',s,'IH'
to,'T UW',s,'UW'
me,'M IY',s,'IY'
thou,'DH AW',s,''
appear,'ǝ P IY R',s,'IY'
most,'M OW S T',s,''
he,'HH IY',s,'IY'
is,'IH Z',s,'IH'
he,'HH IY',s,'IY'
is,'IH Z',s,'IH'
o,'OW',s,''
that,'DH AE T',s,'AE'
his,'HH IH Z',s,'IH'
fault,'F AO L T',s,'AO'
a,'AH',s,''
knve,'N EY V',s,'EY'
of,'AH V',s,''
thee,'DH IY',s,'IY'
that,'DH AE T',s,'AE'
art,'AA R T',s,'AA'
not,'N AA T',s,'AA'
what,'W AH T',s,''
art,'AA R T',s,'AA'
of,'AH V',s,''
get,'G EH T',s,''
thee,'DH IY',s,'IY'
the,'DH AH',s,''
merchandse,'M ER CH AH N D AY Z',s,'AY'
thou,'DH AW',s,''
hast,'HH AE S T',s,'AE'
from,'F R AH M',s,''
all,'AA L',s,'AA'
too,'T UW',s,'UW'
dear,'D IY R',s,'IY'
for,'F AO R',s,'AO'
me,'M IY',s,'IY'
upon,'AH P AA N',s,'AA'
and,'AH N D',s,''
be,'B IY',s,'IY'
by,'B AY',s,'AY'
in,'IH N',s,'IH'
antony,'AE N T AH N IY',s,'AE IY'
i,'AY',s,'AY'
i,'AY',s,'AY'
am,'AE M',s,'AE'
paid,'P EY D',s,'EY'
for,'F AO R',s,'AO'
lead,'L EH D',s,''
me,'M IY',s,'IY'
from,'F R AH M',s,''
i,'AY',s,'AY'
faint,'F EH N T',s,''
o,'OW',s,''
no,'N OW',s,''
matter,'M AW T ǝ R',s,''
go,'G OW',s,''
to,'T UW',s,'UW'
the,'DH AH',s,''
good,'G UH D',s,'UH'
bid,'B IH D',s,'IH'
him,'HH IH M',s,'IH'
report,'r IH P AO R T',s,'IH AO'
the,'DH AH',s,''
featre,'F IY CH ER',s,'IY'
of,'AH V',s,''
years,'Y IH R Z',s,'IH'
let,'L EH T',s,''
him,'HH IH M',s,'IH'
not,'N AA T',s,'AA'
out,'AW T',s,''
the,'DH AH',s,''
of,'AH V',s,''
hair,'HH EH R',s,''
me,'M IY',s,'IY'
let,'L EH T',s,''
him,'HH IH M',s,'IH'
him,'HH IH M',s,'IH'
not,'N AA T',s,'AA'
he,'HH IY',s,'IY'
be,'B IY',s,'IY'
painted,'P EH N T IH D',s,'IH'
a,'AH',s,''
gorgon,'G AO R G ǝ N',s,'AO'
the,'DH AH',s,''
's,'EH S',s,''
a,'AH',s,''
mars,'M AA R Z',s,'AA'
bid,'B IH D',s,'IH'
you,'Y UW',s,'UW'
me,'M IY',s,'IY'
tall,'T AO L',s,'AO'
she,'SH IY',s,'IY'
me,'M IY',s,'IY'
but,'B AH T',s,''
do,'D OW',s,''
not,'N AA T',s,'AA'
speak,'S P IY K',s,'IY'
to,'T UW',s,'UW'
me,'M IY',s,'IY'
lead,'L EH D',s,''
me,'M IY',s,'IY'
to,'T UW',s,'UW'
my,'M AY',s,'AY'
is,'IH Z',s,'IH'
the,'DH AH',s,''
go,'G OW',s,''
to,'T UW',s,'UW'
go,'G OW',s,''
that,'DH AE T',s,'AE'
but,'B AH T',s,''
when,'ʍ e N',s,''
antony,'AE N T AH N IY',s,'AE IY'
is,'IH Z',s,'IH'
whom,'HH UW M',s,'UW'
i,'AY',s,'AY'
command,'K ǝ M AW N D',s,''
thou,'DH AW',s,''
near,'N IY R',s,'IY'
thou,'DH AW',s,''
behold,'B IH HH OW L D',s,'IH'
is,'IH Z',s,'IH'
she,'SH IY',s,'IY'
as,'AE Z',s,'AE'
tall,'T AO L',s,'AO'
as,'AE Z',s,'AE'
me,'M IY',s,'IY'
speak,'S P IY K',s,'IY'
is,'IH Z',s,'IH'
she,'SH IY',s,'IY'
or,'AO R',s,'AO'
not,'N AA T',s,'AA'
so,'S OW',s,''
good,'G UH D',s,'UH'
he,'HH IY',s,'IY'
cannot,'K AE N AA T',s,'AE AA'
i,'AY',s,'AY'
think,'TH IH NG K',s,'IH'
so,'S OW',s,''
dull,'D ɤ L',s,''
of,'AH V',s,''
and,'AH N D',s,''
what,'W AH T',s,''
majesty,'M AE JH AH S T IY',s,'AE IY'
is,'IH Z',s,'IH'
in,'IH N',s,'IH'
gait,'G EH T',s,''
if,'IH F',s,'IH'
thou,'DH AW',s,''
on,'AA N',s,'AA'
majesty,'M AE JH AH S T IY',s,'AE IY'
is,'IH Z',s,'IH'
this,'DH IH S',s,'IH'
certain,'S ɐ R T ǝ N',s,''
very,'V EH R IY',s,'IY'
i,'AY',s,'AY'
do,'D OW',s,''
percve,'P ER S IY V',s,'IY'
in,'IH N',s,'IH'
yet,'Y EH T',s,''
the,'DH AH',s,''
good,'G UH D',s,'UH'
guess,'G EH S',s,''
at,'AE T',s,'AE'
years,'Y IH R Z',s,'IH'
i,'AY',s,'AY'
prithee,'P r e DH IY',s,'IY'
thou,'DH AW',s,''
in,'IH N',s,'IH'
is,'IH Z',s,'IH'
or,'AO R',s,'AO'
for,'F AO R',s,'AO'
the,'DH AH',s,''
most,'M OW S T',s,''
part,'P AA R T',s,'AA'
too,'T UW',s,'UW'
foolish,'F UW L IH SH',s,'UW IH'
that,'DH AE T',s,'AE'
so,'S OW',s,''
hair,'HH EH R',s,''
what,'W AH T',s,''
gold,'G OW L D',s,''
for,'F AO R',s,'AO'
thee,'DH IY',s,'IY'
thou,'DH AW',s,''
must,'M AH S T',s,''
not,'N AA T',s,'AA'
my,'M AY',s,'AY'
sharpness,'SH AA R P N AH S',s,'AA'
ill,'IH L',s,'IH'
i,'AY',s,'AY'
will,'W IH L',s,'IH'
employ,'e M P L ǝ IH',s,'IH'
thee,'DH IY',s,'IY'
back,'B AE K',s,'AE'
again,'ǝ ɡ EH N',s,''
i,'AY',s,'AY'
thee,'DH IY',s,'IY'
most,'M OW S T',s,''
fit,'F IH T',s,'IH'
for,'F AO R',s,'AO'
go,'G OW',s,''
thee,'DH IY',s,'IY'
ready,'R EH D IY',s,'IY'
our,'OW R',s,''
indeed,'IH N D IY D',s,'IH IY'
he,'HH IY',s,'IY'
is,'IH Z',s,'IH'
so,'S OW',s,''
i,'AY',s,'AY'
repent,'R IH P EH N T',s,'IH'
me,'M IY',s,'IY'
that,'DH AE T',s,'AE'
so,'S OW',s,''
i,'AY',s,'AY'
harried,'HH EH R IY D',s,'IY'
him,'HH IH M',s,'IH'
whhy,'ʍ ǝ IH',s,'IH'
methinks,'M IH TH IH NG K S',s,'IH IH'
by,'B AY',s,'AY'
him,'HH IH M',s,'IH'
this,'DH IH S',s,'IH'
no,'N OW',s,''
the,'DH AH',s,''
man,'M AE N',s,'AE'
hath,'HH AE TH',s,'AE'
seen,'S IY N',s,'IY'
majesty,'M AE JH AH S T IY',s,'AE IY'
and,'AH N D',s,''
i,'AY',s,'AY'
to,'T UW',s,'UW'
ask,'AW S K',s,''
him,'HH IH M',s,'IH'
yet,'Y EH T',s,''
good,'G UH D',s,'UH'
but,'B AH T',s,''
no,'N OW',s,''
matter,'M AW T ǝ R',s,''
thou,'DH AW',s,''
shalt,'SH AE L T',s,'AE'
him,'HH IH M',s,'IH'
to,'T UW',s,'UW'
me,'M IY',s,'IY'
i,'AY',s,'AY'
will,'W IH L',s,'IH'
all,'AA L',s,'AA'
be,'B IY',s,'IY'
well,'W EH L',s,''
i,'AY',s,'AY'
will,'W IH L',s,'IH'
be,'B IY',s,'IY'
even,'IY V IH N',s,'IY IH'
with,'W IH DH',s,'IH'
thee,'DH IY',s,'IY'
doubt,'D ǝ UH T',s,'UH'
it,'IH T',s,'IH'
not,'N AA T',s,'AA'
thou,'DH AW',s,''
hast,'HH AE S T',s,'AE'
my,'M AY',s,'AY'
being,'B IY IH NG',s,'IY IH'
in,'IH N',s,'IH'
wars,'W AO R Z',s,'AO'
and,'AH N D',s,''
it,'IH T',s,'IH'
is,'IH Z',s,'IH'
not,'N AA T',s,'AA'
fit,'F IH T',s,'IH'
is,'IH Z',s,'IH'
not,'N AA T',s,'AA'
against,'AH G EH N S T',s,''
us,'AH S',s,''
whhy,'ʍ ǝ IH',s,'IH'
not,'N AA T',s,'AA'
we,'W IY',s,'IY'
be,'B IY',s,'IY'
in,'IH N',s,'IH'
what,'W AH T',s,''
is,'IH Z',s,'IH'
you,'Y UW',s,'UW'
sink,'S IH NG K',s,'IH'
and,'AH N D',s,''
their,'DH EH R',s,''
rot,'R AA T',s,'AA'
that,'DH AE T',s,'AE'
speak,'S P IY K',s,'IY'
against,'AH G EH N S T',s,''
us,'AH S',s,''
a,'AH',s,''
we,'W IY',s,'IY'
bear,'B EH R',s,''
war,'W AO R',s,'AO'
and,'AH N D',s,''
as,'AE Z',s,'AE'
the,'DH AH',s,''
president,'P R EH Z AH D EH N T',s,''
of,'AH V',s,''
my,'M AY',s,'AY'
will,'W IH L',s,'IH'
appear,'ǝ P IY R',s,'IY'
for,'F AO R',s,'AO'
a,'AH',s,''
man,'M AE N',s,'AE'
speak,'S P IY K',s,'IY'
not,'N AA T',s,'AA'
against,'AH G EH N S T',s,''
it,'IH T',s,'IH'
i,'AY',s,'AY'
will,'W IH L',s,'IH'
not,'N AA T',s,'AA'
behind,'B IH ə IH N D',s,'IH IH'
celerity,'S AH L EH R AH T IY',s,'IY'
is,'IH Z',s,'IH'
never,'N e V ǝ R',s,''
admired,'ǝ D M ǝ IH R D',s,'IH'
than,'DH AE N',s,'AE'
by,'B AY',s,'AY'
the,'DH AH',s,''
negligent,'N EH G L AH JH AH N T',s,''
by,'B AY',s,'AY'
sea,'S IY',s,'IY'
what,'W AH T',s,''
i,'AY',s,'AY'
sails,'S EH L Z',s,''
better,'B e T ə R',s,''
let,'L EH T',s,''
me,'M IY',s,'IY'
sit,'S IH T',s,'IH'
down,'D ǝ UH N',s,'UH'
o,'OW',s,''
stand,'S T AE N D',s,'AE'
by,'B AY',s,'AY'
well,'W EH L',s,''
then,'DH EH N',s,''
sustain,'S AH S T EY N',s,'EY'
me,'M IY',s,'IY'
o,'OW',s,''
o,'OW',s,''
my,'M AY',s,'AY'
lord,'L AO R D',s,'AO'
my,'M AY',s,'AY'
lord,'L AO R D',s,'AO'
forgve,'F ER G IH V',s,'IH'
my,'M AY',s,'AY'
fearful,'F IH R F AH L',s,'IH'
sails,'S EH L Z',s,''
i,'AY',s,'AY'
you,'Y UW',s,'UW'
o,'OW',s,''
my,'M AY',s,'AY'
pardon,'P AA R D ǝ N',s,'AA'
pardon,'P AA R D ǝ N',s,'AA'
pardon,'P AA R D ǝ N',s,'AA'
what,'W AH T',s,''
shall,'SH AE L',s,'AE'
we,'W IY',s,'IY'
do,'D OW',s,''
is,'IH Z',s,'IH'
antony,'AE N T AH N IY',s,'AE IY'
or,'AO R',s,'AO'
we,'W IY',s,'IY'
in,'IH N',s,'IH'
fault,'F AO L T',s,'AO'
for,'F AO R',s,'AO'
this,'DH IH S',s,'IH'
prithee,'P r e DH IY',s,'IY'
that,'DH AE T',s,'AE'
my,'M AY',s,'AY'
lord,'L AO R D',s,'AO'
what,'W AH T',s,''
no,'N OW',s,''
see,'S IY',s,'IY'
my,'M AY',s,'AY'
women,'W IH M AH N',s,'IH'
against,'AH G EH N S T',s,''
the,'DH AH',s,''
stop,'S T AA P',s,'AA'
their,'DH EH R',s,''
that,'DH AE T',s,'AE'
unto,'AH N T UW',s,'UW'
the,'DH AH',s,''
him,'HH IH M',s,'IH'
will,'W IH L',s,'IH'
but,'B AH T',s,''
friends,'F R EH N D Z',s,''
boldly,'B OW L D L IY',s,'IY'
go,'G OW',s,''
on,'AA N',s,'AA'
o,'OW',s,''
he,'HH IY',s,'IY'
is,'IH Z',s,'IH'
a,'AH',s,''
god,'G AA D',s,'AA'
and,'AH N D',s,''
what,'W AH T',s,''
is,'IH Z',s,'IH'
most,'M OW S T',s,''
was,'W AA Z',s,'AA'
not,'N AA T',s,'AA'
yielded,'Y IY L D AH D',s,'IY'
but,'B AH T',s,''
merely,'M IY R L ǝ IH',s,'IY IH'
your,'Y AO R',s,'AO'
most,'M OW S T',s,''
to,'T UW',s,'UW'
great,'G r e T',s,''
this,'DH IH S',s,'IH'
in,'IH N',s,'IH'
i,'AY',s,'AY'
kiss,'K IH S',s,'IH'
his,'HH IH Z',s,'IH'
tell,'T EH L',s,''
him,'HH IH M',s,'IH'
i,'AY',s,'AY'
am,'AE M',s,'AE'
to,'T UW',s,'UW'
my,'M AY',s,'AY'
crown,'K r ǝ UH N',s,'UH'
at,'AE T',s,'AE'
's,'EH S',s,''
feet,'F IY T',s,'IY'
and,'AH N D',s,''
to,'T UW',s,'UW'
tell,'T EH L',s,''
him,'HH IH M',s,'IH'
from,'F R AH M',s,''
his,'HH IH Z',s,'IH'
breath,'B R EH TH',s,''
i,'AY',s,'AY'
the,'DH AH',s,''
doom,'D ɤ M',s,''
of,'AH V',s,''
egypt,'IY JH AH P T',s,'IY'
your,'Y AO R',s,'AO'
oft,'AO F T',s,'AO'
when,'ʍ e N',s,''
he,'HH IY',s,'IY'
hath,'HH AE TH',s,'AE'
mused,'M Y UW Z D',s,'UW'
of,'AH V',s,''
in,'IH N',s,'IH'
his,'HH IH Z',s,'IH'
lips,'L IH P S',s,'IH'
on,'AA N',s,'AA'
that,'DH AE T',s,'AE'
as,'AE Z',s,'AE'
it,'IH T',s,'IH'
kisses,'K IH S AH Z',s,'IH'
good,'G UH D',s,'UH'
my,'M AY',s,'AY'
lord,'L AO R D',s,'AO'
o,'OW',s,''
is,'IH Z',s,'IH'
to,'T UW',s,'UW'
this,'DH IH S',s,'IH'
is,'IH Z',s,'IH'
this,'DH IH S',s,'IH'
you,'Y UW',s,'UW'
yet,'Y EH T',s,''
i,'AY',s,'AY'
must,'M AH S T',s,''
his,'HH IH Z',s,'IH'
not,'N AA T',s,'AA'
me,'M IY',s,'IY'
yet,'Y EH T',s,''
dear,'D IY R',s,'IY'
if,'IH F',s,'IH'
i,'AY',s,'AY'
be,'B IY',s,'IY'
so,'S OW',s,''
from,'F R AH M',s,''
my,'M AY',s,'AY'
cold,'K OW L D',s,''
heart,'HH AA R T',s,'AA'
let,'L EH T',s,''
heaven,'HH EH V AH N',s,''
hail,'HH EY L',s,'EY'
and,'AH N D',s,''
it,'IH T',s,'IH'
in,'IH N',s,'IH'
the,'DH AH',s,''
and,'AH N D',s,''
the,'DH AH',s,''
drop,'D R AA P',s,'AA'
in,'IH N',s,'IH'
my,'M AY',s,'AY'
neck,'N EH K',s,''
as,'AE Z',s,'AE'
it,'IH T',s,'IH'
so,'S OW',s,''
my,'M AY',s,'AY'
the,'DH AH',s,''
till,'T IH L',s,'IH'
by,'B AY',s,'AY'
degrees,'D IH G R IY Z',s,'IH IY'
the,'DH AH',s,''
of,'AH V',s,''
my,'M AY',s,'AY'
with,'W IH DH',s,'IH'
my,'M AY',s,'AY'
egyptians,'IH JH IH P SH AH N Z',s,'IH IH'
all,'AA L',s,'AA'
by,'B AY',s,'AY'
the,'DH AH',s,''
of,'AH V',s,''
this,'DH IH S',s,'IH'
pelleted,'P EH L AH T AH D',s,''
storm,'S T AO R M',s,'AO'
till,'T IH L',s,'IH'
the,'DH AH',s,''
and,'AH N D',s,''
of,'AH V',s,''
them,'DH EH M',s,''
for,'F AO R',s,'AO'
my,'M AY',s,'AY'
lord,'L AO R D',s,'AO'
it,'IH T',s,'IH'
is,'IH Z',s,'IH'
my,'M AY',s,'AY'
i,'AY',s,'AY'
had,'HH AE D',s,'AE'
held,'HH EH L D',s,''
it,'IH T',s,'IH'
poor,'P UH R',s,'UH'
but,'B AH T',s,''
my,'M AY',s,'AY'
lord,'L AO R D',s,'AO'
is,'IH Z',s,'IH'
antony,'AE N T AH N IY',s,'AE IY'
again,'ǝ ɡ EH N',s,''
i,'AY',s,'AY'
will,'W IH L',s,'IH'
be,'B IY',s,'IY'
call,'K AO L',s,'AO'
all,'AA L',s,'AA'
his,'HH IH Z',s,'IH'
captains,'K AE P T AH N Z',s,'AE'
to,'T UW',s,'UW'
my,'M AY',s,'AY'
lord,'L AO R D',s,'AO'
what,'W AH T',s,''
means,'M IY N Z',s,'IY'
this,'DH IH S',s,'IH'
what,'W AH T',s,''
does,'D AH Z',s,''
he,'HH IY',s,'IY'
mean,'M IY N',s,'IY'
sleep,'S L IY P',s,'IY'
a,'AH',s,''
too,'T UW',s,'UW'
this,'DH IH S',s,'IH'
for,'F AO R',s,'AO'
la,'L AA',s,'AA'
thus,'DH ɤ S',s,''
it,'IH T',s,'IH'
must,'M AH S T',s,''
be,'B IY',s,'IY'
is,'IH Z',s,'IH'
not,'N AA T',s,'AA'
this,'DH IH S',s,'IH'
well,'W EH L',s,''
lead,'L EH D',s,''
me,'M IY',s,'IY'
he,'HH IY',s,'IY'
goes,'G OW Z',s,''
forth,'F AO R TH',s,'AO'
that,'DH AE T',s,'AE'
he,'HH IY',s,'IY'
and,'AH N D',s,''
this,'DH IH S',s,'IH'
great,'G r e T',s,''
war,'W AO R',s,'AO'
in,'IH N',s,'IH'
then,'DH EH N',s,''
well,'W EH L',s,''
on,'AA N',s,'AA'
lord,'L AO R D',s,'AO'
of,'AH V',s,''
lords,'L AO R D Z',s,'AO'
o,'OW',s,''
thou,'DH AW',s,''
smiling,'S M ǝ IH L IH N',s,'IH IH'
from,'F R AH M',s,''
the,'DH AH',s,''
great,'G r e T',s,''
thee,'DH IY',s,'IY'
friend,'F R EH N D',s,''
an,'AE N',s,'AE'
all,'AA L',s,'AA'
of,'AH V',s,''
gold,'G OW L D',s,''
it,'IH T',s,'IH'
was,'W AA Z',s,'AA'
a,'AH',s,''
whhy,'ʍ ǝ IH',s,'IH'
is,'IH Z',s,'IH'
my,'M AY',s,'AY'
lord,'L AO R D',s,'AO'
against,'AH G EH N S T',s,''
his,'HH IH Z',s,'IH'
me,'M IY',s,'IY'
my,'M AY',s,'AY'
women,'W IH M AH N',s,'IH'
o,'OW',s,''
mad,'M AE D',s,'AE'
than,'DH AE N',s,'AE'
telamon,'T EH L AH M AH N',s,''
for,'F AO R',s,'AO'
his,'HH IH Z',s,'IH'
shield,'SH IY L D',s,'IY'
the,'DH AH',s,''
boar,'B AO R',s,'AO'
of,'AH V',s,''
was,'W AA Z',s,'AA'
never,'N e V ǝ R',s,''
so,'S OW',s,''
to,'T UW',s,'UW'
go,'G OW',s,''
tell,'T EH L',s,''
him,'HH IH M',s,'IH'
i,'AY',s,'AY'
slain,'S L EH N',s,''
myself,'M AY S EH L F',s,'AY'
that,'DH AE T',s,'AE'
the,'DH AH',s,''
last,'L AE S T',s,'AE'
i,'AY',s,'AY'
was,'W AA Z',s,'AA'
antony,'AE N T AH N IY',s,'AE IY'
and,'AH N D',s,''
it,'IH T',s,'IH'
prithee,'P r e DH IY',s,'IY'
and,'AH N D',s,''
me,'M IY',s,'IY'
he,'HH IY',s,'IY'
my,'M AY',s,'AY'
o,'OW',s,''
i,'AY',s,'AY'
will,'W IH L',s,'IH'
never,'N e V ǝ R',s,''
go,'G OW',s,''
from,'F R AH M',s,''
no,'N OW',s,''
i,'AY',s,'AY'
will,'W IH L',s,'IH'
not,'N AA T',s,'AA'
all,'AA L',s,'AA'
and,'AH N D',s,''
events,'IH V EH N T S',s,'IH'
but,'B AH T',s,''
comforts,'K ɤ M F ǝ R T S',s,''
we,'W IY',s,'IY'
our,'OW R',s,''
of,'AH V',s,''
to,'T UW',s,'UW'
our,'OW R',s,''
must,'M AH S T',s,''
be,'B IY',s,'IY'
as,'AE Z',s,'AE'
great,'G r e T',s,''
as,'AE Z',s,'AE'
that,'DH AE T',s,'AE'
it,'IH T',s,'IH'
is,'IH Z',s,'IH'
he,'HH IY',s,'IY'
dead,'D EH D',s,''
o,'OW',s,''
sun,'S AH N',s,''
the,'DH AH',s,''
great,'G r e T',s,''
sphre,'S F IY R',s,'IY'
thou,'DH AW',s,''
in,'IH N',s,'IH'
stand,'S T AE N D',s,'AE'
the,'DH AH',s,''
varying,'V AW r ǝ IH IH N',s,'IH IH'
o,'OW',s,''
antony,'AE N T AH N IY',s,'AE IY'
antony,'AE N T AH N IY',s,'AE IY'
antony,'AE N T AH N IY',s,'AE IY'
friends,'F R EH N D Z',s,''
him,'HH IH M',s,'IH'
so,'S OW',s,''
it,'IH T',s,'IH'
be,'B IY',s,'IY'
that,'DH AE T',s,'AE'
but,'B AH T',s,''
antony,'AE N T AH N IY',s,'AE IY'
antony,'AE N T AH N IY',s,'AE IY'
but,'B AH T',s,''
woe,'W OW',s,''
so,'S OW',s,''
i,'AY',s,'AY'
not,'N AA T',s,'AA'
dear,'D IY R',s,'IY'
dear,'D IY R',s,'IY'
my,'M AY',s,'AY'
lord,'L AO R D',s,'AO'
pardon,'P AA R D ǝ N',s,'AA'
i,'AY',s,'AY'
not,'N AA T',s,'AA'
lest,'L EH S T',s,''
i,'AY',s,'AY'
be,'B IY',s,'IY'
taken,'T EY K AH N',s,'EY'
not,'N AA T',s,'AA'
of,'AH V',s,''
the,'DH AH',s,''
shall,'SH AE L',s,'AE'
be,'B IY',s,'IY'
with,'W IH DH',s,'IH'
me,'M IY',s,'IY'
if,'IH F',s,'IH'
knfe,'N AY F',s,'AY'
drugs,'D r ɤ G Z',s,''
ege,'EH JH',s,''
or,'AO R',s,'AO'
i,'AY',s,'AY'
am,'AE M',s,'AE'
your,'Y AO R',s,'AO'
with,'W IH DH',s,'IH'
modest,'M AA D AH S T',s,'AA'
and,'AH N D',s,''
still,'S T IH L',s,'IH'
conclusion,'K AH N K L UW ZH AH N',s,'UW'
shall,'SH AE L',s,'AE'
no,'N OW',s,''
upon,'AH P AA N',s,'AA'
me,'M IY',s,'IY'
but,'B AH T',s,''
antony,'AE N T AH N IY',s,'AE IY'
me,'M IY',s,'IY'
my,'M AY',s,'AY'
must,'M AH S T',s,''
thee,'DH IY',s,'IY'
up,'AH P',s,''
assist,'AH S IH S T',s,'IH'
good,'G UH D',s,'UH'
friends,'F R EH N D Z',s,''
sport,'S P AO R T',s,'AO'
indeed,'IH N D IY D',s,'IH IY'
heavy,'e V ǝ IH',s,'IH'
my,'M AY',s,'AY'
lord,'L AO R D',s,'AO'
our,'OW R',s,''
strength,'S T R EH NG K TH',s,''
is,'IH Z',s,'IH'
all,'AA L',s,'AA'
into,'IH N T UW',s,'IH UW'
that,'DH AE T',s,'AE'
the,'DH AH',s,''
had,'HH AE D',s,'AE'
i,'AY',s,'AY'
great,'G r e T',s,''
the,'DH AH',s,''
thee,'DH IY',s,'IY'
up,'AH P',s,''
and,'AH N D',s,''
set,'S EH T',s,''
thee,'DH IY',s,'IY'
by,'B AY',s,'AY'
yet,'Y EH T',s,''
a,'AH',s,''
wre,'W ER',s,''
fools,'F UW L Z',s,'UW'
o,'OW',s,''
and,'AH N D',s,''
when,'ʍ e N',s,''
thou,'DH AW',s,''
hast,'HH AE S T',s,'AE'
with,'W IH DH',s,'IH'
had,'HH AE D',s,'AE'
my,'M AY',s,'AY'
lips,'L IH P S',s,'IH'
that,'DH AE T',s,'AE'
thus,'DH ɤ S',s,''
i,'AY',s,'AY'
wear,'W EH R',s,''
them,'DH EH M',s,''
out,'AW T',s,''
no,'N OW',s,''
let,'L EH T',s,''
me,'M IY',s,'IY'
speak,'S P IY K',s,'IY'
and,'AH N D',s,''
let,'L EH T',s,''
me,'M IY',s,'IY'
rail,'r EH L',s,''
so,'S OW',s,''
that,'DH AE T',s,'AE'
the,'DH AH',s,''
break,'B R EY K',s,'EY'
wheel,'ʍ IY L',s,'IY'
by,'B AY',s,'AY'
my,'M AY',s,'AY'
do,'D OW',s,''
not,'N AA T',s,'AA'
go,'G OW',s,''
my,'M AY',s,'AY'
and,'AH N D',s,''
my,'M AY',s,'AY'
trust,'T r ɤ S T',s,''
noblest,'N OW B L IH S T',s,'IH'
of,'AH V',s,''
men,'M EH N',s,''
hast,'HH AE S T',s,'AE'
thou,'DH AW',s,''
no,'N OW',s,''
of,'AH V',s,''
me,'M IY',s,'IY'
shall,'SH AE L',s,'AE'
i,'AY',s,'AY'
in,'IH N',s,'IH'
this,'DH IH S',s,'IH'
dull,'D ɤ L',s,''
in,'IH N',s,'IH'
is,'IH Z',s,'IH'
no,'N OW',s,''
better,'B e T ə R',s,''
than,'DH AE N',s,'AE'
a,'AH',s,''
o,'OW',s,''
see,'S IY',s,'IY'
my,'M AY',s,'AY'
women,'W IH M AH N',s,'IH'
the,'DH AH',s,''
crown,'K r ǝ UH N',s,'UH'
doth,'D AO TH',s,'AO'
lord,'L AO R D',s,'AO'
o,'OW',s,''
is,'IH Z',s,'IH'
the,'DH AH',s,''
garland,'G AA R L ǝ N D',s,'AA'
of,'AH V',s,''
the,'DH AH',s,''
war,'W AO R',s,'AO'
the,'DH AH',s,''
is,'IH Z',s,'IH'
and,'AH N D',s,''
level,'L EH V AH L',s,''
with,'W IH DH',s,'IH'
men,'M EH N',s,''
the,'DH AH',s,''
is,'IH Z',s,'IH'
and,'AH N D',s,''
is,'IH Z',s,'IH'
left,'L EH F T',s,''
beneath,'B IH N IY TH',s,'IH IY'
the,'DH AH',s,''
moon,'M UW N',s,'UW'
no,'N OW',s,''
but,'B AH T',s,''
a,'AH',s,''
woman,'W UH M AH N',s,'UH'
and,'AH N D',s,''
commanded,'K ǝ M AW N D IH D',s,'IH'
by,'B AY',s,'AY'
poor,'P UH R',s,'UH'
passion,'P AE SH AH N',s,'AE'
as,'AE Z',s,'AE'
the,'DH AH',s,''
maid,'M EY D',s,'EY'
that,'DH AE T',s,'AE'
milks,'M IH L K S',s,'IH'
and,'AH N D',s,''
does,'D AH Z',s,''
the,'DH AH',s,''
it,'IH T',s,'IH'
wre,'W ER',s,''
for,'F AO R',s,'AO'
me,'M IY',s,'IY'
to,'T UW',s,'UW'
my,'M AY',s,'AY'
at,'AE T',s,'AE'
the,'DH AH',s,''
gods,'G AA D Z',s,'AA'
to,'T UW',s,'UW'
tell,'T EH L',s,''
them,'DH EH M',s,''
that,'DH AE T',s,'AE'
this,'DH IH S',s,'IH'
did,'D IH D',s,'IH'
theirs,'DH EH R Z',s,''
till,'T IH L',s,'IH'
had,'HH AE D',s,'AE'
our,'OW R',s,''
but,'B AH T',s,''
is,'IH Z',s,'IH'
and,'AH N D',s,''
does,'D AH Z',s,''
a,'AH',s,''
dog,'D AO G',s,'AO'
mad,'M AE D',s,'AE'
then,'DH EH N',s,''
is,'IH Z',s,'IH'
it,'IH T',s,'IH'
sin,'S IH N',s,'IH'
to,'T UW',s,'UW'
rush,'r ɤ SH',s,''
into,'IH N T UW',s,'IH UW'
the,'DH AH',s,''
secret,'S IY K R AH T',s,'IY'
of,'AH V',s,''
death,'D EH TH',s,''
death,'D EH TH',s,''
to,'T UW',s,'UW'
us,'AH S',s,''
do,'D OW',s,''
you,'Y UW',s,'UW'
women,'W IH M AH N',s,'IH'
what,'W AH T',s,''
what,'W AH T',s,''
good,'G UH D',s,'UH'
whhy,'ʍ ǝ IH',s,'IH'
my,'M AY',s,'AY'
women,'W IH M AH N',s,'IH'
women,'W IH M AH N',s,'IH'
look,'L UH K',s,'UH'
our,'OW R',s,''
lamp,'L AE M P',s,'AE'
is,'IH Z',s,'IH'
spent,'S P EH N T',s,''
out,'AW T',s,''
good,'G UH D',s,'UH'
heart,'HH AA R T',s,'AA'
him,'HH IH M',s,'IH'
and,'AH N D',s,''
then,'DH EH N',s,''
do,'D OW',s,''
after,'AW F T ǝ R',s,''
the,'DH AH',s,''
roman,'r OW M ǝ N',s,''
fashion,'F AE SH AH N',s,'AE'
and,'AH N D',s,''
death,'D EH TH',s,''
to,'T UW',s,'UW'
us,'AH S',s,''
this,'DH IH S',s,'IH'
of,'AH V',s,''
that,'DH AE T',s,'AE'
spirit,'S P IH R AH T',s,'IH'
is,'IH Z',s,'IH'
cold,'K OW L D',s,''
women,'W IH M AH N',s,'IH'
women,'W IH M AH N',s,'IH'
we,'W IY',s,'IY'
no,'N OW',s,''
friend,'F R EH N D',s,''
but,'B AH T',s,''
and,'AH N D',s,''
the,'DH AH',s,''
briefest,'B R IY F AH S T',s,'IY'
end,'EH N D',s,''
my,'M AY',s,'AY'
desolation,'D EH S AH L EY SH AH N',s,'EY'
does,'D AH Z',s,''
begin,'B IH G IH N',s,'IH IH'
to,'T UW',s,'UW'
a,'AH',s,''
better,'B e T ə R',s,''
paltry,'P AO L T R IY',s,'AO IY'
to,'T UW',s,'UW'
be,'B IY',s,'IY'
not,'N AA T',s,'AA'
being,'B IY IH NG',s,'IY IH'
but,'B AH T',s,''
knve,'N EY V',s,'EY'
a,'AH',s,''
minister,'M IH N IH S T ǝ R',s,'IH IH'
of,'AH V',s,''
will,'W IH L',s,'IH'
and,'AH N D',s,''
it,'IH T',s,'IH'
is,'IH Z',s,'IH'
great,'G r e T',s,''
to,'T UW',s,'UW'
do,'D OW',s,''
that,'DH AE T',s,'AE'
that,'DH AE T',s,'AE'
ends,'EH N D Z',s,''
all,'AA L',s,'AA'
deeds,'D IY D Z',s,'IY'
and,'AH N D',s,''
bolts,'B OW L T S',s,''
up,'AH P',s,''
sleeps,'S L IY P S',s,'IY'
and,'AH N D',s,''
never,'N e V ǝ R',s,''
the,'DH AH',s,''
the,'DH AH',s,''
nuse,'N ER S',s,''
and,'AH N D',s,''
antony,'AE N T AH N IY',s,'AE IY'
did,'D IH D',s,'IH'
tell,'T EH L',s,''
me,'M IY',s,'IY'
of,'AH V',s,''
you,'Y UW',s,'UW'
me,'M IY',s,'IY'
trust,'T r ɤ S T',s,''
you,'Y UW',s,'UW'
but,'B AH T',s,''
i,'AY',s,'AY'
do,'D OW',s,''
not,'N AA T',s,'AA'
greatly,'G R EY T L IY',s,'EY IY'
to,'T UW',s,'UW'
be,'B IY',s,'IY'
that,'DH AE T',s,'AE'
no,'N OW',s,''
for,'F AO R',s,'AO'
if,'IH F',s,'IH'
your,'Y AO R',s,'AO'
master,'M AW S T ǝ R',s,''
a,'AH',s,''
his,'HH IH Z',s,'IH'
beggar,'B e ɡ ə R',s,''
you,'Y UW',s,'UW'
must,'M AH S T',s,''
tell,'T EH L',s,''
him,'HH IH M',s,'IH'
that,'DH AE T',s,'AE'
majesty,'M AE JH AH S T IY',s,'AE IY'
to,'T UW',s,'UW'
keep,'K IY P',s,'IY'
decorum,'D IH K AO R AH M',s,'IH AO'
must,'M AH S T',s,''
no,'N OW',s,''
less,'L EH S',s,''
beg,'B EH G',s,''
than,'DH AE N',s,'AE'
a,'AH',s,''
if,'IH F',s,'IH'
he,'HH IY',s,'IY'
to,'T UW',s,'UW'
me,'M IY',s,'IY'
egypt,'IY JH AH P T',s,'IY'
for,'F AO R',s,'AO'
my,'M AY',s,'AY'
son,'S AO ̃',s,'AO'
he,'HH IY',s,'IY'
me,'M IY',s,'IY'
so,'S OW',s,''
of,'AH V',s,''
as,'AE Z',s,'AE'
i,'AY',s,'AY'
will,'W IH L',s,'IH'
to,'T UW',s,'UW'
him,'HH IH M',s,'IH'
with,'W IH DH',s,'IH'
thanks,'TH AE NG K S',s,'AE'
you,'Y UW',s,'UW'
tell,'T EH L',s,''
him,'HH IH M',s,'IH'
i,'AY',s,'AY'
am,'AE M',s,'AE'
his,'HH IH Z',s,'IH'
vassal,'V AW S AA L',s,'AA'
and,'AH N D',s,''
i,'AY',s,'AY'
send,'S EH N D',s,''
him,'HH IH M',s,'IH'
the,'DH AH',s,''
greatness,'G r e T N ǝ S',s,''
he,'HH IY',s,'IY'
got,'G AA T',s,'AA'
i,'AY',s,'AY'
a,'AH',s,''
of,'AH V',s,''
and,'AH N D',s,''
look,'L UH K',s,'UH'
him,'HH IH M',s,'IH'
good,'G UH D',s,'UH'
what,'W AH T',s,''
of,'AH V',s,''
death,'D EH TH',s,''
too,'T UW',s,'UW'
that,'DH AE T',s,'AE'
rids,'R IH D Z',s,'IH'
our,'OW R',s,''
dogs,'D AA G Z',s,'AA'
of,'AH V',s,''
art,'AA R T',s,'AA'
thou,'DH AW',s,''
death,'D EH TH',s,''
and,'AH N D',s,''
a,'AH',s,''
worth,'W AO R TH',s,'AO'
and,'AH N D',s,''
beggars,'B e ɡ ə R Z',s,''
i,'AY',s,'AY'
will,'W IH L',s,'IH'
eat,'IY T',s,'IY'
no,'N OW',s,''
meat,'M IY T',s,'IY'
not,'N AA T',s,'AA'
drink,'D R IH NG K',s,'IH'
if,'IH F',s,'IH'
will,'W IH L',s,'IH'
be,'B IY',s,'IY'
necessary,'N EH S AH S EH R IY',s,'IY'
not,'N AA T',s,'AA'
sleep,'S L IY P',s,'IY'
neither,'N EH DH ǝ R',s,''
this,'DH IH S',s,'IH'
mortal,'M AO R T AA L',s,'AO AA'
do,'D OW',s,''
what,'W AH T',s,''
he,'HH IY',s,'IY'
can,'K AE N',s,'AE'
that,'DH AE T',s,'AE'
i,'AY',s,'AY'
will,'W IH L',s,'IH'
not,'N AA T',s,'AA'
wait,'W EH T',s,''
at,'AE T',s,'AE'
your,'Y AO R',s,'AO'
court,'K AO R T',s,'AO'
nor,'N AO R',s,'AO'
be,'B IY',s,'IY'
with,'W IH DH',s,'IH'
the,'DH AH',s,''
of,'AH V',s,''
dull,'D ɤ L',s,''
shall,'SH AE L',s,'AE'
hoist,'ǝ IH S T',s,'IH'
me,'M IY',s,'IY'
up,'AH P',s,''
and,'AH N D',s,''
me,'M IY',s,'IY'
to,'T UW',s,'UW'
the,'DH AH',s,''
shouting,'SH ǝ UH T IH N',s,'UH IH'
of,'AH V',s,''
censuring,'S e N S Y ǝ r IH N',s,'IH'
a,'AH',s,''
in,'IH N',s,'IH'
egypt,'IY JH AH P T',s,'IY'
be,'B IY',s,'IY'
unto,'AH N T UW',s,'UW'
me,'M IY',s,'IY'
on,'AA N',s,'AA'
mud,'M ɤ D',s,''
me,'M IY',s,'IY'
stark,'S T AA R K',s,'AA'
naked,'N EY K AH D',s,'EY'
and,'AH N D',s,''
let,'L EH T',s,''
the,'DH AH',s,''
me,'M IY',s,'IY'
into,'IH N T UW',s,'IH UW'
my,'M AY',s,'AY'
my,'M AY',s,'AY'
and,'AH N D',s,''
me,'M IY',s,'IY'
up,'AH P',s,''
in,'IH N',s,'IH'
i,'AY',s,'AY'
i,'AY',s,'AY'
cannot,'K AE N AA T',s,'AE AA'
tell,'T EH L',s,''
no,'N OW',s,''
matter,'M AW T ǝ R',s,''
what,'W AH T',s,''
i,'AY',s,'AY'
or,'AO R',s,'AO'
you,'Y UW',s,'UW'
when,'ʍ e N',s,''
or,'AO R',s,'AO'
women,'W IH M AH N',s,'IH'
tell,'T EH L',s,''
their,'DH EH R',s,''
dreams,'D R IY M Z',s,'IY'
is,'IH Z',s,'IH'
not,'N AA T',s,'AA'
your,'Y AO R',s,'AO'
trick,'T R IH K',s,'IH'
i,'AY',s,'AY'
dreamt,'D R EH M T',s,''
was,'W AA Z',s,'AA'
an,'AE N',s,'AE'
antony,'AE N T AH N IY',s,'AE IY'
o,'OW',s,''
another,'ǝ N ɤ DH ǝ R',s,''
sleep,'S L IY P',s,'IY'
that,'DH AE T',s,'AE'
i,'AY',s,'AY'
see,'S IY',s,'IY'
but,'B AH T',s,''
another,'ǝ N ɤ DH ǝ R',s,''
man,'M AE N',s,'AE'
his,'HH IH Z',s,'IH'
was,'W AA Z',s,'AA'
as,'AE Z',s,'AE'
the,'DH AH',s,''
heavens,'HH EH V AH N Z',s,''
and,'AH N D',s,''
therein,'DH EH R IH N',s,'IH'
stuck,'S T ɤ K',s,''
a,'AH',s,''
sun,'S AH N',s,''
and,'AH N D',s,''
moon,'M UW N',s,'UW'
kept,'K EH P T',s,''
their,'DH EH R',s,''
and,'AH N D',s,''
the,'DH AH',s,''
o,'OW',s,''
the,'DH AH',s,''
his,'HH IH Z',s,'IH'
legs,'L EH G Z',s,''
the,'DH AH',s,''
ocean,'OW SH AH N',s,''
his,'HH IH Z',s,'IH'
arm,'AA R M',s,'AA'
crested,'K R EH S T AH D',s,''
the,'DH AH',s,''
his,'HH IH Z',s,'IH'
was,'W AA Z',s,'AA'
as,'AE Z',s,'AE'
all,'AA L',s,'AA'
the,'DH AH',s,''
and,'AH N D',s,''
that,'DH AE T',s,'AE'
to,'T UW',s,'UW'
friends,'F R EH N D Z',s,''
but,'B AH T',s,''
when,'ʍ e N',s,''
he,'HH IY',s,'IY'
meant,'M EH N T',s,''
to,'T UW',s,'UW'
and,'AH N D',s,''
the,'DH AH',s,''
orb,'AO R B',s,'AO'
he,'HH IY',s,'IY'
was,'W AA Z',s,'AA'
as,'AE Z',s,'AE'
for,'F AO R',s,'AO'
his,'HH IH Z',s,'IH'
was,'W AA Z',s,'AA'
no,'N OW',s,''
in,'IH N',s,'IH'
an,'AE N',s,'AE'
that,'DH AE T',s,'AE'
the,'DH AH',s,''
by,'B AY',s,'AY'
his,'HH IH Z',s,'IH'
wre,'W ER',s,''
his,'HH IH Z',s,'IH'
back,'B AE K',s,'AE'
the,'DH AH',s,''
in,'IH N',s,'IH'
in,'IH N',s,'IH'
his,'HH IH Z',s,'IH'
livery,'L IH V r ǝ IH',s,'IH IH'
crowns,'K r ǝ UH N Z',s,'UH'
and,'AH N D',s,''
realms,'R EH L M Z',s,''
and,'AH N D',s,''
islands,'ǝ IH L ǝ N D Z',s,'IH'
wre,'W ER',s,''
as,'AE Z',s,'AE'
from,'F R AH M',s,''
his,'HH IH Z',s,'IH'
pocket,'P AA K AH T',s,'AA'
think,'TH IH NG K',s,'IH'
you,'Y UW',s,'UW'
was,'W AA Z',s,'AA'
or,'AO R',s,'AO'
be,'B IY',s,'IY'
a,'AH',s,''
man,'M AE N',s,'AE'
as,'AE Z',s,'AE'
this,'DH IH S',s,'IH'
i,'AY',s,'AY'
dreamt,'D R EH M T',s,''
of,'AH V',s,''
you,'Y UW',s,'UW'
up,'AH P',s,''
to,'T UW',s,'UW'
the,'DH AH',s,''
of,'AH V',s,''
the,'DH AH',s,''
gods,'G AA D Z',s,'AA'
but,'B AH T',s,''
if,'IH F',s,'IH'
be,'B IY',s,'IY'
nor,'N AO R',s,'AO'
wre,'W ER',s,''
past,'P AW S T',s,''
the,'DH AH',s,''
of,'AH V',s,''
natre,'N EY CH ER',s,'EY'
wants,'W AA N T S',s,'AA'
stuff,'S T ɤ F',s,''
to,'T UW',s,'UW'
vie,'V IY',s,'IY'
forms,'F AO R M Z',s,'AO'
with,'W IH DH',s,'IH'
fancy,'F AE N S IY',s,'AE IY'
yet,'Y EH T',s,''
an,'AE N',s,'AE'
antony,'AE N T AH N IY',s,'AE IY'
wre,'W ER',s,''
fancy,'F AE N S IY',s,'AE IY'
i,'AY',s,'AY'
thank,'TH AE NG K',s,'AE'
you,'Y UW',s,'UW'
you,'Y UW',s,'UW'
what,'W AH T',s,''
means,'M IY N Z',s,'IY'
to,'T UW',s,'UW'
do,'D OW',s,''
with,'W IH DH',s,'IH'
me,'M IY',s,'IY'
you,'Y UW',s,'UW'
lead,'L EH D',s,''
me,'M IY',s,'IY'
then,'DH EH N',s,''
in,'IH N',s,'IH'
the,'DH AH',s,''
gods,'G AA D Z',s,'AA'
will,'W IH L',s,'IH'
it,'IH T',s,'IH'
thus,'DH ɤ S',s,''
my,'M AY',s,'AY'
master,'M AW S T ǝ R',s,''
and,'AH N D',s,''
my,'M AY',s,'AY'
lord,'L AO R D',s,'AO'
i,'AY',s,'AY'
must,'M AH S T',s,''
i,'AY',s,'AY'
cannot,'K AE N AA T',s,'AE AA'
project,'P R AA JH EH K T',s,'AA'
so,'S OW',s,''
well,'W EH L',s,''
to,'T UW',s,'UW'
it,'IH T',s,'IH'
clear,'K L IY R',s,'IY'
but,'B AH T',s,''
do,'D OW',s,''
confess,'K AH N F EH S',s,''
i,'AY',s,'AY'
been,'B IH N',s,'IH'
laden,'L EH D ǝ N',s,''
with,'W IH DH',s,'IH'
frailties,'F R EY L T IY Z',s,'EY IY'
our,'OW R',s,''
and,'AH N D',s,''
all,'AA L',s,'AA'
the,'DH AH',s,''
yours,'Y UH R Z',s,'UH'
and,'AH N D',s,''
we,'W IY',s,'IY'
your,'Y AO R',s,'AO'
and,'AH N D',s,''
your,'Y AO R',s,'AO'
signs,'S ǝ IH N Z',s,'IH'
of,'AH V',s,''
shall,'SH AE L',s,'AE'
in,'IH N',s,'IH'
what,'W AH T',s,''
you,'Y UW',s,'UW'
my,'M AY',s,'AY'
good,'G UH D',s,'UH'
lord,'L AO R D',s,'AO'
this,'DH IH S',s,'IH'
is,'IH Z',s,'IH'
the,'DH AH',s,''
brief,'B R IY F',s,'IY'
of,'AH V',s,''
and,'AH N D',s,''
i,'AY',s,'AY'
am,'AE M',s,'AE'
of,'AH V',s,''
not,'N AA T',s,'AA'
this,'DH IH S',s,'IH'
is,'IH Z',s,'IH'
my,'M AY',s,'AY'
let,'L EH T',s,''
him,'HH IH M',s,'IH'
speak,'S P IY K',s,'IY'
my,'M AY',s,'AY'
lord,'L AO R D',s,'AO'
upon,'AH P AA N',s,'AA'
his,'HH IH Z',s,'IH'
peril,'P EH R AH L',s,''
that,'DH AE T',s,'AE'
i,'AY',s,'AY'
to,'T UW',s,'UW'
myself,'M AY S EH L F',s,'AY'
the,'DH AH',s,''
truth,'T R UW TH',s,'UW'
what,'W AH T',s,''
i,'AY',s,'AY'
kept,'K EH P T',s,''
back,'B AE K',s,'AE'
see,'S IY',s,'IY'
o,'OW',s,''
behold,'B IH HH OW L D',s,'IH'
pomp,'P AA M P',s,'AA'
is,'IH Z',s,'IH'
will,'W IH L',s,'IH'
be,'B IY',s,'IY'
yours,'Y UH R Z',s,'UH'
and,'AH N D',s,''
we,'W IY',s,'IY'
shift,'SH IH F T',s,'IH'
yours,'Y UH R Z',s,'UH'
be,'B IY',s,'IY'
the,'DH AH',s,''
of,'AH V',s,''
this,'DH IH S',s,'IH'
does,'D AH Z',s,''
even,'IY V IH N',s,'IY IH'
me,'M IY',s,'IY'
of,'AH V',s,''
no,'N OW',s,''
trust,'T r ɤ S T',s,''
than,'DH AE N',s,'AE'
what,'W AH T',s,''
goest,'G OW S T',s,''
thou,'DH AW',s,''
back,'B AE K',s,'AE'
thou,'DH AW',s,''
shalt,'SH AE L T',s,'AE'
go,'G OW',s,''
back,'B AE K',s,'AE'
i,'AY',s,'AY'
warrant,'W AA r ǝ N T',s,'AA'
thee,'DH IY',s,'IY'
but,'B AH T',s,''
had,'HH AE D',s,'AE'
soulless,'S OW L ǝ S',s,''
villain,'V IH L AH N',s,'IH'
dog,'D AO G',s,'AO'
o,'OW',s,''
rarely,'r EH R L ǝ IH',s,'IH'
o,'OW',s,''
what,'W AH T',s,''
a,'AH',s,''
wounding,'W ǝ UH N D IH N',s,'UH IH'
is,'IH Z',s,'IH'
this,'DH IH S',s,'IH'
that,'DH AE T',s,'AE'
thou,'DH AW',s,''
to,'T UW',s,'UW'
visit,'V IH Z AH T',s,'IH'
me,'M IY',s,'IY'
doing,'D UW IH N',s,'UW IH'
the,'DH AH',s,''
of,'AH V',s,''
to,'T UW',s,'UW'
so,'S OW',s,''
meek,'M IY K',s,'IY'
that,'DH AE T',s,'AE'
servant,'S ɐ R V ǝ N T',s,''
parcel,'P AA R S ǝ L',s,'AA'
the,'DH AH',s,''
sum,'S ɤ M',s,''
of,'AH V',s,''
my,'M AY',s,'AY'
by,'B AY',s,'AY'
addition,'AH D IH SH AH N',s,'IH'
of,'AH V',s,''
his,'HH IH Z',s,'IH'
good,'G UH D',s,'UH'
that,'DH AE T',s,'AE'
i,'AY',s,'AY'
lady,'L EY D IY',s,'EY IY'
immoment,'IH M OW M ǝ N T',s,'IH'
of,'AH V',s,''
dignity,'D IH G N AH T IY',s,'IH IY'
as,'AE Z',s,'AE'
we,'W IY',s,'IY'
greet,'G R IY T',s,'IY'
modern,'M ɒ D ǝ R N',s,''
friends,'F R EH N D Z',s,''
withal,'W IH DH AA L',s,'IH AA'
and,'AH N D',s,''
nobler,'N OW B L ǝ R',s,''
token,'T OW K ǝ N',s,''
i,'AY',s,'AY'
kept,'K EH P T',s,''
apart,'ǝ P AW R T',s,''
for,'F AO R',s,'AO'
and,'AH N D',s,''
to,'T UW',s,'UW'
their,'DH EH R',s,''
must,'M AH S T',s,''
i,'AY',s,'AY'
be,'B IY',s,'IY'
unfolded,'ɤ N F OW L D IH D',s,'IH'
with,'W IH DH',s,'IH'
that,'DH AE T',s,'AE'
i,'AY',s,'AY'
bred,'B R EH D',s,''
the,'DH AH',s,''
gods,'G AA D Z',s,'AA'
it,'IH T',s,'IH'
smites,'S M ǝ IH T S',s,'IH'
me,'M IY',s,'IY'
beneath,'B IH N IY TH',s,'IH IY'
the,'DH AH',s,''
fall,'F AA L',s,'AA'
i,'AY',s,'AY'
prithee,'P r e DH IY',s,'IY'
go,'G OW',s,''
or,'AO R',s,'AO'
i,'AY',s,'AY'
shall,'SH AE L',s,'AE'
the,'DH AH',s,''
of,'AH V',s,''
my,'M AY',s,'AY'
spirits,'S P IH R AH T S',s,'IH'
ashes,'AE SH AH Z',s,'AE'
of,'AH V',s,''
my,'M AY',s,'AY'
thou,'DH AW',s,''
a,'AH',s,''
man,'M AE N',s,'AE'
thou,'DH AW',s,''
on,'AA N',s,'AA'
me,'M IY',s,'IY'
be,'B IY',s,'IY'
it,'IH T',s,'IH'
that,'DH AE T',s,'AE'
we,'W IY',s,'IY'
the,'DH AH',s,''
greatest,'G r e T ǝ S T',s,''
for,'F AO R',s,'AO'
that,'DH AE T',s,'AE'
do,'D OW',s,''
and,'AH N D',s,''
when,'ʍ e N',s,''
we,'W IY',s,'IY'
fall,'F AA L',s,'AA'
we,'W IY',s,'IY'
merits,'M EH R AH T S',s,''
in,'IH N',s,'IH'
our,'OW R',s,''
therefre,'DH EH R F AO R',s,'AO'
to,'T UW',s,'UW'
be,'B IY',s,'IY'
my,'M AY',s,'AY'
master,'M AW S T ǝ R',s,''
and,'AH N D',s,''
my,'M AY',s,'AY'
lord,'L AO R D',s,'AO'
he,'HH IY',s,'IY'
me,'M IY',s,'IY'
he,'HH IY',s,'IY'
me,'M IY',s,'IY'
that,'DH AE T',s,'AE'
i,'AY',s,'AY'
not,'N AA T',s,'AA'
be,'B IY',s,'IY'
to,'T UW',s,'UW'
myself,'M AY S EH L F',s,'AY'
but,'B AH T',s,''
thee,'DH IY',s,'IY'
hie,'ǝ IH',s,'IH'
thee,'DH IY',s,'IY'
again,'ǝ ɡ EH N',s,''
i,'AY',s,'AY'
and,'AH N D',s,''
it,'IH T',s,'IH'
is,'IH Z',s,'IH'
go,'G OW',s,''
put,'P UH T',s,'UH'
it,'IH T',s,'IH'
to,'T UW',s,'UW'
the,'DH AH',s,''
hate,'AW S T',s,''
i,'AY',s,'AY'
shall,'SH AE L',s,'AE'
remain,'r IH M EH N',s,'IH'
your,'Y AO R',s,'AO'
and,'AH N D',s,''
thanks,'TH AE NG K S',s,'AE'
what,'W AH T',s,''
thou,'DH AW',s,''
thou,'DH AW',s,''
an,'AE N',s,'AE'
egyptian,'IH JH IH P SH AH N',s,'IH IH'
puppet,'P AH P AH T',s,''
shall,'SH AE L',s,'AE'
be,'B IY',s,'IY'
in,'IH N',s,'IH'
as,'AE Z',s,'AE'
well,'W EH L',s,''
as,'AE Z',s,'AE'
i,'AY',s,'AY'
mechanic,'M ǝ K AW N IH K',s,'IH'
with,'W IH DH',s,'IH'
greasy,'G R IY S IY',s,'IY IY'
aprons,'EY P R AH N Z',s,'EY'
and,'AH N D',s,''
shall,'SH AE L',s,'AE'
uplift,'AH P L IH F T',s,'IH'
us,'AH S',s,''
to,'T UW',s,'UW'
the,'DH AH',s,''
view,'V Y UW',s,'UW'
in,'IH N',s,'IH'
their,'DH EH R',s,''
thick,'TH IH K',s,'IH'
rank,'R AE NG K',s,'AE'
of,'AH V',s,''
gross,'G r OW S',s,''
shall,'SH AE L',s,'AE'
we,'W IY',s,'IY'
be,'B IY',s,'IY'
and,'AH N D',s,''
forced,'F AO R S IH D',s,'AO IH'
to,'T UW',s,'UW'
drink,'D R IH NG K',s,'IH'
their,'DH EH R',s,''
most,'M OW S T',s,''
certain,'S ɐ R T ǝ N',s,''
will,'W IH L',s,'IH'
at,'AE T',s,'AE'
us,'AH S',s,''
and,'AH N D',s,''
ballad,'B AE L AH D',s,'AE'
us,'AH S',s,''
out,'AW T',s,''
the,'DH AH',s,''
will,'W IH L',s,'IH'
us,'AH S',s,''
and,'AH N D',s,''
present,'P r IH Z e N T',s,'IH'
our,'OW R',s,''
revels,'R EH V AH L Z',s,''
antony,'AE N T AH N IY',s,'AE IY'
shall,'SH AE L',s,'AE'
be,'B IY',s,'IY'
drunken,'D R AH NG K AH N',s,''
forth,'F AO R TH',s,'AO'
and,'AH N D',s,''
i,'AY',s,'AY'
shall,'SH AE L',s,'AE'
see,'S IY',s,'IY'
squeaking,'S K W IY K IH NG',s,'IY IH'
my,'M AY',s,'AY'
greatness,'G r e T N ǝ S',s,''
postre,'P AA S CH ER',s,'AA'
of,'AH V',s,''
a,'AH',s,''
certain,'S ɐ R T ǝ N',s,''
whhy,'ʍ ǝ IH',s,'IH'
the,'DH AH',s,''
to,'T UW',s,'UW'
fool,'F UH L',s,'UH'
their,'DH EH R',s,''
and,'AH N D',s,''
to,'T UW',s,'UW'
their,'DH EH R',s,''
most,'M OW S T',s,''
intents,'IH N T EH N T S',s,'IH'
me,'M IY',s,'IY'
my,'M AY',s,'AY'
women,'W IH M AH N',s,'IH'
a,'AH',s,''
go,'G OW',s,''
my,'M AY',s,'AY'
best,'B EH S T',s,''
attires,'ǝ T ǝ IH R Z',s,'IH'
i,'AY',s,'AY'
am,'AE M',s,'AE'
again,'ǝ ɡ EH N',s,''
for,'F AO R',s,'AO'
to,'T UW',s,'UW'
meet,'M IY T',s,'IY'
mark,'M AA R K',s,'AA'
antony,'AE N T AH N IY',s,'AE IY'
go,'G OW',s,''
indeed,'IH N D IY D',s,'IH IY'
and,'AH N D',s,''
when,'ʍ e N',s,''
thou,'DH AW',s,''
hast,'HH AE S T',s,'AE'
this,'DH IH S',s,'IH'
thee,'DH IY',s,'IY'
to,'T UW',s,'UW'
till,'T IH L',s,'IH'
our,'OW R',s,''
crown,'K r ǝ UH N',s,'UH'
and,'AH N D',s,''
all,'AA L',s,'AA'
this,'DH IH S',s,'IH'
let,'L EH T',s,''
him,'HH IH M',s,'IH'
in,'IH N',s,'IH'
what,'W AH T',s,''
poor,'P UH R',s,'UH'
an,'AE N',s,'AE'
instrument,'IH N S T r ǝ ˌ M e N',s,'IH'
do,'D OW',s,''
a,'AH',s,''
deed,'D IY D',s,'IY'
he,'HH IY',s,'IY'
me,'M IY',s,'IY'
my,'M AY',s,'AY'
placed,'P L EH S IH D',s,'IH'
and,'AH N D',s,''
i,'AY',s,'AY'
of,'AH V',s,''
woman,'W UH M AH N',s,'UH'
in,'IH N',s,'IH'
me,'M IY',s,'IY'
from,'F R AH M',s,''
to,'T UW',s,'UW'
foot,'F UH T',s,'UH'
i,'AY',s,'AY'
am,'AE M',s,'AE'
the,'DH AH',s,''
moon,'M UW N',s,'UW'
no,'N OW',s,''
planet,'P L AE N AH T',s,'AE'
is,'IH Z',s,'IH'
of,'AH V',s,''
and,'AH N D',s,''
him,'HH IH M',s,'IH'
hast,'HH AE S T',s,'AE'
thou,'DH AW',s,''
the,'DH AH',s,''
prettty,'P r IH T ǝ IH',s,'IH IH'
of,'AH V',s,''
that,'DH AE T',s,'AE'
and,'AH N D',s,''
pains,'P EH N Z',s,''
not,'N AA T',s,'AA'
thou,'DH AW',s,''
that,'DH AE T',s,'AE'
died,'D AY D',s,'AY'
on,'AA N',s,'AA'
get,'G EH T',s,''
thee,'DH IY',s,'IY'
thou,'DH AW',s,''
no,'N OW',s,''
it,'IH T',s,'IH'
shall,'SH AE L',s,'AE'
be,'B IY',s,'IY'
will,'W IH L',s,'IH'
it,'IH T',s,'IH'
eat,'IY T',s,'IY'
me,'M IY',s,'IY'
well,'W EH L',s,''
get,'G EH T',s,''
thee,'DH IY',s,'IY'
me,'M IY',s,'IY'
my,'M AY',s,'AY'
put,'P UH T',s,'UH'
on,'AA N',s,'AA'
my,'M AY',s,'AY'
crown,'K r ǝ UH N',s,'UH'
i,'AY',s,'AY'
immortal,'IH M AO R T AH L',s,'IH AO'
in,'IH N',s,'IH'
me,'M IY',s,'IY'
no,'N OW',s,''
the,'DH AH',s,''
of,'AH V',s,''
shall,'SH AE L',s,'AE'
moist,'M OY S T',s,''
this,'DH IH S',s,'IH'
lip,'L IH P',s,'IH'
good,'G UH D',s,'UH'
methinks,'M IH TH IH NG K S',s,'IH IH'
i,'AY',s,'AY'
antony,'AE N T AH N IY',s,'AE IY'
call,'K AO L',s,'AO'
i,'AY',s,'AY'
see,'S IY',s,'IY'
him,'HH IH M',s,'IH'
himself,'HH IH M S EH L F',s,'IH'
to,'T UW',s,'UW'
my,'M AY',s,'AY'
act,'AE K T',s,'AE'
i,'AY',s,'AY'
him,'HH IH M',s,'IH'
mock,'M AA K',s,'AA'
the,'DH AH',s,''
luck,'L ɤ K',s,''
of,'AH V',s,''
the,'DH AH',s,''
gods,'G AA D Z',s,'AA'
men,'M EH N',s,''
to,'T UW',s,'UW'
their,'DH EH R',s,''
after,'AW F T ǝ R',s,''
i,'AY',s,'AY'
to,'T UW',s,'UW'
that,'DH AE T',s,'AE'
my,'M AY',s,'AY'
my,'M AY',s,'AY'
i,'AY',s,'AY'
am,'AE M',s,'AE'
and,'AH N D',s,''
air,'EH R',s,''
my,'M AY',s,'AY'
i,'AY',s,'AY'
to,'T UW',s,'UW'
you,'Y UW',s,'UW'
then,'DH EH N',s,''
and,'AH N D',s,''
the,'DH AH',s,''
last,'L AE S T',s,'AE'
warmth,'W AA R M TH',s,'AA'
of,'AH V',s,''
my,'M AY',s,'AY'
lips,'L IH P S',s,'IH'
i,'AY',s,'AY'
the,'DH AH',s,''
in,'IH N',s,'IH'
my,'M AY',s,'AY'
lips,'L IH P S',s,'IH'
dost,'D AA S T',s,'AA'
fall,'F AA L',s,'AA'
if,'IH F',s,'IH'
thou,'DH AW',s,''
and,'AH N D',s,''
natre,'N EY CH ER',s,'EY'
can,'K AE N',s,'AE'
so,'S OW',s,''
part,'P AA R T',s,'AA'
the,'DH AH',s,''
of,'AH V',s,''
death,'D EH TH',s,''
is,'IH Z',s,'IH'
as,'AE Z',s,'AE'
a,'AH',s,''
pinch,'P IH N CH',s,'IH'
and,'AH N D',s,''
is,'IH Z',s,'IH'
desired,'D IH Z ǝ IH R D',s,'IH IH'
dost,'D AA S T',s,'AA'
thou,'DH AW',s,''
still,'S T IH L',s,'IH'
if,'IH F',s,'IH'
thus,'DH ɤ S',s,''
thou,'DH AW',s,''
vanishest,'V AW N IH SH ǝ S T',s,'IH'
thou,'DH AW',s,''
the,'DH AH',s,''
it,'IH T',s,'IH'
is,'IH Z',s,'IH'
not,'N AA T',s,'AA'
worth,'W AO R TH',s,'AO'
this,'DH IH S',s,'IH'
me,'M IY',s,'IY'
if,'IH F',s,'IH'
she,'SH IY',s,'IY'
meet,'M IY T',s,'IY'
the,'DH AH',s,''
antony,'AE N T AH N IY',s,'AE IY'
demand,'D IH M AW N D',s,'IH'
of,'AH V',s,''
and,'AH N D',s,''
spend,'S P EH N D',s,''
that,'DH AE T',s,'AE'
kiss,'K IH S',s,'IH'
is,'IH Z',s,'IH'
my,'M AY',s,'AY'
heaven,'HH EH V AH N',s,''
to,'T UW',s,'UW'
thou,'DH AW',s,''
mortal,'M AO R T AA L',s,'AO AA'
with,'W IH DH',s,'IH'
sharp,'SH AA R P',s,'AA'
teeth,'T IY TH',s,'IY'
this,'DH IH S',s,'IH'
of,'AH V',s,''
at,'AE T',s,'AE'
untie,'AH N T AY',s,'AY'
poor,'P UH R',s,'UH'
fool,'F UH L',s,'UH'
be,'B IY',s,'IY'
angry,'AE NG G R IY',s,'AE IY'
and,'AH N D',s,''
o,'OW',s,''
thou,'DH AW',s,''
speak,'S P IY K',s,'IY'
that,'DH AE T',s,'AE'
i,'AY',s,'AY'
thee,'DH IY',s,'IY'
call,'K AO L',s,'AO'
great,'G r e T',s,''
ass,'AE S',s,'AE'
dost,'D AA S T',s,'AA'
thou,'DH AW',s,''
not,'N AA T',s,'AA'
see,'S IY',s,'IY'
my,'M AY',s,'AY'
baby,'B EY B IY',s,'EY IY'
at,'AE T',s,'AE'
my,'M AY',s,'AY'
breast,'B R EH S T',s,''
that,'DH AE T',s,'AE'
the,'DH AH',s,''
nuse,'N ER S',s,''
asleep,'AH S L IY P',s,'IY'
as,'AE Z',s,'AE'
sweet,'S W IY T',s,'IY'
as,'AE Z',s,'AE'
as,'AE Z',s,'AE'
soft,'S AA F T',s,'AA'
as,'AE Z',s,'AE'
air,'EH R',s,''
as,'AE Z',s,'AE'
o,'OW',s,''
i,'AY',s,'AY'
will,'W IH L',s,'IH'
thee,'DH IY',s,'IY'
too,'T UW',s,'UW'
what,'W AH T',s,''
i,'AY',s,'AY'
