in,'IH N',s,'IH'
my,'M AY',s,'AY'
son,'S AO ̃',s,'AO'
from,'F R AH M',s,''
me,'M IY',s,'IY'
i,'AY',s,'AY'
a,'AH',s,''
second,'S EH K AH N D',s,''
what,'W AH T',s,''
is,'IH Z',s,'IH'
of,'AH V',s,''
his,'HH IH Z',s,'IH'
amendment,'ǝ M e N D M ǝ N T',s,''
this,'DH IH S',s,'IH'
gentlewoman,'JH EH N T AH L W UH M AH N',s,'UH'
had,'HH AE D',s,'AE'
a,'AH',s,''
that,'DH AE T',s,'AE'
had,'HH AE D',s,'AE'
sad,'S AE D',s,'AE'
a,'AH',s,''
skill,'S K IH L',s,'IH'
was,'W AA Z',s,'AA'
almost,'AA L M OW S T',s,'AA'
as,'AE Z',s,'AE'
great,'G r e T',s,''
as,'AE Z',s,'AE'
his,'HH IH Z',s,'IH'
had,'HH AE D',s,'AE'
it,'IH T',s,'IH'
so,'S OW',s,''
far,'F AA R',s,'AA'
natre,'N EY CH ER',s,'EY'
immortal,'IH M AO R T AH L',s,'IH AO'
and,'AH N D',s,''
death,'D EH TH',s,''
for,'F AO R',s,'AO'
lack,'L AE K',s,'AE'
of,'AH V',s,''
work,'W AO R K',s,'AO'
for,'F AO R',s,'AO'
the,'DH AH',s,''
he,'HH IY',s,'IY'
wre,'W ER',s,''
i,'AY',s,'AY'
think,'TH IH NG K',s,'IH'
it,'IH T',s,'IH'
be,'B IY',s,'IY'
the,'DH AH',s,''
death,'D EH TH',s,''
of,'AH V',s,''
the,'DH AH',s,''
he,'HH IY',s,'IY'
was,'W AA Z',s,'AA'
famous,'F EY M AH S',s,'EY'
in,'IH N',s,'IH'
his,'HH IH Z',s,'IH'
and,'AH N D',s,''
it,'IH T',s,'IH'
was,'W AA Z',s,'AA'
his,'HH IH Z',s,'IH'
great,'G r e T',s,''
to,'T UW',s,'UW'
be,'B IY',s,'IY'
so,'S OW',s,''
de,'D e',s,''
his,'HH IH Z',s,'IH'
child,'CH AY L D',s,'AY'
my,'M AY',s,'AY'
lord,'L AO R D',s,'AO'
and,'AH N D',s,''
bequeathed,'B AH K W IY TH T',s,'IY'
to,'T UW',s,'UW'
my,'M AY',s,'AY'
i,'AY',s,'AY'
of,'AH V',s,''
good,'G UH D',s,'UH'
that,'DH AE T',s,'AE'
education,'EH JH AH K EY SH AH N',s,'EY'
promises,'P R AA M AH S AH Z',s,'AA'
dispositions,'D IH S P AH Z IH SH AH N Z',s,'IH IH'
she,'SH IY',s,'IY'
inherits,'IH N HH EH R AH T S',s,'IH'
fair,'F EH R',s,''
gifts,'G IH F T S',s,'IH'
fairer,'F EH R ǝ R',s,''
for,'F AO R',s,'AO'
an,'AE N',s,'AE'
unclean,'AH N K L IY N',s,'IY'
virtuous,'V ER CH UW AH S',s,'UW'
go,'G OW',s,''
with,'W IH DH',s,'IH'
and,'AH N D',s,''
too,'T UW',s,'UW'
in,'IH N',s,'IH'
the,'DH AH',s,''
better,'B e T ə R',s,''
for,'F AO R',s,'AO'
their,'DH EH R',s,''
she,'SH IY',s,'IY'
and,'AH N D',s,''
achieves,'ǝ T SH IY V Z',s,'IY'
goodness,'G UH D N AH S',s,'UH'
the,'DH AH',s,''
best,'B EH S T',s,''
a,'AH',s,''
maiden,'M EY D AH N',s,'EY'
can,'K AE N',s,'AE'
season,'S IY Z AH N',s,'IY'
in,'IH N',s,'IH'
the,'DH AH',s,''
of,'AH V',s,''
never,'N e V ǝ R',s,''
appproaches,'ǝ P r OW T SH IH Z',s,'IH'
heart,'HH AA R T',s,'AA'
but,'B AH T',s,''
the,'DH AH',s,''
tyrannny,'T IH r ǝ N ǝ IH',s,'IH IH'
of,'AH V',s,''
sorrows,'S ɒ r ǝ ǝ Z',s,''
all,'AA L',s,'AA'
from,'F R AH M',s,''
of,'AH V',s,''
this,'DH IH S',s,'IH'
go,'G OW',s,''
to,'T UW',s,'UW'
no,'N OW',s,''
lest,'L EH S T',s,''
it,'IH T',s,'IH'
be,'B IY',s,'IY'
you,'Y UW',s,'UW'
affect,'ǝ F e K T',s,''
a,'AH',s,''
than,'DH AE N',s,'AE'
to,'T UW',s,'UW'
if,'IH F',s,'IH'
the,'DH AH',s,''
be,'B IY',s,'IY'
enemy,'EH N AH M IY',s,'IY'
to,'T UW',s,'UW'
the,'DH AH',s,''
grief,'G R IY F',s,'IY'
the,'DH AH',s,''
excess,'EH K S EH S',s,''
it,'IH T',s,'IH'
soon,'S UW N',s,'UW'
mortal,'M AO R T AA L',s,'AO AA'
be,'B IY',s,'IY'
thou,'DH AW',s,''
blessed,'B L e S IH D',s,'IH'
bertram,'B ɐ R T r ə M',s,''
and,'AH N D',s,''
in,'IH N',s,'IH'
as,'AE Z',s,'AE'
in,'IH N',s,'IH'
blood,'B L AH D',s,''
and,'AH N D',s,''
contend,'K AH N T EH N D',s,''
for,'F AO R',s,'AO'
in,'IH N',s,'IH'
thee,'DH IY',s,'IY'
and,'AH N D',s,''
goodness,'G UH D N AH S',s,'UH'
with,'W IH DH',s,'IH'
all,'AA L',s,'AA'
trust,'T r ɤ S T',s,''
a,'AH',s,''
few,'F Y UW',s,'UW'
do,'D OW',s,''
to,'T UW',s,'UW'
be,'B IY',s,'IY'
for,'F AO R',s,'AO'
enemy,'EH N AH M IY',s,'IY'
in,'IH N',s,'IH'
than,'DH AE N',s,'AE'
and,'AH N D',s,''
keep,'K IY P',s,'IY'
friend,'F R EH N D',s,''
under,'ɤ N D ǝ R',s,''
be,'B IY',s,'IY'
for,'F AO R',s,'AO'
but,'B AH T',s,''
never,'N e V ǝ R',s,''
taxed,'T AE K S T',s,'AE'
for,'F AO R',s,'AO'
speech,'S P IY CH',s,'IY'
what,'W AH T',s,''
heaven,'HH EH V AH N',s,''
will,'W IH L',s,'IH'
that,'DH AE T',s,'AE'
thee,'DH IY',s,'IY'
and,'AH N D',s,''
my,'M AY',s,'AY'
pluck,'P L ɤ K',s,''
down,'D ǝ UH N',s,'UH'
fall,'F AA L',s,'AA'
on,'AA N',s,'AA'
my,'M AY',s,'AY'
lord,'L AO R D',s,'AO'
an,'AE N',s,'AE'
courtier,'K AO R T IY ER',s,'AO IY'
good,'G UH D',s,'UH'
my,'M AY',s,'AY'
lord,'L AO R D',s,'AO'
him,'HH IH M',s,'IH'
heaven,'HH EH V AH N',s,''
bless,'B L EH S',s,''
bertram,'B ɐ R T r ə M',s,''
i,'AY',s,'AY'
will,'W IH L',s,'IH'
what,'W AH T',s,''
you,'Y UW',s,'UW'
of,'AH V',s,''
this,'DH IH S',s,'IH'
gentlewoman,'JH EH N T AH L W UH M AH N',s,'UH'
what,'W AH T',s,''
does,'D AH Z',s,''
this,'DH IH S',s,'IH'
knve,'N EY V',s,'EY'
get,'G EH T',s,''
you,'Y UW',s,'UW'
the,'DH AH',s,''
complaints,'K ǝ M P L EH N T S',s,''
i,'AY',s,'AY'
of,'AH V',s,''
you,'Y UW',s,'UW'
i,'AY',s,'AY'
do,'D OW',s,''
not,'N AA T',s,'AA'
all,'AA L',s,'AA'
my,'M AY',s,'AY'
that,'DH AE T',s,'AE'
i,'AY',s,'AY'
do,'D OW',s,''
not,'N AA T',s,'AA'
for,'F AO R',s,'AO'
i,'AY',s,'AY'
you,'Y UW',s,'UW'
lack,'L AE K',s,'AE'
not,'N AA T',s,'AA'
follly,'F ɒ L ǝ IH',s,'IH'
to,'T UW',s,'UW'
commit,'K AH M IH T',s,'IH'
them,'DH EH M',s,''
and,'AH N D',s,''
to,'T UW',s,'UW'
yours,'Y UH R Z',s,'UH'
well,'W EH L',s,''
wilt,'W IH L T',s,'IH'
thou,'DH AW',s,''
needs,'N IY D Z',s,'IY'
be,'B IY',s,'IY'
a,'AH',s,''
beggar,'B e ɡ ə R',s,''
in,'IH N',s,'IH'
what,'W AH T',s,''
tell,'T EH L',s,''
me,'M IY',s,'IY'
reason,'r EH Z ǝ N',s,''
whhy,'ʍ ǝ IH',s,'IH'
thou,'DH AW',s,''
wilt,'W IH L T',s,'IH'
marrry,'M AW r ǝ IH',s,'IH'
is,'IH Z',s,'IH'
this,'DH IH S',s,'IH'
all,'AA L',s,'AA'
your,'Y AO R',s,'AO'
reason,'r EH Z ǝ N',s,''
the,'DH AH',s,''
them,'DH EH M',s,''
sooner,'S UW N ǝ R',s,'UW'
than,'DH AE N',s,'AE'
wickedness,'W IH K AH D N AH S',s,'IH'
friends,'F R EH N D Z',s,''
enemies,'EH N AH M IY Z',s,'IY'
knve,'N EY V',s,'EY'
wilt,'W IH L T',s,'IH'
thou,'DH AW',s,''
be,'B IY',s,'IY'
a,'AH',s,''
and,'AH N D',s,''
knve,'N EY V',s,'EY'
get,'G EH T',s,''
you,'Y UW',s,'UW'
with,'W IH DH',s,'IH'
you,'Y UW',s,'UW'
tell,'T EH L',s,''
my,'M AY',s,'AY'
gentlewoman,'JH EH N T AH L W UH M AH N',s,'UH'
i,'AY',s,'AY'
speak,'S P IY K',s,'IY'
with,'W IH DH',s,'IH'
i,'AY',s,'AY'
mean,'M IY N',s,'IY'
what,'W AH T',s,''
good,'G UH D',s,'UH'
in,'IH N',s,'IH'
ten,'T EH N',s,''
you,'Y UW',s,'UW'
corrupt,'K ǝ r ɤ P T',s,''
the,'DH AH',s,''
be,'B IY',s,'IY'
knve,'N EY V',s,'EY'
and,'AH N D',s,''
do,'D OW',s,''
as,'AE Z',s,'AE'
i,'AY',s,'AY'
command,'K ǝ M AW N D',s,''
you,'Y UW',s,'UW'
well,'W EH L',s,''
faith,'F EY TH',s,'EY'
i,'AY',s,'AY'
do,'D OW',s,''
bequeathed,'B AH K W IY TH T',s,'IY'
to,'T UW',s,'UW'
me,'M IY',s,'IY'
and,'AH N D',s,''
she,'SH IY',s,'IY'
lawfullly,'L AO F UH ˌ L ǝ IH',s,'AO UH IH'
to,'T UW',s,'UW'
as,'AE Z',s,'AE'
as,'AE Z',s,'AE'
she,'SH IY',s,'IY'
is,'IH Z',s,'IH'
than,'DH AE N',s,'AE'
is,'IH Z',s,'IH'
paid,'P EY D',s,'EY'
and,'AH N D',s,''
shall,'SH AE L',s,'AE'
be,'B IY',s,'IY'
paid,'P EY D',s,'EY'
than,'DH AE N',s,'AE'
demand,'D IH M AW N D',s,'IH'
you,'Y UW',s,'UW'
this,'DH IH S',s,'IH'
keep,'K IY P',s,'IY'
it,'IH T',s,'IH'
to,'T UW',s,'UW'
likelihoods,'L ǝ IH K L IH ˌ UH D Z',s,'IH IH UH'
me,'M IY',s,'IY'
of,'AH V',s,''
this,'DH IH S',s,'IH'
so,'S OW',s,''
in,'IH N',s,'IH'
the,'DH AH',s,''
that,'DH AE T',s,'AE'
i,'AY',s,'AY'
neither,'N EH DH ǝ R',s,''
nor,'N AO R',s,'AO'
misdoubt,'M IH S D ǝ UH T',s,'IH UH'
you,'Y UW',s,'UW'
me,'M IY',s,'IY'
stall,'S T AA L',s,'AA'
this,'DH IH S',s,'IH'
in,'IH N',s,'IH'
your,'Y AO R',s,'AO'
bosom,'B UH Z AH M',s,'UH'
and,'AH N D',s,''
i,'AY',s,'AY'
thank,'TH AE NG K',s,'AE'
you,'Y UW',s,'UW'
for,'F AO R',s,'AO'
your,'Y AO R',s,'AO'
i,'AY',s,'AY'
will,'W IH L',s,'IH'
speak,'S P IY K',s,'IY'
with,'W IH DH',s,'IH'
you,'Y UW',s,'UW'
even,'IY V IH N',s,'IY IH'
so,'S OW',s,''
it,'IH T',s,'IH'
was,'W AA Z',s,'AA'
with,'W IH DH',s,'IH'
me,'M IY',s,'IY'
when,'ʍ e N',s,''
i,'AY',s,'AY'
was,'W AA Z',s,'AA'
if,'IH F',s,'IH'
we,'W IY',s,'IY'
ours,'OW R Z',s,''
this,'DH IH S',s,'IH'
thorn,'TH AO R N',s,'AO'
doth,'D AO TH',s,'AO'
to,'T UW',s,'UW'
our,'OW R',s,''
of,'AH V',s,''
youth,'Y UW TH',s,'UW'
rightly,'r ǝ IH T L ǝ IH',s,'IH IH'
our,'OW R',s,''
blood,'B L AH D',s,''
to,'T UW',s,'UW'
us,'AH S',s,''
this,'DH IH S',s,'IH'
to,'T UW',s,'UW'
our,'OW R',s,''
blood,'B L AH D',s,''
is,'IH Z',s,'IH'
born,'B AO R N',s,'AO'
it,'IH T',s,'IH'
is,'IH Z',s,'IH'
the,'DH AH',s,''
and,'AH N D',s,''
seal,'S IY L',s,'IY'
of,'AH V',s,''
truth,'T R UW TH',s,'UW'
passion,'P AE SH AH N',s,'AE'
is,'IH Z',s,'IH'
in,'IH N',s,'IH'
youth,'Y UW TH',s,'UW'
by,'B AY',s,'AY'
our,'OW R',s,''
of,'AH V',s,''
foregne,'F ǝ R G OW N',s,''
wre,'W ER',s,''
our,'OW R',s,''
faults,'F AO L T S',s,'AO'
or,'AO R',s,'AO'
then,'DH EH N',s,''
we,'W IY',s,'IY'
them,'DH EH M',s,''
is,'IH Z',s,'IH'
sick,'S IH K',s,'IH'
on,'AA N',s,'AA'
i,'AY',s,'AY'
obseve,'AH B Z ER V',s,''
you,'Y UW',s,'UW'
helen,'HH EH L AH N',s,''
i,'AY',s,'AY'
am,'AE M',s,'AE'
a,'AH',s,''
to,'T UW',s,'UW'
you,'Y UW',s,'UW'
a,'AH',s,''
whhy,'ʍ ǝ IH',s,'IH'
not,'N AA T',s,'AA'
a,'AH',s,''
when,'ʍ e N',s,''
i,'AY',s,'AY'
said,'S EH D',s,''
a,'AH',s,''
you,'Y UW',s,'UW'
a,'AH',s,''
in,'IH N',s,'IH'
that,'DH AE T',s,'AE'
you,'Y UW',s,'UW'
start,'S T AA R T',s,'AA'
at,'AE T',s,'AE'
it,'IH T',s,'IH'
i,'AY',s,'AY'
i,'AY',s,'AY'
am,'AE M',s,'AE'
your,'Y AO R',s,'AO'
and,'AH N D',s,''
put,'P UH T',s,'UH'
you,'Y UW',s,'UW'
in,'IH N',s,'IH'
the,'DH AH',s,''
of,'AH V',s,''
that,'DH AE T',s,'AE'
wre,'W ER',s,''
seen,'S IY N',s,'IY'
with,'W IH DH',s,'IH'
natre,'N EY CH ER',s,'EY'
and,'AH N D',s,''
breeds,'B R IY D Z',s,'IY'
a,'AH',s,''
slip,'S L IH P',s,'IH'
to,'T UW',s,'UW'
us,'AH S',s,''
from,'F R AH M',s,''
seeds,'S IY D Z',s,'IY'
you,'Y UW',s,'UW'
me,'M IY',s,'IY'
with,'W IH DH',s,'IH'
a,'AH',s,''
groan,'G r OW N',s,''
yet,'Y EH T',s,''
i,'AY',s,'AY'
to,'T UW',s,'UW'
you,'Y UW',s,'UW'
a,'AH',s,''
maiden,'M EY D AH N',s,'EY'
does,'D AH Z',s,''
it,'IH T',s,'IH'
blood,'B L AH D',s,''
to,'T UW',s,'UW'
i,'AY',s,'AY'
am,'AE M',s,'AE'
the,'DH AH',s,''
matter,'M AW T ǝ R',s,''
that,'DH AE T',s,'AE'
this,'DH IH S',s,'IH'
of,'AH V',s,''
wet,'W EH T',s,''
the,'DH AH',s,''
whhy,'ʍ ǝ IH',s,'IH'
that,'DH AE T',s,'AE'
you,'Y UW',s,'UW'
my,'M AY',s,'AY'
i,'AY',s,'AY'
i,'AY',s,'AY'
am,'AE M',s,'AE'
your,'Y AO R',s,'AO'
nor,'N AO R',s,'AO'
i,'AY',s,'AY'
your,'Y AO R',s,'AO'
yes,'Y IH S',s,'IH'
helen,'HH EH L AH N',s,''
you,'Y UW',s,'UW'
be,'B IY',s,'IY'
my,'M AY',s,'AY'
god,'G AA D',s,'AA'
shield,'SH IY L D',s,'IY'
you,'Y UW',s,'UW'
mean,'M IY N',s,'IY'
it,'IH T',s,'IH'
not,'N AA T',s,'AA'
and,'AH N D',s,''
so,'S OW',s,''
upon,'AH P AA N',s,'AA'
your,'Y AO R',s,'AO'
what,'W AH T',s,''
again,'ǝ ɡ EH N',s,''
my,'M AY',s,'AY'
fear,'F IY R',s,'IY'
hath,'HH AE TH',s,'AE'
your,'Y AO R',s,'AO'
fondness,'F AA N D N AH S',s,'AA'
i,'AY',s,'AY'
see,'S IY',s,'IY'
the,'DH AH',s,''
of,'AH V',s,''
your,'Y AO R',s,'AO'
and,'AH N D',s,''
your,'Y AO R',s,'AO'
salt,'S AO L T',s,'AO'
to,'T UW',s,'UW'
all,'AA L',s,'AA'
gross,'G r OW S',s,''
you,'Y UW',s,'UW'
my,'M AY',s,'AY'
son,'S AO ̃',s,'AO'
is,'IH Z',s,'IH'
against,'AH G EH N S T',s,''
the,'DH AH',s,''
proclamation,'P R AA K L AH M EY SH AH N',s,'AA EY'
of,'AH V',s,''
passion,'P AE SH AH N',s,'AE'
to,'T UW',s,'UW'
thou,'DH AW',s,''
dost,'D AA S T',s,'AA'
not,'N AA T',s,'AA'
therefre,'DH EH R F AO R',s,'AO'
tell,'T EH L',s,''
me,'M IY',s,'IY'
true,'T R UW',s,'UW'
but,'B AH T',s,''
tell,'T EH L',s,''
me,'M IY',s,'IY'
then,'DH EH N',s,''
so,'S OW',s,''
for,'F AO R',s,'AO'
look,'L UH K',s,'UH'
cheeks,'CH IY K S',s,'IY'
confess,'K AH N F EH S',s,''
it,'IH T',s,'IH'
to,'T UW',s,'UW'
and,'AH N D',s,''
see,'S IY',s,'IY'
it,'IH T',s,'IH'
so,'S OW',s,''
grosssly,'G r OW S L ǝ IH',s,'IH'
in,'IH N',s,'IH'
behaviors,'B IH HH EY V Y ER Z',s,'IH EY'
that,'DH AE T',s,'AE'
in,'IH N',s,'IH'
their,'DH EH R',s,''
speak,'S P IY K',s,'IY'
it,'IH T',s,'IH'
only,'OW N L IY',s,'IY'
sin,'S IH N',s,'IH'
and,'AH N D',s,''
hellish,'HH EH L IH SH',s,'IH'
that,'DH AE T',s,'AE'
truth,'T R UW TH',s,'UW'
be,'B IY',s,'IY'
suspected,'S ǝ S P e K T IH D',s,'IH'
speak,'S P IY K',s,'IY'
is,'IH Z',s,'IH'
so,'S OW',s,''
if,'IH F',s,'IH'
it,'IH T',s,'IH'
be,'B IY',s,'IY'
so,'S OW',s,''
you,'Y UW',s,'UW'
a,'AH',s,''
if,'IH F',s,'IH'
it,'IH T',s,'IH'
be,'B IY',s,'IY'
not,'N AA T',s,'AA'
forswear,'F AO R S W EH R',s,'AO'
i,'AY',s,'AY'
thee,'DH IY',s,'IY'
as,'AE Z',s,'AE'
heaven,'HH EH V AH N',s,''
shall,'SH AE L',s,'AE'
work,'W AO R K',s,'AO'
in,'IH N',s,'IH'
me,'M IY',s,'IY'
for,'F AO R',s,'AO'
avail,'ǝ V EH L',s,''
to,'T UW',s,'UW'
tell,'T EH L',s,''
me,'M IY',s,'IY'
do,'D OW',s,''
you,'Y UW',s,'UW'
my,'M AY',s,'AY'
son,'S AO ̃',s,'AO'
you,'Y UW',s,'UW'
my,'M AY',s,'AY'
son,'S AO ̃',s,'AO'
go,'G OW',s,''
not,'N AA T',s,'AA'
my,'M AY',s,'AY'
hath,'HH AE TH',s,'AE'
in,'IH N',s,'IH'
a,'AH',s,''
bond,'B AA N D',s,'AA'
whereof,'ʍ EH R ɒ V',s,''
the,'DH AH',s,''
the,'DH AH',s,''
of,'AH V',s,''
your,'Y AO R',s,'AO'
affection,'AH F EH K SH AH N',s,''
for,'F AO R',s,'AO'
your,'Y AO R',s,'AO'
passions,'P AE SH AH N Z',s,'AE'
to,'T UW',s,'UW'
the,'DH AH',s,''
full,'F UH L',s,'UH'
had,'HH AE D',s,'AE'
you,'Y UW',s,'UW'
not,'N AA T',s,'AA'
lately,'L EH T L ǝ IH',s,'IH'
an,'AE N',s,'AE'
to,'T UW',s,'UW'
go,'G OW',s,''
to,'T UW',s,'UW'
paris,'P EH R IH S',s,'IH'
tell,'T EH L',s,''
true,'T R UW',s,'UW'
this,'DH IH S',s,'IH'
was,'W AA Z',s,'AA'
your,'Y AO R',s,'AO'
for,'F AO R',s,'AO'
paris,'P EH R IH S',s,'IH'
was,'W AA Z',s,'AA'
it,'IH T',s,'IH'
speak,'S P IY K',s,'IY'
but,'B AH T',s,''
think,'TH IH NG K',s,'IH'
you,'Y UW',s,'UW'
helen,'HH EH L AH N',s,''
if,'IH F',s,'IH'
you,'Y UW',s,'UW'
tender,'T e N D ǝ R',s,''
your,'Y AO R',s,'AO'
aid,'EH D',s,''
he,'HH IY',s,'IY'
it,'IH T',s,'IH'
he,'HH IY',s,'IY'
and,'AH N D',s,''
his,'HH IH Z',s,'IH'
of,'AH V',s,''
a,'AH',s,''
he,'HH IY',s,'IY'
that,'DH AE T',s,'AE'
cannot,'K AE N AA T',s,'AE AA'
him,'HH IH M',s,'IH'
that,'DH AE T',s,'AE'
cannot,'K AE N AA T',s,'AE AA'
shall,'SH AE L',s,'AE'
credit,'K R EH D AH T',s,''
a,'AH',s,''
poor,'P UH R',s,'UH'
when,'ʍ e N',s,''
the,'DH AH',s,''
scchools,'S K UW L Z',s,'UW'
of,'AH V',s,''
their,'DH EH R',s,''
left,'L EH F T',s,''
off,'AO F',s,'AO'
the,'DH AH',s,''
to,'T UW',s,'UW'
itself,'IH T S EH L F',s,'IH'
dost,'D AA S T',s,'AA'
thou,'DH AW',s,''
whhy,'ʍ ǝ IH',s,'IH'
helen,'HH EH L AH N',s,''
thou,'DH AW',s,''
shalt,'SH AE L T',s,'AE'
my,'M AY',s,'AY'
and,'AH N D',s,''
means,'M IY N Z',s,'IY'
and,'AH N D',s,''
attendants,'AH T EH N D AH N T S',s,''
and,'AH N D',s,''
my,'M AY',s,'AY'
to,'T UW',s,'UW'
of,'AH V',s,''
in,'IH N',s,'IH'
court,'K AO R T',s,'AO'
at,'AE T',s,'AE'
hme,'OW M',s,''
and,'AH N D',s,''
into,'IH N T UW',s,'IH UW'
be,'B IY',s,'IY'
and,'AH N D',s,''
be,'B IY',s,'IY'
of,'AH V',s,''
this,'DH IH S',s,'IH'
what,'W AH T',s,''
i,'AY',s,'AY'
can,'K AE N',s,'AE'
thee,'DH IY',s,'IY'
to,'T UW',s,'UW'
thou,'DH AW',s,''
shalt,'SH AE L T',s,'AE'
not,'N AA T',s,'AA'
miss,'M IH S',s,'IH'
on,'AA N',s,'AA'
i,'AY',s,'AY'
shall,'SH AE L',s,'AE'
put,'P UH T',s,'UH'
you,'Y UW',s,'UW'
to,'T UW',s,'UW'
the,'DH AH',s,''
of,'AH V',s,''
your,'Y AO R',s,'AO'
to,'T UW',s,'UW'
the,'DH AH',s,''
court,'K AO R T',s,'AO'
whhy,'ʍ ǝ IH',s,'IH'
what,'W AH T',s,''
you,'Y UW',s,'UW'
when,'ʍ e N',s,''
you,'Y UW',s,'UW'
put,'P UH T',s,'UH'
off,'AO F',s,'AO'
that,'DH AE T',s,'AE'
with,'W IH DH',s,'IH'
but,'B AH T',s,''
to,'T UW',s,'UW'
the,'DH AH',s,''
court,'K AO R T',s,'AO'
marrry,'M AW r ǝ IH',s,'IH'
a,'AH',s,''
that,'DH AE T',s,'AE'
fits,'F IH T S',s,'IH'
all,'AA L',s,'AA'
will,'W IH L',s,'IH'
your,'Y AO R',s,'AO'
seve,'S ER V',s,''
fit,'F IH T',s,'IH'
to,'T UW',s,'UW'
all,'AA L',s,'AA'
you,'Y UW',s,'UW'
i,'AY',s,'AY'
an,'AE N',s,'AE'
of,'AH V',s,''
fitness,'F IH T N AH S',s,'IH'
for,'F AO R',s,'AO'
all,'AA L',s,'AA'
it,'IH T',s,'IH'
must,'M AH S T',s,''
be,'B IY',s,'IY'
an,'AE N',s,'AE'
of,'AH V',s,''
most,'M OW S T',s,''
that,'DH AE T',s,'AE'
must,'M AH S T',s,''
fit,'F IH T',s,'IH'
all,'AA L',s,'AA'
demands,'D IH M AW N D Z',s,'IH'
to,'T UW',s,'UW'
be,'B IY',s,'IY'
again,'ǝ ɡ EH N',s,''
if,'IH F',s,'IH'
we,'W IY',s,'IY'
i,'AY',s,'AY'
will,'W IH L',s,'IH'
be,'B IY',s,'IY'
a,'AH',s,''
fool,'F UH L',s,'UH'
in,'IH N',s,'IH'
to,'T UW',s,'UW'
be,'B IY',s,'IY'
the,'DH AH',s,''
by,'B AY',s,'AY'
your,'Y AO R',s,'AO'
i,'AY',s,'AY'
you,'Y UW',s,'UW'
you,'Y UW',s,'UW'
a,'AH',s,''
courtier,'K AO R T IY ER',s,'AO IY'
i,'AY',s,'AY'
am,'AE M',s,'AE'
a,'AH',s,''
poor,'P UH R',s,'UH'
friend,'F R EH N D',s,''
of,'AH V',s,''
yours,'Y UH R Z',s,'UH'
that,'DH AE T',s,'AE'
you,'Y UW',s,'UW'
i,'AY',s,'AY'
think,'TH IH NG K',s,'IH'
you,'Y UW',s,'UW'
can,'K AE N',s,'AE'
eat,'IY T',s,'IY'
of,'AH V',s,''
this,'DH IH S',s,'IH'
meat,'M IY T',s,'IY'
you,'Y UW',s,'UW'
wre,'W ER',s,''
lately,'L EH T L ǝ IH',s,'IH'
as,'AE Z',s,'AE'
i,'AY',s,'AY'
think,'TH IH NG K',s,'IH'
do,'D OW',s,''
you,'Y UW',s,'UW'
o,'OW',s,''
lord,'L AO R D',s,'AO'
at,'AE T',s,'AE'
your,'Y AO R',s,'AO'
and,'AH N D',s,''
not,'N AA T',s,'AA'
me,'M IY',s,'IY'
indeed,'IH N D IY D',s,'IH IY'
your,'Y AO R',s,'AO'
o,'OW',s,''
lord,'L AO R D',s,'AO'
is,'IH Z',s,'IH'
very,'V EH R IY',s,'IY'
to,'T UW',s,'UW'
your,'Y AO R',s,'AO'
you,'Y UW',s,'UW'
very,'V EH R IY',s,'IY'
well,'W EH L',s,''
to,'T UW',s,'UW'
a,'AH',s,''
if,'IH F',s,'IH'
you,'Y UW',s,'UW'
wre,'W ER',s,''
but,'B AH T',s,''
to,'T UW',s,'UW'
i,'AY',s,'AY'
the,'DH AH',s,''
with,'W IH DH',s,'IH'
the,'DH AH',s,''
to,'T UW',s,'UW'
it,'IH T',s,'IH'
so,'S OW',s,''
merrily,'M EH R AH L IY',s,'IY'
with,'W IH DH',s,'IH'
a,'AH',s,''
fool,'F UH L',s,'UH'
an,'AE N',s,'AE'
end,'EH N D',s,''
to,'T UW',s,'UW'
your,'Y AO R',s,'AO'
helen,'HH EH L AH N',s,''
this,'DH IH S',s,'IH'
and,'AH N D',s,''
uge,'ER JH',s,''
to,'T UW',s,'UW'
a,'AH',s,''
present,'P r IH Z e N T',s,'IH'
back,'B AE K',s,'AE'
commend,'K AH M EH N D',s,''
me,'M IY',s,'IY'
to,'T UW',s,'UW'
my,'M AY',s,'AY'
and,'AH N D',s,''
my,'M AY',s,'AY'
son,'S AO ̃',s,'AO'
this,'DH IH S',s,'IH'
is,'IH Z',s,'IH'
not,'N AA T',s,'AA'
not,'N AA T',s,'AA'
employment,'e M P L ǝ IH M ǝ N T',s,'IH'
for,'F AO R',s,'AO'
you,'Y UW',s,'UW'
you,'Y UW',s,'UW'
me,'M IY',s,'IY'
hate,'AW S T',s,''
you,'Y UW',s,'UW'
again,'ǝ ɡ EH N',s,''
it,'IH T',s,'IH'
hath,'HH AE TH',s,'AE'
all,'AA L',s,'AA'
as,'AE Z',s,'AE'
i,'AY',s,'AY'
had,'HH AE D',s,'AE'
it,'IH T',s,'IH'
sve,'EH V',s,''
that,'DH AE T',s,'AE'
he,'HH IY',s,'IY'
not,'N AA T',s,'AA'
with,'W IH DH',s,'IH'
by,'B AY',s,'AY'
what,'W AH T',s,''
i,'AY',s,'AY'
you,'Y UW',s,'UW'
let,'L EH T',s,''
me,'M IY',s,'IY'
see,'S IY',s,'IY'
what,'W AH T',s,''
he,'HH IY',s,'IY'
and,'AH N D',s,''
when,'ʍ e N',s,''
he,'HH IY',s,'IY'
means,'M IY N Z',s,'IY'
to,'T UW',s,'UW'
what,'W AH T',s,''
we,'W IY',s,'IY'
i,'AY',s,'AY'
sent,'S EH N T',s,''
you,'Y UW',s,'UW'
a,'AH',s,''
she,'SH IY',s,'IY'
hath,'HH AE TH',s,'AE'
the,'DH AH',s,''
and,'AH N D',s,''
me,'M IY',s,'IY'
i,'AY',s,'AY'
wedded,'W EH D AH D',s,''
not,'N AA T',s,'AA'
bedded,'B EH D IH D',s,'IH'
and,'AH N D',s,''
sworn,'S W AO R N',s,'AO'
to,'T UW',s,'UW'
the,'DH AH',s,''
not,'N AA T',s,'AA'
you,'Y UW',s,'UW'
shall,'SH AE L',s,'AE'
i,'AY',s,'AY'
am,'AE M',s,'AE'
run,'r ɤ N',s,''
it,'IH T',s,'IH'
the,'DH AH',s,''
report,'r IH P AO R T',s,'IH AO'
if,'IH F',s,'IH'
be,'B IY',s,'IY'
breadth,'B R EH D TH',s,''
in,'IH N',s,'IH'
the,'DH AH',s,''
i,'AY',s,'AY'
will,'W IH L',s,'IH'
a,'AH',s,''
my,'M AY',s,'AY'
duty,'D UW T IY',s,'UW IY'
to,'T UW',s,'UW'
you,'Y UW',s,'UW'
your,'Y AO R',s,'AO'
unfortunte,'ɤ N F AO R T N ǝ T',s,'AO'
son,'S AO ̃',s,'AO'
bertram,'B ɐ R T r ə M',s,''
this,'DH IH S',s,'IH'
is,'IH Z',s,'IH'
not,'N AA T',s,'AA'
well,'W EH L',s,''
rash,'R AE SH',s,'AE'
and,'AH N D',s,''
unbridled,'ɤ N B r ǝ IH D L D',s,'IH'
to,'T UW',s,'UW'
the,'DH AH',s,''
of,'AH V',s,''
so,'S OW',s,''
good,'G UH D',s,'UH'
a,'AH',s,''
to,'T UW',s,'UW'
pluck,'P L ɤ K',s,''
his,'HH IH Z',s,'IH'
indignation,'IH N D IH G N EY SH AH N',s,'IH IH EY'
on,'AA N',s,'AA'
by,'B AY',s,'AY'
the,'DH AH',s,''
of,'AH V',s,''
a,'AH',s,''
maid,'M EY D',s,'EY'
too,'T UW',s,'UW'
virtuous,'V ER CH UW AH S',s,'UW'
for,'F AO R',s,'AO'
the,'DH AH',s,''
of,'AH V',s,''
what,'W AH T',s,''
is,'IH Z',s,'IH'
the,'DH AH',s,''
matter,'M AW T ǝ R',s,''
whhy,'ʍ ǝ IH',s,'IH'
he,'HH IY',s,'IY'
be,'B IY',s,'IY'
think,'TH IH NG K',s,'IH'
upon,'AH P AA N',s,'AA'
i,'AY',s,'AY'
felt,'F EH L T',s,''
so,'S OW',s,''
of,'AH V',s,''
and,'AH N D',s,''
grief,'G R IY F',s,'IY'
that,'DH AE T',s,'AE'
the,'DH AH',s,''
of,'AH V',s,''
neither,'N EH DH ǝ R',s,''
on,'AA N',s,'AA'
the,'DH AH',s,''
start,'S T AA R T',s,'AA'
can,'K AE N',s,'AE'
woman,'W UH M AH N',s,'UH'
me,'M IY',s,'IY'
unto,'AH N T UW',s,'UW'
is,'IH Z',s,'IH'
my,'M AY',s,'AY'
son,'S AO ̃',s,'AO'
i,'AY',s,'AY'
you,'Y UW',s,'UW'
you,'Y UW',s,'UW'
this,'DH IH S',s,'IH'
gentlemen,'JH EH N T AH L M IH N',s,'IH'
i,'AY',s,'AY'
prithee,'P r e DH IY',s,'IY'
lady,'L EY D IY',s,'EY IY'
a,'AH',s,''
better,'B e T ə R',s,''
if,'IH F',s,'IH'
thou,'DH AW',s,''
engrossest,'e NG G r ɒ S ǝ S T',s,''
all,'AA L',s,'AA'
the,'DH AH',s,''
thou,'DH AW',s,''
me,'M IY',s,'IY'
of,'AH V',s,''
a,'AH',s,''
he,'HH IY',s,'IY'
was,'W AA Z',s,'AA'
my,'M AY',s,'AY'
son,'S AO ̃',s,'AO'
but,'B AH T',s,''
i,'AY',s,'AY'
do,'D OW',s,''
wash,'W AA SH',s,'AA'
his,'HH IH Z',s,'IH'
out,'AW T',s,''
of,'AH V',s,''
my,'M AY',s,'AY'
blood,'B L AH D',s,''
and,'AH N D',s,''
thou,'DH AW',s,''
art,'AA R T',s,'AA'
all,'AA L',s,'AA'
my,'M AY',s,'AY'
is,'IH Z',s,'IH'
he,'HH IY',s,'IY'
and,'AH N D',s,''
to,'T UW',s,'UW'
be,'B IY',s,'IY'
a,'AH',s,''
return,'r IH T ɐ R N',s,'IH'
you,'Y UW',s,'UW'
you,'Y UW',s,'UW'
that,'DH AE T',s,'AE'
in,'IH N',s,'IH'
until,'AH N T IH L',s,'IH'
he,'HH IY',s,'IY'
no,'N OW',s,''
that,'DH AE T',s,'AE'
is,'IH Z',s,'IH'
too,'T UW',s,'UW'
good,'G UH D',s,'UH'
for,'F AO R',s,'AO'
him,'HH IH M',s,'IH'
but,'B AH T',s,''
only,'OW N L IY',s,'IY'
she,'SH IY',s,'IY'
and,'AH N D',s,''
she,'SH IY',s,'IY'
a,'AH',s,''
lord,'L AO R D',s,'AO'
that,'DH AE T',s,'AE'
tend,'T EH N D',s,''
upon,'AH P AA N',s,'AA'
and,'AH N D',s,''
call,'K AO L',s,'AO'
mistress,'M IH S T R AH S',s,'IH'
who,'HH UW',s,'UW'
was,'W AA Z',s,'AA'
with,'W IH DH',s,'IH'
him,'HH IH M',s,'IH'
was,'W AA Z',s,'AA'
it,'IH T',s,'IH'
not,'N AA T',s,'AA'
a,'AH',s,''
very,'V EH R IY',s,'IY'
tainted,'T EH N T IH D',s,'IH'
and,'AH N D',s,''
full,'F UH L',s,'UH'
of,'AH V',s,''
wickedness,'W IH K AH D N AH S',s,'IH'
my,'M AY',s,'AY'
son,'S AO ̃',s,'AO'
corrupts,'K ǝ r ɤ P T S',s,''
a,'AH',s,''
natre,'N EY CH ER',s,'EY'
with,'W IH DH',s,'IH'
his,'HH IH Z',s,'IH'
youre,'Y UH R',s,'UH'
gentlemen,'JH EH N T AH L M IH N',s,'IH'
i,'AY',s,'AY'
will,'W IH L',s,'IH'
you,'Y UW',s,'UW'
when,'ʍ e N',s,''
you,'Y UW',s,'UW'
see,'S IY',s,'IY'
my,'M AY',s,'AY'
son,'S AO ̃',s,'AO'
to,'T UW',s,'UW'
tell,'T EH L',s,''
him,'HH IH M',s,'IH'
that,'DH AE T',s,'AE'
his,'HH IH Z',s,'IH'
can,'K AE N',s,'AE'
never,'N e V ǝ R',s,''
win,'W IH N',s,'IH'
the,'DH AH',s,''
that,'DH AE T',s,'AE'
he,'HH IY',s,'IY'
loses,'L UW Z AH Z',s,'UW'
you,'Y UW',s,'UW'
written,'R IH T AH N',s,'IH'
to,'T UW',s,'UW'
bear,'B EH R',s,''
not,'N AA T',s,'AA'
so,'S OW',s,''
but,'B AH T',s,''
as,'AE Z',s,'AE'
we,'W IY',s,'IY'
our,'OW R',s,''
will,'W IH L',s,'IH'
you,'Y UW',s,'UW'
near,'N IY R',s,'IY'
alas,'AH L AE S',s,'AE'
and,'AH N D',s,''
you,'Y UW',s,'UW'
the,'DH AH',s,''
of,'AH V',s,''
you,'Y UW',s,'UW'
not,'N AA T',s,'AA'
she,'SH IY',s,'IY'
do,'D OW',s,''
as,'AE Z',s,'AE'
she,'SH IY',s,'IY'
by,'B AY',s,'AY'
me,'M IY',s,'IY'
a,'AH',s,''
read,'r e D',s,''
it,'IH T',s,'IH'
again,'ǝ ɡ EH N',s,''
what,'W AH T',s,''
sharp,'SH AA R P',s,'AA'
in,'IH N',s,'IH'
rinaldo,'R IH N AA L D OW',s,'IH AA'
you,'Y UW',s,'UW'
did,'D IH D',s,'IH'
never,'N e V ǝ R',s,''
lack,'L AE K',s,'AE'
so,'S OW',s,''
as,'AE Z',s,'AE'
pass,'P AE S',s,'AE'
so,'S OW',s,''
had,'HH AE D',s,'AE'
i,'AY',s,'AY'
with,'W IH DH',s,'IH'
i,'AY',s,'AY'
well,'W EH L',s,''
diverted,'D IH V ɐ R T IH D',s,'IH IH'
intents,'IH N T EH N T S',s,'IH'
thus,'DH ɤ S',s,''
she,'SH IY',s,'IY'
hath,'HH AE TH',s,'AE'
prevented,'P R IH V EH N T IH D',s,'IH IH'
what,'W AH T',s,''
angel,'EY N JH AH L',s,'EY'
shall,'SH AE L',s,'AE'
bless,'B L EH S',s,''
this,'DH IH S',s,'IH'
he,'HH IY',s,'IY'
cannot,'K AE N AA T',s,'AE AA'
thhrve,'TH R AY V',s,'AY'
unless,'ɤ N L e S',s,''
whom,'HH UW M',s,'UW'
heaven,'HH EH V AH N',s,''
to,'T UW',s,'UW'
and,'AH N D',s,''
to,'T UW',s,'UW'
grant,'G r AO N T',s,'AO'
him,'HH IH M',s,'IH'
from,'F R AH M',s,''
the,'DH AH',s,''
wrath,'R AE TH',s,'AE'
of,'AH V',s,''
greatest,'G r e T ǝ S T',s,''
rinaldo,'R IH N AA L D OW',s,'IH AA'
to,'T UW',s,'UW'
this,'DH IH S',s,'IH'
of,'AH V',s,''
his,'HH IH Z',s,'IH'
let,'L EH T',s,''
every,'e V r ǝ IH',s,'IH'
heavy,'e V ǝ IH',s,'IH'
of,'AH V',s,''
worth,'W AO R TH',s,'AO'
that,'DH AE T',s,'AE'
he,'HH IY',s,'IY'
does,'D AH Z',s,''
too,'T UW',s,'UW'
my,'M AY',s,'AY'
greatest,'G r e T ǝ S T',s,''
grief,'G R IY F',s,'IY'
he,'HH IY',s,'IY'
do,'D OW',s,''
feel,'F IY L',s,'IY'
it,'IH T',s,'IH'
set,'S EH T',s,''
down,'D ǝ UH N',s,'UH'
the,'DH AH',s,''
most,'M OW S T',s,''
when,'ʍ e N',s,''
haply,'AW P L ǝ IH',s,'IH'
he,'HH IY',s,'IY'
shall,'SH AE L',s,'AE'
that,'DH AE T',s,'AE'
she,'SH IY',s,'IY'
is,'IH Z',s,'IH'
he,'HH IY',s,'IY'
will,'W IH L',s,'IH'
return,'r IH T ɐ R N',s,'IH'
and,'AH N D',s,''
i,'AY',s,'AY'
that,'DH AE T',s,'AE'
she,'SH IY',s,'IY'
so,'S OW',s,''
will,'W IH L',s,'IH'
speed,'S P IY D',s,'IY'
foot,'F UH T',s,'UH'
again,'ǝ ɡ EH N',s,''
led,'L EH D',s,''
by,'B AY',s,'AY'
of,'AH V',s,''
them,'DH EH M',s,''
both,'B OW TH',s,''
is,'IH Z',s,'IH'
dearest,'D IY R ǝ S T',s,'IY'
to,'T UW',s,'UW'
me,'M IY',s,'IY'
i,'AY',s,'AY'
no,'N OW',s,''
skill,'S K IH L',s,'IH'
in,'IH N',s,'IH'
to,'T UW',s,'UW'
distinction,'D IH S T IH NG K SH AH N',s,'IH IH'
this,'DH IH S',s,'IH'
my,'M AY',s,'AY'
heart,'HH AA R T',s,'AA'
is,'IH Z',s,'IH'
heavy,'e V ǝ IH',s,'IH'
and,'AH N D',s,''
is,'IH Z',s,'IH'
weak,'W IY K',s,'IY'
grief,'G R IY F',s,'IY'
tears,'T EH R Z',s,''
and,'AH N D',s,''
bids,'B IH D Z',s,'IH'
me,'M IY',s,'IY'
speak,'S P IY K',s,'IY'
i,'AY',s,'AY'
i,'AY',s,'AY'
had,'HH AE D',s,'AE'
not,'N AA T',s,'AA'
him,'HH IH M',s,'IH'
it,'IH T',s,'IH'
was,'W AA Z',s,'AA'
the,'DH AH',s,''
death,'D EH TH',s,''
of,'AH V',s,''
the,'DH AH',s,''
most,'M OW S T',s,''
virtuous,'V ER CH UW AH S',s,'UW'
gentlewoman,'JH EH N T AH L W UH M AH N',s,'UH'
that,'DH AE T',s,'AE'
natre,'N EY CH ER',s,'EY'
had,'HH AE D',s,'AE'
for,'F AO R',s,'AO'
creating,'K r IY EH T IH N',s,'IY IH'
if,'IH F',s,'IH'
she,'SH IY',s,'IY'
had,'HH AE D',s,'AE'
of,'AH V',s,''
my,'M AY',s,'AY'
flesh,'F L EH SH',s,''
and,'AH N D',s,''
cost,'K AA S T',s,'AA'
me,'M IY',s,'IY'
the,'DH AH',s,''
dearest,'D IY R ǝ S T',s,'IY'
groans,'G r OW N Z',s,''
of,'AH V',s,''
a,'AH',s,''
i,'AY',s,'AY'
not,'N AA T',s,'AA'
a,'AH',s,''
rooted,'R UW T AH D',s,'UW'
so,'S OW',s,''
he,'HH IY',s,'IY'
is,'IH Z',s,'IH'
my,'M AY',s,'AY'
lord,'L AO R D',s,'AO'
himself,'HH IH M S EH L F',s,'IH'
sport,'S P AO R T',s,'AO'
out,'AW T',s,''
of,'AH V',s,''
him,'HH IH M',s,'IH'
by,'B AY',s,'AY'
his,'HH IH Z',s,'IH'
he,'HH IY',s,'IY'
remains,'r IH M EH N Z',s,'IH'
he,'HH IY',s,'IY'
thinks,'TH IH NG K S',s,'IH'
is,'IH Z',s,'IH'
a,'AH',s,''
patent,'P AW T ǝ N T',s,''
for,'F AO R',s,'AO'
his,'HH IH Z',s,'IH'
and,'AH N D',s,''
indeed,'IH N D IY D',s,'IH IY'
he,'HH IY',s,'IY'
no,'N OW',s,''
but,'B AH T',s,''
runs,'R AH N Z',s,''
he,'HH IY',s,'IY'
will,'W IH L',s,'IH'
with,'W IH DH',s,'IH'
very,'V EH R IY',s,'IY'
content,'K ǝ N T e N T',s,''
my,'M AY',s,'AY'
lord,'L AO R D',s,'AO'
and,'AH N D',s,''
i,'AY',s,'AY'
wish,'W IH SH',s,'IH'
it,'IH T',s,'IH'
effected,'IH F EH K T AH D',s,'IH'
it,'IH T',s,'IH'
me,'M IY',s,'IY'
that,'DH AE T',s,'AE'
i,'AY',s,'AY'
i,'AY',s,'AY'
shall,'SH AE L',s,'AE'
see,'S IY',s,'IY'
him,'HH IH M',s,'IH'
i,'AY',s,'AY'
i,'AY',s,'AY'
that,'DH AE T',s,'AE'
my,'M AY',s,'AY'
son,'S AO ̃',s,'AO'
will,'W IH L',s,'IH'
be,'B IY',s,'IY'
i,'AY',s,'AY'
shall,'SH AE L',s,'AE'
beseech,'B IY S IY CH',s,'IY IY'
your,'Y AO R',s,'AO'
to,'T UW',s,'UW'
remain,'r IH M EH N',s,'IH'
with,'W IH DH',s,'IH'
me,'M IY',s,'IY'
till,'T IH L',s,'IH'
meet,'M IY T',s,'IY'
you,'Y UW',s,'UW'
need,'N IY D',s,'IY'
but,'B AH T',s,''
plead,'P L IY D',s,'IY'
your,'Y AO R',s,'AO'
honorale,'AA N ER AH B AH L',s,'AA'
past,'P AW S T',s,''
my,'M AY',s,'AY'
and,'AH N D',s,''
i,'AY',s,'AY'
beseech,'B IY S IY CH',s,'IY IY'
your,'Y AO R',s,'AO'
majesty,'M AE JH AH S T IY',s,'AE IY'
to,'T UW',s,'UW'
it,'IH T',s,'IH'
of,'AH V',s,''
youth,'Y UW TH',s,'UW'
when,'ʍ e N',s,''
and,'AH N D',s,''
too,'T UW',s,'UW'
for,'F AO R',s,'AO'
it,'IH T',s,'IH'
and,'AH N D',s,''
on,'AA N',s,'AA'
better,'B e T ə R',s,''
than,'DH AE N',s,'AE'
the,'DH AH',s,''
o,'OW',s,''
dear,'D IY R',s,'IY'
heaven,'HH EH V AH N',s,''
bless,'B L EH S',s,''
or,'AO R',s,'AO'
meet,'M IY T',s,'IY'
in,'IH N',s,'IH'
me,'M IY',s,'IY'
o,'OW',s,''
natre,'N EY CH ER',s,'EY'
son,'S AO ̃',s,'AO'
on,'AA N',s,'AA'
my,'M AY',s,'AY'
i,'AY',s,'AY'
seen,'S IY N',s,'IY'
wear,'W EH R',s,''
it,'IH T',s,'IH'
and,'AH N D',s,''
she,'SH IY',s,'IY'
it,'IH T',s,'IH'
at,'AE T',s,'AE'
on,'AA N',s,'AA'
the,'DH AH',s,''
doers,'D UW ER Z',s,'UW'
he,'HH IY',s,'IY'
blushes,'B L ɤ SH IH Z',s,'IH'
and,'AH N D',s,''
of,'AH V',s,''
that,'DH AE T',s,'AE'
gem,'JH EH M',s,''
by,'B AY',s,'AY'
testament,'T EH S T AH M AH N T',s,''
to,'T UW',s,'UW'
hath,'HH AE TH',s,'AE'
it,'IH T',s,'IH'
been,'B IH N',s,'IH'
and,'AH N D',s,''
worn,'W AO R N',s,'AO'
this,'DH IH S',s,'IH'
is,'IH Z',s,'IH'
his,'HH IH Z',s,'IH'
that,'DH AE T',s,'AE'
a,'AH',s,''
proofs,'P R UW F S',s,'UW'
