the,'DH AH',s,''
and,'AH N D',s,''
by,'B AY',s,'AY'
ears,'IY R Z',s,'IY'
with,'W IH DH',s,'IH'
and,'AH N D',s,''
a,'AH',s,''
war,'W AO R',s,'AO'
most,'M OW S T',s,''
we,'W IY',s,'IY'
it,'IH T',s,'IH'
a,'AH',s,''
from,'F R AH M',s,''
our,'OW R',s,''
cousin,'K AH Z AH N',s,''
with,'W IH DH',s,'IH'
caution,'K AA SH AH N',s,'AA'
that,'DH AE T',s,'AE'
the,'DH AH',s,''
will,'W IH L',s,'IH'
us,'AH S',s,''
for,'F AO R',s,'AO'
aid,'EH D',s,''
wherein,'ʍ EH R IH N',s,'IH'
our,'OW R',s,''
dearest,'D IY R ǝ S T',s,'IY'
friend,'F R EH N D',s,''
the,'DH AH',s,''
and,'AH N D',s,''
seem,'S IY M',s,'IY'
to,'T UW',s,'UW'
us,'AH S',s,''
he,'HH IY',s,'IY'
hath,'HH AE TH',s,'AE'
our,'OW R',s,''
and,'AH N D',s,''
is,'IH Z',s,'IH'
he,'HH IY',s,'IY'
yet,'Y EH T',s,''
for,'F AO R',s,'AO'
our,'OW R',s,''
gentlemen,'JH EH N T AH L M IH N',s,'IH'
that,'DH AE T',s,'AE'
mean,'M IY N',s,'IY'
to,'T UW',s,'UW'
see,'S IY',s,'IY'
the,'DH AH',s,''
freely,'F R IY L IY',s,'IY IY'
to,'T UW',s,'UW'
stand,'S T AE N D',s,'AE'
on,'AA N',s,'AA'
either,'EH DH ǝ R',s,''
part,'P AA R T',s,'AA'
he,'HH IY',s,'IY'
youth,'Y UW TH',s,'UW'
thou,'DH AW',s,''
frank,'F R AE NG K',s,'AE'
natre,'N EY CH ER',s,'EY'
than,'DH AE N',s,'AE'
in,'IH N',s,'IH'
hate,'AW S T',s,''
hath,'HH AE TH',s,'AE'
well,'W EH L',s,''
composed,'K ǝ M P OW Z IH D',s,'IH'
thee,'DH IY',s,'IY'
moral,'M AO R AH L',s,'AO'
parts,'P AA R T S',s,'AA'
thou,'DH AW',s,''
inherit,'IH N HH EH R AH T',s,'IH'
too,'T UW',s,'UW'
to,'T UW',s,'UW'
paris,'P EH R IH S',s,'IH'
i,'AY',s,'AY'
i,'AY',s,'AY'
had,'HH AE D',s,'AE'
that,'DH AE T',s,'AE'
soundness,'S AW N D N AH S',s,''
as,'AE Z',s,'AE'
when,'ʍ e N',s,''
and,'AH N D',s,''
myself,'M AY S EH L F',s,'AY'
in,'IH N',s,'IH'
friendship,'F R EH N D SH IH P',s,'IH'
our,'OW R',s,''
he,'HH IY',s,'IY'
did,'D IH D',s,'IH'
look,'L UH K',s,'UH'
far,'F AA R',s,'AA'
into,'IH N T UW',s,'IH UW'
the,'DH AH',s,''
of,'AH V',s,''
the,'DH AH',s,''
and,'AH N D',s,''
was,'W AA Z',s,'AA'
of,'AH V',s,''
the,'DH AH',s,''
bravest,'B R EY V AH S T',s,'EY'
he,'HH IY',s,'IY'
lasted,'L AE S T AH D',s,'AE'
but,'B AH T',s,''
on,'AA N',s,'AA'
us,'AH S',s,''
both,'B OW TH',s,''
did,'D IH D',s,'IH'
steal,'S T IY L',s,'IY'
on,'AA N',s,'AA'
and,'AH N D',s,''
us,'AH S',s,''
out,'AW T',s,''
of,'AH V',s,''
act,'AE K T',s,'AE'
it,'IH T',s,'IH'
repairs,'R IH P EH R Z',s,'IH'
me,'M IY',s,'IY'
to,'T UW',s,'UW'
of,'AH V',s,''
your,'Y AO R',s,'AO'
good,'G UH D',s,'UH'
in,'IH N',s,'IH'
his,'HH IH Z',s,'IH'
youth,'Y UW TH',s,'UW'
he,'HH IY',s,'IY'
had,'HH AE D',s,'AE'
the,'DH AH',s,''
wit,'W IH T',s,'IH'
i,'AY',s,'AY'
can,'K AE N',s,'AE'
well,'W EH L',s,''
obseve,'AH B Z ER V',s,''
in,'IH N',s,'IH'
our,'OW R',s,''
lords,'L AO R D Z',s,'AO'
but,'B AH T',s,''
jest,'JH EH S T',s,''
till,'T IH L',s,'IH'
their,'DH EH R',s,''
return,'r IH T ɐ R N',s,'IH'
to,'T UW',s,'UW'
them,'DH EH M',s,''
can,'K AE N',s,'AE'
their,'DH EH R',s,''
levity,'L EH V IH T IY',s,'IH IY'
in,'IH N',s,'IH'
so,'S OW',s,''
a,'AH',s,''
courtier,'K AO R T IY ER',s,'AO IY'
nor,'N AO R',s,'AO'
wre,'W ER',s,''
in,'IH N',s,'IH'
his,'HH IH Z',s,'IH'
or,'AO R',s,'AO'
sharpness,'SH AA R P N AH S',s,'AA'
if,'IH F',s,'IH'
wre,'W ER',s,''
his,'HH IH Z',s,'IH'
had,'HH AE D',s,'AE'
them,'DH EH M',s,''
and,'AH N D',s,''
his,'HH IH Z',s,'IH'
clock,'K L AA K',s,'AA'
to,'T UW',s,'UW'
itself,'IH T S EH L F',s,'IH'
the,'DH AH',s,''
true,'T R UW',s,'UW'
when,'ʍ e N',s,''
bid,'B IH D',s,'IH'
him,'HH IH M',s,'IH'
speak,'S P IY K',s,'IY'
and,'AH N D',s,''
at,'AE T',s,'AE'
this,'DH IH S',s,'IH'
his,'HH IH Z',s,'IH'
his,'HH IH Z',s,'IH'
who,'HH UW',s,'UW'
wre,'W ER',s,''
him,'HH IH M',s,'IH'
he,'HH IY',s,'IY'
used,'Y UW Z D',s,'UW'
as,'AE Z',s,'AE'
of,'AH V',s,''
another,'ǝ N ɤ DH ǝ R',s,''
and,'AH N D',s,''
his,'HH IH Z',s,'IH'
top,'T AA P',s,'AA'
to,'T UW',s,'UW'
their,'DH EH R',s,''
ranks,'R AE NG K S',s,'AE'
them,'DH EH M',s,''
of,'AH V',s,''
his,'HH IH Z',s,'IH'
in,'IH N',s,'IH'
their,'DH EH R',s,''
poor,'P UH R',s,'UH'
he,'HH IY',s,'IY'
humbled,'HH AH M B AH L D',s,''
a,'AH',s,''
man,'M AE N',s,'AE'
be,'B IY',s,'IY'
a,'AH',s,''
copy,'K AA P IY',s,'AA IY'
to,'T UW',s,'UW'
well,'W EH L',s,''
them,'DH EH M',s,''
but,'B AH T',s,''
goers,'G OW ER Z',s,''
i,'AY',s,'AY'
wre,'W ER',s,''
with,'W IH DH',s,'IH'
him,'HH IH M',s,'IH'
he,'HH IY',s,'IY'
methinks,'M IH TH IH NG K S',s,'IH IH'
i,'AY',s,'AY'
him,'HH IH M',s,'IH'
his,'HH IH Z',s,'IH'
he,'HH IY',s,'IY'
scattered,'S K AW T ǝ R D',s,''
not,'N AA T',s,'AA'
in,'IH N',s,'IH'
ears,'IY R Z',s,'IY'
but,'B AH T',s,''
grafted,'G R AE F T IH D',s,'AE IH'
them,'DH EH M',s,''
to,'T UW',s,'UW'
and,'AH N D',s,''
to,'T UW',s,'UW'
bear,'B EH R',s,''
let,'L EH T',s,''
me,'M IY',s,'IY'
not,'N AA T',s,'AA'
this,'DH IH S',s,'IH'
his,'HH IH Z',s,'IH'
good,'G UH D',s,'UH'
oft,'AO F T',s,'AO'
began,'B IH G AE N',s,'IH AE'
on,'AA N',s,'AA'
the,'DH AH',s,''
and,'AH N D',s,''
of,'AH V',s,''
when,'ʍ e N',s,''
it,'IH T',s,'IH'
was,'W AA Z',s,'AA'
outlet,'AW T L EH T',s,''
me,'M IY',s,'IY'
not,'N AA T',s,'AA'
quoth,'K ɒ TH',s,''
he,'HH IY',s,'IY'
after,'AW F T ǝ R',s,''
my,'M AY',s,'AY'
to,'T UW',s,'UW'
be,'B IY',s,'IY'
the,'DH AH',s,''
snuff,'S N ɤ F',s,''
of,'AH V',s,''
spirits,'S P IH R AH T S',s,'IH'
appprehensve,'ˌ AW P r IH e N S IH V',s,'IH IH'
senses,'S EH N S IH Z',s,'IH'
all,'AA L',s,'AA'
but,'B AH T',s,''
disdain,'D IH S D EH N',s,'IH'
of,'AH V',s,''
their,'DH EH R',s,''
garments,'G AA R M AH N T S',s,'AA'
their,'DH EH R',s,''
fashions,'F AE SH AH N Z',s,'AE'
this,'DH IH S',s,'IH'
he,'HH IY',s,'IY'
wished,'W IH SH IH D',s,'IH IH'
i,'AY',s,'AY'
after,'AW F T ǝ R',s,''
him,'HH IH M',s,'IH'
do,'D OW',s,''
after,'AW F T ǝ R',s,''
him,'HH IH M',s,'IH'
wish,'W IH SH',s,'IH'
too,'T UW',s,'UW'
i,'AY',s,'AY'
nor,'N AO R',s,'AO'
nor,'N AO R',s,'AO'
can,'K AE N',s,'AE'
hme,'OW M',s,''
i,'AY',s,'AY'
wre,'W ER',s,''
from,'F R AH M',s,''
my,'M AY',s,'AY'
to,'T UW',s,'UW'
room,'R UW M',s,'UW'
i,'AY',s,'AY'
fill,'F IH L',s,'IH'
a,'AH',s,''
i,'AY',s,'AY'
is,'IH Z',s,'IH'
the,'DH AH',s,''
at,'AE T',s,'AE'
your,'Y AO R',s,'AO'
died,'D AY D',s,'AY'
he,'HH IY',s,'IY'
was,'W AA Z',s,'AA'
if,'IH F',s,'IH'
he,'HH IY',s,'IY'
wre,'W ER',s,''
i,'AY',s,'AY'
him,'HH IH M',s,'IH'
yet,'Y EH T',s,''
lend,'L EH N D',s,''
me,'M IY',s,'IY'
an,'AE N',s,'AE'
rest,'R EH S T',s,''
worn,'W AO R N',s,'AO'
me,'M IY',s,'IY'
out,'AW T',s,''
with,'W IH DH',s,'IH'
natre,'N EY CH ER',s,'EY'
and,'AH N D',s,''
it,'IH T',s,'IH'
at,'AE T',s,'AE'
their,'DH EH R',s,''
my,'M AY',s,'AY'
no,'N OW',s,''
dearer,'D IY r ǝ R',s,'IY'
lords,'L AO R D Z',s,'AO'
principles,'P R IH N S AH P AH L Z',s,'IH'
do,'D OW',s,''
not,'N AA T',s,'AA'
from,'F R AH M',s,''
you,'Y UW',s,'UW'
my,'M AY',s,'AY'
lords,'L AO R D Z',s,'AO'
the,'DH AH',s,''
you,'Y UW',s,'UW'
if,'IH F',s,'IH'
both,'B OW TH',s,''
gain,'G EH N',s,''
all,'AA L',s,'AA'
the,'DH AH',s,''
gift,'G IH F T',s,'IH'
doth,'D AO TH',s,'AO'
itself,'IH T S EH L F',s,'IH'
as,'AE Z',s,'AE'
and,'AH N D',s,''
is,'IH Z',s,'IH'
for,'F AO R',s,'AO'
both,'B OW TH',s,''
no,'N OW',s,''
no,'N OW',s,''
it,'IH T',s,'IH'
cannot,'K AE N AA T',s,'AE AA'
be,'B IY',s,'IY'
and,'AH N D',s,''
yet,'Y EH T',s,''
my,'M AY',s,'AY'
heart,'HH AA R T',s,'AA'
will,'W IH L',s,'IH'
not,'N AA T',s,'AA'
confess,'K AH N F EH S',s,''
he,'HH IY',s,'IY'
the,'DH AH',s,''
that,'DH AE T',s,'AE'
doth,'D AO TH',s,'AO'
my,'M AY',s,'AY'
lords,'L AO R D Z',s,'AO'
i,'AY',s,'AY'
or,'AO R',s,'AO'
be,'B IY',s,'IY'
you,'Y UW',s,'UW'
the,'DH AH',s,''
sons,'S AH N Z',s,''
of,'AH V',s,''
let,'L EH T',s,''
bated,'B EH T IH D',s,'IH'
that,'DH AE T',s,'AE'
inherit,'IH N HH EH R AH T',s,'IH'
but,'B AH T',s,''
the,'DH AH',s,''
fall,'F AA L',s,'AA'
of,'AH V',s,''
the,'DH AH',s,''
last,'L AE S T',s,'AE'
that,'DH AE T',s,'AE'
you,'Y UW',s,'UW'
not,'N AA T',s,'AA'
to,'T UW',s,'UW'
woo,'W UW',s,'UW'
but,'B AH T',s,''
to,'T UW',s,'UW'
wed,'W EH D',s,''
it,'IH T',s,'IH'
when,'ʍ e N',s,''
the,'DH AH',s,''
bravest,'B R EY V AH S T',s,'EY'
what,'W AH T',s,''
you,'Y UW',s,'UW'
seek,'S IY K',s,'IY'
that,'DH AE T',s,'AE'
you,'Y UW',s,'UW'
i,'AY',s,'AY'
of,'AH V',s,''
of,'AH V',s,''
them,'DH EH M',s,''
our,'OW R',s,''
french,'F R EH N CH',s,''
lack,'L AE K',s,'AE'
to,'T UW',s,'UW'
if,'IH F',s,'IH'
demand,'D IH M AW N D',s,'IH'
of,'AH V',s,''
being,'B IY IH NG',s,'IY IH'
you,'Y UW',s,'UW'
seve,'S ER V',s,''
to,'T UW',s,'UW'
me,'M IY',s,'IY'
fee,'F IY',s,'IY'
thee,'DH IY',s,'IY'
to,'T UW',s,'UW'
stand,'S T AE N D',s,'AE'
up,'AH P',s,''
i,'AY',s,'AY'
i,'AY',s,'AY'
had,'HH AE D',s,'AE'
so,'S OW',s,''
i,'AY',s,'AY'
had,'HH AE D',s,'AE'
and,'AH N D',s,''
thee,'DH IY',s,'IY'
for,'F AO R',s,'AO'
no,'N OW',s,''
what,'W AH T',s,''
is,'IH Z',s,'IH'
this,'DH IH S',s,'IH'
good,'G UH D',s,'UH'
in,'IH N',s,'IH'
the,'DH AH',s,''
that,'DH AE T',s,'AE'
we,'W IY',s,'IY'
with,'W IH DH',s,'IH'
thee,'DH IY',s,'IY'
spend,'S P EH N D',s,''
our,'OW R',s,''
wonder,'W ɤ N D ǝ R',s,''
too,'T UW',s,'UW'
or,'AO R',s,'AO'
off,'AO F',s,'AO'
by,'B AY',s,'AY'
thou,'DH AW',s,''
it,'IH T',s,'IH'
thus,'DH ɤ S',s,''
he,'HH IY',s,'IY'
his,'HH IH Z',s,'IH'
this,'DH IH S',s,'IH'
hate,'AW S T',s,''
hath,'HH AE TH',s,'AE'
indeed,'IH N D IY D',s,'IH IY'
fair,'F EH R',s,''
does,'D AH Z',s,''
your,'Y AO R',s,'AO'
us,'AH S',s,''
i,'AY',s,'AY'
him,'HH IH M',s,'IH'
we,'W IY',s,'IY'
thank,'TH AE NG K',s,'AE'
you,'Y UW',s,'UW'
maiden,'M EY D AH N',s,'EY'
but,'B AH T',s,''
not,'N AA T',s,'AA'
be,'B IY',s,'IY'
so,'S OW',s,''
credulous,'K R EH JH AH L AH S',s,''
of,'AH V',s,''
when,'ʍ e N',s,''
our,'OW R',s,''
most,'M OW S T',s,''
us,'AH S',s,''
and,'AH N D',s,''
the,'DH AH',s,''
congregated,'K AA NG G R IH G EY T IH D',s,'AA IH EY IH'
concluded,'K AH N K L UW D AH D',s,'UW'
that,'DH AE T',s,'AE'
art,'AA R T',s,'AA'
can,'K AE N',s,'AE'
never,'N e V ǝ R',s,''
ransom,'R AE N S AH M',s,'AE'
natre,'N EY CH ER',s,'EY'
from,'F R AH M',s,''
i,'AY',s,'AY'
we,'W IY',s,'IY'
must,'M AH S T',s,''
not,'N AA T',s,'AA'
so,'S OW',s,''
stain,'S T EH N',s,''
our,'OW R',s,''
or,'AO R',s,'AO'
corrupt,'K ǝ r ɤ P T',s,''
our,'OW R',s,''
to,'T UW',s,'UW'
our,'OW R',s,''
to,'T UW',s,'UW'
or,'AO R',s,'AO'
to,'T UW',s,'UW'
so,'S OW',s,''
our,'OW R',s,''
great,'G r e T',s,''
self,'S EH L F',s,''
and,'AH N D',s,''
our,'OW R',s,''
credit,'K R EH D AH T',s,''
to,'T UW',s,'UW'
esteem,'AH S T IY M',s,'IY'
a,'AH',s,''
when,'ʍ e N',s,''
past,'P AW S T',s,''
we,'W IY',s,'IY'
deem,'D IY M',s,'IY'
i,'AY',s,'AY'
cannot,'K AE N AA T',s,'AE AA'
thee,'DH IY',s,'IY'
less,'L EH S',s,''
to,'T UW',s,'UW'
be,'B IY',s,'IY'
thou,'DH AW',s,''
to,'T UW',s,'UW'
me,'M IY',s,'IY'
and,'AH N D',s,''
thanks,'TH AE NG K S',s,'AE'
i,'AY',s,'AY'
as,'AE Z',s,'AE'
near,'N IY R',s,'IY'
death,'D EH TH',s,''
to,'T UW',s,'UW'
that,'DH AE T',s,'AE'
wish,'W IH SH',s,'IH'
him,'HH IH M',s,'IH'
but,'B AH T',s,''
what,'W AH T',s,''
at,'AE T',s,'AE'
full,'F UH L',s,'UH'
i,'AY',s,'AY'
thou,'DH AW',s,''
no,'N OW',s,''
part,'P AA R T',s,'AA'
i,'AY',s,'AY'
all,'AA L',s,'AA'
my,'M AY',s,'AY'
peril,'P EH R AH L',s,''
thou,'DH AW',s,''
no,'N OW',s,''
art,'AA R T',s,'AA'
i,'AY',s,'AY'
must,'M AH S T',s,''
not,'N AA T',s,'AA'
thee,'DH IY',s,'IY'
thee,'DH IY',s,'IY'
well,'W EH L',s,''
maid,'M EY D',s,'EY'
pains,'P EH N Z',s,''
not,'N AA T',s,'AA'
used,'Y UW Z D',s,'UW'
must,'M AH S T',s,''
by,'B AY',s,'AY'
be,'B IY',s,'IY'
paid,'P EY D',s,'EY'
proffers,'P r ɒ F ǝ R Z',s,''
not,'N AA T',s,'AA'
took,'T UH K',s,'UH'
reap,'R IY P',s,'IY'
thanks,'TH AE NG K S',s,'AE'
for,'F AO R',s,'AO'
their,'DH EH R',s,''
reward,'r IH W AA R D',s,'IH AA'
art,'AA R T',s,'AA'
thou,'DH AW',s,''
so,'S OW',s,''
confident,'K AA N F AH D AH N T',s,'AA'
within,'W IH DH IH N',s,'IH IH'
what,'W AH T',s,''
thou,'DH AW',s,''
my,'M AY',s,'AY'
upon,'AH P AA N',s,'AA'
and,'AH N D',s,''
what,'W AH T',s,''
thou,'DH AW',s,''
methinks,'M IH TH IH NG K S',s,'IH IH'
in,'IH N',s,'IH'
thee,'DH IY',s,'IY'
spirit,'S P IH R AH T',s,'IH'
doth,'D AO TH',s,'AO'
speak,'S P IY K',s,'IY'
his,'HH IH Z',s,'IH'
within,'W IH DH IH N',s,'IH IH'
an,'AE N',s,'AE'
organ,'AO R G AH N',s,'AO'
weak,'W IY K',s,'IY'
and,'AH N D',s,''
what,'W AH T',s,''
impossibility,'IH M P AO S IH B IH L IH T IY',s,'IH AO IH IH IH IY'
in,'IH N',s,'IH'
common,'K AA M AH N',s,'AA'
another,'ǝ N ɤ DH ǝ R',s,''
is,'IH Z',s,'IH'
dear,'D IY R',s,'IY'
for,'F AO R',s,'AO'
all,'AA L',s,'AA'
that,'DH AE T',s,'AE'
can,'K AE N',s,'AE'
worth,'W AO R TH',s,'AO'
of,'AH V',s,''
in,'IH N',s,'IH'
thee,'DH IY',s,'IY'
hath,'HH AE TH',s,'AE'
youth,'Y UW TH',s,'UW'
wisdom,'W IH Z D AH M',s,'IH'
all,'AA L',s,'AA'
that,'DH AE T',s,'AE'
happiness,'HH AE P IY N AH S',s,'AE IY'
and,'AH N D',s,''
can,'K AE N',s,'AE'
call,'K AO L',s,'AO'
thou,'DH AW',s,''
this,'DH IH S',s,'IH'
to,'T UW',s,'UW'
needs,'N IY D Z',s,'IY'
must,'M AH S T',s,''
skill,'S K IH L',s,'IH'
or,'AO R',s,'AO'
desperte,'D EH S P R IH T',s,'IH'
sweet,'S W IY T',s,'IY'
i,'AY',s,'AY'
will,'W IH L',s,'IH'
that,'DH AE T',s,'AE'
ministers,'M IH N IH S T ǝ R Z',s,'IH IH'
death,'D EH TH',s,''
if,'IH F',s,'IH'
i,'AY',s,'AY'
demand,'D IH M AW N D',s,'IH'
by,'B AY',s,'AY'
my,'M AY',s,'AY'
and,'AH N D',s,''
my,'M AY',s,'AY'
of,'AH V',s,''
heaven,'HH EH V AH N',s,''
is,'IH Z',s,'IH'
my,'M AY',s,'AY'
the,'DH AH',s,''
premises,'P R EH M AH S AH Z',s,''
will,'W IH L',s,'IH'
by,'B AY',s,'AY'
my,'M AY',s,'AY'
performace,'P ER F AO R M AH N S',s,'AO'
shall,'SH AE L',s,'AE'
be,'B IY',s,'IY'
so,'S OW',s,''
the,'DH AH',s,''
of,'AH V',s,''
for,'F AO R',s,'AO'
i,'AY',s,'AY'
on,'AA N',s,'AA'
thee,'DH IY',s,'IY'
still,'S T IH L',s,'IH'
rely,'R IH L AY',s,'IH AY'
i,'AY',s,'AY'
thee,'DH IY',s,'IY'
and,'AH N D',s,''
i,'AY',s,'AY'
must,'M AH S T',s,''
to,'T UW',s,'UW'
not,'N AA T',s,'AA'
be,'B IY',s,'IY'
to,'T UW',s,'UW'
trust,'T r ɤ S T',s,''
from,'F R AH M',s,''
thou,'DH AW',s,''
tended,'T EH N D AH D',s,''
on,'AA N',s,'AA'
but,'B AH T',s,''
rest,'R EH S T',s,''
unquestioned,'AH N K W EH S CH AH N D',s,''
and,'AH N D',s,''
undoubted,'ɤ N D ǝ UH T IH D',s,'UH IH'
blessed,'B L e S IH D',s,'IH'
me,'M IY',s,'IY'
thou,'DH AW',s,''
proceed,'P R AH S IY D',s,'IY'
as,'AE Z',s,'AE'
as,'AE Z',s,'AE'
my,'M AY',s,'AY'
deed,'D IY D',s,'IY'
shall,'SH AE L',s,'AE'
deed,'D IY D',s,'IY'
go,'G OW',s,''
call,'K AO L',s,'AO'
me,'M IY',s,'IY'
all,'AA L',s,'AA'
the,'DH AH',s,''
lords,'L AO R D Z',s,'AO'
in,'IH N',s,'IH'
court,'K AO R T',s,'AO'
sit,'S IH T',s,'IH'
my,'M AY',s,'AY'
by,'B AY',s,'AY'
and,'AH N D',s,''
with,'W IH DH',s,'IH'
this,'DH IH S',s,'IH'
thou,'DH AW',s,''
hast,'HH AE S T',s,'AE'
a,'AH',s,''
second,'S EH K AH N D',s,''
the,'DH AH',s,''
of,'AH V',s,''
my,'M AY',s,'AY'
gift,'G IH F T',s,'IH'
but,'B AH T',s,''
attends,'AH T EH N D Z',s,''
fair,'F EH R',s,''
maid,'M EY D',s,'EY'
send,'S EH N D',s,''
forth,'F AO R TH',s,'AO'
this,'DH IH S',s,'IH'
parcel,'P AA R S ǝ L',s,'AA'
of,'AH V',s,''
stand,'S T AE N D',s,'AE'
at,'AE T',s,'AE'
my,'M AY',s,'AY'
whom,'HH UW M',s,'UW'
both,'B OW TH',s,''
and,'AH N D',s,''
i,'AY',s,'AY'
to,'T UW',s,'UW'
frank,'F R AE NG K',s,'AE'
election,'IH L EH K SH AH N',s,'IH'
thou,'DH AW',s,''
hast,'HH AE S T',s,'AE'
to,'T UW',s,'UW'
and,'AH N D',s,''
to,'T UW',s,'UW'
perse,'P ER UW Z',s,'UW'
them,'DH EH M',s,''
well,'W EH L',s,''
not,'N AA T',s,'AA'
of,'AH V',s,''
but,'B AH T',s,''
had,'HH AE D',s,'AE'
a,'AH',s,''
and,'AH N D',s,''
see,'S IY',s,'IY'
who,'HH UW',s,'UW'
shuns,'SH ɤ N Z',s,''
shuns,'SH ɤ N Z',s,''
all,'AA L',s,'AA'
his,'HH IH Z',s,'IH'
in,'IH N',s,'IH'
me,'M IY',s,'IY'
whhy,'ʍ ǝ IH',s,'IH'
then,'DH EH N',s,''
bertram,'B ɐ R T r ə M',s,''
thou,'DH AW',s,''
not,'N AA T',s,'AA'
bertram,'B ɐ R T r ə M',s,''
what,'W AH T',s,''
she,'SH IY',s,'IY'
for,'F AO R',s,'AO'
me,'M IY',s,'IY'
thou,'DH AW',s,''
she,'SH IY',s,'IY'
me,'M IY',s,'IY'
from,'F R AH M',s,''
my,'M AY',s,'AY'
bed,'B EH D',s,''
only,'OW N L IY',s,'IY'
thou,'DH AW',s,''
in,'IH N',s,'IH'
the,'DH AH',s,''
i,'AY',s,'AY'
can,'K AE N',s,'AE'
build,'B IH L D',s,'IH'
up,'AH P',s,''
is,'IH Z',s,'IH'
it,'IH T',s,'IH'
that,'DH AE T',s,'AE'
our,'OW R',s,''
bloods,'B L AH D Z',s,''
of,'AH V',s,''
and,'AH N D',s,''
all,'AA L',s,'AA'
confound,'K AA N F AW N D',s,'AA'
distinction,'D IH S T IH NG K SH AH N',s,'IH IH'
yet,'Y EH T',s,''
stands,'S T AE N D Z',s,'AE'
off,'AO F',s,'AO'
in,'IH N',s,'IH'
so,'S OW',s,''
mighty,'M ǝ IH T ǝ IH',s,'IH IH'
if,'IH F',s,'IH'
she,'SH IY',s,'IY'
be,'B IY',s,'IY'
all,'AA L',s,'AA'
that,'DH AE T',s,'AE'
is,'IH Z',s,'IH'
virtuous,'V ER CH UW AH S',s,'UW'
sve,'EH V',s,''
what,'W AH T',s,''
thou,'DH AW',s,''
a,'AH',s,''
poor,'P UH R',s,'UH'
of,'AH V',s,''
for,'F AO R',s,'AO'
the,'DH AH',s,''
but,'B AH T',s,''
do,'D OW',s,''
not,'N AA T',s,'AA'
so,'S OW',s,''
from,'F R AH M',s,''
virtuous,'V ER CH UW AH S',s,'UW'
proceed,'P R AH S IY D',s,'IY'
the,'DH AH',s,''
is,'IH Z',s,'IH'
by,'B AY',s,'AY'
deed,'D IY D',s,'IY'
great,'G r e T',s,''
additions,'AH D IH SH AH N Z',s,'IH'
swell,'S W EH L',s,''
's,'EH S',s,''
and,'AH N D',s,''
it,'IH T',s,'IH'
is,'IH Z',s,'IH'
a,'AH',s,''
good,'G UH D',s,'UH'
is,'IH Z',s,'IH'
good,'G UH D',s,'UH'
a,'AH',s,''
is,'IH Z',s,'IH'
so,'S OW',s,''
the,'DH AH',s,''
by,'B AY',s,'AY'
what,'W AH T',s,''
it,'IH T',s,'IH'
is,'IH Z',s,'IH'
go,'G OW',s,''
not,'N AA T',s,'AA'
by,'B AY',s,'AY'
the,'DH AH',s,''
she,'SH IY',s,'IY'
is,'IH Z',s,'IH'
fair,'F EH R',s,''
in,'IH N',s,'IH'
to,'T UW',s,'UW'
natre,'N EY CH ER',s,'EY'
and,'AH N D',s,''
breed,'B R IY D',s,'IY'
that,'DH AE T',s,'AE'
is,'IH Z',s,'IH'
challenges,'CH AE L AH N JH IH Z',s,'AE IH'
itself,'IH T S EH L F',s,'IH'
as,'AE Z',s,'AE'
born,'B AO R N',s,'AO'
and,'AH N D',s,''
is,'IH Z',s,'IH'
not,'N AA T',s,'AA'
the,'DH AH',s,''
thhrve,'TH R AY V',s,'AY'
when,'ʍ e N',s,''
from,'F R AH M',s,''
our,'OW R',s,''
acts,'AE K T S',s,'AE'
we,'W IY',s,'IY'
them,'DH EH M',s,''
than,'DH AE N',s,'AE'
our,'OW R',s,''
the,'DH AH',s,''
a,'AH',s,''
on,'AA N',s,'AA'
every,'e V r ǝ IH',s,'IH'
on,'AA N',s,'AA'
every,'e V r ǝ IH',s,'IH'
a,'AH',s,''
lying,'L ǝ IH IH N',s,'IH IH'
and,'AH N D',s,''
as,'AE Z',s,'AE'
oft,'AO F T',s,'AO'
is,'IH Z',s,'IH'
dust,'D AH S T',s,''
and,'AH N D',s,''
is,'IH Z',s,'IH'
the,'DH AH',s,''
of,'AH V',s,''
indeed,'IH N D IY D',s,'IH IY'
what,'W AH T',s,''
be,'B IY',s,'IY'
said,'S EH D',s,''
if,'IH F',s,'IH'
thou,'DH AW',s,''
this,'DH IH S',s,'IH'
creatre,'K R IY CH ER',s,'IY'
as,'AE Z',s,'AE'
a,'AH',s,''
maid,'M EY D',s,'EY'
i,'AY',s,'AY'
can,'K AE N',s,'AE'
the,'DH AH',s,''
rest,'R EH S T',s,''
and,'AH N D',s,''
she,'SH IY',s,'IY'
is,'IH Z',s,'IH'
and,'AH N D',s,''
wealth,'W EH L TH',s,''
from,'F R AH M',s,''
me,'M IY',s,'IY'
thou,'DH AW',s,''
if,'IH F',s,'IH'
thou,'DH AW',s,''
to,'T UW',s,'UW'
my,'M AY',s,'AY'
at,'AE T',s,'AE'
the,'DH AH',s,''
to,'T UW',s,'UW'
defeat,'D IH F EH T',s,'IH'
i,'AY',s,'AY'
must,'M AH S T',s,''
my,'M AY',s,'AY'
this,'DH IH S',s,'IH'
good,'G UH D',s,'UH'
gift,'G IH F T',s,'IH'
that,'DH AE T',s,'AE'
dost,'D AA S T',s,'AA'
in,'IH N',s,'IH'
misprision,'M IH S P R IH ZH AH N',s,'IH IH'
up,'AH P',s,''
my,'M AY',s,'AY'
and,'AH N D',s,''
desert,'D e Z ǝ R T',s,''
that,'DH AE T',s,'AE'
not,'N AA T',s,'AA'
dream,'D R IY M',s,'IY'
we,'W IY',s,'IY'
us,'AH S',s,''
in,'IH N',s,'IH'
shall,'SH AE L',s,'AE'
thee,'DH IY',s,'IY'
to,'T UW',s,'UW'
the,'DH AH',s,''
beam,'B IY M',s,'IY'
that,'DH AE T',s,'AE'
wilt,'W IH L T',s,'IH'
not,'N AA T',s,'AA'
it,'IH T',s,'IH'
is,'IH Z',s,'IH'
in,'IH N',s,'IH'
us,'AH S',s,''
to,'T UW',s,'UW'
plant,'P L AW N T',s,''
we,'W IY',s,'IY'
to,'T UW',s,'UW'
it,'IH T',s,'IH'
check,'CH EH K',s,''
our,'OW R',s,''
will,'W IH L',s,'IH'
travails,'T r AW V ǝ L Z',s,''
in,'IH N',s,'IH'
good,'G UH D',s,'UH'
not,'N AA T',s,'AA'
disdain,'D IH S D EH N',s,'IH'
but,'B AH T',s,''
presently,'P R EH Z AH N T L IY',s,'IY'
do,'D OW',s,''
that,'DH AE T',s,'AE'
both,'B OW TH',s,''
duty,'D UW T IY',s,'UW IY'
and,'AH N D',s,''
our,'OW R',s,''
claims,'K L EY M Z',s,'EY'
or,'AO R',s,'AO'
i,'AY',s,'AY'
will,'W IH L',s,'IH'
thee,'DH IY',s,'IY'
from,'F R AH M',s,''
my,'M AY',s,'AY'
into,'IH N T UW',s,'IH UW'
the,'DH AH',s,''
staggers,'S T AW G ǝ R Z',s,''
and,'AH N D',s,''
the,'DH AH',s,''
of,'AH V',s,''
youth,'Y UW TH',s,'UW'
and,'AH N D',s,''
ignorace,'IH G N ER AH N S',s,'IH'
both,'B OW TH',s,''
my,'M AY',s,'AY'
and,'AH N D',s,''
upon,'AH P AA N',s,'AA'
thee,'DH IY',s,'IY'
in,'IH N',s,'IH'
the,'DH AH',s,''
of,'AH V',s,''
all,'AA L',s,'AA'
terms,'T ɐ R M Z',s,''
of,'AH V',s,''
speak,'S P IY K',s,'IY'
by,'B AY',s,'AY'
the,'DH AH',s,''
and,'AH N D',s,''
tell,'T EH L',s,''
she,'SH IY',s,'IY'
is,'IH Z',s,'IH'
to,'T UW',s,'UW'
whom,'HH UW M',s,'UW'
i,'AY',s,'AY'
a,'AH',s,''
if,'IH F',s,'IH'
not,'N AA T',s,'AA'
to,'T UW',s,'UW'
a,'AH',s,''
good,'G UH D',s,'UH'
and,'AH N D',s,''
the,'DH AH',s,''
of,'AH V',s,''
the,'DH AH',s,''
upon,'AH P AA N',s,'AA'
this,'DH IH S',s,'IH'
contract,'K ǝ N T r AW K T',s,''
shall,'SH AE L',s,'AE'
seem,'S IY M',s,'IY'
on,'AA N',s,'AA'
the,'DH AH',s,''
brief,'B R IY F',s,'IY'
and,'AH N D',s,''
be,'B IY',s,'IY'
the,'DH AH',s,''
feast,'F e S T',s,''
shall,'SH AE L',s,'AE'
attend,'AH T EH N D',s,''
upon,'AH P AA N',s,'AA'
the,'DH AH',s,''
expecting,'IH K S P EH K T IH NG',s,'IH IH'
absent,'AE B S AH N T',s,'AE'
friends,'F R EH N D Z',s,''
as,'AE Z',s,'AE'
thou,'DH AW',s,''
to,'T UW',s,'UW'
me,'M IY',s,'IY'
does,'D AH Z',s,''
err,'EH R',s,''
we,'W IY',s,'IY'
lost,'L AO S T',s,'AO'
a,'AH',s,''
of,'AH V',s,''
and,'AH N D',s,''
our,'OW R',s,''
esteem,'AH S T IY M',s,'IY'
was,'W AA Z',s,'AA'
by,'B AY',s,'AY'
it,'IH T',s,'IH'
but,'B AH T',s,''
your,'Y AO R',s,'AO'
son,'S AO ̃',s,'AO'
as,'AE Z',s,'AE'
mad,'M AE D',s,'AE'
in,'IH N',s,'IH'
follly,'F ɒ L ǝ IH',s,'IH'
the,'DH AH',s,''
to,'T UW',s,'UW'
hme,'OW M',s,''
my,'M AY',s,'AY'
lady,'L EY D IY',s,'EY IY'
i,'AY',s,'AY'
forgiven,'F ǝ R G IH V ǝ N',s,'IH'
and,'AH N D',s,''
all,'AA L',s,'AA'
my,'M AY',s,'AY'
wre,'W ER',s,''
bent,'B EH N T',s,''
upon,'AH P AA N',s,'AA'
him,'HH IH M',s,'IH'
and,'AH N D',s,''
the,'DH AH',s,''
to,'T UW',s,'UW'
shoot,'SH UW T',s,'UW'
what,'W AH T',s,''
is,'IH Z',s,'IH'
lost,'L AO S T',s,'AO'
the,'DH AH',s,''
dear,'D IY R',s,'IY'
well,'W EH L',s,''
call,'K AO L',s,'AO'
him,'HH IH M',s,'IH'
we,'W IY',s,'IY'
and,'AH N D',s,''
the,'DH AH',s,''
view,'V Y UW',s,'UW'
shall,'SH AE L',s,'AE'
kill,'K IH L',s,'IH'
all,'AA L',s,'AA'
repetition,'R EH P AH T IH SH AH N',s,'IH'
let,'L EH T',s,''
him,'HH IH M',s,'IH'
not,'N AA T',s,'AA'
ask,'AW S K',s,''
our,'OW R',s,''
pardon,'P AA R D ǝ N',s,'AA'
the,'DH AH',s,''
natre,'N EY CH ER',s,'EY'
of,'AH V',s,''
his,'HH IH Z',s,'IH'
great,'G r e T',s,''
is,'IH Z',s,'IH'
dead,'D EH D',s,''
and,'AH N D',s,''
deeper,'D IY P ǝ R',s,'IY'
than,'DH AE N',s,'AE'
we,'W IY',s,'IY'
do,'D OW',s,''
relics,'R EH L IH K S',s,'IH'
of,'AH V',s,''
it,'IH T',s,'IH'
let,'L EH T',s,''
him,'HH IH M',s,'IH'
appproach,'ǝ P r OW T SH',s,''
a,'AH',s,''
no,'N OW',s,''
offender,'ǝ F e N D ǝ R',s,''
and,'AH N D',s,''
inform,'IH N F AO R M',s,'IH AO'
him,'HH IH M',s,'IH'
so,'S OW',s,''
our,'OW R',s,''
will,'W IH L',s,'IH'
he,'HH IY',s,'IY'
what,'W AH T',s,''
he,'HH IY',s,'IY'
to,'T UW',s,'UW'
your,'Y AO R',s,'AO'
you,'Y UW',s,'UW'
then,'DH EH N',s,''
shall,'SH AE L',s,'AE'
we,'W IY',s,'IY'
a,'AH',s,''
i,'AY',s,'AY'
sent,'S EH N T',s,''
me,'M IY',s,'IY'
that,'DH AE T',s,'AE'
sets,'S EH T S',s,''
him,'HH IH M',s,'IH'
in,'IH N',s,'IH'
i,'AY',s,'AY'
am,'AE M',s,'AE'
not,'N AA T',s,'AA'
a,'AH',s,''
of,'AH V',s,''
season,'S IY Z AH N',s,'IY'
for,'F AO R',s,'AO'
thou,'DH AW',s,''
see,'S IY',s,'IY'
a,'AH',s,''
and,'AH N D',s,''
a,'AH',s,''
hail,'HH EY L',s,'EY'
in,'IH N',s,'IH'
me,'M IY',s,'IY'
at,'AE T',s,'AE'
but,'B AH T',s,''
to,'T UW',s,'UW'
the,'DH AH',s,''
beams,'B IY M Z',s,'IY'
distracted,'D IH S T R AE K T AH D',s,'IH AE'
clouds,'K L AW D Z',s,''
so,'S OW',s,''
stand,'S T AE N D',s,'AE'
thou,'DH AW',s,''
forth,'F AO R TH',s,'AO'
the,'DH AH',s,''
is,'IH Z',s,'IH'
fair,'F EH R',s,''
again,'ǝ ɡ EH N',s,''
all,'AA L',s,'AA'
is,'IH Z',s,'IH'
not,'N AA T',s,'AA'
of,'AH V',s,''
the,'DH AH',s,''
the,'DH AH',s,''
instant,'IH N S T AH N T',s,'IH'
by,'B AY',s,'AY'
the,'DH AH',s,''
top,'T AA P',s,'AA'
for,'F AO R',s,'AO'
we,'W IY',s,'IY'
old,'OW L D',s,''
and,'AH N D',s,''
on,'AA N',s,'AA'
our,'OW R',s,''
decrees,'D IH K R IY Z',s,'IH IY'
and,'AH N D',s,''
foot,'F UH T',s,'UH'
of,'AH V',s,''
steals,'S T IY L Z',s,'IY'
we,'W IY',s,'IY'
can,'K AE N',s,'AE'
effect,'IH F EH K T',s,'IH'
them,'DH EH M',s,''
you,'Y UW',s,'UW'
the,'DH AH',s,''
of,'AH V',s,''
this,'DH IH S',s,'IH'
lord,'L AO R D',s,'AO'
well,'W EH L',s,''
that,'DH AE T',s,'AE'
thou,'DH AW',s,''
scores,'S K AO R Z',s,'AO'
from,'F R AH M',s,''
the,'DH AH',s,''
great,'G r e T',s,''
but,'B AH T',s,''
that,'DH AE T',s,'AE'
too,'T UW',s,'UW'
a,'AH',s,''
pardon,'P AA R D ǝ N',s,'AA'
to,'T UW',s,'UW'
the,'DH AH',s,''
great,'G r e T',s,''
turns,'T ɐ R N Z',s,''
a,'AH',s,''
sour,'S OW R',s,''
crying,'K r ǝ IH IH N',s,'IH IH'
good,'G UH D',s,'UH'
our,'OW R',s,''
rash,'R AE SH',s,'AE'
faults,'F AO L T S',s,'AO'
of,'AH V',s,''
we,'W IY',s,'IY'
not,'N AA T',s,'AA'
them,'DH EH M',s,''
until,'AH N T IH L',s,'IH'
we,'W IY',s,'IY'
their,'DH EH R',s,''
oft,'AO F T',s,'AO'
our,'OW R',s,''
to,'T UW',s,'UW'
unjust,'AH N JH AH S T',s,''
destroy,'D IH S T r ǝ IH',s,'IH IH'
our,'OW R',s,''
friends,'F R EH N D Z',s,''
and,'AH N D',s,''
after,'AW F T ǝ R',s,''
weep,'W IY P',s,'IY'
their,'DH EH R',s,''
dust,'D AH S T',s,''
our,'OW R',s,''
cries,'K R AY Z',s,'AY'
to,'T UW',s,'UW'
see,'S IY',s,'IY'
sleeps,'S L IY P S',s,'IY'
out,'AW T',s,''
the,'DH AH',s,''
be,'B IY',s,'IY'
this,'DH IH S',s,'IH'
sweet,'S W IY T',s,'IY'
and,'AH N D',s,''
send,'S EH N D',s,''
forth,'F AO R TH',s,'AO'
your,'Y AO R',s,'AO'
token,'T OW K ǝ N',s,''
for,'F AO R',s,'AO'
fair,'F EH R',s,''
maudlin,'M AO D L IH N',s,'AO IH'
the,'DH AH',s,''
main,'M EH N',s,''
consents,'K AH N S EH N T S',s,''
had,'HH AE D',s,'AE'
and,'AH N D',s,''
to,'T UW',s,'UW'
see,'S IY',s,'IY'
our,'OW R',s,''
second,'S EH K AH N D',s,''
you,'Y UW',s,'UW'
let,'L EH T',s,''
me,'M IY',s,'IY'
see,'S IY',s,'IY'
it,'IH T',s,'IH'
for,'F AO R',s,'AO'
i,'AY',s,'AY'
was,'W AA Z',s,'AA'
oft,'AO F T',s,'AO'
was,'W AA Z',s,'AA'
to,'T UW',s,'UW'
this,'DH IH S',s,'IH'
was,'W AA Z',s,'AA'
and,'AH N D',s,''
when,'ʍ e N',s,''
i,'AY',s,'AY'
it,'IH T',s,'IH'
helen,'HH EH L AH N',s,''
i,'AY',s,'AY'
if,'IH F',s,'IH'
stood,'S T UH D',s,'UH'
to,'T UW',s,'UW'
that,'DH AE T',s,'AE'
by,'B AY',s,'AY'
this,'DH IH S',s,'IH'
token,'T OW K ǝ N',s,''
i,'AY',s,'AY'
had,'HH AE D',s,'AE'
you,'Y UW',s,'UW'
that,'DH AE T',s,'AE'
craft,'K r AW F T',s,''
to,'T UW',s,'UW'
of,'AH V',s,''
what,'W AH T',s,''
stead,'S T EH D',s,''
most,'M OW S T',s,''
plutus,'P L UW T ǝ S',s,'UW'
himself,'HH IH M S EH L F',s,'IH'
that,'DH AE T',s,'AE'
the,'DH AH',s,''
and,'AH N D',s,''
hath,'HH AE TH',s,'AE'
not,'N AA T',s,'AA'
in,'IH N',s,'IH'
than,'DH AE N',s,'AE'
i,'AY',s,'AY'
in,'IH N',s,'IH'
this,'DH IH S',s,'IH'
whoever,'UW e V ǝ R',s,'UW'
it,'IH T',s,'IH'
you,'Y UW',s,'UW'
then,'DH EH N',s,''
if,'IH F',s,'IH'
you,'Y UW',s,'UW'
that,'DH AE T',s,'AE'
you,'Y UW',s,'UW'
well,'W EH L',s,''
acquainted,'AH K W EY N T IH D',s,'EY IH'
with,'W IH DH',s,'IH'
confess,'K AH N F EH S',s,''
and,'AH N D',s,''
by,'B AY',s,'AY'
what,'W AH T',s,''
you,'Y UW',s,'UW'
got,'G AA T',s,'AA'
it,'IH T',s,'IH'
from,'F R AH M',s,''
she,'SH IY',s,'IY'
the,'DH AH',s,''
saints,'S EY N T S',s,'EY'
to,'T UW',s,'UW'
surety,'SH UW R T ǝ IH',s,'UW IH'
that,'DH AE T',s,'AE'
she,'SH IY',s,'IY'
never,'N e V ǝ R',s,''
put,'P UH T',s,'UH'
it,'IH T',s,'IH'
from,'F R AH M',s,''
unless,'ɤ N L e S',s,''
she,'SH IY',s,'IY'
it,'IH T',s,'IH'
to,'T UW',s,'UW'
in,'IH N',s,'IH'
bed,'B EH D',s,''
you,'Y UW',s,'UW'
never,'N e V ǝ R',s,''
or,'AO R',s,'AO'
sent,'S EH N T',s,''
it,'IH T',s,'IH'
us,'AH S',s,''
upon,'AH P AA N',s,'AA'
great,'G r e T',s,''
disaster,'D IH S AW S T ǝ R',s,'IH'
thou,'DH AW',s,''
it,'IH T',s,'IH'
falsely,'F AA L S L ǝ IH',s,'AA IH'
as,'AE Z',s,'AE'
i,'AY',s,'AY'
and,'AH N D',s,''
conjectural,'K ǝ N D ZH e K T r AA L',s,'AA'
fears,'F IY R Z',s,'IY'
to,'T UW',s,'UW'
into,'IH N T UW',s,'IH UW'
me,'M IY',s,'IY'
i,'AY',s,'AY'
fain,'F EH N',s,''
shut,'SH AH T',s,''
out,'AW T',s,''
if,'IH F',s,'IH'
it,'IH T',s,'IH'
that,'DH AE T',s,'AE'
thou,'DH AW',s,''
art,'AA R T',s,'AA'
so,'S OW',s,''
not,'N AA T',s,'AA'
so,'S OW',s,''
and,'AH N D',s,''
yet,'Y EH T',s,''
i,'AY',s,'AY'
not,'N AA T',s,'AA'
thou,'DH AW',s,''
deadly,'D EH D L IY',s,'IY'
and,'AH N D',s,''
she,'SH IY',s,'IY'
is,'IH Z',s,'IH'
dead,'D EH D',s,''
but,'B AH T',s,''
to,'T UW',s,'UW'
myself,'M AY S EH L F',s,'AY'
win,'W IH N',s,'IH'
me,'M IY',s,'IY'
to,'T UW',s,'UW'
than,'DH AE N',s,'AE'
to,'T UW',s,'UW'
see,'S IY',s,'IY'
this,'DH IH S',s,'IH'
him,'HH IH M',s,'IH'
my,'M AY',s,'AY'
proofs,'P R UW F S',s,'UW'
the,'DH AH',s,''
matter,'M AW T ǝ R',s,''
fall,'F AA L',s,'AA'
shall,'SH AE L',s,'AE'
my,'M AY',s,'AY'
fears,'F IY R Z',s,'IY'
of,'AH V',s,''
vanity,'V AE N AH T IY',s,'AE IY'
vainly,'V EY N L IY',s,'EY IY'
too,'T UW',s,'UW'
with,'W IH DH',s,'IH'
him,'HH IH M',s,'IH'
sift,'S IH F T',s,'IH'
this,'DH IH S',s,'IH'
matter,'M AW T ǝ R',s,''
i,'AY',s,'AY'
am,'AE M',s,'AE'
in,'IH N',s,'IH'
dismal,'D IH Z M AA L',s,'IH AA'
upon,'AH P AA N',s,'AA'
his,'HH IH Z',s,'IH'
protestations,'P R OW T EH S T EY SH AH N Z',s,'EY'
to,'T UW',s,'UW'
marrry,'M AW r ǝ IH',s,'IH'
me,'M IY',s,'IY'
when,'ʍ e N',s,''
his,'HH IH Z',s,'IH'
was,'W AA Z',s,'AA'
dead,'D EH D',s,''
i,'AY',s,'AY'
blush,'B L ɤ SH',s,''
to,'T UW',s,'UW'
it,'IH T',s,'IH'
he,'HH IY',s,'IY'
won,'W ɤ N',s,''
me,'M IY',s,'IY'
is,'IH Z',s,'IH'
the,'DH AH',s,''
a,'AH',s,''
widower,'W IH D ǝ W ǝ R',s,'IH'
his,'HH IH Z',s,'IH'
vows,'V ǝ UH Z',s,'UH'
forfeited,'F AO R F IH T IH D',s,'AO IH IH'
to,'T UW',s,'UW'
me,'M IY',s,'IY'
and,'AH N D',s,''
my,'M AY',s,'AY'
paid,'P EY D',s,'EY'
to,'T UW',s,'UW'
him,'HH IH M',s,'IH'
he,'HH IY',s,'IY'
from,'F R AH M',s,''
no,'N OW',s,''
and,'AH N D',s,''
i,'AY',s,'AY'
him,'HH IH M',s,'IH'
to,'T UW',s,'UW'
his,'HH IH Z',s,'IH'
country,'K AH N T R IY',s,'IY'
for,'F AO R',s,'AO'
grant,'G r AO N T',s,'AO'
it,'IH T',s,'IH'
me,'M IY',s,'IY'
o,'OW',s,''
in,'IH N',s,'IH'
you,'Y UW',s,'UW'
it,'IH T',s,'IH'
best,'B EH S T',s,''
a,'AH',s,''
flourishes,'F L ɤ r IH SH IH Z',s,'IH IH'
and,'AH N D',s,''
a,'AH',s,''
poor,'P UH R',s,'UH'
maid,'M EY D',s,'EY'
is,'IH Z',s,'IH'
the,'DH AH',s,''
heavens,'HH EH V AH N Z',s,''
well,'W EH L',s,''
on,'AA N',s,'AA'
thee,'DH IY',s,'IY'
to,'T UW',s,'UW'
forth,'F AO R TH',s,'AO'
this,'DH IH S',s,'IH'
suitors,'SH UW T ǝ R Z',s,'UW'
go,'G OW',s,''
speedily,'S P IY D AH L IY',s,'IY IY'
and,'AH N D',s,''
again,'ǝ ɡ EH N',s,''
the,'DH AH',s,''
i,'AY',s,'AY'
am,'AE M',s,'AE'
the,'DH AH',s,''
of,'AH V',s,''
helen,'HH EH L AH N',s,''
lady,'L EY D IY',s,'EY IY'
was,'W AA Z',s,'AA'
i,'AY',s,'AY'
wonder,'W ɤ N D ǝ R',s,''
to,'T UW',s,'UW'
you,'Y UW',s,'UW'
and,'AH N D',s,''
that,'DH AE T',s,'AE'
you,'Y UW',s,'UW'
them,'DH EH M',s,''
as,'AE Z',s,'AE'
you,'Y UW',s,'UW'
swear,'S W EH R',s,''
them,'DH EH M',s,''
yet,'Y EH T',s,''
you,'Y UW',s,'UW'
to,'T UW',s,'UW'
marrry,'M AW r ǝ IH',s,'IH'
what,'W AH T',s,''
that,'DH AE T',s,'AE'
do,'D OW',s,''
you,'Y UW',s,'UW'
women,'W IH M AH N',s,'IH'
for,'F AO R',s,'AO'
my,'M AY',s,'AY'
you,'Y UW',s,'UW'
them,'DH EH M',s,''
ill,'IH L',s,'IH'
to,'T UW',s,'UW'
friend,'F R EH N D',s,''
till,'T IH L',s,'IH'
your,'Y AO R',s,'AO'
deeds,'D IY D Z',s,'IY'
gain,'G EH N',s,''
them,'DH EH M',s,''
fairer,'F EH R ǝ R',s,''
your,'Y AO R',s,'AO'
than,'DH AE N',s,'AE'
in,'IH N',s,'IH'
my,'M AY',s,'AY'
it,'IH T',s,'IH'
what,'W AH T',s,''
thou,'DH AW',s,''
to,'T UW',s,'UW'
you,'Y UW',s,'UW'
said,'S EH D',s,''
you,'Y UW',s,'UW'
in,'IH N',s,'IH'
court,'K AO R T',s,'AO'
witness,'W IH T N AH S',s,'IH'
it,'IH T',s,'IH'
him,'HH IH M',s,'IH'
and,'AH N D',s,''
him,'HH IH M',s,'IH'
she,'SH IY',s,'IY'
hath,'HH AE TH',s,'AE'
that,'DH AE T',s,'AE'
of,'AH V',s,''
yours,'Y UH R Z',s,'UH'
what,'W AH T',s,''
was,'W AA Z',s,'AA'
yours,'Y UH R Z',s,'UH'
i,'AY',s,'AY'
you,'Y UW',s,'UW'
you,'Y UW',s,'UW'
this,'DH IH S',s,'IH'
this,'DH IH S',s,'IH'
was,'W AA Z',s,'AA'
his,'HH IH Z',s,'IH'
of,'AH V',s,''
the,'DH AH',s,''
story,'S T AO R IY',s,'AO IY'
then,'DH EH N',s,''
goes,'G OW Z',s,''
you,'Y UW',s,'UW'
it,'IH T',s,'IH'
him,'HH IH M',s,'IH'
out,'AW T',s,''
of,'AH V',s,''
a,'AH',s,''
you,'Y UW',s,'UW'
every,'e V r ǝ IH',s,'IH'
starts,'S T AA R T S',s,'AA'
you,'Y UW',s,'UW'
is,'IH Z',s,'IH'
this,'DH IH S',s,'IH'
the,'DH AH',s,''
man,'M AE N',s,'AE'
you,'Y UW',s,'UW'
speak,'S P IY K',s,'IY'
of,'AH V',s,''
tell,'T EH L',s,''
me,'M IY',s,'IY'
tell,'T EH L',s,''
me,'M IY',s,'IY'
true,'T R UW',s,'UW'
i,'AY',s,'AY'
you,'Y UW',s,'UW'
not,'N AA T',s,'AA'
the,'DH AH',s,''
of,'AH V',s,''
your,'Y AO R',s,'AO'
master,'M AW S T ǝ R',s,''
on,'AA N',s,'AA'
your,'Y AO R',s,'AO'
keep,'K IY P',s,'IY'
off,'AO F',s,'AO'
by,'B AY',s,'AY'
him,'HH IH M',s,'IH'
and,'AH N D',s,''
by,'B AY',s,'AY'
this,'DH IH S',s,'IH'
woman,'W UH M AH N',s,'UH'
what,'W AH T',s,''
you,'Y UW',s,'UW'
to,'T UW',s,'UW'
did,'D IH D',s,'IH'
he,'HH IY',s,'IY'
this,'DH IH S',s,'IH'
woman,'W UH M AH N',s,'UH'
i,'AY',s,'AY'
you,'Y UW',s,'UW'
is,'IH Z',s,'IH'
that,'DH AE T',s,'AE'
as,'AE Z',s,'AE'
thou,'DH AW',s,''
art,'AA R T',s,'AA'
a,'AH',s,''
knve,'N EY V',s,'EY'
and,'AH N D',s,''
no,'N OW',s,''
knve,'N EY V',s,'EY'
what,'W AH T',s,''
an,'AE N',s,'AE'
is,'IH Z',s,'IH'
this,'DH IH S',s,'IH'
but,'B AH T',s,''
wilt,'W IH L T',s,'IH'
thou,'DH AW',s,''
not,'N AA T',s,'AA'
speak,'S P IY K',s,'IY'
all,'AA L',s,'AA'
thou,'DH AW',s,''
thou,'DH AW',s,''
hast,'HH AE S T',s,'AE'
spoken,'S P IY K ǝ N',s,'IY'
all,'AA L',s,'AA'
unless,'ɤ N L e S',s,''
thou,'DH AW',s,''
but,'B AH T',s,''
thou,'DH AW',s,''
art,'AA R T',s,'AA'
too,'T UW',s,'UW'
in,'IH N',s,'IH'
therefre,'DH EH R F AO R',s,'AO'
stand,'S T AE N D',s,'AE'
this,'DH IH S',s,'IH'
you,'Y UW',s,'UW'
was,'W AA Z',s,'AA'
yours,'Y UH R Z',s,'UH'
did,'D IH D',s,'IH'
you,'Y UW',s,'UW'
buy,'B ə IH',s,'IH'
it,'IH T',s,'IH'
or,'AO R',s,'AO'
who,'HH UW',s,'UW'
it,'IH T',s,'IH'
you,'Y UW',s,'UW'
who,'HH UW',s,'UW'
lent,'L EH N T',s,''
it,'IH T',s,'IH'
you,'Y UW',s,'UW'
did,'D IH D',s,'IH'
you,'Y UW',s,'UW'
it,'IH T',s,'IH'
then,'DH EH N',s,''
if,'IH F',s,'IH'
it,'IH T',s,'IH'
wre,'W ER',s,''
yours,'Y UH R Z',s,'UH'
by,'B AY',s,'AY'
of,'AH V',s,''
all,'AA L',s,'AA'
you,'Y UW',s,'UW'
it,'IH T',s,'IH'
him,'HH IH M',s,'IH'
this,'DH IH S',s,'IH'
was,'W AA Z',s,'AA'
i,'AY',s,'AY'
it,'IH T',s,'IH'
his,'HH IH Z',s,'IH'
i,'AY',s,'AY'
do,'D OW',s,''
not,'N AA T',s,'AA'
to,'T UW',s,'UW'
prison,'P R IH Z AH N',s,'IH'
with,'W IH DH',s,'IH'
and,'AH N D',s,''
with,'W IH DH',s,'IH'
him,'HH IH M',s,'IH'
unless,'ɤ N L e S',s,''
thou,'DH AW',s,''
me,'M IY',s,'IY'
thou,'DH AW',s,''
this,'DH IH S',s,'IH'
thou,'DH AW',s,''
within,'W IH DH IH N',s,'IH IH'
this,'DH IH S',s,'IH'
i,'AY',s,'AY'
think,'TH IH NG K',s,'IH'
thee,'DH IY',s,'IY'
common,'K AA M AH N',s,'AA'
customer,'K ɤ S T ǝ M ǝ R',s,''
hast,'HH AE S T',s,'AE'
thou,'DH AW',s,''
accused,'AH K Y UW Z D',s,'UW'
him,'HH IH M',s,'IH'
all,'AA L',s,'AA'
this,'DH IH S',s,'IH'
she,'SH IY',s,'IY'
does,'D AH Z',s,''
our,'OW R',s,''
ears,'IY R Z',s,'IY'
to,'T UW',s,'UW'
prison,'P R IH Z AH N',s,'IH'
with,'W IH DH',s,'IH'
is,'IH Z',s,'IH'
no,'N OW',s,''
exorcist,'EH K S ER S AH S T',s,''
the,'DH AH',s,''
of,'AH V',s,''
is,'IH Z',s,'IH'
that,'DH AE T',s,'AE'
i,'AY',s,'AY'
see,'S IY',s,'IY'
let,'L EH T',s,''
us,'AH S',s,''
from,'F R AH M',s,''
to,'T UW',s,'UW'
this,'DH IH S',s,'IH'
story,'S T AO R IY',s,'AO IY'
to,'T UW',s,'UW'
the,'DH AH',s,''
even,'IY V IH N',s,'IY IH'
truth,'T R UW TH',s,'UW'
in,'IH N',s,'IH'
pleasre,'P L EH ZH ER',s,''
if,'IH F',s,'IH'
thou,'DH AW',s,''
yet,'Y EH T',s,''
a,'AH',s,''
fresh,'F R EH SH',s,''
thou,'DH AW',s,''
and,'AH N D',s,''
for,'F AO R',s,'AO'
i,'AY',s,'AY'
can,'K AE N',s,'AE'
guess,'G EH S',s,''
that,'DH AE T',s,'AE'
by,'B AY',s,'AY'
aid,'EH D',s,''
thou,'DH AW',s,''
a,'AH',s,''
a,'AH',s,''
maid,'M EY D',s,'EY'
of,'AH V',s,''
that,'DH AE T',s,'AE'
and,'AH N D',s,''
all,'AA L',s,'AA'
the,'DH AH',s,''
progress,'P r OW G r e S',s,''
and,'AH N D',s,''
less,'L EH S',s,''
shall,'SH AE L',s,'AE'
all,'AA L',s,'AA'
yet,'Y EH T',s,''
seems,'S IY M Z',s,'IY'
well,'W EH L',s,''
and,'AH N D',s,''
if,'IH F',s,'IH'
it,'IH T',s,'IH'
end,'EH N D',s,''
so,'S OW',s,''
meet,'M IY T',s,'IY'
the,'DH AH',s,''
past,'P AW S T',s,''
is,'IH Z',s,'IH'
the,'DH AH',s,''
sweet,'S W IY T',s,'IY'
