my,'M AY',s,'AY'
and,'AH N D',s,''
in,'IH N',s,'IH'
hath,'HH AE TH',s,'AE'
not,'N AA T',s,'AA'
old,'OW L D',s,''
custom,'K AH S T AH M',s,''
this,'DH IH S',s,'IH'
sweet,'S W IY T',s,'IY'
than,'DH AE N',s,'AE'
that,'DH AE T',s,'AE'
of,'AH V',s,''
painted,'P EH N T IH D',s,'IH'
pomp,'P AA M P',s,'AA'
not,'N AA T',s,'AA'
woods,'W UH D Z',s,'UH'
free,'F R IY',s,'IY'
from,'F R AH M',s,''
peril,'P EH R AH L',s,''
than,'DH AE N',s,'AE'
the,'DH AH',s,''
court,'K AO R T',s,'AO'
feel,'F IY L',s,'IY'
we,'W IY',s,'IY'
not,'N AA T',s,'AA'
the,'DH AH',s,''
of,'AH V',s,''
adam,'AE D AH M',s,'AE'
the,'DH AH',s,''
as,'AE Z',s,'AE'
the,'DH AH',s,''
icy,'AY S IY',s,'AY IY'
and,'AH N D',s,''
of,'AH V',s,''
the,'DH AH',s,''
when,'ʍ e N',s,''
it,'IH T',s,'IH'
and,'AH N D',s,''
upon,'AH P AA N',s,'AA'
my,'M AY',s,'AY'
body,'B AA D IY',s,'AA IY'
even,'IY V IH N',s,'IY IH'
till,'T IH L',s,'IH'
i,'AY',s,'AY'
with,'W IH DH',s,'IH'
cold,'K OW L D',s,''
i,'AY',s,'AY'
and,'AH N D',s,''
this,'DH IH S',s,'IH'
is,'IH Z',s,'IH'
no,'N OW',s,''
that,'DH AE T',s,'AE'
me,'M IY',s,'IY'
what,'W AH T',s,''
i,'AY',s,'AY'
am,'AE M',s,'AE'
sweet,'S W IY T',s,'IY'
the,'DH AH',s,''
of,'AH V',s,''
the,'DH AH',s,''
toad,'T OW D',s,''
and,'AH N D',s,''
wears,'W EH R Z',s,''
yet,'Y EH T',s,''
a,'AH',s,''
precious,'P R EH SH AH S',s,''
in,'IH N',s,'IH'
his,'HH IH Z',s,'IH'
and,'AH N D',s,''
this,'DH IH S',s,'IH'
our,'OW R',s,''
from,'F R AH M',s,''
public,'P ɤ B L IH K',s,'IH'
in,'IH N',s,'IH'
trees,'T R IY Z',s,'IY'
books,'B UH K S',s,'UH'
in,'IH N',s,'IH'
the,'DH AH',s,''
brooks,'B R UH K S',s,'UH'
sermons,'S ɐ R M ǝ N Z',s,''
in,'IH N',s,'IH'
and,'AH N D',s,''
good,'G UH D',s,'UH'
in,'IH N',s,'IH'
everything,'e V r ǝ IH ˌ TH IH NG',s,'IH IH'
shall,'SH AE L',s,'AE'
we,'W IY',s,'IY'
go,'G OW',s,''
and,'AH N D',s,''
kill,'K IH L',s,'IH'
us,'AH S',s,''
venison,'V EH N AH S AH N',s,''
and,'AH N D',s,''
yet,'Y EH T',s,''
it,'IH T',s,'IH'
me,'M IY',s,'IY'
the,'DH AH',s,''
poor,'P UH R',s,'UH'
fools,'F UW L Z',s,'UW'
being,'B IY IH NG',s,'IY IH'
of,'AH V',s,''
this,'DH IH S',s,'IH'
desert,'D e Z ǝ R T',s,''
in,'IH N',s,'IH'
their,'DH EH R',s,''
with,'W IH DH',s,'IH'
heads,'HH EH D Z',s,''
their,'DH EH R',s,''
but,'B AH T',s,''
what,'W AH T',s,''
said,'S EH D',s,''
did,'D IH D',s,'IH'
he,'HH IY',s,'IY'
not,'N AA T',s,'AA'
this,'DH IH S',s,'IH'
and,'AH N D',s,''
did,'D IH D',s,'IH'
you,'Y UW',s,'UW'
him,'HH IH M',s,'IH'
in,'IH N',s,'IH'
this,'DH IH S',s,'IH'
me,'M IY',s,'IY'
the,'DH AH',s,''
i,'AY',s,'AY'
to,'T UW',s,'UW'
him,'HH IH M',s,'IH'
in,'IH N',s,'IH'
sullen,'S ɤ L ǝ N',s,''
fits,'F IH T S',s,'IH'
for,'F AO R',s,'AO'
then,'DH EH N',s,''
full,'F UH L',s,'UH'
of,'AH V',s,''
matter,'M AW T ǝ R',s,''
i,'AY',s,'AY'
think,'TH IH NG K',s,'IH'
he,'HH IY',s,'IY'
be,'B IY',s,'IY'
into,'IH N T UW',s,'IH UW'
a,'AH',s,''
beast,'B e S T',s,''
for,'F AO R',s,'AO'
i,'AY',s,'AY'
can,'K AE N',s,'AE'
him,'HH IH M',s,'IH'
a,'AH',s,''
man,'M AE N',s,'AE'
if,'IH F',s,'IH'
he,'HH IY',s,'IY'
compact,'K ǝ M P AW K T',s,''
of,'AH V',s,''
we,'W IY',s,'IY'
shall,'SH AE L',s,'AE'
shortly,'SH AO R T L IY',s,'AO IY'
in,'IH N',s,'IH'
the,'DH AH',s,''
go,'G OW',s,''
seek,'S IY K',s,'IY'
him,'HH IH M',s,'IH'
tell,'T EH L',s,''
him,'HH IH M',s,'IH'
i,'AY',s,'AY'
speak,'S P IY K',s,'IY'
with,'W IH DH',s,'IH'
him,'HH IH M',s,'IH'
whhy,'ʍ ǝ IH',s,'IH'
what,'W AH T',s,''
a,'AH',s,''
is,'IH Z',s,'IH'
this,'DH IH S',s,'IH'
that,'DH AE T',s,'AE'
your,'Y AO R',s,'AO'
poor,'P UH R',s,'UH'
friends,'F R EH N D Z',s,''
must,'M AH S T',s,''
woo,'W UW',s,'UW'
your,'Y AO R',s,'AO'
company,'K AH M P AH N IY',s,'IY'
what,'W AH T',s,''
you,'Y UW',s,'UW'
look,'L UH K',s,'UH'
merrily,'M EH R AH L IY',s,'IY'
what,'W AH T',s,''
fool,'F UH L',s,'UH'
is,'IH Z',s,'IH'
this,'DH IH S',s,'IH'
thou,'DH AW',s,''
shalt,'SH AE L T',s,'AE'
on,'AA N',s,'AA'
thee,'DH IY',s,'IY'
i,'AY',s,'AY'
can,'K AE N',s,'AE'
tell,'T EH L',s,''
what,'W AH T',s,''
thou,'DH AW',s,''
do,'D OW',s,''
most,'M OW S T',s,''
miscchievous,'M IH S CH AH V AH S',s,'IH'
sin,'S IH N',s,'IH'
in,'IH N',s,'IH'
sin,'S IH N',s,'IH'
for,'F AO R',s,'AO'
thou,'DH AW',s,''
hast,'HH AE S T',s,'AE'
been,'B IH N',s,'IH'
a,'AH',s,''
as,'AE Z',s,'AE'
as,'AE Z',s,'AE'
the,'DH AH',s,''
brutish,'B R UW T IH SH',s,'UW IH'
itself,'IH T S EH L F',s,'IH'
and,'AH N D',s,''
all,'AA L',s,'AA'
and,'AH N D',s,''
headed,'HH EH D AH D',s,''
evils,'IY V AH L Z',s,'IY'
that,'DH AE T',s,'AE'
thou,'DH AW',s,''
with,'W IH DH',s,'IH'
of,'AH V',s,''
free,'F R IY',s,'IY'
foot,'F UH T',s,'UH'
hast,'HH AE S T',s,'AE'
thou,'DH AW',s,''
into,'IH N T UW',s,'IH UW'
the,'DH AH',s,''
art,'AA R T',s,'AA'
thou,'DH AW',s,''
thus,'DH ɤ S',s,''
man,'M AE N',s,'AE'
by,'B AY',s,'AY'
distress,'D IH S T R EH S',s,'IH'
or,'AO R',s,'AO'
a,'AH',s,''
of,'AH V',s,''
good,'G UH D',s,'UH'
that,'DH AE T',s,'AE'
in,'IH N',s,'IH'
thou,'DH AW',s,''
so,'S OW',s,''
empty,'e M T ǝ IH',s,'IH'
what,'W AH T',s,''
you,'Y UW',s,'UW'
your,'Y AO R',s,'AO'
shall,'SH AE L',s,'AE'
than,'DH AE N',s,'AE'
your,'Y AO R',s,'AO'
us,'AH S',s,''
to,'T UW',s,'UW'
sit,'S IH T',s,'IH'
down,'D ǝ UH N',s,'UH'
and,'AH N D',s,''
feed,'F IY D',s,'IY'
and,'AH N D',s,''
to,'T UW',s,'UW'
our,'OW R',s,''
true,'T R UW',s,'UW'
is,'IH Z',s,'IH'
it,'IH T',s,'IH'
that,'DH AE T',s,'AE'
we,'W IY',s,'IY'
seen,'S IY N',s,'IY'
better,'B e T ə R',s,''
and,'AH N D',s,''
with,'W IH DH',s,'IH'
holy,'HH OW L IY',s,'IY'
bell,'B EH L',s,''
been,'B IH N',s,'IH'
to,'T UW',s,'UW'
and,'AH N D',s,''
sat,'S AE T',s,'AE'
at,'AE T',s,'AE'
good,'G UH D',s,'UH'
feasts,'F e S T S',s,''
and,'AH N D',s,''
wiped,'W ǝ IH P T',s,'IH'
our,'OW R',s,''
of,'AH V',s,''
drops,'D R AA P S',s,'AA'
that,'DH AE T',s,'AE'
sacred,'S EY K R AH D',s,'EY'
hath,'HH AE TH',s,'AE'
and,'AH N D',s,''
therefre,'DH EH R F AO R',s,'AO'
sit,'S IH T',s,'IH'
you,'Y UW',s,'UW'
down,'D ǝ UH N',s,'UH'
in,'IH N',s,'IH'
and,'AH N D',s,''
upon,'AH P AA N',s,'AA'
command,'K ǝ M AW N D',s,''
what,'W AH T',s,''
we,'W IY',s,'IY'
that,'DH AE T',s,'AE'
to,'T UW',s,'UW'
your,'Y AO R',s,'AO'
be,'B IY',s,'IY'
go,'G OW',s,''
him,'HH IH M',s,'IH'
out,'AW T',s,''
and,'AH N D',s,''
we,'W IY',s,'IY'
will,'W IH L',s,'IH'
till,'T IH L',s,'IH'
you,'Y UW',s,'UW'
return,'r IH T ɐ R N',s,'IH'
thou,'DH AW',s,''
we,'W IY',s,'IY'
not,'N AA T',s,'AA'
all,'AA L',s,'AA'
this,'DH IH S',s,'IH'
and,'AH N D',s,''
universal,'Y UW N AH V ER S AH L',s,'UW'
theater,'TH IY AH T ER',s,'IY'
presents,'P r IH Z e N T S',s,'IH'
woeful,'W OW F AH L',s,''
pageants,'P AE JH AH N T S',s,'AE'
than,'DH AE N',s,'AE'
the,'DH AH',s,''
wherein,'ʍ EH R IH N',s,'IH'
we,'W IY',s,'IY'
in,'IH N',s,'IH'
set,'S EH T',s,''
down,'D ǝ UH N',s,'UH'
your,'Y AO R',s,'AO'
burden,'B ɐ R DH ə N',s,''
and,'AH N D',s,''
let,'L EH T',s,''
him,'HH IH M',s,'IH'
feed,'F IY D',s,'IY'
fall,'F AA L',s,'AA'
to,'T UW',s,'UW'
i,'AY',s,'AY'
will,'W IH L',s,'IH'
not,'N AA T',s,'AA'
you,'Y UW',s,'UW'
as,'AE Z',s,'AE'
yet,'Y EH T',s,''
to,'T UW',s,'UW'
you,'Y UW',s,'UW'
your,'Y AO R',s,'AO'
us,'AH S',s,''
and,'AH N D',s,''
good,'G UH D',s,'UH'
cousin,'K AH Z AH N',s,''
if,'IH F',s,'IH'
that,'DH AE T',s,'AE'
you,'Y UW',s,'UW'
wre,'W ER',s,''
the,'DH AH',s,''
good,'G UH D',s,'UH'
son,'S AO ̃',s,'AO'
as,'AE Z',s,'AE'
you,'Y UW',s,'UW'
you,'Y UW',s,'UW'
wre,'W ER',s,''
and,'AH N D',s,''
as,'AE Z',s,'AE'
doth,'D AO TH',s,'AO'
his,'HH IH Z',s,'IH'
witness,'W IH T N AH S',s,'IH'
most,'M OW S T',s,''
and,'AH N D',s,''
in,'IH N',s,'IH'
your,'Y AO R',s,'AO'
be,'B IY',s,'IY'
i,'AY',s,'AY'
am,'AE M',s,'AE'
the,'DH AH',s,''
that,'DH AE T',s,'AE'
your,'Y AO R',s,'AO'
the,'DH AH',s,''
residue,'R EH Z AH D UW',s,'UW'
of,'AH V',s,''
your,'Y AO R',s,'AO'
go,'G OW',s,''
to,'T UW',s,'UW'
my,'M AY',s,'AY'
and,'AH N D',s,''
tell,'T EH L',s,''
old,'OW L D',s,''
man,'M AE N',s,'AE'
thou,'DH AW',s,''
art,'AA R T',s,'AA'
as,'AE Z',s,'AE'
master,'M AW S T ǝ R',s,''
is,'IH Z',s,'IH'
support,'S ǝ P AO R T',s,'AO'
him,'HH IH M',s,'IH'
by,'B AY',s,'AY'
the,'DH AH',s,''
arm,'AA R M',s,'AA'
me,'M IY',s,'IY'
your,'Y AO R',s,'AO'
and,'AH N D',s,''
let,'L EH T',s,''
me,'M IY',s,'IY'
all,'AA L',s,'AA'
your,'Y AO R',s,'AO'
dost,'D AA S T',s,'AA'
thou,'DH AW',s,''
orlando,'AO R L AW N D OW',s,'AO'
that,'DH AE T',s,'AE'
the,'DH AH',s,''
can,'K AE N',s,'AE'
do,'D OW',s,''
all,'AA L',s,'AA'
this,'DH IH S',s,'IH'
that,'DH AE T',s,'AE'
he,'HH IY',s,'IY'
hath,'HH AE TH',s,'AE'
that,'DH AE T',s,'AE'
i,'AY',s,'AY'
had,'HH AE D',s,'AE'
i,'AY',s,'AY'
to,'T UW',s,'UW'
with,'W IH DH',s,'IH'
i,'AY',s,'AY'
do,'D OW',s,''
in,'IH N',s,'IH'
this,'DH IH S',s,'IH'
of,'AH V',s,''
my,'M AY',s,'AY'
i,'AY',s,'AY'
him,'HH IH M',s,'IH'
very,'V EH R IY',s,'IY'
well,'W EH L',s,''
by,'B AY',s,'AY'
my,'M AY',s,'AY'
faith,'F EY TH',s,'EY'
he,'HH IY',s,'IY'
is,'IH Z',s,'IH'
very,'V EH R IY',s,'IY'
swift,'S W IH F T',s,'IH'
and,'AH N D',s,''
he,'HH IY',s,'IY'
his,'HH IH Z',s,'IH'
follly,'F ɒ L ǝ IH',s,'IH'
a,'AH',s,''
and,'AH N D',s,''
under,'ɤ N D ǝ R',s,''
the,'DH AH',s,''
of,'AH V',s,''
that,'DH AE T',s,'AE'
he,'HH IY',s,'IY'
shoots,'SH UW T S',s,'UW'
his,'HH IH Z',s,'IH'
wit,'W IH T',s,'IH'
if,'IH F',s,'IH'
be,'B IY',s,'IY'
truth,'T R UW TH',s,'UW'
in,'IH N',s,'IH'
you,'Y UW',s,'UW'
my,'M AY',s,'AY'
o,'OW',s,''
my,'M AY',s,'AY'
dear,'D IY R',s,'IY'
thou,'DH AW',s,''
art,'AA R T',s,'AA'
to,'T UW',s,'UW'
me,'M IY',s,'IY'
even,'IY V IH N',s,'IY IH'
in,'IH N',s,'IH'
no,'N OW',s,''
less,'L EH S',s,''
degree,'D IH G R IY',s,'IH IY'
man,'M AE N',s,'AE'
thou,'DH AW',s,''
fairly,'F EH R L IY',s,'IY'
to,'T UW',s,'UW'
to,'T UW',s,'UW'
his,'HH IH Z',s,'IH'
lands,'L AE N D Z',s,'AE'
and,'AH N D',s,''
to,'T UW',s,'UW'
the,'DH AH',s,''
a,'AH',s,''
land,'L AE N D',s,'AE'
itself,'IH T S EH L F',s,'IH'
at,'AE T',s,'AE'
a,'AH',s,''
potent,'P OW T ǝ N T',s,''
dukedom,'D Y UW K D ǝ M',s,'UW'
in,'IH N',s,'IH'
this,'DH IH S',s,'IH'
forest,'F AO R AH S T',s,'AO'
let,'L EH T',s,''
us,'AH S',s,''
do,'D OW',s,''
ends,'EH N D Z',s,''
that,'DH AE T',s,'AE'
wre,'W ER',s,''
well,'W EH L',s,''
begun,'B IH G AH N',s,'IH'
and,'AH N D',s,''
well,'W EH L',s,''
begot,'B IY G AO T',s,'IY AO'
and,'AH N D',s,''
after,'AW F T ǝ R',s,''
every,'e V r ǝ IH',s,'IH'
of,'AH V',s,''
this,'DH IH S',s,'IH'
that,'DH AE T',s,'AE'
endured,'e N D Y UW R D',s,'UW'
and,'AH N D',s,''
with,'W IH DH',s,'IH'
us,'AH S',s,''
shall,'SH AE L',s,'AE'
the,'DH AH',s,''
good,'G UH D',s,'UH'
of,'AH V',s,''
our,'OW R',s,''
to,'T UW',s,'UW'
the,'DH AH',s,''
of,'AH V',s,''
their,'DH EH R',s,''
this,'DH IH S',s,'IH'
dignity,'D IH G N AH T IY',s,'IH IY'
and,'AH N D',s,''
fall,'F AA L',s,'AA'
into,'IH N T UW',s,'IH UW'
our,'OW R',s,''
rustic,'R AH S T IH K',s,'IH'
you,'Y UW',s,'UW'
and,'AH N D',s,''
all,'AA L',s,'AA'
with,'W IH DH',s,'IH'
in,'IH N',s,'IH'
to,'T UW',s,'UW'
fall,'F AA L',s,'AA'
proceed,'P R AH S IY D',s,'IY'
proceed,'P R AH S IY D',s,'IY'
begin,'B IH G IH N',s,'IH IH'
as,'AE Z',s,'AE'
we,'W IY',s,'IY'
do,'D OW',s,''
trust,'T r ɤ S T',s,''
end,'EH N D',s,''
in,'IH N',s,'IH'
true,'T R UW',s,'UW'
