dear,'D IY R',s,'IY'
i,'AY',s,'AY'
mirth,'M ɐ R TH',s,''
than,'DH AE N',s,'AE'
i,'AY',s,'AY'
am,'AE M',s,'AE'
mistress,'M IH S T R AH S',s,'IH'
of,'AH V',s,''
and,'AH N D',s,''
you,'Y UW',s,'UW'
yet,'Y EH T',s,''
i,'AY',s,'AY'
wre,'W ER',s,''
unless,'ɤ N L e S',s,''
you,'Y UW',s,'UW'
teach,'T IY CH',s,'IY'
me,'M IY',s,'IY'
to,'T UW',s,'UW'
a,'AH',s,''
you,'Y UW',s,'UW'
must,'M AH S T',s,''
not,'N AA T',s,'AA'
me,'M IY',s,'IY'
to,'T UW',s,'UW'
pleasre,'P L EH ZH ER',s,''
well,'W EH L',s,''
i,'AY',s,'AY'
will,'W IH L',s,'IH'
the,'DH AH',s,''
condition,'K AH N D IH SH AH N',s,'IH'
of,'AH V',s,''
my,'M AY',s,'AY'
to,'T UW',s,'UW'
in,'IH N',s,'IH'
yours,'Y UH R Z',s,'UH'
from,'F R AH M',s,''
i,'AY',s,'AY'
will,'W IH L',s,'IH'
coz,'K AA Z',s,'AA'
and,'AH N D',s,''
sports,'S P AO R T S',s,'AO'
let,'L EH T',s,''
me,'M IY',s,'IY'
think,'TH IH NG K',s,'IH'
you,'Y UW',s,'UW'
of,'AH V',s,''
in,'IH N',s,'IH'
what,'W AH T',s,''
shall,'SH AE L',s,'AE'
be,'B IY',s,'IY'
our,'OW R',s,''
sport,'S P AO R T',s,'AO'
then,'DH EH N',s,''
i,'AY',s,'AY'
we,'W IY',s,'IY'
do,'D OW',s,''
so,'S OW',s,''
for,'F AO R',s,'AO'
mightily,'M ǝ IH T IH L ǝ IH',s,'IH IH IH'
and,'AH N D',s,''
the,'DH AH',s,''
woman,'W UH M AH N',s,'UH'
doth,'D AO TH',s,'AO'
most,'M OW S T',s,''
in,'IH N',s,'IH'
gifts,'G IH F T S',s,'IH'
to,'T UW',s,'UW'
women,'W IH M AH N',s,'IH'
thou,'DH AW',s,''
goest,'G OW S T',s,''
from,'F R AH M',s,''
to,'T UW',s,'UW'
in,'IH N',s,'IH'
gifts,'G IH F T S',s,'IH'
of,'AH V',s,''
the,'DH AH',s,''
not,'N AA T',s,'AA'
in,'IH N',s,'IH'
the,'DH AH',s,''
of,'AH V',s,''
natre,'N EY CH ER',s,'EY'
indeed,'IH N D IY D',s,'IH IY'
is,'IH Z',s,'IH'
too,'T UW',s,'UW'
for,'F AO R',s,'AO'
natre,'N EY CH ER',s,'EY'
when,'ʍ e N',s,''
the,'DH AH',s,''
of,'AH V',s,''
wit,'W IH T',s,'IH'
you,'Y UW',s,'UW'
that,'DH AE T',s,'AE'
oath,'OW TH',s,''
fool,'F UH L',s,'UH'
marrry,'M AW r ǝ IH',s,'IH'
your,'Y AO R',s,'AO'
wisdom,'W IH Z D AH M',s,'IH'
with,'W IH DH',s,'IH'
his,'HH IH Z',s,'IH'
full,'F UH L',s,'UH'
of,'AH V',s,''
then,'DH EH N',s,''
shall,'SH AE L',s,'AE'
we,'W IY',s,'IY'
be,'B IY',s,'IY'
as,'AE Z',s,'AE'
wit,'W IH T',s,'IH'
and,'AH N D',s,''
will,'W IH L',s,'IH'
thou,'DH AW',s,''
old,'OW L D',s,''
smell,'S M EH L',s,''
yet,'Y EH T',s,''
tell,'T EH L',s,''
us,'AH S',s,''
the,'DH AH',s,''
of,'AH V',s,''
the,'DH AH',s,''
with,'W IH DH',s,'IH'
on,'AA N',s,'AA'
their,'DH EH R',s,''
be,'B IY',s,'IY'
it,'IH T',s,'IH'
unto,'AH N T UW',s,'UW'
all,'AA L',s,'AA'
men,'M EH N',s,''
by,'B AY',s,'AY'
presents,'P r IH Z e N T S',s,'IH'
alas,'AH L AE S',s,'AE'
but,'B AH T',s,''
is,'IH Z',s,'IH'
to,'T UW',s,'UW'
see,'S IY',s,'IY'
this,'DH IH S',s,'IH'
broken,'B R OW K AH N',s,''
in,'IH N',s,'IH'
his,'HH IH Z',s,'IH'
is,'IH Z',s,'IH'
yet,'Y EH T',s,''
another,'ǝ N ɤ DH ǝ R',s,''
upon,'AH P AA N',s,'AA'
shall,'SH AE L',s,'AE'
we,'W IY',s,'IY'
see,'S IY',s,'IY'
this,'DH IH S',s,'IH'
cousin,'K AH Z AH N',s,''
is,'IH Z',s,'IH'
the,'DH AH',s,''
man,'M AE N',s,'AE'
my,'M AY',s,'AY'
so,'S OW',s,''
you,'Y UW',s,'UW'
us,'AH S',s,''
man,'M AE N',s,'AE'
you,'Y UW',s,'UW'
the,'DH AH',s,''
do,'D OW',s,''
your,'Y AO R',s,'AO'
shall,'SH AE L',s,'AE'
not,'N AA T',s,'AA'
therefre,'DH EH R F AO R',s,'AO'
be,'B IY',s,'IY'
we,'W IY',s,'IY'
will,'W IH L',s,'IH'
it,'IH T',s,'IH'
our,'OW R',s,''
suit,'SH UW T',s,'UW'
to,'T UW',s,'UW'
the,'DH AH',s,''
that,'DH AE T',s,'AE'
the,'DH AH',s,''
not,'N AA T',s,'AA'
go,'G OW',s,''
the,'DH AH',s,''
strength,'S T R EH NG K TH',s,''
that,'DH AE T',s,'AE'
i,'AY',s,'AY'
i,'AY',s,'AY'
it,'IH T',s,'IH'
wre,'W ER',s,''
with,'W IH DH',s,'IH'
you,'Y UW',s,'UW'
you,'Y UW',s,'UW'
well,'W EH L',s,''
heaven,'HH EH V AH N',s,''
i,'AY',s,'AY'
be,'B IY',s,'IY'
in,'IH N',s,'IH'
you,'Y UW',s,'UW'
be,'B IY',s,'IY'
speed,'S P IY D',s,'IY'
man,'M AE N',s,'AE'
o,'OW',s,''
man,'M AE N',s,'AE'
my,'M AY',s,'AY'
as,'AE Z',s,'AE'
his,'HH IH Z',s,'IH'
soul,'S OW L',s,''
and,'AH N D',s,''
all,'AA L',s,'AA'
the,'DH AH',s,''
was,'W AA Z',s,'AA'
of,'AH V',s,''
my,'M AY',s,'AY'
had,'HH AE D',s,'AE'
i,'AY',s,'AY'
this,'DH IH S',s,'IH'
man,'M AE N',s,'AE'
his,'HH IH Z',s,'IH'
son,'S AO ̃',s,'AO'
i,'AY',s,'AY'
given,'G IH V AH N',s,'IH'
him,'HH IH M',s,'IH'
tears,'T EH R Z',s,''
unto,'AH N T UW',s,'UW'
entreaties,'EH N T R IY T IY Z',s,'IY IY'
he,'HH IY',s,'IY'
thus,'DH ɤ S',s,''
gentleman,'JH EH N T AH L M AH N',s,''
wear,'W EH R',s,''
this,'DH IH S',s,'IH'
for,'F AO R',s,'AO'
out,'AW T',s,''
of,'AH V',s,''
suits,'SH UW T S',s,'UW'
with,'W IH DH',s,'IH'
that,'DH AE T',s,'AE'
but,'B AH T',s,''
that,'DH AE T',s,'AE'
means,'M IY N Z',s,'IY'
shall,'SH AE L',s,'AE'
we,'W IY',s,'IY'
go,'G OW',s,''
coz,'K AA Z',s,'AA'
he,'HH IY',s,'IY'
us,'AH S',s,''
back,'B AE K',s,'AE'
my,'M AY',s,'AY'
fell,'F EH L',s,''
with,'W IH DH',s,'IH'
my,'M AY',s,'AY'
ask,'AW S K',s,''
him,'HH IH M',s,'IH'
what,'W AH T',s,''
he,'HH IY',s,'IY'
you,'Y UW',s,'UW'
call,'K AO L',s,'AO'
you,'Y UW',s,'UW'
well,'W EH L',s,''
and,'AH N D',s,''
than,'DH AE N',s,'AE'
your,'Y AO R',s,'AO'
enemies,'EH N AH M IY Z',s,'IY'
with,'W IH DH',s,'IH'
you,'Y UW',s,'UW'
you,'Y UW',s,'UW'
well,'W EH L',s,''
not,'N AA T',s,'AA'
to,'T UW',s,'UW'
at,'AE T',s,'AE'
a,'AH',s,''
dog,'D AO G',s,'AO'
then,'DH EH N',s,''
wre,'W ER',s,''
cousins,'K AH Z AH N Z',s,''
laid,'L EH D',s,''
up,'AH P',s,''
when,'ʍ e N',s,''
the,'DH AH',s,''
be,'B IY',s,'IY'
with,'W IH DH',s,'IH'
reasons,'r EH Z ǝ N Z',s,''
and,'AH N D',s,''
the,'DH AH',s,''
mad,'M AE D',s,'AE'
no,'N OW',s,''
of,'AH V',s,''
it,'IH T',s,'IH'
is,'IH Z',s,'IH'
for,'F AO R',s,'AO'
my,'M AY',s,'AY'
o,'OW',s,''
full,'F UH L',s,'UH'
of,'AH V',s,''
is,'IH Z',s,'IH'
this,'DH IH S',s,'IH'
i,'AY',s,'AY'
them,'DH EH M',s,''
off,'AO F',s,'AO'
my,'M AY',s,'AY'
coat,'K OW T',s,''
in,'IH N',s,'IH'
my,'M AY',s,'AY'
heart,'HH AA R T',s,'AA'
i,'AY',s,'AY'
if,'IH F',s,'IH'
i,'AY',s,'AY'
and,'AH N D',s,''
him,'HH IH M',s,'IH'
o,'OW',s,''
the,'DH AH',s,''
part,'P AA R T',s,'AA'
of,'AH V',s,''
a,'AH',s,''
better,'B e T ə R',s,''
than,'DH AE N',s,'AE'
myself,'M AY S EH L F',s,'AY'
the,'DH AH',s,''
my,'M AY',s,'AY'
his,'HH IH Z',s,'IH'
dearly,'D IH R L IY',s,'IH IY'
no,'N OW',s,''
faith,'F EY TH',s,'EY'
him,'HH IH M',s,'IH'
not,'N AA T',s,'AA'
for,'F AO R',s,'AO'
my,'M AY',s,'AY'
let,'L EH T',s,''
me,'M IY',s,'IY'
him,'HH IH M',s,'IH'
for,'F AO R',s,'AO'
that,'DH AE T',s,'AE'
and,'AH N D',s,''
do,'D OW',s,''
you,'Y UW',s,'UW'
him,'HH IH M',s,'IH'
i,'AY',s,'AY'
do,'D OW',s,''
look,'L UH K',s,'UH'
the,'DH AH',s,''
me,'M IY',s,'IY'
i,'AY',s,'AY'
do,'D OW',s,''
beseech,'B IY S IY CH',s,'IY IY'
your,'Y AO R',s,'AO'
let,'L EH T',s,''
me,'M IY',s,'IY'
the,'DH AH',s,''
of,'AH V',s,''
my,'M AY',s,'AY'
fault,'F AO L T',s,'AO'
bear,'B EH R',s,''
with,'W IH DH',s,'IH'
me,'M IY',s,'IY'
if,'IH F',s,'IH'
with,'W IH DH',s,'IH'
myself,'M AY S EH L F',s,'AY'
i,'AY',s,'AY'
or,'AO R',s,'AO'
with,'W IH DH',s,'IH'
desires,'D IH Z ǝ IH R Z',s,'IH IH'
if,'IH F',s,'IH'
that,'DH AE T',s,'AE'
i,'AY',s,'AY'
do,'D OW',s,''
not,'N AA T',s,'AA'
dream,'D R IY M',s,'IY'
or,'AO R',s,'AO'
be,'B IY',s,'IY'
not,'N AA T',s,'AA'
frantic,'F R AE N T IH K',s,'AE IH'
as,'AE Z',s,'AE'
i,'AY',s,'AY'
do,'D OW',s,''
trust,'T r ɤ S T',s,''
i,'AY',s,'AY'
am,'AE M',s,'AE'
dear,'D IY R',s,'IY'
never,'N e V ǝ R',s,''
so,'S OW',s,''
as,'AE Z',s,'AE'
in,'IH N',s,'IH'
a,'AH',s,''
unborn,'ɤ N B AO R N',s,'AO'
did,'D IH D',s,'IH'
i,'AY',s,'AY'
offend,'AH F EH N D',s,''
your,'Y AO R',s,'AO'
yet,'Y EH T',s,''
your,'Y AO R',s,'AO'
mistrust,'M IH S T r ɤ S T',s,'IH'
cannot,'K AE N AA T',s,'AE AA'
me,'M IY',s,'IY'
a,'AH',s,''
tell,'T EH L',s,''
me,'M IY',s,'IY'
the,'DH AH',s,''
likelihood,'L ǝ IH K L IH ˌ UH D',s,'IH IH UH'
depends,'D IH P EH N D Z',s,'IH'
so,'S OW',s,''
was,'W AA Z',s,'AA'
i,'AY',s,'AY'
when,'ʍ e N',s,''
your,'Y AO R',s,'AO'
took,'T UH K',s,'UH'
his,'HH IH Z',s,'IH'
dukedom,'D Y UW K D ǝ M',s,'UW'
so,'S OW',s,''
was,'W AA Z',s,'AA'
i,'AY',s,'AY'
when,'ʍ e N',s,''
your,'Y AO R',s,'AO'
him,'HH IH M',s,'IH'
treason,'T R IY Z AH N',s,'IY'
is,'IH Z',s,'IH'
not,'N AA T',s,'AA'
inherited,'IH N HH EH R AH T IH D',s,'IH IH'
my,'M AY',s,'AY'
lord,'L AO R D',s,'AO'
or,'AO R',s,'AO'
if,'IH F',s,'IH'
we,'W IY',s,'IY'
did,'D IH D',s,'IH'
it,'IH T',s,'IH'
from,'F R AH M',s,''
our,'OW R',s,''
friends,'F R EH N D Z',s,''
that,'DH AE T',s,'AE'
to,'T UW',s,'UW'
me,'M IY',s,'IY'
my,'M AY',s,'AY'
was,'W AA Z',s,'AA'
no,'N OW',s,''
then,'DH EH N',s,''
good,'G UH D',s,'UH'
my,'M AY',s,'AY'
me,'M IY',s,'IY'
not,'N AA T',s,'AA'
so,'S OW',s,''
to,'T UW',s,'UW'
think,'TH IH NG K',s,'IH'
my,'M AY',s,'AY'
is,'IH Z',s,'IH'
i,'AY',s,'AY'
that,'DH AE T',s,'AE'
he,'HH IY',s,'IY'
hath,'HH AE TH',s,'AE'
not,'N AA T',s,'AA'
whhy,'ʍ ǝ IH',s,'IH'
shall,'SH AE L',s,'AE'
we,'W IY',s,'IY'
go,'G OW',s,''
alas,'AH L AE S',s,'AE'
what,'W AH T',s,''
will,'W IH L',s,'IH'
it,'IH T',s,'IH'
be,'B IY',s,'IY'
to,'T UW',s,'UW'
us,'AH S',s,''
maids,'M EY D Z',s,'EY'
as,'AE Z',s,'AE'
we,'W IY',s,'IY'
to,'T UW',s,'UW'
travel,'T R AE V AH L',s,'AE'
forth,'F AO R TH',s,'AO'
so,'S OW',s,''
far,'F AA R',s,'AA'
sooner,'S UW N ǝ R',s,'UW'
than,'DH AE N',s,'AE'
gold,'G OW L D',s,''
wre,'W ER',s,''
it,'IH T',s,'IH'
not,'N AA T',s,'AA'
better,'B e T ə R',s,''
that,'DH AE T',s,'AE'
i,'AY',s,'AY'
am,'AE M',s,'AE'
than,'DH AE N',s,'AE'
common,'K AA M AH N',s,'AA'
tall,'T AO L',s,'AO'
that,'DH AE T',s,'AE'
i,'AY',s,'AY'
did,'D IH D',s,'IH'
suit,'SH UW T',s,'UW'
me,'M IY',s,'IY'
all,'AA L',s,'AA'
a,'AH',s,''
man,'M AE N',s,'AE'
a,'AH',s,''
gallant,'G AE L AH N T',s,'AE'
upon,'AH P AA N',s,'AA'
my,'M AY',s,'AY'
a,'AH',s,''
in,'IH N',s,'IH'
my,'M AY',s,'AY'
and,'AH N D',s,''
in,'IH N',s,'IH'
my,'M AY',s,'AY'
heart,'HH AA R T',s,'AA'
what,'W AH T',s,''
hidden,'HH IH D AH N',s,'IH'
fear,'F IY R',s,'IY'
will,'W IH L',s,'IH'
a,'AH',s,''
and,'AH N D',s,''
a,'AH',s,''
martial,'M AA R SH AH L',s,'AA'
as,'AE Z',s,'AE'
that,'DH AE T',s,'AE'
do,'D OW',s,''
it,'IH T',s,'IH'
with,'W IH DH',s,'IH'
their,'DH EH R',s,''
no,'N OW',s,''
a,'AH',s,''
than,'DH AE N',s,'AE'
and,'AH N D',s,''
therefre,'DH EH R F AO R',s,'AO'
look,'L UH K',s,'UH'
you,'Y UW',s,'UW'
call,'K AO L',s,'AO'
me,'M IY',s,'IY'
but,'B AH T',s,''
what,'W AH T',s,''
will,'W IH L',s,'IH'
you,'Y UW',s,'UW'
be,'B IY',s,'IY'
but,'B AH T',s,''
cousin,'K AH Z AH N',s,''
what,'W AH T',s,''
if,'IH F',s,'IH'
we,'W IY',s,'IY'
to,'T UW',s,'UW'
steal,'S T IY L',s,'IY'
the,'DH AH',s,''
fool,'F UH L',s,'UH'
out,'AW T',s,''
of,'AH V',s,''
your,'Y AO R',s,'AO'
court,'K AO R T',s,'AO'
he,'HH IY',s,'IY'
not,'N AA T',s,'AA'
be,'B IY',s,'IY'
a,'AH',s,''
comfort,'K ɤ M F ǝ R T',s,''
to,'T UW',s,'UW'
our,'OW R',s,''
travel,'T R AE V AH L',s,'AE'
o,'OW',s,''
my,'M AY',s,'AY'
spirits,'S P IH R AH T S',s,'IH'
i,'AY',s,'AY'
in,'IH N',s,'IH'
my,'M AY',s,'AY'
heart,'HH AA R T',s,'AA'
to,'T UW',s,'UW'
my,'M AY',s,'AY'
apparel,'AH P AE R AH L',s,'AE'
and,'AH N D',s,''
to,'T UW',s,'UW'
a,'AH',s,''
woman,'W UH M AH N',s,'UH'
but,'B AH T',s,''
i,'AY',s,'AY'
must,'M AH S T',s,''
comfort,'K ɤ M F ǝ R T',s,''
the,'DH AH',s,''
vessel,'V EH S AH L',s,''
as,'AE Z',s,'AE'
doublet,'D ɤ B L IH T',s,'IH'
and,'AH N D',s,''
to,'T UW',s,'UW'
itself,'IH T S EH L F',s,'IH'
to,'T UW',s,'UW'
therefre,'DH EH R F AO R',s,'AO'
good,'G UH D',s,'UH'
well,'W EH L',s,''
this,'DH IH S',s,'IH'
is,'IH Z',s,'IH'
the,'DH AH',s,''
forest,'F AO R AH S T',s,'AO'
of,'AH V',s,''
arden,'AA R D ǝ N',s,'AA'
be,'B IY',s,'IY'
so,'S OW',s,''
good,'G UH D',s,'UH'
touchhstne,'T AH CH S T OW N',s,''
look,'L UH K',s,'UH'
you,'Y UW',s,'UW'
who,'HH UW',s,'UW'
a,'AH',s,''
man,'M AE N',s,'AE'
and,'AH N D',s,''
an,'AE N',s,'AE'
old,'OW L D',s,''
in,'IH N',s,'IH'
alas,'AH L AE S',s,'AE'
poor,'P UH R',s,'UH'
searching,'S ɐ R T SH IH N',s,'IH'
of,'AH V',s,''
i,'AY',s,'AY'
by,'B AY',s,'AY'
adventre,'ǝ V e N T ǝ R',s,''
thou,'DH AW',s,''
than,'DH AE N',s,'AE'
thou,'DH AW',s,''
art,'AA R T',s,'AA'
of,'AH V',s,''
this,'DH IH S',s,'IH'
passion,'P AE SH AH N',s,'AE'
is,'IH Z',s,'IH'
upon,'AH P AA N',s,'AA'
my,'M AY',s,'AY'
fashion,'F AE SH AH N',s,'AE'
fool,'F UH L',s,'UH'
not,'N AA T',s,'AA'
kinsman,'K IH N Z M AE N',s,'IH AE'
i,'AY',s,'AY'
good,'G UH D',s,'UH'
even,'IY V IH N',s,'IY IH'
to,'T UW',s,'UW'
you,'Y UW',s,'UW'
friend,'F R EH N D',s,''
i,'AY',s,'AY'
prithee,'P r e DH IY',s,'IY'
if,'IH F',s,'IH'
that,'DH AE T',s,'AE'
or,'AO R',s,'AO'
gold,'G OW L D',s,''
can,'K AE N',s,'AE'
in,'IH N',s,'IH'
this,'DH IH S',s,'IH'
desert,'D e Z ǝ R T',s,''
buy,'B ə IH',s,'IH'
us,'AH S',s,''
we,'W IY',s,'IY'
rest,'R EH S T',s,''
and,'AH N D',s,''
feed,'F IY D',s,'IY'
a,'AH',s,''
maid,'M EY D',s,'EY'
with,'W IH DH',s,'IH'
travel,'T R AE V AH L',s,'AE'
and,'AH N D',s,''
faints,'F EH N T S',s,''
for,'F AO R',s,'AO'
what,'W AH T',s,''
is,'IH Z',s,'IH'
he,'HH IY',s,'IY'
that,'DH AE T',s,'AE'
shall,'SH AE L',s,'AE'
buy,'B ə IH',s,'IH'
his,'HH IH Z',s,'IH'
flock,'F L AA K',s,'AA'
and,'AH N D',s,''
pastre,'P AE S CH ER',s,'AE'
i,'AY',s,'AY'
thee,'DH IY',s,'IY'
if,'IH F',s,'IH'
it,'IH T',s,'IH'
stand,'S T AE N D',s,'AE'
with,'W IH DH',s,'IH'
buy,'B ə IH',s,'IH'
thou,'DH AW',s,''
the,'DH AH',s,''
pastre,'P AE S CH ER',s,'AE'
and,'AH N D',s,''
the,'DH AH',s,''
flock,'F L AA K',s,'AA'
and,'AH N D',s,''
thou,'DH AW',s,''
shalt,'SH AE L T',s,'AE'
to,'T UW',s,'UW'
for,'F AO R',s,'AO'
it,'IH T',s,'IH'
of,'AH V',s,''
us,'AH S',s,''
from,'F R AH M',s,''
the,'DH AH',s,''
east,'e S T',s,''
to,'T UW',s,'UW'
western,'W e S T ǝ R N',s,''
no,'N OW',s,''
is,'IH Z',s,'IH'
worth,'W AO R TH',s,'AO'
being,'B IY IH NG',s,'IY IH'
on,'AA N',s,'AA'
the,'DH AH',s,''
all,'AA L',s,'AA'
the,'DH AH',s,''
bears,'B EH R Z',s,''
all,'AA L',s,'AA'
the,'DH AH',s,''
fairest,'F EH R ǝ S T',s,''
but,'B AH T',s,''
black,'B L AE K',s,'AE'
to,'T UW',s,'UW'
let,'L EH T',s,''
no,'N OW',s,''
be,'B IY',s,'IY'
kept,'K EH P T',s,''
in,'IH N',s,'IH'
but,'B AH T',s,''
the,'DH AH',s,''
fair,'F EH R',s,''
of,'AH V',s,''
out,'AW T',s,''
fool,'F UH L',s,'UH'
you,'Y UW',s,'UW'
dull,'D ɤ L',s,''
fool,'F UH L',s,'UH'
i,'AY',s,'AY'
them,'DH EH M',s,''
on,'AA N',s,'AA'
a,'AH',s,''
tree,'T R IY',s,'IY'
graft,'G R AE F T',s,'AE'
it,'IH T',s,'IH'
with,'W IH DH',s,'IH'
you,'Y UW',s,'UW'
and,'AH N D',s,''
then,'DH EH N',s,''
i,'AY',s,'AY'
shall,'SH AE L',s,'AE'
graft,'G R AE F T',s,'AE'
it,'IH T',s,'IH'
with,'W IH DH',s,'IH'
a,'AH',s,''
then,'DH EH N',s,''
it,'IH T',s,'IH'
will,'W IH L',s,'IH'
be,'B IY',s,'IY'
the,'DH AH',s,''
earliest,'ER L IY AH S T',s,'IY'
fruit,'F R UW T',s,'UW'
country,'K AH N T R IY',s,'IY'
for,'F AO R',s,'AO'
be,'B IY',s,'IY'
rotten,'R AA T AH N',s,'AA'
you,'Y UW',s,'UW'
be,'B IY',s,'IY'
and,'AH N D',s,''
the,'DH AH',s,''
of,'AH V',s,''
the,'DH AH',s,''
my,'M AY',s,'AY'
stand,'S T AE N D',s,'AE'
o,'OW',s,''
most,'M OW S T',s,''
what,'W AH T',s,''
homily,'ɒ M IH L ǝ IH',s,'IH IH'
of,'AH V',s,''
you,'Y UW',s,'UW'
wearied,'W IH R IY D',s,'IH IY'
your,'Y AO R',s,'AO'
withal,'W IH DH AA L',s,'IH AA'
and,'AH N D',s,''
never,'N e V ǝ R',s,''
good,'G UH D',s,'UH'
o,'OW',s,''
yes,'Y IH S',s,'IH'
i,'AY',s,'AY'
them,'DH EH M',s,''
all,'AA L',s,'AA'
and,'AH N D',s,''
too,'T UW',s,'UW'
for,'F AO R',s,'AO'
of,'AH V',s,''
them,'DH EH M',s,''
had,'HH AE D',s,'AE'
in,'IH N',s,'IH'
them,'DH EH M',s,''
feet,'F IY T',s,'IY'
than,'DH AE N',s,'AE'
the,'DH AH',s,''
verses,'V ɐ R S IH Z',s,'IH'
bear,'B EH R',s,''
but,'B AH T',s,''
the,'DH AH',s,''
feet,'F IY T',s,'IY'
wre,'W ER',s,''
and,'AH N D',s,''
not,'N AA T',s,'AA'
bear,'B EH R',s,''
the,'DH AH',s,''
and,'AH N D',s,''
therefre,'DH EH R F AO R',s,'AO'
stood,'S T UH D',s,'UH'
in,'IH N',s,'IH'
the,'DH AH',s,''
i,'AY',s,'AY'
was,'W AA Z',s,'AA'
seven,'S EH V AH N',s,''
of,'AH V',s,''
the,'DH AH',s,''
out,'AW T',s,''
of,'AH V',s,''
the,'DH AH',s,''
wonder,'W ɤ N D ǝ R',s,''
you,'Y UW',s,'UW'
for,'F AO R',s,'AO'
look,'L UH K',s,'UH'
what,'W AH T',s,''
i,'AY',s,'AY'
on,'AA N',s,'AA'
a,'AH',s,''
tree,'T R IY',s,'IY'
i,'AY',s,'AY'
was,'W AA Z',s,'AA'
never,'N e V ǝ R',s,''
so,'S OW',s,''
that,'DH AE T',s,'AE'
i,'AY',s,'AY'
was,'W AA Z',s,'AA'
an,'AE N',s,'AE'
irish,'AY R IH SH',s,'AY IH'
rat,'R AE T',s,'AE'
i,'AY',s,'AY'
can,'K AE N',s,'AE'
hardly,'HH AA R D L IY',s,'AA IY'
is,'IH Z',s,'IH'
it,'IH T',s,'IH'
a,'AH',s,''
man,'M AE N',s,'AE'
i,'AY',s,'AY'
prithee,'P r e DH IY',s,'IY'
who,'HH UW',s,'UW'
but,'B AH T',s,''
who,'HH UW',s,'UW'
is,'IH Z',s,'IH'
it,'IH T',s,'IH'
i,'AY',s,'AY'
prithee,'P r e DH IY',s,'IY'
with,'W IH DH',s,'IH'
most,'M OW S T',s,''
vehemece,'V IY AH M AH N S',s,'IY'
tell,'T EH L',s,''
me,'M IY',s,'IY'
who,'HH UW',s,'UW'
it,'IH T',s,'IH'
is,'IH Z',s,'IH'
good,'G UH D',s,'UH'
my,'M AY',s,'AY'
dost,'D AA S T',s,'AA'
thou,'DH AW',s,''
think,'TH IH NG K',s,'IH'
i,'AY',s,'AY'
am,'AE M',s,'AE'
a,'AH',s,''
man,'M AE N',s,'AE'
i,'AY',s,'AY'
a,'AH',s,''
doublet,'D ɤ B L IH T',s,'IH'
and,'AH N D',s,''
in,'IH N',s,'IH'
my,'M AY',s,'AY'
disposition,'D IH S P AH Z IH SH AH N',s,'IH IH'
inch,'IH N CH',s,'IH'
of,'AH V',s,''
is,'IH Z',s,'IH'
a,'AH',s,''
sea,'S IY',s,'IY'
of,'AH V',s,''
discovery,'D IH S K AH V ER IY',s,'IH IY'
i,'AY',s,'AY'
prithee,'P r e DH IY',s,'IY'
tell,'T EH L',s,''
me,'M IY',s,'IY'
who,'HH UW',s,'UW'
is,'IH Z',s,'IH'
it,'IH T',s,'IH'
and,'AH N D',s,''
speak,'S P IY K',s,'IY'
i,'AY',s,'AY'
thou,'DH AW',s,''
stammer,'S T AW M ǝ R',s,''
that,'DH AE T',s,'AE'
thou,'DH AW',s,''
pour,'P UW R',s,'UW'
this,'DH IH S',s,'IH'
man,'M AE N',s,'AE'
out,'AW T',s,''
of,'AH V',s,''
as,'AE Z',s,'AE'
out,'AW T',s,''
of,'AH V',s,''
a,'AH',s,''
narrow-mouthed,'N AW r ǝ - ˌ M ǝ UH DH D',s,'UH'
too,'T UW',s,'UW'
at,'AE T',s,'AE'
or,'AO R',s,'AO'
at,'AE T',s,'AE'
all,'AA L',s,'AA'
i,'AY',s,'AY'
prithee,'P r e DH IY',s,'IY'
the,'DH AH',s,''
cork,'K ɒ R K',s,''
out,'AW T',s,''
of,'AH V',s,''
that,'DH AE T',s,'AE'
i,'AY',s,'AY'
drink,'D R IH NG K',s,'IH'
tidings,'T ǝ IH D IH N Z',s,'IH IH'
is,'IH Z',s,'IH'
he,'HH IY',s,'IY'
of,'AH V',s,''
what,'W AH T',s,''
of,'AH V',s,''
man,'M AE N',s,'AE'
is,'IH Z',s,'IH'
his,'HH IH Z',s,'IH'
worth,'W AO R TH',s,'AO'
a,'AH',s,''
or,'AO R',s,'AO'
his,'HH IH Z',s,'IH'
chin,'CH IH N',s,'IH'
worth,'W AO R TH',s,'AO'
a,'AH',s,''
beard,'B EH R D',s,''
whhy,'ʍ ǝ IH',s,'IH'
god,'G AA D',s,'AA'
will,'W IH L',s,'IH'
send,'S EH N D',s,''
if,'IH F',s,'IH'
the,'DH AH',s,''
man,'M AE N',s,'AE'
will,'W IH L',s,'IH'
be,'B IY',s,'IY'
thankful,'TH AE NG K F AH L',s,'AE'
let,'L EH T',s,''
me,'M IY',s,'IY'
the,'DH AH',s,''
of,'AH V',s,''
his,'HH IH Z',s,'IH'
beard,'B EH R D',s,''
if,'IH F',s,'IH'
thou,'DH AW',s,''
me,'M IY',s,'IY'
not,'N AA T',s,'AA'
the,'DH AH',s,''
of,'AH V',s,''
his,'HH IH Z',s,'IH'
chin,'CH IH N',s,'IH'
but,'B AH T',s,''
the,'DH AH',s,''
devil,'D IH V ǝ L',s,'IH'
speak,'S P IY K',s,'IY'
sad,'S AE D',s,'AE'
brow,'B r ə UH',s,'UH'
and,'AH N D',s,''
true,'T R UW',s,'UW'
maid,'M EY D',s,'EY'
orlando,'AO R L AW N D OW',s,'AO'
alas,'AH L AE S',s,'AE'
the,'DH AH',s,''
what,'W AH T',s,''
shall,'SH AE L',s,'AE'
i,'AY',s,'AY'
do,'D OW',s,''
with,'W IH DH',s,'IH'
my,'M AY',s,'AY'
doublet,'D ɤ B L IH T',s,'IH'
and,'AH N D',s,''
what,'W AH T',s,''
did,'D IH D',s,'IH'
he,'HH IY',s,'IY'
when,'ʍ e N',s,''
thou,'DH AW',s,''
him,'HH IH M',s,'IH'
what,'W AH T',s,''
said,'S EH D',s,''
he,'HH IY',s,'IY'
he,'HH IY',s,'IY'
wherein,'ʍ EH R IH N',s,'IH'
went,'W EH N T',s,''
he,'HH IY',s,'IY'
what,'W AH T',s,''
he,'HH IY',s,'IY'
did,'D IH D',s,'IH'
he,'HH IY',s,'IY'
ask,'AW S K',s,''
for,'F AO R',s,'AO'
me,'M IY',s,'IY'
remains,'r IH M EH N Z',s,'IH'
he,'HH IY',s,'IY'
parted,'P AA R T IH D',s,'AA IH'
he,'HH IY',s,'IY'
with,'W IH DH',s,'IH'
thee,'DH IY',s,'IY'
and,'AH N D',s,''
when,'ʍ e N',s,''
shalt,'SH AE L T',s,'AE'
thou,'DH AW',s,''
see,'S IY',s,'IY'
him,'HH IH M',s,'IH'
again,'ǝ ɡ EH N',s,''
me,'M IY',s,'IY'
in,'IH N',s,'IH'
but,'B AH T',s,''
doth,'D AO TH',s,'AO'
he,'HH IY',s,'IY'
that,'DH AE T',s,'AE'
i,'AY',s,'AY'
am,'AE M',s,'AE'
in,'IH N',s,'IH'
this,'DH IH S',s,'IH'
forest,'F AO R AH S T',s,'AO'
and,'AH N D',s,''
in,'IH N',s,'IH'
apparel,'AH P AE R AH L',s,'AE'
looks,'L UH K S',s,'UH'
he,'HH IY',s,'IY'
as,'AE Z',s,'AE'
freshhly,'F r e SH L ǝ IH',s,'IH'
as,'AE Z',s,'AE'
he,'HH IY',s,'IY'
did,'D IH D',s,'IH'
the,'DH AH',s,''
he,'HH IY',s,'IY'
it,'IH T',s,'IH'
well,'W EH L',s,''
be,'B IY',s,'IY'
tree,'T R IY',s,'IY'
when,'ʍ e N',s,''
it,'IH T',s,'IH'
drops,'D R AA P S',s,'AA'
forth,'F AO R TH',s,'AO'
fruit,'F R UW T',s,'UW'
proceed,'P R AH S IY D',s,'IY'
it,'IH T',s,'IH'
be,'B IY',s,'IY'
to,'T UW',s,'UW'
see,'S IY',s,'IY'
a,'AH',s,''
it,'IH T',s,'IH'
well,'W EH L',s,''
the,'DH AH',s,''
o,'OW',s,''
he,'HH IY',s,'IY'
to,'T UW',s,'UW'
kill,'K IH L',s,'IH'
my,'M AY',s,'AY'
heart,'HH AA R T',s,'AA'
do,'D OW',s,''
you,'Y UW',s,'UW'
not,'N AA T',s,'AA'
i,'AY',s,'AY'
am,'AE M',s,'AE'
a,'AH',s,''
woman,'W UH M AH N',s,'UH'
when,'ʍ e N',s,''
i,'AY',s,'AY'
think,'TH IH NG K',s,'IH'
i,'AY',s,'AY'
must,'M AH S T',s,''
speak,'S P IY K',s,'IY'
sweet,'S W IY T',s,'IY'
on,'AA N',s,'AA'
he,'HH IY',s,'IY'
by,'B AY',s,'AY'
and,'AH N D',s,''
him,'HH IH M',s,'IH'
i,'AY',s,'AY'
will,'W IH L',s,'IH'
speak,'S P IY K',s,'IY'
to,'T UW',s,'UW'
him,'HH IH M',s,'IH'
a,'AH',s,''
lackey,'L AW K ǝ IH',s,'IH'
and,'AH N D',s,''
under,'ɤ N D ǝ R',s,''
that,'DH AE T',s,'AE'
habit,'HH AE B AH T',s,'AE'
the,'DH AH',s,''
knve,'N EY V',s,'EY'
with,'W IH DH',s,'IH'
him,'HH IH M',s,'IH'
do,'D OW',s,''
you,'Y UW',s,'UW'
forester,'F ɒ r IH S T ǝ R',s,'IH'
i,'AY',s,'AY'
you,'Y UW',s,'UW'
what,'W AH T',s,''
is,'IH Z',s,'IH'
then,'DH EH N',s,''
is,'IH Z',s,'IH'
no,'N OW',s,''
true,'T R UW',s,'UW'
in,'IH N',s,'IH'
the,'DH AH',s,''
forest,'F AO R AH S T',s,'AO'
every,'e V r ǝ IH',s,'IH'
and,'AH N D',s,''
every,'e V r ǝ IH',s,'IH'
detect,'D IH T EH K T',s,'IH'
the,'DH AH',s,''
lazy,'L EY Z IY',s,'EY IY'
foot,'F UH T',s,'UH'
of,'AH V',s,''
as,'AE Z',s,'AE'
well,'W EH L',s,''
as,'AE Z',s,'AE'
a,'AH',s,''
clock,'K L AA K',s,'AA'
by,'B AY',s,'AY'
no,'N OW',s,''
means,'M IY N Z',s,'IY'
travels,'T R AE V AH L Z',s,'AE'
in,'IH N',s,'IH'
paces,'P EY S IH Z',s,'EY IH'
with,'W IH DH',s,'IH'
tell,'T EH L',s,''
you,'Y UW',s,'UW'
who,'HH UW',s,'UW'
ambles,'AE M B AH L Z',s,'AE'
withal,'W IH DH AA L',s,'IH AA'
who,'HH UW',s,'UW'
trots,'T R AA T S',s,'AA'
withal,'W IH DH AA L',s,'IH AA'
who,'HH UW',s,'UW'
withal,'W IH DH AA L',s,'IH AA'
and,'AH N D',s,''
who,'HH UW',s,'UW'
he,'HH IY',s,'IY'
stands,'S T AE N D Z',s,'AE'
still,'S T IH L',s,'IH'
withal,'W IH DH AA L',s,'IH AA'
marrry,'M AW r ǝ IH',s,'IH'
he,'HH IY',s,'IY'
trots,'T R AA T S',s,'AA'
with,'W IH DH',s,'IH'
a,'AH',s,''
maid,'M EY D',s,'EY'
between,'B IH T W IY N',s,'IH IY'
the,'DH AH',s,''
contract,'K ǝ N T r AW K T',s,''
of,'AH V',s,''
and,'AH N D',s,''
the,'DH AH',s,''
it,'IH T',s,'IH'
is,'IH Z',s,'IH'
if,'IH F',s,'IH'
the,'DH AH',s,''
be,'B IY',s,'IY'
but,'B AH T',s,''
a,'AH',s,''
is,'IH Z',s,'IH'
so,'S OW',s,''
that,'DH AE T',s,'AE'
it,'IH T',s,'IH'
seems,'S IY M Z',s,'IY'
the,'DH AH',s,''
length,'L EH NG K TH',s,''
of,'AH V',s,''
seven,'S EH V AH N',s,''
year,'Y IH R',s,'IH'
with,'W IH DH',s,'IH'
a,'AH',s,''
priest,'P R IY S T',s,'IY'
that,'DH AE T',s,'AE'
latin,'L AE T AH N',s,'AE'
and,'AH N D',s,''
a,'AH',s,''
rich,'R IH CH',s,'IH'
man,'M AE N',s,'AE'
that,'DH AE T',s,'AE'
hath,'HH AE TH',s,'AE'
not,'N AA T',s,'AA'
the,'DH AH',s,''
gout,'G AW T',s,''
for,'F AO R',s,'AO'
the,'DH AH',s,''
sleeps,'S L IY P S',s,'IY'
easily,'IY Z L ǝ IH',s,'IY IH'
he,'HH IY',s,'IY'
cannot,'K AE N AA T',s,'AE AA'
study,'S T AH D IY',s,'IY'
and,'AH N D',s,''
the,'DH AH',s,''
merrily,'M EH R AH L IY',s,'IY'
he,'HH IY',s,'IY'
feels,'F IY L Z',s,'IY'
no,'N OW',s,''
the,'DH AH',s,''
burden,'B ɐ R DH ə N',s,''
of,'AH V',s,''
lean,'L IY N',s,'IY'
and,'AH N D',s,''
the,'DH AH',s,''
no,'N OW',s,''
burden,'B ɐ R DH ə N',s,''
of,'AH V',s,''
heavy,'e V ǝ IH',s,'IH'
ambles,'AE M B AH L Z',s,'AE'
withal,'W IH DH AA L',s,'IH AA'
with,'W IH DH',s,'IH'
a,'AH',s,''
thief,'TH IY F',s,'IY'
to,'T UW',s,'UW'
the,'DH AH',s,''
for,'F AO R',s,'AO'
he,'HH IY',s,'IY'
go,'G OW',s,''
as,'AE Z',s,'AE'
softly,'S AO F T L IY',s,'AO IY'
as,'AE Z',s,'AE'
foot,'F UH T',s,'UH'
can,'K AE N',s,'AE'
fall,'F AA L',s,'AA'
he,'HH IY',s,'IY'
thinks,'TH IH NG K S',s,'IH'
himself,'HH IH M S EH L F',s,'IH'
too,'T UW',s,'UW'
soon,'S UW N',s,'UW'
with,'W IH DH',s,'IH'
in,'IH N',s,'IH'
the,'DH AH',s,''
for,'F AO R',s,'AO'
sleep,'S L IY P',s,'IY'
between,'B IH T W IY N',s,'IH IY'
term,'T ɐ R M',s,''
and,'AH N D',s,''
term,'T ɐ R M',s,''
and,'AH N D',s,''
then,'DH EH N',s,''
percve,'P ER S IY V',s,'IY'
not,'N AA T',s,'AA'
with,'W IH DH',s,'IH'
this,'DH IH S',s,'IH'
my,'M AY',s,'AY'
in,'IH N',s,'IH'
the,'DH AH',s,''
of,'AH V',s,''
the,'DH AH',s,''
forest,'F AO R AH S T',s,'AO'
upon,'AH P AA N',s,'AA'
a,'AH',s,''
as,'AE Z',s,'AE'
the,'DH AH',s,''
that,'DH AE T',s,'AE'
you,'Y UW',s,'UW'
see,'S IY',s,'IY'
dwell,'D W EH L',s,''
she,'SH IY',s,'IY'
is,'IH Z',s,'IH'
kindled,'K IH N D AH L D',s,'IH'
i,'AY',s,'AY'
been,'B IH N',s,'IH'
told,'T OW L D',s,''
so,'S OW',s,''
of,'AH V',s,''
but,'B AH T',s,''
indeed,'IH N D IY D',s,'IH IY'
an,'AE N',s,'AE'
old,'OW L D',s,''
of,'AH V',s,''
me,'M IY',s,'IY'
to,'T UW',s,'UW'
speak,'S P IY K',s,'IY'
who,'HH UW',s,'UW'
was,'W AA Z',s,'AA'
in,'IH N',s,'IH'
his,'HH IH Z',s,'IH'
youth,'Y UW TH',s,'UW'
an,'AE N',s,'AE'
inland,'IH N L AE N D',s,'IH AE'
man,'M AE N',s,'AE'
that,'DH AE T',s,'AE'
courtship,'K AO R T SH IH P',s,'AO IH'
too,'T UW',s,'UW'
well,'W EH L',s,''
for,'F AO R',s,'AO'
he,'HH IY',s,'IY'
fell,'F EH L',s,''
in,'IH N',s,'IH'
i,'AY',s,'AY'
him,'HH IH M',s,'IH'
read,'r e D',s,''
against,'AH G EH N S T',s,''
it,'IH T',s,'IH'
and,'AH N D',s,''
i,'AY',s,'AY'
thank,'TH AE NG K',s,'AE'
god,'G AA D',s,'AA'
i,'AY',s,'AY'
am,'AE M',s,'AE'
not,'N AA T',s,'AA'
a,'AH',s,''
woman,'W UH M AH N',s,'UH'
to,'T UW',s,'UW'
be,'B IY',s,'IY'
with,'W IH DH',s,'IH'
so,'S OW',s,''
gidddy,'G IH D ǝ IH',s,'IH IH'
offenses,'AH F EH N S IH Z',s,'IH'
as,'AE Z',s,'AE'
he,'HH IY',s,'IY'
hath,'HH AE TH',s,'AE'
taxed,'T AE K S T',s,'AE'
their,'DH EH R',s,''
withal,'W IH DH AA L',s,'IH AA'
wre,'W ER',s,''
wre,'W ER',s,''
all,'AA L',s,'AA'
another,'ǝ N ɤ DH ǝ R',s,''
as,'AE Z',s,'AE'
every,'e V r ǝ IH',s,'IH'
fault,'F AO L T',s,'AO'
till,'T IH L',s,'IH'
his,'HH IH Z',s,'IH'
fault,'F AO L T',s,'AO'
to,'T UW',s,'UW'
it,'IH T',s,'IH'
no,'N OW',s,''
i,'AY',s,'AY'
will,'W IH L',s,'IH'
not,'N AA T',s,'AA'
cast,'K AW S T',s,''
my,'M AY',s,'AY'
but,'B AH T',s,''
on,'AA N',s,'AA'
that,'DH AE T',s,'AE'
sick,'S IH K',s,'IH'
is,'IH Z',s,'IH'
a,'AH',s,''
man,'M AE N',s,'AE'
the,'DH AH',s,''
forest,'F AO R AH S T',s,'AO'
that,'DH AE T',s,'AE'
our,'OW R',s,''
plants,'P L AW N T S',s,''
with,'W IH DH',s,'IH'
on,'AA N',s,'AA'
their,'DH EH R',s,''
barks,'B AA R K S',s,'AA'
upon,'AH P AA N',s,'AA'
and,'AH N D',s,''
on,'AA N',s,'AA'
brambles,'B R AE M B AH L Z',s,'AE'
all,'AA L',s,'AA'
forsooth,'F ǝ R S UW TH',s,'UW'
the,'DH AH',s,''
of,'AH V',s,''
if,'IH F',s,'IH'
i,'AY',s,'AY'
meet,'M IY T',s,'IY'
that,'DH AE T',s,'AE'
i,'AY',s,'AY'
him,'HH IH M',s,'IH'
good,'G UH D',s,'UH'
for,'F AO R',s,'AO'
he,'HH IY',s,'IY'
seems,'S IY M Z',s,'IY'
to,'T UW',s,'UW'
the,'DH AH',s,''
of,'AH V',s,''
upon,'AH P AA N',s,'AA'
him,'HH IH M',s,'IH'
is,'IH Z',s,'IH'
of,'AH V',s,''
my,'M AY',s,'AY'
marks,'M AA R K S',s,'AA'
upon,'AH P AA N',s,'AA'
you,'Y UW',s,'UW'
he,'HH IY',s,'IY'
me,'M IY',s,'IY'
to,'T UW',s,'UW'
a,'AH',s,''
man,'M AE N',s,'AE'
in,'IH N',s,'IH'
in,'IH N',s,'IH'
of,'AH V',s,''
rushes,'r ɤ SH IH Z',s,'IH'
i,'AY',s,'AY'
am,'AE M',s,'AE'
you,'Y UW',s,'UW'
not,'N AA T',s,'AA'
a,'AH',s,''
lean,'L IY N',s,'IY'
cheek,'CH IY K',s,'IY'
you,'Y UW',s,'UW'
not,'N AA T',s,'AA'
a,'AH',s,''
blue,'B L UW',s,'UW'
and,'AH N D',s,''
sunken,'S ɤ NG K ǝ N',s,''
you,'Y UW',s,'UW'
not,'N AA T',s,'AA'
an,'AE N',s,'AE'
spirit,'S P IH R AH T',s,'IH'
you,'Y UW',s,'UW'
not,'N AA T',s,'AA'
a,'AH',s,''
beard,'B EH R D',s,''
neglected,'N AH G L EH K T AH D',s,''
you,'Y UW',s,'UW'
i,'AY',s,'AY'
pardon,'P AA R D ǝ N',s,'AA'
you,'Y UW',s,'UW'
for,'F AO R',s,'AO'
that,'DH AE T',s,'AE'
for,'F AO R',s,'AO'
simply,'S IH M P L IY',s,'IH IY'
your,'Y AO R',s,'AO'
in,'IH N',s,'IH'
beard,'B EH R D',s,''
is,'IH Z',s,'IH'
a,'AH',s,''
then,'DH EH N',s,''
your,'Y AO R',s,'AO'
be,'B IY',s,'IY'
your,'Y AO R',s,'AO'
bonnet,'B AA N AH T',s,'AA'
your,'Y AO R',s,'AO'
your,'Y AO R',s,'AO'
shoe,'SH UW',s,'UW'
untied,'ɤ N T ǝ IH',s,'IH'
and,'AH N D',s,''
everything,'e V r ǝ IH ˌ TH IH NG',s,'IH IH'
you,'Y UW',s,'UW'
a,'AH',s,''
desolation,'D EH S AH L EY SH AH N',s,'EY'
but,'B AH T',s,''
you,'Y UW',s,'UW'
no,'N OW',s,''
man,'M AE N',s,'AE'
you,'Y UW',s,'UW'
in,'IH N',s,'IH'
your,'Y AO R',s,'AO'
as,'AE Z',s,'AE'
than,'DH AE N',s,'AE'
the,'DH AH',s,''
of,'AH V',s,''
me,'M IY',s,'IY'
it,'IH T',s,'IH'
you,'Y UW',s,'UW'
as,'AE Z',s,'AE'
soon,'S UW N',s,'UW'
that,'DH AE T',s,'AE'
you,'Y UW',s,'UW'
it,'IH T',s,'IH'
i,'AY',s,'AY'
warrant,'W AA r ǝ N T',s,'AA'
she,'SH IY',s,'IY'
is,'IH Z',s,'IH'
to,'T UW',s,'UW'
do,'D OW',s,''
than,'DH AE N',s,'AE'
to,'T UW',s,'UW'
confess,'K AH N F EH S',s,''
she,'SH IY',s,'IY'
does,'D AH Z',s,''
that,'DH AE T',s,'AE'
is,'IH Z',s,'IH'
of,'AH V',s,''
the,'DH AH',s,''
in,'IH N',s,'IH'
the,'DH AH',s,''
women,'W IH M AH N',s,'IH'
still,'S T IH L',s,'IH'
the,'DH AH',s,''
to,'T UW',s,'UW'
their,'DH EH R',s,''
but,'B AH T',s,''
in,'IH N',s,'IH'
good,'G UH D',s,'UH'
you,'Y UW',s,'UW'
he,'HH IY',s,'IY'
that,'DH AE T',s,'AE'
the,'DH AH',s,''
verses,'V ɐ R S IH Z',s,'IH'
on,'AA N',s,'AA'
the,'DH AH',s,''
trees,'T R IY Z',s,'IY'
wherein,'ʍ EH R IH N',s,'IH'
is,'IH Z',s,'IH'
so,'S OW',s,''
admired,'ǝ D M ǝ IH R D',s,'IH'
but,'B AH T',s,''
you,'Y UW',s,'UW'
so,'S OW',s,''
in,'IH N',s,'IH'
as,'AE Z',s,'AE'
your,'Y AO R',s,'AO'
speak,'S P IY K',s,'IY'
is,'IH Z',s,'IH'
merely,'M IY R L ǝ IH',s,'IY IH'
a,'AH',s,''
madness,'M AE D N AH S',s,'AE'
and,'AH N D',s,''
i,'AY',s,'AY'
tell,'T EH L',s,''
you,'Y UW',s,'UW'
as,'AE Z',s,'AE'
well,'W EH L',s,''
a,'AH',s,''
dark,'D AA R K',s,'AA'
and,'AH N D',s,''
a,'AH',s,''
whip,'ʍ IH P',s,'IH'
as,'AE Z',s,'AE'
madmen,'M AE D M AH N',s,'AE'
do,'D OW',s,''
and,'AH N D',s,''
the,'DH AH',s,''
reason,'r EH Z ǝ N',s,''
whhy,'ʍ ǝ IH',s,'IH'
not,'N AA T',s,'AA'
so,'S OW',s,''
and,'AH N D',s,''
cured,'K Y UW R D',s,'UW'
is,'IH Z',s,'IH'
that,'DH AE T',s,'AE'
the,'DH AH',s,''
lunacy,'L UW N AH S IY',s,'UW IY'
is,'IH Z',s,'IH'
so,'S OW',s,''
that,'DH AE T',s,'AE'
the,'DH AH',s,''
in,'IH N',s,'IH'
too,'T UW',s,'UW'
yet,'Y EH T',s,''
i,'AY',s,'AY'
profess,'P R AH F EH S',s,''
curing,'K Y UW r IH N',s,'UW IH'
it,'IH T',s,'IH'
by,'B AY',s,'AY'
yes,'Y IH S',s,'IH'
and,'AH N D',s,''
in,'IH N',s,'IH'
this,'DH IH S',s,'IH'
he,'HH IY',s,'IY'
was,'W AA Z',s,'AA'
to,'T UW',s,'UW'
me,'M IY',s,'IY'
his,'HH IH Z',s,'IH'
his,'HH IH Z',s,'IH'
mistress,'M IH S T R AH S',s,'IH'
and,'AH N D',s,''
i,'AY',s,'AY'
set,'S EH T',s,''
him,'HH IH M',s,'IH'
every,'e V r ǝ IH',s,'IH'
to,'T UW',s,'UW'
woo,'W UW',s,'UW'
me,'M IY',s,'IY'
at,'AE T',s,'AE'
i,'AY',s,'AY'
being,'B IY IH NG',s,'IY IH'
but,'B AH T',s,''
a,'AH',s,''
youth,'Y UW TH',s,'UW'
be,'B IY',s,'IY'
effeminte,'IH F e M N ǝ T',s,'IH'
and,'AH N D',s,''
liking,'L ǝ IH K IH N',s,'IH IH'
fantastical,'F AW N T AW S T IH K AA L',s,'IH AA'
apish,'EH P IH SH',s,'IH'
full,'F UH L',s,'UH'
of,'AH V',s,''
tears,'T EH R Z',s,''
full,'F UH L',s,'UH'
of,'AH V',s,''
smiles,'S M ǝ IH L Z',s,'IH'
for,'F AO R',s,'AO'
every,'e V r ǝ IH',s,'IH'
passion,'P AE SH AH N',s,'AE'
and,'AH N D',s,''
for,'F AO R',s,'AO'
no,'N OW',s,''
passion,'P AE SH AH N',s,'AE'
as,'AE Z',s,'AE'
and,'AH N D',s,''
women,'W IH M AH N',s,'IH'
for,'F AO R',s,'AO'
the,'DH AH',s,''
most,'M OW S T',s,''
part,'P AA R T',s,'AA'
of,'AH V',s,''
this,'DH IH S',s,'IH'
him,'HH IH M',s,'IH'
him,'HH IH M',s,'IH'
then,'DH EH N',s,''
him,'HH IH M',s,'IH'
then,'DH EH N',s,''
forswear,'F AO R S W EH R',s,'AO'
him,'HH IH M',s,'IH'
weep,'W IY P',s,'IY'
for,'F AO R',s,'AO'
him,'HH IH M',s,'IH'
then,'DH EH N',s,''
spit,'S P IH T',s,'IH'
at,'AE T',s,'AE'
him,'HH IH M',s,'IH'
that,'DH AE T',s,'AE'
i,'AY',s,'AY'
my,'M AY',s,'AY'
suitor,'SH UW T ǝ R',s,'UW'
from,'F R AH M',s,''
his,'HH IH Z',s,'IH'
mad,'M AE D',s,'AE'
humor,'HH Y UW M ER',s,'UW'
of,'AH V',s,''
to,'T UW',s,'UW'
a,'AH',s,''
humor,'HH Y UW M ER',s,'UW'
of,'AH V',s,''
madness,'M AE D N AH S',s,'AE'
was,'W AA Z',s,'AA'
to,'T UW',s,'UW'
forswear,'F AO R S W EH R',s,'AO'
the,'DH AH',s,''
full,'F UH L',s,'UH'
stream,'S T R IY M',s,'IY'
of,'AH V',s,''
the,'DH AH',s,''
and,'AH N D',s,''
to,'T UW',s,'UW'
in,'IH N',s,'IH'
a,'AH',s,''
nook,'N UH K',s,'UH'
merely,'M IY R L ǝ IH',s,'IY IH'
monastic,'M AH N AE S T IH K',s,'AE IH'
and,'AH N D',s,''
thus,'DH ɤ S',s,''
i,'AY',s,'AY'
cured,'K Y UW R D',s,'UW'
him,'HH IH M',s,'IH'
and,'AH N D',s,''
this,'DH IH S',s,'IH'
will,'W IH L',s,'IH'
i,'AY',s,'AY'
upon,'AH P AA N',s,'AA'
me,'M IY',s,'IY'
to,'T UW',s,'UW'
wash,'W AA SH',s,'AA'
your,'Y AO R',s,'AO'
liver,'L IH V ǝ R',s,'IH'
as,'AE Z',s,'AE'
clean,'K L IY N',s,'IY'
as,'AE Z',s,'AE'
a,'AH',s,''
heart,'HH AA R T',s,'AA'
that,'DH AE T',s,'AE'
shall,'SH AE L',s,'AE'
not,'N AA T',s,'AA'
be,'B IY',s,'IY'
spot,'S P AA T',s,'AA'
of,'AH V',s,''
in,'IH N',s,'IH'
i,'AY',s,'AY'
you,'Y UW',s,'UW'
if,'IH F',s,'IH'
you,'Y UW',s,'UW'
but,'B AH T',s,''
call,'K AO L',s,'AO'
me,'M IY',s,'IY'
and,'AH N D',s,''
every,'e V r ǝ IH',s,'IH'
to,'T UW',s,'UW'
my,'M AY',s,'AY'
and,'AH N D',s,''
woo,'W UW',s,'UW'
me,'M IY',s,'IY'
go,'G OW',s,''
with,'W IH DH',s,'IH'
me,'M IY',s,'IY'
to,'T UW',s,'UW'
it,'IH T',s,'IH'
and,'AH N D',s,''
it,'IH T',s,'IH'
you,'Y UW',s,'UW'
and,'AH N D',s,''
by,'B AY',s,'AY'
the,'DH AH',s,''
you,'Y UW',s,'UW'
shall,'SH AE L',s,'AE'
tell,'T EH L',s,''
me,'M IY',s,'IY'
in,'IH N',s,'IH'
the,'DH AH',s,''
forest,'F AO R AH S T',s,'AO'
you,'Y UW',s,'UW'
will,'W IH L',s,'IH'
you,'Y UW',s,'UW'
go,'G OW',s,''
you,'Y UW',s,'UW'
must,'M AH S T',s,''
call,'K AO L',s,'AO'
me,'M IY',s,'IY'
will,'W IH L',s,'IH'
you,'Y UW',s,'UW'
go,'G OW',s,''
never,'N e V ǝ R',s,''
to,'T UW',s,'UW'
me,'M IY',s,'IY'
i,'AY',s,'AY'
will,'W IH L',s,'IH'
weep,'W IY P',s,'IY'
but,'B AH T',s,''
i,'AY',s,'AY'
not,'N AA T',s,'AA'
to,'T UW',s,'UW'
weep,'W IY P',s,'IY'
his,'HH IH Z',s,'IH'
very,'V EH R IY',s,'IY'
hair,'HH EH R',s,''
is,'IH Z',s,'IH'
of,'AH V',s,''
the,'DH AH',s,''
faith,'F EY TH',s,'EY'
his,'HH IH Z',s,'IH'
hair,'HH EH R',s,''
is,'IH Z',s,'IH'
of,'AH V',s,''
a,'AH',s,''
good,'G UH D',s,'UH'
and,'AH N D',s,''
his,'HH IH Z',s,'IH'
is,'IH Z',s,'IH'
as,'AE Z',s,'AE'
full,'F UH L',s,'UH'
of,'AH V',s,''
sanctity,'S AE NG K T IH T IY',s,'AE IH IY'
as,'AE Z',s,'AE'
the,'DH AH',s,''
of,'AH V',s,''
holy,'HH OW L IY',s,'IY'
bread,'B R EH D',s,''
but,'B AH T',s,''
whhy,'ʍ ǝ IH',s,'IH'
did,'D IH D',s,'IH'
he,'HH IY',s,'IY'
swear,'S W EH R',s,''
he,'HH IY',s,'IY'
this,'DH IH S',s,'IH'
and,'AH N D',s,''
not,'N AA T',s,'AA'
do,'D OW',s,''
you,'Y UW',s,'UW'
think,'TH IH NG K',s,'IH'
so,'S OW',s,''
not,'N AA T',s,'AA'
true,'T R UW',s,'UW'
in,'IH N',s,'IH'
you,'Y UW',s,'UW'
him,'HH IH M',s,'IH'
swear,'S W EH R',s,''
he,'HH IY',s,'IY'
was,'W AA Z',s,'AA'
i,'AY',s,'AY'
met,'M EH T',s,''
the,'DH AH',s,''
and,'AH N D',s,''
had,'HH AE D',s,'AE'
with,'W IH DH',s,'IH'
him,'HH IH M',s,'IH'
he,'HH IY',s,'IY'
me,'M IY',s,'IY'
of,'AH V',s,''
what,'W AH T',s,''
i,'AY',s,'AY'
was,'W AA Z',s,'AA'
i,'AY',s,'AY'
told,'T OW L D',s,''
him,'HH IH M',s,'IH'
of,'AH V',s,''
as,'AE Z',s,'AE'
good,'G UH D',s,'UH'
as,'AE Z',s,'AE'
he,'HH IY',s,'IY'
so,'S OW',s,''
he,'HH IY',s,'IY'
and,'AH N D',s,''
let,'L EH T',s,''
me,'M IY',s,'IY'
go,'G OW',s,''
but,'B AH T',s,''
what,'W AH T',s,''
we,'W IY',s,'IY'
of,'AH V',s,''
when,'ʍ e N',s,''
is,'IH Z',s,'IH'
a,'AH',s,''
man,'M AE N',s,'AE'
as,'AE Z',s,'AE'
orlando,'AO R L AW N D OW',s,'AO'
o,'OW',s,''
let,'L EH T',s,''
us,'AH S',s,''
the,'DH AH',s,''
of,'AH V',s,''
in,'IH N',s,'IH'
us,'AH S',s,''
to,'T UW',s,'UW'
this,'DH IH S',s,'IH'
and,'AH N D',s,''
you,'Y UW',s,'UW'
shall,'SH AE L',s,'AE'
a,'AH',s,''
in,'IH N',s,'IH'
their,'DH EH R',s,''
and,'AH N D',s,''
whhy,'ʍ ǝ IH',s,'IH'
i,'AY',s,'AY'
you,'Y UW',s,'UW'
who,'HH UW',s,'UW'
be,'B IY',s,'IY'
your,'Y AO R',s,'AO'
that,'DH AE T',s,'AE'
you,'Y UW',s,'UW'
insult,'IH N S AH L T',s,'IH'
and,'AH N D',s,''
all,'AA L',s,'AA'
at,'AE T',s,'AE'
over,'OW V ǝ R',s,''
the,'DH AH',s,''
what,'W AH T',s,''
you,'Y UW',s,'UW'
no,'N OW',s,''
as,'AE Z',s,'AE'
by,'B AY',s,'AY'
my,'M AY',s,'AY'
faith,'F EY TH',s,'EY'
i,'AY',s,'AY'
see,'S IY',s,'IY'
no,'N OW',s,''
in,'IH N',s,'IH'
you,'Y UW',s,'UW'
than,'DH AE N',s,'AE'
go,'G OW',s,''
dark,'D AA R K',s,'AA'
to,'T UW',s,'UW'
bed,'B EH D',s,''
must,'M AH S T',s,''
you,'Y UW',s,'UW'
be,'B IY',s,'IY'
therefre,'DH EH R F AO R',s,'AO'
and,'AH N D',s,''
whhy,'ʍ ǝ IH',s,'IH'
what,'W AH T',s,''
means,'M IY N Z',s,'IY'
this,'DH IH S',s,'IH'
whhy,'ʍ ǝ IH',s,'IH'
do,'D OW',s,''
you,'Y UW',s,'UW'
look,'L UH K',s,'UH'
on,'AA N',s,'AA'
me,'M IY',s,'IY'
i,'AY',s,'AY'
see,'S IY',s,'IY'
no,'N OW',s,''
in,'IH N',s,'IH'
you,'Y UW',s,'UW'
than,'DH AE N',s,'AE'
in,'IH N',s,'IH'
the,'DH AH',s,''
of,'AH V',s,''
my,'M AY',s,'AY'
i,'AY',s,'AY'
think,'TH IH NG K',s,'IH'
she,'SH IY',s,'IY'
means,'M IY N Z',s,'IY'
to,'T UW',s,'UW'
my,'M AY',s,'AY'
too,'T UW',s,'UW'
no,'N OW',s,''
faith,'F EY TH',s,'EY'
mistress,'M IH S T R AH S',s,'IH'
not,'N AA T',s,'AA'
after,'AW F T ǝ R',s,''
it,'IH T',s,'IH'
not,'N AA T',s,'AA'
your,'Y AO R',s,'AO'
brows,'B r ə UH Z',s,'UH'
your,'Y AO R',s,'AO'
black,'B L AE K',s,'AE'
silk,'S IH L K',s,'IH'
hair,'HH EH R',s,''
your,'Y AO R',s,'AO'
nor,'N AO R',s,'AO'
your,'Y AO R',s,'AO'
cheek,'CH IY K',s,'IY'
of,'AH V',s,''
cream,'K R IY M',s,'IY'
that,'DH AE T',s,'AE'
can,'K AE N',s,'AE'
my,'M AY',s,'AY'
spirits,'S P IH R AH T S',s,'IH'
to,'T UW',s,'UW'
your,'Y AO R',s,'AO'
worship,'W AO R SH IH P',s,'AO IH'
you,'Y UW',s,'UW'
foolish,'F UW L IH SH',s,'UW IH'
do,'D OW',s,''
you,'Y UW',s,'UW'
fogggy,'F ɒ G ǝ IH',s,'IH'
with,'W IH DH',s,'IH'
and,'AH N D',s,''
rain,'r EH N',s,''
you,'Y UW',s,'UW'
a,'AH',s,''
a,'AH',s,''
man,'M AE N',s,'AE'
than,'DH AE N',s,'AE'
she,'SH IY',s,'IY'
a,'AH',s,''
woman,'W UH M AH N',s,'UH'
fools,'F UW L Z',s,'UW'
as,'AE Z',s,'AE'
you,'Y UW',s,'UW'
that,'DH AE T',s,'AE'
the,'DH AH',s,''
full,'F UH L',s,'UH'
of,'AH V',s,''
children,'CH IH L D R AH N',s,'IH'
not,'N AA T',s,'AA'
glass,'G L AW S',s,''
but,'B AH T',s,''
you,'Y UW',s,'UW'
that,'DH AE T',s,'AE'
and,'AH N D',s,''
out,'AW T',s,''
of,'AH V',s,''
you,'Y UW',s,'UW'
she,'SH IY',s,'IY'
sees,'S IY Z',s,'IY'
than,'DH AE N',s,'AE'
of,'AH V',s,''
can,'K AE N',s,'AE'
but,'B AH T',s,''
mistress,'M IH S T R AH S',s,'IH'
down,'D ǝ UH N',s,'UH'
on,'AA N',s,'AA'
your,'Y AO R',s,'AO'
and,'AH N D',s,''
thank,'TH AE NG K',s,'AE'
heaven,'HH EH V AH N',s,''
for,'F AO R',s,'AO'
a,'AH',s,''
good,'G UH D',s,'UH'
for,'F AO R',s,'AO'
i,'AY',s,'AY'
must,'M AH S T',s,''
tell,'T EH L',s,''
you,'Y UW',s,'UW'
friendly,'F r e N L ǝ IH',s,'IH'
in,'IH N',s,'IH'
your,'Y AO R',s,'AO'
ear,'IY R',s,'IY'
sell,'S EH L',s,''
when,'ʍ e N',s,''
you,'Y UW',s,'UW'
can,'K AE N',s,'AE'
you,'Y UW',s,'UW'
not,'N AA T',s,'AA'
for,'F AO R',s,'AO'
all,'AA L',s,'AA'
markets,'M AA R K AH T S',s,'AA'
the,'DH AH',s,''
man,'M AE N',s,'AE'
him,'HH IH M',s,'IH'
his,'HH IH Z',s,'IH'
offer,'ɒ F ǝ R',s,''
is,'IH Z',s,'IH'
most,'M OW S T',s,''
being,'B IY IH NG',s,'IY IH'
to,'T UW',s,'UW'
be,'B IY',s,'IY'
a,'AH',s,''
so,'S OW',s,''
to,'T UW',s,'UW'
thee,'DH IY',s,'IY'
you,'Y UW',s,'UW'
well,'W EH L',s,''
in,'IH N',s,'IH'
with,'W IH DH',s,'IH'
your,'Y AO R',s,'AO'
foulness,'F AW L N AH S',s,''
and,'AH N D',s,''
fall,'F AA L',s,'AA'
in,'IH N',s,'IH'
with,'W IH DH',s,'IH'
my,'M AY',s,'AY'
anger,'AW NG ɡ ǝ R',s,''
if,'IH F',s,'IH'
it,'IH T',s,'IH'
be,'B IY',s,'IY'
so,'S OW',s,''
as,'AE Z',s,'AE'
fast,'F AW S T',s,''
as,'AE Z',s,'AE'
she,'SH IY',s,'IY'
thee,'DH IY',s,'IY'
with,'W IH DH',s,'IH'
looks,'L UH K S',s,'UH'
with,'W IH DH',s,'IH'
whhy,'ʍ ǝ IH',s,'IH'
look,'L UH K',s,'UH'
you,'Y UW',s,'UW'
so,'S OW',s,''
upon,'AH P AA N',s,'AA'
me,'M IY',s,'IY'
i,'AY',s,'AY'
you,'Y UW',s,'UW'
do,'D OW',s,''
not,'N AA T',s,'AA'
fall,'F AA L',s,'AA'
in,'IH N',s,'IH'
with,'W IH DH',s,'IH'
me,'M IY',s,'IY'
for,'F AO R',s,'AO'
i,'AY',s,'AY'
am,'AE M',s,'AE'
falser,'F AA L S ǝ R',s,'AA'
than,'DH AE N',s,'AE'
vows,'V ǝ UH Z',s,'UH'
in,'IH N',s,'IH'
besides,'B IH S ə IH D Z',s,'IH IH'
i,'AY',s,'AY'
you,'Y UW',s,'UW'
not,'N AA T',s,'AA'
if,'IH F',s,'IH'
you,'Y UW',s,'UW'
will,'W IH L',s,'IH'
my,'M AY',s,'AY'
at,'AE T',s,'AE'
the,'DH AH',s,''
tuft,'T ɤ F T',s,''
of,'AH V',s,''
by,'B AY',s,'AY'
will,'W IH L',s,'IH'
you,'Y UW',s,'UW'
go,'G OW',s,''
ply,'P L AY',s,'AY'
look,'L UH K',s,'UH'
on,'AA N',s,'AA'
him,'HH IH M',s,'IH'
better,'B e T ə R',s,''
and,'AH N D',s,''
be,'B IY',s,'IY'
not,'N AA T',s,'AA'
all,'AA L',s,'AA'
the,'DH AH',s,''
see,'S IY',s,'IY'
be,'B IY',s,'IY'
so,'S OW',s,''
abused,'ǝ B Y UW Z D',s,'UW'
in,'IH N',s,'IH'
as,'AE Z',s,'AE'
he,'HH IY',s,'IY'
to,'T UW',s,'UW'
our,'OW R',s,''
flock,'F L AA K',s,'AA'
you,'Y UW',s,'UW'
a,'AH',s,''
that,'DH AE T',s,'AE'
in,'IH N',s,'IH'
of,'AH V',s,''
either,'EH DH ǝ R',s,''
and,'AH N D',s,''
to,'T UW',s,'UW'
every,'e V r ǝ IH',s,'IH'
modern,'M ɒ D ǝ R N',s,''
than,'DH AE N',s,'AE'
drunkards,'D r ɤ NG K ǝ R D Z',s,''
whhy,'ʍ ǝ IH',s,'IH'
then,'DH EH N',s,''
good,'G UH D',s,'UH'
to,'T UW',s,'UW'
be,'B IY',s,'IY'
a,'AH',s,''
post,'P OW S T',s,''
a,'AH',s,''
by,'B AY',s,'AY'
my,'M AY',s,'AY'
faith,'F EY TH',s,'EY'
you,'Y UW',s,'UW'
great,'G r e T',s,''
reason,'r EH Z ǝ N',s,''
to,'T UW',s,'UW'
be,'B IY',s,'IY'
sad,'S AE D',s,'AE'
i,'AY',s,'AY'
fear,'F IY R',s,'IY'
you,'Y UW',s,'UW'
sold,'S OW L D',s,''
your,'Y AO R',s,'AO'
lands,'L AE N D Z',s,'AE'
to,'T UW',s,'UW'
see,'S IY',s,'IY'
then,'DH EH N',s,''
to,'T UW',s,'UW'
seen,'S IY N',s,'IY'
and,'AH N D',s,''
to,'T UW',s,'UW'
is,'IH Z',s,'IH'
to,'T UW',s,'UW'
rich,'R IH CH',s,'IH'
and,'AH N D',s,''
poor,'P UH R',s,'UH'
and,'AH N D',s,''
your,'Y AO R',s,'AO'
you,'Y UW',s,'UW'
sad,'S AE D',s,'AE'
i,'AY',s,'AY'
had,'HH AE D',s,'AE'
a,'AH',s,''
fool,'F UH L',s,'UH'
to,'T UW',s,'UW'
me,'M IY',s,'IY'
merrry,'M e r ǝ IH',s,'IH'
than,'DH AE N',s,'AE'
to,'T UW',s,'UW'
me,'M IY',s,'IY'
to,'T UW',s,'UW'
travel,'T R AE V AH L',s,'AE'
for,'F AO R',s,'AO'
it,'IH T',s,'IH'
too,'T UW',s,'UW'
look,'L UH K',s,'UH'
you,'Y UW',s,'UW'
lisp,'L IH S P',s,'IH'
and,'AH N D',s,''
wear,'W EH R',s,''
suits,'SH UW T S',s,'UW'
all,'AA L',s,'AA'
the,'DH AH',s,''
of,'AH V',s,''
your,'Y AO R',s,'AO'
country,'K AH N T R IY',s,'IY'
be,'B IY',s,'IY'
out,'AW T',s,''
of,'AH V',s,''
with,'W IH DH',s,'IH'
your,'Y AO R',s,'AO'
nativity,'N AH T IH V AH T IY',s,'IH IY'
and,'AH N D',s,''
almost,'AA L M OW S T',s,'AA'
god,'G AA D',s,'AA'
for,'F AO R',s,'AO'
you,'Y UW',s,'UW'
that,'DH AE T',s,'AE'
you,'Y UW',s,'UW'
or,'AO R',s,'AO'
i,'AY',s,'AY'
will,'W IH L',s,'IH'
think,'TH IH NG K',s,'IH'
you,'Y UW',s,'UW'
swam,'S W AE M',s,'AE'
in,'IH N',s,'IH'
a,'AH',s,''
gondola,'G AA N D AH L AH',s,'AA'
whhy,'ʍ ǝ IH',s,'IH'
orlando,'AO R L AW N D OW',s,'AO'
you,'Y UW',s,'UW'
been,'B IH N',s,'IH'
all,'AA L',s,'AA'
this,'DH IH S',s,'IH'
you,'Y UW',s,'UW'
a,'AH',s,''
an,'AE N',s,'AE'
you,'Y UW',s,'UW'
seve,'S ER V',s,''
me,'M IY',s,'IY'
another,'ǝ N ɤ DH ǝ R',s,''
trick,'T R IH K',s,'IH'
never,'N e V ǝ R',s,''
in,'IH N',s,'IH'
my,'M AY',s,'AY'
break,'B R EY K',s,'EY'
an,'AE N',s,'AE'
in,'IH N',s,'IH'
he,'HH IY',s,'IY'
that,'DH AE T',s,'AE'
will,'W IH L',s,'IH'
a,'AH',s,''
into,'IH N T UW',s,'IH UW'
a,'AH',s,''
parts,'P AA R T S',s,'AA'
and,'AH N D',s,''
break,'B R EY K',s,'EY'
but,'B AH T',s,''
a,'AH',s,''
part,'P AA R T',s,'AA'
of,'AH V',s,''
the,'DH AH',s,''
part,'P AA R T',s,'AA'
of,'AH V',s,''
a,'AH',s,''
in,'IH N',s,'IH'
the,'DH AH',s,''
affairs,'AH F EH R Z',s,''
of,'AH V',s,''
it,'IH T',s,'IH'
be,'B IY',s,'IY'
said,'S EH D',s,''
of,'AH V',s,''
him,'HH IH M',s,'IH'
that,'DH AE T',s,'AE'
hath,'HH AE TH',s,'AE'
him,'HH IH M',s,'IH'
shoulder,'SH OW L D ǝ R',s,''
but,'B AH T',s,''
warrant,'W AA r ǝ N T',s,'AA'
him,'HH IH M',s,'IH'
heart-whle,'AA R T - ˌ OW L',s,'AA'
an,'AE N',s,'AE'
you,'Y UW',s,'UW'
be,'B IY',s,'IY'
so,'S OW',s,''
tardy,'T AA R D IY',s,'AA IY'
no,'N OW',s,''
in,'IH N',s,'IH'
my,'M AY',s,'AY'
i,'AY',s,'AY'
had,'HH AE D',s,'AE'
as,'AE Z',s,'AE'
lief,'L IY F',s,'IY'
be,'B IY',s,'IY'
wooed,'W UW D',s,'UW'
of,'AH V',s,''
a,'AH',s,''
snail,'S N EY L',s,'EY'
of,'AH V',s,''
a,'AH',s,''
snail,'S N EY L',s,'EY'
for,'F AO R',s,'AO'
he,'HH IY',s,'IY'
he,'HH IY',s,'IY'
his,'HH IH Z',s,'IH'
on,'AA N',s,'AA'
his,'HH IH Z',s,'IH'
better,'B e T ə R',s,''
i,'AY',s,'AY'
think,'TH IH NG K',s,'IH'
than,'DH AE N',s,'AE'
you,'Y UW',s,'UW'
a,'AH',s,''
woman,'W UH M AH N',s,'UH'
besides,'B IH S ə IH D Z',s,'IH IH'
he,'HH IY',s,'IY'
his,'HH IH Z',s,'IH'
destiny,'D e S T N ǝ IH',s,'IH'
with,'W IH DH',s,'IH'
him,'HH IH M',s,'IH'
whhy,'ʍ ǝ IH',s,'IH'
horns,'HH AO R N Z',s,'AO'
as,'AE Z',s,'AE'
you,'Y UW',s,'UW'
fain,'F EH N',s,''
to,'T UW',s,'UW'
be,'B IY',s,'IY'
to,'T UW',s,'UW'
your,'Y AO R',s,'AO'
for,'F AO R',s,'AO'
but,'B AH T',s,''
he,'HH IY',s,'IY'
in,'IH N',s,'IH'
his,'HH IH Z',s,'IH'
and,'AH N D',s,''
prevents,'P R IH V EH N T S',s,'IH'
the,'DH AH',s,''
slander,'S L AO N D ǝ R',s,'AO'
of,'AH V',s,''
his,'HH IH Z',s,'IH'
and,'AH N D',s,''
i,'AY',s,'AY'
am,'AE M',s,'AE'
your,'Y AO R',s,'AO'
woo,'W UW',s,'UW'
me,'M IY',s,'IY'
woo,'W UW',s,'UW'
me,'M IY',s,'IY'
for,'F AO R',s,'AO'
i,'AY',s,'AY'
am,'AE M',s,'AE'
in,'IH N',s,'IH'
a,'AH',s,''
humor,'HH Y UW M ER',s,'UW'
and,'AH N D',s,''
to,'T UW',s,'UW'
consent,'K AH N S EH N T',s,''
what,'W AH T',s,''
you,'Y UW',s,'UW'
to,'T UW',s,'UW'
me,'M IY',s,'IY'
an,'AE N',s,'AE'
i,'AY',s,'AY'
wre,'W ER',s,''
your,'Y AO R',s,'AO'
very,'V EH R IY',s,'IY'
very,'V EH R IY',s,'IY'
you,'Y UW',s,'UW'
wre,'W ER',s,''
better,'B e T ə R',s,''
speak,'S P IY K',s,'IY'
and,'AH N D',s,''
when,'ʍ e N',s,''
you,'Y UW',s,'UW'
wre,'W ER',s,''
for,'F AO R',s,'AO'
lack,'L AE K',s,'AE'
of,'AH V',s,''
matter,'M AW T ǝ R',s,''
you,'Y UW',s,'UW'
to,'T UW',s,'UW'
kiss,'K IH S',s,'IH'
very,'V EH R IY',s,'IY'
good,'G UH D',s,'UH'
when,'ʍ e N',s,''
out,'AW T',s,''
will,'W IH L',s,'IH'
spit,'S P IH T',s,'IH'
and,'AH N D',s,''
for,'F AO R',s,'AO'
warn,'W AO R N',s,'AO'
the,'DH AH',s,''
shift,'SH IH F T',s,'IH'
is,'IH Z',s,'IH'
to,'T UW',s,'UW'
kiss,'K IH S',s,'IH'
then,'DH EH N',s,''
she,'SH IY',s,'IY'
puts,'P UH T S',s,'UH'
you,'Y UW',s,'UW'
to,'T UW',s,'UW'
entreaty,'EH N T R IY T IY',s,'IY IY'
and,'AH N D',s,''
begins,'B IH G IH N Z',s,'IH IH'
matter,'M AW T ǝ R',s,''
marrry,'M AW r ǝ IH',s,'IH'
that,'DH AE T',s,'AE'
you,'Y UW',s,'UW'
if,'IH F',s,'IH'
i,'AY',s,'AY'
wre,'W ER',s,''
your,'Y AO R',s,'AO'
mistress,'M IH S T R AH S',s,'IH'
or,'AO R',s,'AO'
i,'AY',s,'AY'
think,'TH IH NG K',s,'IH'
my,'M AY',s,'AY'
ranker,'r AW NG K ǝ R',s,''
than,'DH AE N',s,'AE'
my,'M AY',s,'AY'
wit,'W IH T',s,'IH'
not,'N AA T',s,'AA'
out,'AW T',s,''
of,'AH V',s,''
your,'Y AO R',s,'AO'
apparel,'AH P AE R AH L',s,'AE'
and,'AH N D',s,''
yet,'Y EH T',s,''
out,'AW T',s,''
of,'AH V',s,''
your,'Y AO R',s,'AO'
suit,'SH UW T',s,'UW'
am,'AE M',s,'AE'
not,'N AA T',s,'AA'
i,'AY',s,'AY'
your,'Y AO R',s,'AO'
well,'W EH L',s,''
in,'IH N',s,'IH'
i,'AY',s,'AY'
i,'AY',s,'AY'
will,'W IH L',s,'IH'
not,'N AA T',s,'AA'
you,'Y UW',s,'UW'
no,'N OW',s,''
faith,'F EY TH',s,'EY'
by,'B AY',s,'AY'
attorney,'ǝ T UW R N ǝ IH',s,'UW IH'
the,'DH AH',s,''
poor,'P UH R',s,'UH'
is,'IH Z',s,'IH'
almost,'AA L M OW S T',s,'AA'
years,'Y IH R Z',s,'IH'
old,'OW L D',s,''
and,'AH N D',s,''
in,'IH N',s,'IH'
all,'AA L',s,'AA'
this,'DH IH S',s,'IH'
was,'W AA Z',s,'AA'
not,'N AA T',s,'AA'
man,'M AE N',s,'AE'
died,'D AY D',s,'AY'
in,'IH N',s,'IH'
his,'HH IH Z',s,'IH'
in,'IH N',s,'IH'
a,'AH',s,''
had,'HH AE D',s,'AE'
his,'HH IH Z',s,'IH'
brains,'B R EY N Z',s,'EY'
out,'AW T',s,''
with,'W IH DH',s,'IH'
a,'AH',s,''
grecian,'G R IY SH AH N',s,'IY'
club,'K L ɤ B',s,''
yet,'Y EH T',s,''
he,'HH IY',s,'IY'
did,'D IH D',s,'IH'
what,'W AH T',s,''
he,'HH IY',s,'IY'
to,'T UW',s,'UW'
and,'AH N D',s,''
he,'HH IY',s,'IY'
is,'IH Z',s,'IH'
of,'AH V',s,''
the,'DH AH',s,''
patterns,'P AW T ǝ R N Z',s,''
of,'AH V',s,''
he,'HH IY',s,'IY'
a,'AH',s,''
fair,'F EH R',s,''
year,'Y IH R',s,'IH'
hero,'HH IH R OW',s,'IH'
had,'HH AE D',s,'AE'
turned,'T ɐ R N IH D',s,'IH'
nun,'N AH N',s,''
if,'IH F',s,'IH'
it,'IH T',s,'IH'
had,'HH AE D',s,'AE'
not,'N AA T',s,'AA'
been,'B IH N',s,'IH'
for,'F AO R',s,'AO'
a,'AH',s,''
hot,'HH AA T',s,'AA'
midsummer,'M IH D S ǝ M ǝ R',s,'IH'
for,'F AO R',s,'AO'
good,'G UH D',s,'UH'
youth,'Y UW TH',s,'UW'
he,'HH IY',s,'IY'
went,'W EH N T',s,''
but,'B AH T',s,''
forth,'F AO R TH',s,'AO'
to,'T UW',s,'UW'
wash,'W AA SH',s,'AA'
him,'HH IH M',s,'IH'
in,'IH N',s,'IH'
the,'DH AH',s,''
and,'AH N D',s,''
being,'B IY IH NG',s,'IY IH'
taken,'T EY K AH N',s,'EY'
with,'W IH DH',s,'IH'
the,'DH AH',s,''
cramp,'K R AE M P',s,'AE'
was,'W AA Z',s,'AA'
drowned,'D r ǝ UH N IH D',s,'UH IH'
and,'AH N D',s,''
the,'DH AH',s,''
foolish,'F UW L IH SH',s,'UW IH'
of,'AH V',s,''
that,'DH AE T',s,'AE'
it,'IH T',s,'IH'
was,'W AA Z',s,'AA'
hero,'HH IH R OW',s,'IH'
of,'AH V',s,''
but,'B AH T',s,''
all,'AA L',s,'AA'
men,'M EH N',s,''
died,'D AY D',s,'AY'
from,'F R AH M',s,''
to,'T UW',s,'UW'
and,'AH N D',s,''
eaten,'e T ǝ N',s,''
them,'DH EH M',s,''
but,'B AH T',s,''
not,'N AA T',s,'AA'
for,'F AO R',s,'AO'
by,'B AY',s,'AY'
this,'DH IH S',s,'IH'
it,'IH T',s,'IH'
will,'W IH L',s,'IH'
not,'N AA T',s,'AA'
kill,'K IH L',s,'IH'
a,'AH',s,''
but,'B AH T',s,''
i,'AY',s,'AY'
will,'W IH L',s,'IH'
be,'B IY',s,'IY'
your,'Y AO R',s,'AO'
in,'IH N',s,'IH'
a,'AH',s,''
disposition,'D IH S P AH Z IH SH AH N',s,'IH IH'
and,'AH N D',s,''
ask,'AW S K',s,''
me,'M IY',s,'IY'
what,'W AH T',s,''
you,'Y UW',s,'UW'
will,'W IH L',s,'IH'
i,'AY',s,'AY'
will,'W IH L',s,'IH'
grant,'G r AO N T',s,'AO'
it,'IH T',s,'IH'
yes,'Y IH S',s,'IH'
faith,'F EY TH',s,'EY'
will,'W IH L',s,'IH'
i,'AY',s,'AY'
fridays,'F r ǝ IH D EH Z',s,'IH'
and,'AH N D',s,''
and,'AH N D',s,''
all,'AA L',s,'AA'
and,'AH N D',s,''
you,'Y UW',s,'UW'
not,'N AA T',s,'AA'
good,'G UH D',s,'UH'
whhy,'ʍ ǝ IH',s,'IH'
then,'DH EH N',s,''
can,'K AE N',s,'AE'
too,'T UW',s,'UW'
of,'AH V',s,''
a,'AH',s,''
good,'G UH D',s,'UH'
you,'Y UW',s,'UW'
shall,'SH AE L',s,'AE'
be,'B IY',s,'IY'
the,'DH AH',s,''
priest,'P R IY S T',s,'IY'
and,'AH N D',s,''
marrry,'M AW r ǝ IH',s,'IH'
me,'M IY',s,'IY'
your,'Y AO R',s,'AO'
do,'D OW',s,''
you,'Y UW',s,'UW'
you,'Y UW',s,'UW'
must,'M AH S T',s,''
begin,'B IH G IH N',s,'IH IH'
will,'W IH L',s,'IH'
you,'Y UW',s,'UW'
orlando,'AO R L AW N D OW',s,'AO'
but,'B AH T',s,''
when,'ʍ e N',s,''
then,'DH EH N',s,''
you,'Y UW',s,'UW'
must,'M AH S T',s,''
i,'AY',s,'AY'
thee,'DH IY',s,'IY'
for,'F AO R',s,'AO'
i,'AY',s,'AY'
ask,'AW S K',s,''
you,'Y UW',s,'UW'
for,'F AO R',s,'AO'
your,'Y AO R',s,'AO'
commission,'K AH M IH SH AH N',s,'IH'
but,'B AH T',s,''
i,'AY',s,'AY'
do,'D OW',s,''
thee,'DH IY',s,'IY'
orlando,'AO R L AW N D OW',s,'AO'
for,'F AO R',s,'AO'
my,'M AY',s,'AY'
a,'AH',s,''
goes,'G OW Z',s,''
the,'DH AH',s,''
priest,'P R IY S T',s,'IY'
and,'AH N D',s,''
a,'AH',s,''
runs,'R AH N Z',s,''
actions,'AE K SH AH N Z',s,'AE'
tell,'T EH L',s,''
me,'M IY',s,'IY'
you,'Y UW',s,'UW'
after,'AW F T ǝ R',s,''
you,'Y UW',s,'UW'
a,'AH',s,''
the,'DH AH',s,''
no,'N OW',s,''
no,'N OW',s,''
orlando,'AO R L AW N D OW',s,'AO'
men,'M EH N',s,''
april,'EH P r IH L',s,'IH'
when,'ʍ e N',s,''
woo,'W UW',s,'UW'
december,'D IH S e M B ǝ R',s,'IH'
when,'ʍ e N',s,''
wed,'W EH D',s,''
maids,'M EY D Z',s,'EY'
when,'ʍ e N',s,''
maids,'M EY D Z',s,'EY'
but,'B AH T',s,''
the,'DH AH',s,''
sky,'S K AY',s,'AY'
when,'ʍ e N',s,''
i,'AY',s,'AY'
will,'W IH L',s,'IH'
be,'B IY',s,'IY'
jealous,'JH EH L AH S',s,''
of,'AH V',s,''
thee,'DH IY',s,'IY'
than,'DH AE N',s,'AE'
a,'AH',s,''
barbary,'B AA R B r ə IH',s,'AA IH'
over,'OW V ǝ R',s,''
his,'HH IH Z',s,'IH'
than,'DH AE N',s,'AE'
a,'AH',s,''
parrot,'P EH R AH T',s,''
against,'AH G EH N S T',s,''
rain,'r EH N',s,''
than,'DH AE N',s,'AE'
an,'AE N',s,'AE'
gidddy,'G IH D ǝ IH',s,'IH IH'
in,'IH N',s,'IH'
my,'M AY',s,'AY'
desires,'D IH Z ǝ IH R Z',s,'IH IH'
than,'DH AE N',s,'AE'
a,'AH',s,''
i,'AY',s,'AY'
will,'W IH L',s,'IH'
weep,'W IY P',s,'IY'
for,'F AO R',s,'AO'
in,'IH N',s,'IH'
the,'DH AH',s,''
and,'AH N D',s,''
i,'AY',s,'AY'
will,'W IH L',s,'IH'
do,'D OW',s,''
that,'DH AE T',s,'AE'
when,'ʍ e N',s,''
you,'Y UW',s,'UW'
to,'T UW',s,'UW'
be,'B IY',s,'IY'
merrry,'M e r ǝ IH',s,'IH'
i,'AY',s,'AY'
will,'W IH L',s,'IH'
a,'AH',s,''
hyena,'HH AY IY N AH',s,'AY IY'
and,'AH N D',s,''
that,'DH AE T',s,'AE'
when,'ʍ e N',s,''
thou,'DH AW',s,''
art,'AA R T',s,'AA'
to,'T UW',s,'UW'
sleep,'S L IY P',s,'IY'
by,'B AY',s,'AY'
my,'M AY',s,'AY'
she,'SH IY',s,'IY'
will,'W IH L',s,'IH'
do,'D OW',s,''
as,'AE Z',s,'AE'
i,'AY',s,'AY'
do,'D OW',s,''
or,'AO R',s,'AO'
she,'SH IY',s,'IY'
not,'N AA T',s,'AA'
the,'DH AH',s,''
wit,'W IH T',s,'IH'
to,'T UW',s,'UW'
do,'D OW',s,''
this,'DH IH S',s,'IH'
the,'DH AH',s,''
the,'DH AH',s,''
the,'DH AH',s,''
doors,'D AO R Z',s,'AO'
upon,'AH P AA N',s,'AA'
a,'AH',s,''
wit,'W IH T',s,'IH'
and,'AH N D',s,''
it,'IH T',s,'IH'
will,'W IH L',s,'IH'
out,'AW T',s,''
at,'AE T',s,'AE'
the,'DH AH',s,''
shut,'SH AH T',s,''
that,'DH AE T',s,'AE'
and,'AH N D',s,''
out,'AW T',s,''
at,'AE T',s,'AE'
the,'DH AH',s,''
keyhle,'K IY HH OW L',s,'IY'
stop,'S T AA P',s,'AA'
that,'DH AE T',s,'AE'
with,'W IH DH',s,'IH'
the,'DH AH',s,''
out,'AW T',s,''
at,'AE T',s,'AE'
the,'DH AH',s,''
you,'Y UW',s,'UW'
keep,'K IY P',s,'IY'
that,'DH AE T',s,'AE'
check,'CH EH K',s,''
for,'F AO R',s,'AO'
it,'IH T',s,'IH'
till,'T IH L',s,'IH'
you,'Y UW',s,'UW'
met,'M EH T',s,''
your,'Y AO R',s,'AO'
wit,'W IH T',s,'IH'
going,'G OW IH N',s,'IH'
to,'T UW',s,'UW'
your,'Y AO R',s,'AO'
bed,'B EH D',s,''
marrry,'M AW r ǝ IH',s,'IH'
to,'T UW',s,'UW'
she,'SH IY',s,'IY'
to,'T UW',s,'UW'
seek,'S IY K',s,'IY'
you,'Y UW',s,'UW'
you,'Y UW',s,'UW'
shall,'SH AE L',s,'AE'
never,'N e V ǝ R',s,''
unless,'ɤ N L e S',s,''
you,'Y UW',s,'UW'
o,'OW',s,''
that,'DH AE T',s,'AE'
woman,'W UH M AH N',s,'UH'
that,'DH AE T',s,'AE'
cannot,'K AE N AA T',s,'AE AA'
fault,'F AO L T',s,'AO'
let,'L EH T',s,''
never,'N e V ǝ R',s,''
nuse,'N ER S',s,''
child,'CH AY L D',s,'AY'
for,'F AO R',s,'AO'
she,'SH IY',s,'IY'
will,'W IH L',s,'IH'
breed,'B R IY D',s,'IY'
it,'IH T',s,'IH'
a,'AH',s,''
fool,'F UH L',s,'UH'
alas,'AH L AE S',s,'AE'
dear,'D IY R',s,'IY'
i,'AY',s,'AY'
cannot,'K AE N AA T',s,'AE AA'
lack,'L AE K',s,'AE'
thee,'DH IY',s,'IY'
go,'G OW',s,''
your,'Y AO R',s,'AO'
go,'G OW',s,''
your,'Y AO R',s,'AO'
i,'AY',s,'AY'
what,'W AH T',s,''
you,'Y UW',s,'UW'
my,'M AY',s,'AY'
friends,'F R EH N D Z',s,''
told,'T OW L D',s,''
me,'M IY',s,'IY'
as,'AE Z',s,'AE'
and,'AH N D',s,''
i,'AY',s,'AY'
no,'N OW',s,''
less,'L EH S',s,''
that,'DH AE T',s,'AE'
of,'AH V',s,''
yours,'Y UH R Z',s,'UH'
won,'W ɤ N',s,''
me,'M IY',s,'IY'
but,'B AH T',s,''
cast,'K AW S T',s,''
and,'AH N D',s,''
so,'S OW',s,''
death,'D EH TH',s,''
is,'IH Z',s,'IH'
your,'Y AO R',s,'AO'
by,'B AY',s,'AY'
my,'M AY',s,'AY'
troth,'T R OW TH',s,''
and,'AH N D',s,''
in,'IH N',s,'IH'
good,'G UH D',s,'UH'
earnest,'ɐ R N IH S T',s,'IH'
and,'AH N D',s,''
so,'S OW',s,''
god,'G AA D',s,'AA'
mend,'M EH N D',s,''
me,'M IY',s,'IY'
and,'AH N D',s,''
by,'B AY',s,'AY'
all,'AA L',s,'AA'
prettty,'P r IH T ǝ IH',s,'IH IH'
that,'DH AE T',s,'AE'
not,'N AA T',s,'AA'
if,'IH F',s,'IH'
you,'Y UW',s,'UW'
break,'B R EY K',s,'EY'
jot,'JH AA T',s,'AA'
of,'AH V',s,''
your,'Y AO R',s,'AO'
or,'AO R',s,'AO'
behind,'B IH ə IH N D',s,'IH IH'
your,'Y AO R',s,'AO'
i,'AY',s,'AY'
will,'W IH L',s,'IH'
think,'TH IH NG K',s,'IH'
you,'Y UW',s,'UW'
the,'DH AH',s,''
most,'M OW S T',s,''
and,'AH N D',s,''
the,'DH AH',s,''
most,'M OW S T',s,''
and,'AH N D',s,''
the,'DH AH',s,''
most,'M OW S T',s,''
of,'AH V',s,''
you,'Y UW',s,'UW'
call,'K AO L',s,'AO'
that,'DH AE T',s,'AE'
be,'B IY',s,'IY'
out,'AW T',s,''
of,'AH V',s,''
the,'DH AH',s,''
gross,'G r OW S',s,''
band,'B AE N D',s,'AE'
of,'AH V',s,''
the,'DH AH',s,''
therefre,'DH EH R F AO R',s,'AO'
my,'M AY',s,'AY'
and,'AH N D',s,''
keep,'K IY P',s,'IY'
your,'Y AO R',s,'AO'
well,'W EH L',s,''
is,'IH Z',s,'IH'
the,'DH AH',s,''
old,'OW L D',s,''
that,'DH AE T',s,'AE'
examines,'IH G Z AE M AH N Z',s,'IH AE'
all,'AA L',s,'AA'
offenders,'ǝ F e N D ǝ R Z',s,''
and,'AH N D',s,''
let,'L EH T',s,''
adieu,'AH D UW',s,'UW'
o,'OW',s,''
coz,'K AA Z',s,'AA'
coz,'K AA Z',s,'AA'
coz,'K AA Z',s,'AA'
my,'M AY',s,'AY'
prettty,'P r IH T ǝ IH',s,'IH IH'
coz,'K AA Z',s,'AA'
that,'DH AE T',s,'AE'
thou,'DH AW',s,''
fathom,'F AW D ǝ M',s,''
deep,'D IY P',s,'IY'
i,'AY',s,'AY'
am,'AE M',s,'AE'
in,'IH N',s,'IH'
but,'B AH T',s,''
it,'IH T',s,'IH'
cannot,'K AE N AA T',s,'AE AA'
be,'B IY',s,'IY'
sounded,'S AW N D AH D',s,''
my,'M AY',s,'AY'
affection,'AH F EH K SH AH N',s,''
hath,'HH AE TH',s,'AE'
an,'AE N',s,'AE'
bottom,'B AA T AH M',s,'AA'
the,'DH AH',s,''
of,'AH V',s,''
portugal,'P AO R T IH G AA L',s,'AO IH AA'
no,'N OW',s,''
that,'DH AE T',s,'AE'
wicked,'W IH K AH D',s,'IH'
of,'AH V',s,''
venus,'V IY N AH S',s,'IY'
that,'DH AE T',s,'AE'
was,'W AA Z',s,'AA'
begot,'B IY G AO T',s,'IY AO'
of,'AH V',s,''
of,'AH V',s,''
spleen,'S P L IY N',s,'IY'
and,'AH N D',s,''
born,'B AO R N',s,'AO'
of,'AH V',s,''
madness,'M AE D N AH S',s,'AE'
that,'DH AE T',s,'AE'
rascallly,'r AW S K L ǝ IH',s,'IH'
that,'DH AE T',s,'AE'
his,'HH IH Z',s,'IH'
out,'AW T',s,''
let,'L EH T',s,''
him,'HH IH M',s,'IH'
be,'B IY',s,'IY'
juge,'JH AH JH',s,''
deep,'D IY P',s,'IY'
i,'AY',s,'AY'
am,'AE M',s,'AE'
in,'IH N',s,'IH'
tell,'T EH L',s,''
thee,'DH IY',s,'IY'
i,'AY',s,'AY'
cannot,'K AE N AA T',s,'AE AA'
be,'B IY',s,'IY'
out,'AW T',s,''
of,'AH V',s,''
the,'DH AH',s,''
of,'AH V',s,''
orlando,'AO R L AW N D OW',s,'AO'
go,'G OW',s,''
a,'AH',s,''
and,'AH N D',s,''
till,'T IH L',s,'IH'
he,'HH IY',s,'IY'
you,'Y UW',s,'UW'
is,'IH Z',s,'IH'
it,'IH T',s,'IH'
not,'N AA T',s,'AA'
past,'P AW S T',s,''
and,'AH N D',s,''
orlando,'AO R L AW N D OW',s,'AO'
at,'AE T',s,'AE'
this,'DH IH S',s,'IH'
and,'AH N D',s,''
the,'DH AH',s,''
bear,'B EH R',s,''
this,'DH IH S',s,'IH'
bear,'B EH R',s,''
all,'AA L',s,'AA'
she,'SH IY',s,'IY'
i,'AY',s,'AY'
am,'AE M',s,'AE'
not,'N AA T',s,'AA'
fair,'F EH R',s,''
that,'DH AE T',s,'AE'
i,'AY',s,'AY'
lack,'L AE K',s,'AE'
she,'SH IY',s,'IY'
me,'M IY',s,'IY'
and,'AH N D',s,''
that,'DH AE T',s,'AE'
she,'SH IY',s,'IY'
not,'N AA T',s,'AA'
me,'M IY',s,'IY'
wre,'W ER',s,''
man,'M AE N',s,'AE'
as,'AE Z',s,'AE'
as,'AE Z',s,'AE'
phoenix,'F IY N IH K S',s,'IY IH'
my,'M AY',s,'AY'
will,'W IH L',s,'IH'
is,'IH Z',s,'IH'
not,'N AA T',s,'AA'
the,'DH AH',s,''
hre,'EH R',s,''
that,'DH AE T',s,'AE'
i,'AY',s,'AY'
do,'D OW',s,''
whhy,'ʍ ǝ IH',s,'IH'
she,'SH IY',s,'IY'
so,'S OW',s,''
to,'T UW',s,'UW'
me,'M IY',s,'IY'
well,'W EH L',s,''
well,'W EH L',s,''
this,'DH IH S',s,'IH'
is,'IH Z',s,'IH'
a,'AH',s,''
of,'AH V',s,''
your,'Y AO R',s,'AO'
you,'Y UW',s,'UW'
a,'AH',s,''
fool,'F UH L',s,'UH'
and,'AH N D',s,''
turned,'T ɐ R N IH D',s,'IH'
into,'IH N T UW',s,'IH UW'
the,'DH AH',s,''
of,'AH V',s,''
i,'AY',s,'AY'
she,'SH IY',s,'IY'
a,'AH',s,''
leathern,'L e DH ǝ R N',s,''
a,'AH',s,''
i,'AY',s,'AY'
did,'D IH D',s,'IH'
think,'TH IH NG K',s,'IH'
that,'DH AE T',s,'AE'
old,'OW L D',s,''
wre,'W ER',s,''
on,'AA N',s,'AA'
but,'B AH T',s,''
she,'SH IY',s,'IY'
a,'AH',s,''
no,'N OW',s,''
matter,'M AW T ǝ R',s,''
i,'AY',s,'AY'
she,'SH IY',s,'IY'
never,'N e V ǝ R',s,''
did,'D IH D',s,'IH'
invent,'IH N V EH N T',s,'IH'
this,'DH IH S',s,'IH'
this,'DH IH S',s,'IH'
is,'IH Z',s,'IH'
a,'AH',s,''
and,'AH N D',s,''
his,'HH IH Z',s,'IH'
whhy,'ʍ ǝ IH',s,'IH'
a,'AH',s,''
and,'AH N D',s,''
a,'AH',s,''
a,'AH',s,''
for,'F AO R',s,'AO'
whhy,'ʍ ǝ IH',s,'IH'
she,'SH IY',s,'IY'
me,'M IY',s,'IY'
to,'T UW',s,'UW'
chhristian,'K r IH S T IH ǝ N',s,'IH IH'
brain,'B r EH N',s,''
not,'N AA T',s,'AA'
drop,'D R AA P',s,'AA'
forth,'F AO R TH',s,'AO'
in,'IH N',s,'IH'
their,'DH EH R',s,''
effect,'IH F EH K T',s,'IH'
than,'DH AE N',s,'AE'
in,'IH N',s,'IH'
their,'DH EH R',s,''
will,'W IH L',s,'IH'
you,'Y UW',s,'UW'
the,'DH AH',s,''
she,'SH IY',s,'IY'
me,'M IY',s,'IY'
mark,'M AA R K',s,'AA'
the,'DH AH',s,''
tyrant,'T AY R AH N T',s,'AY'
art,'AA R T',s,'AA'
thou,'DH AW',s,''
god,'G AA D',s,'AA'
to,'T UW',s,'UW'
turned,'T ɐ R N IH D',s,'IH'
that,'DH AE T',s,'AE'
a,'AH',s,''
heart,'HH AA R T',s,'AA'
hath,'HH AE TH',s,'AE'
can,'K AE N',s,'AE'
a,'AH',s,''
woman,'W UH M AH N',s,'UH'
rail,'r EH L',s,''
thus,'DH ɤ S',s,''
whhy,'ʍ ǝ IH',s,'IH'
godhead,'G AA D HH EH D',s,'AA'
laid,'L EH D',s,''
apart,'ǝ P AW R T',s,''
thou,'DH AW',s,''
with,'W IH DH',s,'IH'
a,'AH',s,''
heart,'HH AA R T',s,'AA'
did,'D IH D',s,'IH'
you,'Y UW',s,'UW'
the,'DH AH',s,''
of,'AH V',s,''
man,'M AE N',s,'AE'
did,'D IH D',s,'IH'
woo,'W UW',s,'UW'
me,'M IY',s,'IY'
that,'DH AE T',s,'AE'
do,'D OW',s,''
no,'N OW',s,''
to,'T UW',s,'UW'
me,'M IY',s,'IY'
me,'M IY',s,'IY'
a,'AH',s,''
beast,'B e S T',s,''
if,'IH F',s,'IH'
the,'DH AH',s,''
of,'AH V',s,''
your,'Y AO R',s,'AO'
to,'T UW',s,'UW'
in,'IH N',s,'IH'
in,'IH N',s,'IH'
me,'M IY',s,'IY'
what,'W AH T',s,''
effect,'IH F EH K T',s,'IH'
work,'W AO R K',s,'AO'
in,'IH N',s,'IH'
aspect,'ǝ S P e K T',s,''
you,'Y UW',s,'UW'
me,'M IY',s,'IY'
i,'AY',s,'AY'
did,'D IH D',s,'IH'
then,'DH EH N',s,''
your,'Y AO R',s,'AO'
he,'HH IY',s,'IY'
that,'DH AE T',s,'AE'
this,'DH IH S',s,'IH'
to,'T UW',s,'UW'
thee,'DH IY',s,'IY'
this,'DH IH S',s,'IH'
in,'IH N',s,'IH'
me,'M IY',s,'IY'
and,'AH N D',s,''
by,'B AY',s,'AY'
him,'HH IH M',s,'IH'
seal,'S IY L',s,'IY'
up,'AH P',s,''
that,'DH AE T',s,'AE'
youth,'Y UW TH',s,'UW'
and,'AH N D',s,''
will,'W IH L',s,'IH'
the,'DH AH',s,''
offer,'ɒ F ǝ R',s,''
of,'AH V',s,''
me,'M IY',s,'IY'
and,'AH N D',s,''
all,'AA L',s,'AA'
that,'DH AE T',s,'AE'
i,'AY',s,'AY'
can,'K AE N',s,'AE'
or,'AO R',s,'AO'
by,'B AY',s,'AY'
him,'HH IH M',s,'IH'
my,'M AY',s,'AY'
and,'AH N D',s,''
then,'DH EH N',s,''
study,'S T AH D IY',s,'IY'
to,'T UW',s,'UW'
do,'D OW',s,''
you,'Y UW',s,'UW'
him,'HH IH M',s,'IH'
no,'N OW',s,''
he,'HH IY',s,'IY'
no,'N OW',s,''
thou,'DH AW',s,''
a,'AH',s,''
woman,'W UH M AH N',s,'UH'
what,'W AH T',s,''
to,'T UW',s,'UW'
thee,'DH IY',s,'IY'
an,'AE N',s,'AE'
instrument,'IH N S T r ǝ ˌ M e N',s,'IH'
and,'AH N D',s,''
upon,'AH P AA N',s,'AA'
thee,'DH IY',s,'IY'
not,'N AA T',s,'AA'
to,'T UW',s,'UW'
be,'B IY',s,'IY'
endured,'e N D Y UW R D',s,'UW'
well,'W EH L',s,''
go,'G OW',s,''
your,'Y AO R',s,'AO'
to,'T UW',s,'UW'
for,'F AO R',s,'AO'
i,'AY',s,'AY'
see,'S IY',s,'IY'
hath,'HH AE TH',s,'AE'
thee,'DH IY',s,'IY'
a,'AH',s,''
and,'AH N D',s,''
this,'DH IH S',s,'IH'
to,'T UW',s,'UW'
that,'DH AE T',s,'AE'
if,'IH F',s,'IH'
she,'SH IY',s,'IY'
me,'M IY',s,'IY'
i,'AY',s,'AY'
to,'T UW',s,'UW'
thee,'DH IY',s,'IY'
if,'IH F',s,'IH'
she,'SH IY',s,'IY'
will,'W IH L',s,'IH'
not,'N AA T',s,'AA'
i,'AY',s,'AY'
will,'W IH L',s,'IH'
never,'N e V ǝ R',s,''
unless,'ɤ N L e S',s,''
thou,'DH AW',s,''
for,'F AO R',s,'AO'
if,'IH F',s,'IH'
you,'Y UW',s,'UW'
be,'B IY',s,'IY'
a,'AH',s,''
true,'T R UW',s,'UW'
and,'AH N D',s,''
not,'N AA T',s,'AA'
a,'AH',s,''
for,'F AO R',s,'AO'
company,'K AH M P AH N IY',s,'IY'
i,'AY',s,'AY'
am,'AE M',s,'AE'
what,'W AH T',s,''
must,'M AH S T',s,''
we,'W IY',s,'IY'
by,'B AY',s,'AY'
this,'DH IH S',s,'IH'
but,'B AH T',s,''
to,'T UW',s,'UW'
orlando,'AO R L AW N D OW',s,'AO'
did,'D IH D',s,'IH'
he,'HH IY',s,'IY'
him,'HH IH M',s,'IH'
food,'F UW D',s,'UW'
to,'T UW',s,'UW'
the,'DH AH',s,''
and,'AH N D',s,''
hungry,'ɤ NG G r ǝ IH',s,'IH'
was,'W AA Z',s,'AA'
you,'Y UW',s,'UW'
he,'HH IY',s,'IY'
but,'B AH T',s,''
for,'F AO R',s,'AO'
the,'DH AH',s,''
bloody,'B L AH D IY',s,'IY'
napkin,'N AE P K IH N',s,'AE IH'
i,'AY',s,'AY'
i,'AY',s,'AY'
wre,'W ER',s,''
at,'AE T',s,'AE'
hme,'OW M',s,''
i,'AY',s,'AY'
do,'D OW',s,''
so,'S OW',s,''
i,'AY',s,'AY'
confess,'K AH N F EH S',s,''
it,'IH T',s,'IH'
a,'AH',s,''
body,'B AA D IY',s,'AA IY'
think,'TH IH NG K',s,'IH'
this,'DH IH S',s,'IH'
was,'W AA Z',s,'AA'
i,'AY',s,'AY'
you,'Y UW',s,'UW'
tell,'T EH L',s,''
your,'Y AO R',s,'AO'
well,'W EH L',s,''
i,'AY',s,'AY'
i,'AY',s,'AY'
you,'Y UW',s,'UW'
so,'S OW',s,''
i,'AY',s,'AY'
do,'D OW',s,''
but,'B AH T',s,''
faith,'F EY TH',s,'EY'
i,'AY',s,'AY'
been,'B IH N',s,'IH'
a,'AH',s,''
woman,'W UH M AH N',s,'UH'
by,'B AY',s,'AY'
i,'AY',s,'AY'
shall,'SH AE L',s,'AE'
but,'B AH T',s,''
i,'AY',s,'AY'
you,'Y UW',s,'UW'
commend,'K AH M EH N D',s,''
my,'M AY',s,'AY'
to,'T UW',s,'UW'
him,'HH IH M',s,'IH'
will,'W IH L',s,'IH'
you,'Y UW',s,'UW'
go,'G OW',s,''
god,'G AA D',s,'AA'
sve,'EH V',s,''
you,'Y UW',s,'UW'
o,'OW',s,''
my,'M AY',s,'AY'
dear,'D IY R',s,'IY'
orlando,'AO R L AW N D OW',s,'AO'
it,'IH T',s,'IH'
me,'M IY',s,'IY'
to,'T UW',s,'UW'
see,'S IY',s,'IY'
thee,'DH IY',s,'IY'
wear,'W EH R',s,''
heart,'HH AA R T',s,'AA'
in,'IH N',s,'IH'
a,'AH',s,''
i,'AY',s,'AY'
heart,'HH AA R T',s,'AA'
had,'HH AE D',s,'AE'
been,'B IH N',s,'IH'
with,'W IH DH',s,'IH'
the,'DH AH',s,''
of,'AH V',s,''
a,'AH',s,''
did,'D IH D',s,'IH'
your,'Y AO R',s,'AO'
tell,'T EH L',s,''
you,'Y UW',s,'UW'
i,'AY',s,'AY'
to,'T UW',s,'UW'
swoon,'S W UW N',s,'UW'
when,'ʍ e N',s,''
he,'HH IY',s,'IY'
me,'M IY',s,'IY'
your,'Y AO R',s,'AO'
o,'OW',s,''
i,'AY',s,'AY'
you,'Y UW',s,'UW'
true,'T R UW',s,'UW'
was,'W AA Z',s,'AA'
never,'N e V ǝ R',s,''
so,'S OW',s,''
sudden,'S AH D AH N',s,''
but,'B AH T',s,''
the,'DH AH',s,''
of,'AH V',s,''
rams,'R AE M Z',s,'AE'
and,'AH N D',s,''
brag,'B R AE G',s,'AE'
of,'AH V',s,''
i,'AY',s,'AY'
and,'AH N D',s,''
for,'F AO R',s,'AO'
your,'Y AO R',s,'AO'
and,'AH N D',s,''
my,'M AY',s,'AY'
no,'N OW',s,''
sooner,'S UW N ǝ R',s,'UW'
met,'M EH T',s,''
but,'B AH T',s,''
no,'N OW',s,''
sooner,'S UW N ǝ R',s,'UW'
but,'B AH T',s,''
no,'N OW',s,''
sooner,'S UW N ǝ R',s,'UW'
but,'B AH T',s,''
no,'N OW',s,''
sooner,'S UW N ǝ R',s,'UW'
but,'B AH T',s,''
another,'ǝ N ɤ DH ǝ R',s,''
the,'DH AH',s,''
reason,'r EH Z ǝ N',s,''
no,'N OW',s,''
sooner,'S UW N ǝ R',s,'UW'
the,'DH AH',s,''
reason,'r EH Z ǝ N',s,''
but,'B AH T',s,''
the,'DH AH',s,''
and,'AH N D',s,''
in,'IH N',s,'IH'
degrees,'D IH G R IY Z',s,'IH IY'
a,'AH',s,''
pair,'P EH R',s,''
of,'AH V',s,''
stairs,'S T EH R Z',s,''
to,'T UW',s,'UW'
will,'W IH L',s,'IH'
incontinent,'IH N K AA N T AH N AH N T',s,'IH AA'
or,'AO R',s,'AO'
be,'B IY',s,'IY'
incontinent,'IH N K AA N T AH N AH N T',s,'IH AA'
in,'IH N',s,'IH'
the,'DH AH',s,''
very,'V EH R IY',s,'IY'
wrath,'R AE TH',s,'AE'
of,'AH V',s,''
and,'AH N D',s,''
will,'W IH L',s,'IH'
clubs,'K L ɤ B Z',s,''
cannot,'K AE N AA T',s,'AE AA'
part,'P AA R T',s,'AA'
them,'DH EH M',s,''
whhy,'ʍ ǝ IH',s,'IH'
then,'DH EH N',s,''
i,'AY',s,'AY'
cannot,'K AE N AA T',s,'AE AA'
seve,'S ER V',s,''
your,'Y AO R',s,'AO'
turn,'T ɐ R N',s,''
for,'F AO R',s,'AO'
i,'AY',s,'AY'
will,'W IH L',s,'IH'
you,'Y UW',s,'UW'
then,'DH EH N',s,''
no,'N OW',s,''
longer,'L ɒ NG G ǝ R',s,''
with,'W IH DH',s,'IH'
of,'AH V',s,''
me,'M IY',s,'IY'
i,'AY',s,'AY'
speak,'S P IY K',s,'IY'
to,'T UW',s,'UW'
i,'AY',s,'AY'
you,'Y UW',s,'UW'
a,'AH',s,''
gentleman,'JH EH N T AH L M AH N',s,''
of,'AH V',s,''
good,'G UH D',s,'UH'
conceit,'K ǝ N S IY T',s,'IY'
i,'AY',s,'AY'
speak,'S P IY K',s,'IY'
not,'N AA T',s,'AA'
this,'DH IH S',s,'IH'
that,'DH AE T',s,'AE'
you,'Y UW',s,'UW'
bear,'B EH R',s,''
a,'AH',s,''
good,'G UH D',s,'UH'
of,'AH V',s,''
my,'M AY',s,'AY'
i,'AY',s,'AY'
i,'AY',s,'AY'
you,'Y UW',s,'UW'
neither,'N EH DH ǝ R',s,''
do,'D OW',s,''
i,'AY',s,'AY'
for,'F AO R',s,'AO'
a,'AH',s,''
greater,'G r e T ǝ R',s,''
esteem,'AH S T IY M',s,'IY'
than,'DH AE N',s,'AE'
in,'IH N',s,'IH'
a,'AH',s,''
belief,'B IH L IY F',s,'IH IY'
from,'F R AH M',s,''
you,'Y UW',s,'UW'
to,'T UW',s,'UW'
do,'D OW',s,''
good,'G UH D',s,'UH'
and,'AH N D',s,''
not,'N AA T',s,'AA'
to,'T UW',s,'UW'
me,'M IY',s,'IY'
then,'DH EH N',s,''
if,'IH F',s,'IH'
you,'Y UW',s,'UW'
that,'DH AE T',s,'AE'
i,'AY',s,'AY'
can,'K AE N',s,'AE'
do,'D OW',s,''
i,'AY',s,'AY'
i,'AY',s,'AY'
was,'W AA Z',s,'AA'
year,'Y IH R',s,'IH'
old,'OW L D',s,''
with,'W IH DH',s,'IH'
a,'AH',s,''
most,'M OW S T',s,''
profound,'P R OW F AW N D',s,''
in,'IH N',s,'IH'
his,'HH IH Z',s,'IH'
art,'AA R T',s,'AA'
and,'AH N D',s,''
yet,'Y EH T',s,''
not,'N AA T',s,'AA'
if,'IH F',s,'IH'
you,'Y UW',s,'UW'
do,'D OW',s,''
so,'S OW',s,''
near,'N IY R',s,'IY'
the,'DH AH',s,''
heart,'HH AA R T',s,'AA'
as,'AE Z',s,'AE'
your,'Y AO R',s,'AO'
cries,'K R AY Z',s,'AY'
it,'IH T',s,'IH'
out,'AW T',s,''
when,'ʍ e N',s,''
your,'Y AO R',s,'AO'
shall,'SH AE L',s,'AE'
you,'Y UW',s,'UW'
marrry,'M AW r ǝ IH',s,'IH'
i,'AY',s,'AY'
into,'IH N T UW',s,'IH UW'
what,'W AH T',s,''
straits,'S T R EY T S',s,'EY'
of,'AH V',s,''
she,'SH IY',s,'IY'
is,'IH Z',s,'IH'
driven,'D R IH V AH N',s,'IH'
and,'AH N D',s,''
it,'IH T',s,'IH'
is,'IH Z',s,'IH'
not,'N AA T',s,'AA'
to,'T UW',s,'UW'
me,'M IY',s,'IY'
if,'IH F',s,'IH'
it,'IH T',s,'IH'
appear,'ǝ P IY R',s,'IY'
not,'N AA T',s,'AA'
to,'T UW',s,'UW'
you,'Y UW',s,'UW'
to,'T UW',s,'UW'
set,'S EH T',s,''
your,'Y AO R',s,'AO'
human,'Y UW M ǝ N',s,'UW'
as,'AE Z',s,'AE'
she,'SH IY',s,'IY'
is,'IH Z',s,'IH'
and,'AH N D',s,''
by,'B AY',s,'AY'
my,'M AY',s,'AY'
i,'AY',s,'AY'
do,'D OW',s,''
i,'AY',s,'AY'
tender,'T e N D ǝ R',s,''
dearly,'D IH R L IY',s,'IH IY'
i,'AY',s,'AY'
i,'AY',s,'AY'
am,'AE M',s,'AE'
a,'AH',s,''
therefre,'DH EH R F AO R',s,'AO'
put,'P UH T',s,'UH'
you,'Y UW',s,'UW'
in,'IH N',s,'IH'
your,'Y AO R',s,'AO'
best,'B EH S T',s,''
bid,'B IH D',s,'IH'
your,'Y AO R',s,'AO'
friends,'F R EH N D Z',s,''
for,'F AO R',s,'AO'
if,'IH F',s,'IH'
you,'Y UW',s,'UW'
will,'W IH L',s,'IH'
be,'B IY',s,'IY'
you,'Y UW',s,'UW'
shall,'SH AE L',s,'AE'
and,'AH N D',s,''
to,'T UW',s,'UW'
if,'IH F',s,'IH'
you,'Y UW',s,'UW'
will,'W IH L',s,'IH'
look,'L UH K',s,'UH'
a,'AH',s,''
of,'AH V',s,''
and,'AH N D',s,''
a,'AH',s,''
of,'AH V',s,''
i,'AY',s,'AY'
not,'N AA T',s,'AA'
if,'IH F',s,'IH'
i,'AY',s,'AY'
it,'IH T',s,'IH'
is,'IH Z',s,'IH'
my,'M AY',s,'AY'
study,'S T AH D IY',s,'IY'
to,'T UW',s,'UW'
seem,'S IY M',s,'IY'
despiteful,'D IH S P ǝ IH T F UH L',s,'IH IH UH'
and,'AH N D',s,''
to,'T UW',s,'UW'
you,'Y UW',s,'UW'
you,'Y UW',s,'UW'
by,'B AY',s,'AY'
a,'AH',s,''
look,'L UH K',s,'UH'
upon,'AH P AA N',s,'AA'
him,'HH IH M',s,'IH'
him,'HH IH M',s,'IH'
he,'HH IY',s,'IY'
worships,'W AO R SH IH P S',s,'AO IH'
you,'Y UW',s,'UW'
and,'AH N D',s,''
i,'AY',s,'AY'
for,'F AO R',s,'AO'
no,'N OW',s,''
woman,'W UH M AH N',s,'UH'
and,'AH N D',s,''
i,'AY',s,'AY'
for,'F AO R',s,'AO'
no,'N OW',s,''
woman,'W UH M AH N',s,'UH'
and,'AH N D',s,''
so,'S OW',s,''
am,'AE M',s,'AE'
i,'AY',s,'AY'
for,'F AO R',s,'AO'
no,'N OW',s,''
woman,'W UH M AH N',s,'UH'
whhy,'ʍ ǝ IH',s,'IH'
do,'D OW',s,''
you,'Y UW',s,'UW'
speak,'S P IY K',s,'IY'
too,'T UW',s,'UW'
whhy,'ʍ ǝ IH',s,'IH'
you,'Y UW',s,'UW'
me,'M IY',s,'IY'
to,'T UW',s,'UW'
you,'Y UW',s,'UW'
you,'Y UW',s,'UW'
no,'N OW',s,''
of,'AH V',s,''
this,'DH IH S',s,'IH'
the,'DH AH',s,''
of,'AH V',s,''
irish,'AY R IH SH',s,'AY IH'
against,'AH G EH N S T',s,''
the,'DH AH',s,''
moon,'M UW N',s,'UW'
i,'AY',s,'AY'
will,'W IH L',s,'IH'
you,'Y UW',s,'UW'
if,'IH F',s,'IH'
i,'AY',s,'AY'
can,'K AE N',s,'AE'
i,'AY',s,'AY'
you,'Y UW',s,'UW'
if,'IH F',s,'IH'
i,'AY',s,'AY'
meet,'M IY T',s,'IY'
me,'M IY',s,'IY'
all,'AA L',s,'AA'
i,'AY',s,'AY'
will,'W IH L',s,'IH'
marrry,'M AW r ǝ IH',s,'IH'
you,'Y UW',s,'UW'
if,'IH F',s,'IH'
i,'AY',s,'AY'
marrry,'M AW r ǝ IH',s,'IH'
woman,'W UH M AH N',s,'UH'
and,'AH N D',s,''
be,'B IY',s,'IY'
i,'AY',s,'AY'
will,'W IH L',s,'IH'
you,'Y UW',s,'UW'
if,'IH F',s,'IH'
i,'AY',s,'AY'
man,'M AE N',s,'AE'
and,'AH N D',s,''
you,'Y UW',s,'UW'
shall,'SH AE L',s,'AE'
be,'B IY',s,'IY'
i,'AY',s,'AY'
will,'W IH L',s,'IH'
content,'K ǝ N T e N T',s,''
you,'Y UW',s,'UW'
if,'IH F',s,'IH'
what,'W AH T',s,''
pleases,'P L IY Z IH Z',s,'IY IH'
you,'Y UW',s,'UW'
contents,'K ǝ N T e N T S',s,''
you,'Y UW',s,'UW'
and,'AH N D',s,''
you,'Y UW',s,'UW'
shall,'SH AE L',s,'AE'
be,'B IY',s,'IY'
as,'AE Z',s,'AE'
you,'Y UW',s,'UW'
meet,'M IY T',s,'IY'
as,'AE Z',s,'AE'
you,'Y UW',s,'UW'
as,'AE Z',s,'AE'
i,'AY',s,'AY'
no,'N OW',s,''
woman,'W UH M AH N',s,'UH'
meet,'M IY T',s,'IY'
so,'S OW',s,''
you,'Y UW',s,'UW'
well,'W EH L',s,''
i,'AY',s,'AY'
left,'L EH F T',s,''
you,'Y UW',s,'UW'
commands,'K ǝ M AW N D Z',s,''
our,'OW R',s,''
compact,'K ǝ M P AW K T',s,''
is,'IH Z',s,'IH'
you,'Y UW',s,'UW'
if,'IH F',s,'IH'
i,'AY',s,'AY'
in,'IH N',s,'IH'
your,'Y AO R',s,'AO'
you,'Y UW',s,'UW'
will,'W IH L',s,'IH'
on,'AA N',s,'AA'
orlando,'AO R L AW N D OW',s,'AO'
and,'AH N D',s,''
you,'Y UW',s,'UW'
you,'Y UW',s,'UW'
will,'W IH L',s,'IH'
when,'ʍ e N',s,''
i,'AY',s,'AY'
you,'Y UW',s,'UW'
marrry,'M AW r ǝ IH',s,'IH'
me,'M IY',s,'IY'
if,'IH F',s,'IH'
i,'AY',s,'AY'
be,'B IY',s,'IY'
but,'B AH T',s,''
if,'IH F',s,'IH'
you,'Y UW',s,'UW'
do,'D OW',s,''
to,'T UW',s,'UW'
marrry,'M AW r ǝ IH',s,'IH'
me,'M IY',s,'IY'
to,'T UW',s,'UW'
this,'DH IH S',s,'IH'
most,'M OW S T',s,''
you,'Y UW',s,'UW'
that,'DH AE T',s,'AE'
if,'IH F',s,'IH'
she,'SH IY',s,'IY'
will,'W IH L',s,'IH'
i,'AY',s,'AY'
to,'T UW',s,'UW'
all,'AA L',s,'AA'
this,'DH IH S',s,'IH'
matter,'M AW T ǝ R',s,''
even,'IY V IH N',s,'IY IH'
keep,'K IY P',s,'IY'
you,'Y UW',s,'UW'
your,'Y AO R',s,'AO'
o,'OW',s,''
to,'T UW',s,'UW'
your,'Y AO R',s,'AO'
you,'Y UW',s,'UW'
yours,'Y UH R Z',s,'UH'
orlando,'AO R L AW N D OW',s,'AO'
to,'T UW',s,'UW'
his,'HH IH Z',s,'IH'
keep,'K IY P',s,'IY'
you,'Y UW',s,'UW'
your,'Y AO R',s,'AO'
that,'DH AE T',s,'AE'
marrry,'M AW r ǝ IH',s,'IH'
me,'M IY',s,'IY'
or,'AO R',s,'AO'
refusing,'R AH F Y UW Z IH NG',s,'UW IH'
me,'M IY',s,'IY'
to,'T UW',s,'UW'
wed,'W EH D',s,''
this,'DH IH S',s,'IH'
keep,'K IY P',s,'IY'
your,'Y AO R',s,'AO'
that,'DH AE T',s,'AE'
marrry,'M AW r ǝ IH',s,'IH'
if,'IH F',s,'IH'
she,'SH IY',s,'IY'
me,'M IY',s,'IY'
and,'AH N D',s,''
from,'F R AH M',s,''
i,'AY',s,'AY'
go,'G OW',s,''
to,'T UW',s,'UW'
doubts,'D ǝ UH T S',s,'UH'
all,'AA L',s,'AA'
even,'IY V IH N',s,'IY IH'
to,'T UW',s,'UW'
you,'Y UW',s,'UW'
i,'AY',s,'AY'
myself,'M AY S EH L F',s,'AY'
for,'F AO R',s,'AO'
i,'AY',s,'AY'
am,'AE M',s,'AE'
yours,'Y UH R Z',s,'UH'
to,'T UW',s,'UW'
you,'Y UW',s,'UW'
i,'AY',s,'AY'
myself,'M AY S EH L F',s,'AY'
for,'F AO R',s,'AO'
i,'AY',s,'AY'
am,'AE M',s,'AE'
yours,'Y UH R Z',s,'UH'
no,'N OW',s,''
if,'IH F',s,'IH'
you,'Y UW',s,'UW'
be,'B IY',s,'IY'
not,'N AA T',s,'AA'
he,'HH IY',s,'IY'
no,'N OW',s,''
if,'IH F',s,'IH'
you,'Y UW',s,'UW'
be,'B IY',s,'IY'
not,'N AA T',s,'AA'
he,'HH IY',s,'IY'
nor,'N AO R',s,'AO'
wed,'W EH D',s,''
woman,'W UH M AH N',s,'UH'
if,'IH F',s,'IH'
you,'Y UW',s,'UW'
be,'B IY',s,'IY'
not,'N AA T',s,'AA'
she,'SH IY',s,'IY'
it,'IH T',s,'IH'
is,'IH Z',s,'IH'
not,'N AA T',s,'AA'
the,'DH AH',s,''
fashion,'F AE SH AH N',s,'AE'
to,'T UW',s,'UW'
see,'S IY',s,'IY'
the,'DH AH',s,''
lady,'L EY D IY',s,'EY IY'
the,'DH AH',s,''
but,'B AH T',s,''
it,'IH T',s,'IH'
is,'IH Z',s,'IH'
no,'N OW',s,''
unhandsme,'ɤ N AW N S ǝ M -',s,''
than,'DH AE N',s,'AE'
to,'T UW',s,'UW'
see,'S IY',s,'IY'
the,'DH AH',s,''
lord,'L AO R D',s,'AO'
the,'DH AH',s,''
if,'IH F',s,'IH'
it,'IH T',s,'IH'
be,'B IY',s,'IY'
true,'T R UW',s,'UW'
that,'DH AE T',s,'AE'
good,'G UH D',s,'UH'
needs,'N IY D Z',s,'IY'
no,'N OW',s,''
bush,'B UH SH',s,'UH'
true,'T R UW',s,'UW'
that,'DH AE T',s,'AE'
a,'AH',s,''
good,'G UH D',s,'UH'
needs,'N IY D Z',s,'IY'
no,'N OW',s,''
yet,'Y EH T',s,''
to,'T UW',s,'UW'
good,'G UH D',s,'UH'
do,'D OW',s,''
good,'G UH D',s,'UH'
bushes,'B UH SH AH Z',s,'UH'
and,'AH N D',s,''
good,'G UH D',s,'UH'
the,'DH AH',s,''
better,'B e T ə R',s,''
by,'B AY',s,'AY'
the,'DH AH',s,''
of,'AH V',s,''
good,'G UH D',s,'UH'
what,'W AH T',s,''
a,'AH',s,''
am,'AE M',s,'AE'
i,'AY',s,'AY'
in,'IH N',s,'IH'
then,'DH EH N',s,''
that,'DH AE T',s,'AE'
am,'AE M',s,'AE'
neither,'N EH DH ǝ R',s,''
a,'AH',s,''
good,'G UH D',s,'UH'
nor,'N AO R',s,'AO'
cannot,'K AE N AA T',s,'AE AA'
with,'W IH DH',s,'IH'
you,'Y UW',s,'UW'
in,'IH N',s,'IH'
the,'DH AH',s,''
of,'AH V',s,''
a,'AH',s,''
good,'G UH D',s,'UH'
i,'AY',s,'AY'
am,'AE M',s,'AE'
not,'N AA T',s,'AA'
a,'AH',s,''
beggar,'B e ɡ ə R',s,''
therefre,'DH EH R F AO R',s,'AO'
to,'T UW',s,'UW'
beg,'B EH G',s,''
will,'W IH L',s,'IH'
not,'N AA T',s,'AA'
me,'M IY',s,'IY'
my,'M AY',s,'AY'
is,'IH Z',s,'IH'
to,'T UW',s,'UW'
conjre,'K AA N JH ER',s,'AA'
you,'Y UW',s,'UW'
and,'AH N D',s,''
begin,'B IH G IH N',s,'IH IH'
with,'W IH DH',s,'IH'
the,'DH AH',s,''
women,'W IH M AH N',s,'IH'
i,'AY',s,'AY'
you,'Y UW',s,'UW'
o,'OW',s,''
women,'W IH M AH N',s,'IH'
for,'F AO R',s,'AO'
the,'DH AH',s,''
you,'Y UW',s,'UW'
bear,'B EH R',s,''
to,'T UW',s,'UW'
men,'M EH N',s,''
to,'T UW',s,'UW'
as,'AE Z',s,'AE'
of,'AH V',s,''
this,'DH IH S',s,'IH'
as,'AE Z',s,'AE'
you,'Y UW',s,'UW'
and,'AH N D',s,''
i,'AY',s,'AY'
you,'Y UW',s,'UW'
o,'OW',s,''
men,'M EH N',s,''
for,'F AO R',s,'AO'
the,'DH AH',s,''
you,'Y UW',s,'UW'
bear,'B EH R',s,''
to,'T UW',s,'UW'
i,'AY',s,'AY'
percve,'P ER S IY V',s,'IY'
by,'B AY',s,'AY'
your,'Y AO R',s,'AO'
of,'AH V',s,''
you,'Y UW',s,'UW'
between,'B IH T W IY N',s,'IH IY'
you,'Y UW',s,'UW'
and,'AH N D',s,''
the,'DH AH',s,''
women,'W IH M AH N',s,'IH'
the,'DH AH',s,''
if,'IH F',s,'IH'
i,'AY',s,'AY'
wre,'W ER',s,''
a,'AH',s,''
woman,'W UH M AH N',s,'UH'
i,'AY',s,'AY'
kiss,'K IH S',s,'IH'
as,'AE Z',s,'AE'
of,'AH V',s,''
you,'Y UW',s,'UW'
as,'AE Z',s,'AE'
had,'HH AE D',s,'AE'
beards,'B IH R D Z',s,'IH'
that,'DH AE T',s,'AE'
me,'M IY',s,'IY'
that,'DH AE T',s,'AE'
me,'M IY',s,'IY'
and,'AH N D',s,''
that,'DH AE T',s,'AE'
i,'AY',s,'AY'
not,'N AA T',s,'AA'
and,'AH N D',s,''
i,'AY',s,'AY'
am,'AE M',s,'AE'
as,'AE Z',s,'AE'
as,'AE Z',s,'AE'
good,'G UH D',s,'UH'
beards,'B IH R D Z',s,'IH'
or,'AO R',s,'AO'
good,'G UH D',s,'UH'
faces,'F EH S IH Z',s,'IH'
or,'AO R',s,'AO'
sweet,'S W IY T',s,'IY'
will,'W IH L',s,'IH'
for,'F AO R',s,'AO'
my,'M AY',s,'AY'
offer,'ɒ F ǝ R',s,''
when,'ʍ e N',s,''
i,'AY',s,'AY'
bid,'B IH D',s,'IH'
me,'M IY',s,'IY'
