you,'Y UW',s,'UW'
it,'IH T',s,'IH'
is,'IH Z',s,'IH'
your,'Y AO R',s,'AO'
you,'Y UW',s,'UW'
my,'M AY',s,'AY'
friends,'F R EH N D Z',s,''
well,'W EH L',s,''
we,'W IY',s,'IY'
off,'AO F',s,'AO'
romans,'R OW M AH N Z',s,''
neither,'N EH DH ǝ R',s,''
foolish,'F UW L IH SH',s,'UW IH'
in,'IH N',s,'IH'
our,'OW R',s,''
stands,'S T AE N D Z',s,'AE'
nor,'N AO R',s,'AO'
in,'IH N',s,'IH'
me,'M IY',s,'IY'
we,'W IY',s,'IY'
shall,'SH AE L',s,'AE'
be,'B IY',s,'IY'
again,'ǝ ɡ EH N',s,''
we,'W IY',s,'IY'
by,'B AY',s,'AY'
and,'AH N D',s,''
gusts,'G AH S T S',s,''
we,'W IY',s,'IY'
the,'DH AH',s,''
charges,'CH AA R JH AH Z',s,'AA'
of,'AH V',s,''
our,'OW R',s,''
friends,'F R EH N D Z',s,''
the,'DH AH',s,''
roman,'r OW M ǝ N',s,''
gods,'G AA D Z',s,'AA'
lead,'L EH D',s,''
their,'DH EH R',s,''
as,'AE Z',s,'AE'
we,'W IY',s,'IY'
wish,'W IH SH',s,'IH'
our,'OW R',s,''
that,'DH AE T',s,'AE'
both,'B OW TH',s,''
our,'OW R',s,''
with,'W IH DH',s,'IH'
smiling,'S M ǝ IH L IH N',s,'IH IH'
fronts,'F r ɤ N T S',s,''
you,'Y UW',s,'UW'
thankful,'TH AE NG K F AH L',s,'AE'
thou,'DH AW',s,''
truth,'T R UW TH',s,'UW'
methinks,'M IH TH IH NG K S',s,'IH IH'
thou,'DH AW',s,''
not,'N AA T',s,'AA'
well,'W EH L',s,''
is,'IH Z',s,'IH'
not,'N AA T',s,'AA'
a,'AH',s,''
briefly,'B R IY F L IY',s,'IY IY'
we,'W IY',s,'IY'
their,'DH EH R',s,''
drums,'D R AH M Z',s,''
thou,'DH AW',s,''
in,'IH N',s,'IH'
a,'AH',s,''
confound,'K AA N F AW N D',s,'AA'
an,'AE N',s,'AE'
and,'AH N D',s,''
so,'S OW',s,''
that,'DH AE T',s,'AE'
does,'D AH Z',s,''
appear,'ǝ P IY R',s,'IY'
as,'AE Z',s,'AE'
he,'HH IY',s,'IY'
wre,'W ER',s,''
o,'OW',s,''
gods,'G AA D Z',s,'AA'
he,'HH IY',s,'IY'
the,'DH AH',s,''
stamp,'S T AE M P',s,'AE'
of,'AH V',s,''
and,'AH N D',s,''
i,'AY',s,'AY'
seen,'S IY N',s,'IY'
him,'HH IH M',s,'IH'
thus,'DH ɤ S',s,''
the,'DH AH',s,''
not,'N AA T',s,'AA'
from,'F R AH M',s,''
a,'AH',s,''
tabor,'T AW B ǝ R',s,''
than,'DH AE N',s,'AE'
i,'AY',s,'AY'
the,'DH AH',s,''
of,'AH V',s,''
from,'F R AH M',s,''
every,'e V r ǝ IH',s,'IH'
man,'M AE N',s,'AE'
if,'IH F',s,'IH'
you,'Y UW',s,'UW'
not,'N AA T',s,'AA'
in,'IH N',s,'IH'
the,'DH AH',s,''
blood,'B L AH D',s,''
of,'AH V',s,''
but,'B AH T',s,''
in,'IH N',s,'IH'
your,'Y AO R',s,'AO'
of,'AH V',s,''
warriors,'W AO R IY ER Z',s,'AO IY'
is,'IH Z',s,'IH'
with,'W IH DH',s,'IH'
titus,'T AY T AH S',s,'AY'
is,'IH Z',s,'IH'
that,'DH AE T',s,'AE'
told,'T OW L D',s,''
me,'M IY',s,'IY'
had,'HH AE D',s,'AE'
beat,'B IY T',s,'IY'
you,'Y UW',s,'UW'
to,'T UW',s,'UW'
your,'Y AO R',s,'AO'
trenches,'T R EH N CH IH Z',s,'IH'
is,'IH Z',s,'IH'
he,'HH IY',s,'IY'
call,'K AO L',s,'AO'
him,'HH IH M',s,'IH'
but,'B AH T',s,''
you,'Y UW',s,'UW'
we,'W IY',s,'IY'
at,'AE T',s,'AE'
and,'AH N D',s,''
did,'D IH D',s,'IH'
to,'T UW',s,'UW'
win,'W IH N',s,'IH'
our,'OW R',s,''
as,'AE Z',s,'AE'
i,'AY',s,'AY'
guess,'G EH S',s,''
their,'DH EH R',s,''
bands,'B AE N D Z',s,'AE'
vaward,'V AW W ǝ R D',s,''
the,'DH AH',s,''
of,'AH V',s,''
their,'DH EH R',s,''
best,'B EH S T',s,''
trust,'T r ɤ S T',s,''
them,'DH EH M',s,''
their,'DH EH R',s,''
very,'V EH R IY',s,'IY'
heart,'HH AA R T',s,'AA'
of,'AH V',s,''
i,'AY',s,'AY'
wish,'W IH SH',s,'IH'
you,'Y UW',s,'UW'
wre,'W ER',s,''
conducted,'K AH N D AH K T AH D',s,''
to,'T UW',s,'UW'
a,'AH',s,''
bath,'B AW TH',s,''
and,'AH N D',s,''
to,'T UW',s,'UW'
you,'Y UW',s,'UW'
yet,'Y EH T',s,''
i,'AY',s,'AY'
never,'N e V ǝ R',s,''
your,'Y AO R',s,'AO'
your,'Y AO R',s,'AO'
of,'AH V',s,''
that,'DH AE T',s,'AE'
best,'B EH S T',s,''
can,'K AE N',s,'AE'
aid,'EH D',s,''
your,'Y AO R',s,'AO'
action,'AE K SH AH N',s,'AE'
on,'AA N',s,'AA'
my,'M AY',s,'AY'
good,'G UH D',s,'UH'
this,'DH IH S',s,'IH'
and,'AH N D',s,''
you,'Y UW',s,'UW'
shall,'SH AE L',s,'AE'
in,'IH N',s,'IH'
all,'AA L',s,'AA'
with,'W IH DH',s,'IH'
us,'AH S',s,''
if,'IH F',s,'IH'
i,'AY',s,'AY'
tell,'T EH L',s,''
thee,'DH IY',s,'IY'
this,'DH IH S',s,'IH'
work,'W AO R K',s,'AO'
thou,'DH AW',s,''
not,'N AA T',s,'AA'
deeds,'D IY D Z',s,'IY'
but,'B AH T',s,''
report,'r IH P AO R T',s,'IH AO'
it,'IH T',s,'IH'
shall,'SH AE L',s,'AE'
tears,'T EH R Z',s,''
with,'W IH DH',s,'IH'
smiles,'S M ǝ IH L Z',s,'IH'
great,'G r e T',s,''
patricians,'P AH T R IH SH AH N Z',s,'IH'
shall,'SH AE L',s,'AE'
attend,'AH T EH N D',s,''
and,'AH N D',s,''
end,'EH N D',s,''
ladies,'L EY D IY Z',s,'EY IY'
shall,'SH AE L',s,'AE'
be,'B IY',s,'IY'
and,'AH N D',s,''
the,'DH AH',s,''
dull,'D ɤ L',s,''
that,'DH AE T',s,'AE'
with,'W IH DH',s,'IH'
the,'DH AH',s,''
shall,'SH AE L',s,'AE'
against,'AH G EH N S T',s,''
their,'DH EH R',s,''
hearts,'HH AA R T S',s,'AA'
we,'W IY',s,'IY'
thank,'TH AE NG K',s,'AE'
the,'DH AH',s,''
gods,'G AA D Z',s,'AA'
our,'OW R',s,''
hath,'HH AE TH',s,'AE'
a,'AH',s,''
yet,'Y EH T',s,''
thou,'DH AW',s,''
to,'T UW',s,'UW'
a,'AH',s,''
morsel,'M AO R S AH L',s,'AO'
of,'AH V',s,''
this,'DH IH S',s,'IH'
feast,'F e S T',s,''
fullly,'F UH L ǝ IH',s,'UH IH'
dined,'D ǝ IH N D',s,'IH'
you,'Y UW',s,'UW'
shall,'SH AE L',s,'AE'
not,'N AA T',s,'AA'
be,'B IY',s,'IY'
the,'DH AH',s,''
of,'AH V',s,''
your,'Y AO R',s,'AO'
must,'M AH S T',s,''
the,'DH AH',s,''
of,'AH V',s,''
a,'AH',s,''
concealment,'K AH N S IY L M AH N T',s,'IY'
than,'DH AE N',s,'AE'
a,'AH',s,''
theft,'TH EH F T',s,''
no,'N OW',s,''
less,'L EH S',s,''
than,'DH AE N',s,'AE'
a,'AH',s,''
to,'T UW',s,'UW'
your,'Y AO R',s,'AO'
doings,'D UW IH N Z',s,'UW IH'
and,'AH N D',s,''
to,'T UW',s,'UW'
that,'DH AE T',s,'AE'
to,'T UW',s,'UW'
the,'DH AH',s,''
and,'AH N D',s,''
top,'T AA P',s,'AA'
of,'AH V',s,''
praises,'P r EH Z IH Z',s,'IH'
seem,'S IY M',s,'IY'
but,'B AH T',s,''
modest,'M AA D AH S T',s,'AA'
therefre,'DH EH R F AO R',s,'AO'
i,'AY',s,'AY'
beseech,'B IY S IY CH',s,'IY IY'
you,'Y UW',s,'UW'
in,'IH N',s,'IH'
sign,'S ǝ IH N',s,'IH'
of,'AH V',s,''
what,'W AH T',s,''
you,'Y UW',s,'UW'
not,'N AA T',s,'AA'
to,'T UW',s,'UW'
reward,'r IH W AA R D',s,'IH AA'
what,'W AH T',s,''
you,'Y UW',s,'UW'
our,'OW R',s,''
me,'M IY',s,'IY'
not,'N AA T',s,'AA'
well,'W EH L',s,''
and,'AH N D',s,''
tent,'T EH N T',s,''
with,'W IH DH',s,'IH'
death,'D EH TH',s,''
of,'AH V',s,''
all,'AA L',s,'AA'
the,'DH AH',s,''
horses,'HH AO R S AH Z',s,'AO'
whereof,'ʍ EH R ɒ V',s,''
we,'W IY',s,'IY'
good,'G UH D',s,'UH'
and,'AH N D',s,''
good,'G UH D',s,'UH'
all,'AA L',s,'AA'
the,'DH AH',s,''
in,'IH N',s,'IH'
this,'DH IH S',s,'IH'
field,'F IY L D',s,'IY'
achieved,'ǝ T SH IY V D',s,'IY'
and,'AH N D',s,''
we,'W IY',s,'IY'
render,'r e N D ǝ R',s,''
you,'Y UW',s,'UW'
the,'DH AH',s,''
tenth,'T e N T',s,''
to,'T UW',s,'UW'
be,'B IY',s,'IY'
forth,'F AO R TH',s,'AO'
the,'DH AH',s,''
common,'K AA M AH N',s,'AA'
at,'AE T',s,'AE'
your,'Y AO R',s,'AO'
only,'OW N L IY',s,'IY'
too,'T UW',s,'UW'
modest,'M AA D AH S T',s,'AA'
you,'Y UW',s,'UW'
to,'T UW',s,'UW'
your,'Y AO R',s,'AO'
good,'G UH D',s,'UH'
report,'r IH P AO R T',s,'IH AO'
than,'DH AE N',s,'AE'
to,'T UW',s,'UW'
us,'AH S',s,''
that,'DH AE T',s,'AE'
you,'Y UW',s,'UW'
by,'B AY',s,'AY'
your,'Y AO R',s,'AO'
if,'IH F',s,'IH'
you,'Y UW',s,'UW'
be,'B IY',s,'IY'
incensed,'IH N S e N S IH D',s,'IH IH'
put,'P UH T',s,'UH'
you,'Y UW',s,'UW'
that,'DH AE T',s,'AE'
means,'M IY N Z',s,'IY'
his,'HH IH Z',s,'IH'
in,'IH N',s,'IH'
then,'DH EH N',s,''
reason,'r EH Z ǝ N',s,''
safely,'S EH F L ǝ IH',s,'IH'
with,'W IH DH',s,'IH'
you,'Y UW',s,'UW'
therefre,'DH EH R F AO R',s,'AO'
be,'B IY',s,'IY'
it,'IH T',s,'IH'
as,'AE Z',s,'AE'
to,'T UW',s,'UW'
us,'AH S',s,''
to,'T UW',s,'UW'
all,'AA L',s,'AA'
the,'DH AH',s,''
that,'DH AE T',s,'AE'
wears,'W EH R Z',s,''
this,'DH IH S',s,'IH'
garland,'G AA R L ǝ N D',s,'AA'
in,'IH N',s,'IH'
token,'T OW K ǝ N',s,''
of,'AH V',s,''
the,'DH AH',s,''
my,'M AY',s,'AY'
steed,'S T IY D',s,'IY'
to,'T UW',s,'UW'
the,'DH AH',s,''
camp,'K AE M P',s,'AE'
i,'AY',s,'AY'
him,'HH IH M',s,'IH'
with,'W IH DH',s,'IH'
all,'AA L',s,'AA'
his,'HH IH Z',s,'IH'
trim,'T R IH M',s,'IH'
and,'AH N D',s,''
from,'F R AH M',s,''
this,'DH IH S',s,'IH'
for,'F AO R',s,'AO'
what,'W AH T',s,''
he,'HH IY',s,'IY'
did,'D IH D',s,'IH'
call,'K AO L',s,'AO'
him,'HH IH M',s,'IH'
with,'W IH DH',s,'IH'
all,'AA L',s,'AA'
appplse,'AH P L AO Z',s,'AO'
and,'AH N D',s,''
of,'AH V',s,''
the,'DH AH',s,''
bear,'B EH R',s,''
addition,'AH D IH SH AH N',s,'IH'
nobly,'N AA B L IY',s,'AA IY'
so,'S OW',s,''
to,'T UW',s,'UW'
our,'OW R',s,''
tent,'T EH N T',s,''
we,'W IY',s,'IY'
do,'D OW',s,''
us,'AH S',s,''
we,'W IY',s,'IY'
will,'W IH L',s,'IH'
to,'T UW',s,'UW'
of,'AH V',s,''
our,'OW R',s,''
titus,'T AY T AH S',s,'AY'
must,'M AH S T',s,''
to,'T UW',s,'UW'
back,'B AE K',s,'AE'
send,'S EH N D',s,''
us,'AH S',s,''
to,'T UW',s,'UW'
the,'DH AH',s,''
best,'B EH S T',s,''
with,'W IH DH',s,'IH'
whom,'HH UW M',s,'UW'
we,'W IY',s,'IY'
for,'F AO R',s,'AO'
their,'DH EH R',s,''
good,'G UH D',s,'UH'
and,'AH N D',s,''
ours,'OW R Z',s,''
yours,'Y UH R Z',s,'UH'
what,'W AH T',s,''
is,'IH Z',s,'IH'
o,'OW',s,''
well,'W EH L',s,''
wre,'W ER',s,''
he,'HH IY',s,'IY'
the,'DH AH',s,''
of,'AH V',s,''
my,'M AY',s,'AY'
son,'S AO ̃',s,'AO'
he,'HH IY',s,'IY'
be,'B IY',s,'IY'
free,'F R IY',s,'IY'
as,'AE Z',s,'AE'
is,'IH Z',s,'IH'
the,'DH AH',s,''
him,'HH IH M',s,'IH'
titus,'T AY T AH S',s,'AY'
go,'G OW',s,''
we,'W IY',s,'IY'
to,'T UW',s,'UW'
our,'OW R',s,''
tent,'T EH N T',s,''
the,'DH AH',s,''
blood,'B L AH D',s,''
upon,'AH P AA N',s,'AA'
your,'Y AO R',s,'AO'
dries,'D R AY Z',s,'AY'
it,'IH T',s,'IH'
be,'B IY',s,'IY'
to,'T UW',s,'UW'
look,'L UH K',s,'UH'
your,'Y AO R',s,'AO'
on,'AA N',s,'AA'
to,'T UW',s,'UW'
the,'DH AH',s,''
i,'AY',s,'AY'
shall,'SH AE L',s,'AE'
lack,'L AE K',s,'AE'
the,'DH AH',s,''
deeds,'D IY D Z',s,'IY'
of,'AH V',s,''
not,'N AA T',s,'AA'
be,'B IY',s,'IY'
feebly,'F IY B L IY',s,'IY IY'
it,'IH T',s,'IH'
is,'IH Z',s,'IH'
held,'HH EH L D',s,''
that,'DH AE T',s,'AE'
is,'IH Z',s,'IH'
the,'DH AH',s,''
and,'AH N D',s,''
most,'M OW S T',s,''
the,'DH AH',s,''
if,'IH F',s,'IH'
it,'IH T',s,'IH'
be,'B IY',s,'IY'
the,'DH AH',s,''
man,'M AE N',s,'AE'
i,'AY',s,'AY'
speak,'S P IY K',s,'IY'
of,'AH V',s,''
cannot,'K AE N AA T',s,'AE AA'
in,'IH N',s,'IH'
the,'DH AH',s,''
be,'B IY',s,'IY'
at,'AE T',s,'AE'
years,'Y IH R Z',s,'IH'
when,'ʍ e N',s,''
a,'AH',s,''
for,'F AO R',s,'AO'
he,'HH IY',s,'IY'
the,'DH AH',s,''
mark,'M AA R K',s,'AA'
of,'AH V',s,''
our,'OW R',s,''
then,'DH EH N',s,''
whom,'HH UW M',s,'UW'
with,'W IH DH',s,'IH'
all,'AA L',s,'AA'
i,'AY',s,'AY'
at,'AE T',s,'AE'
him,'HH IH M',s,'IH'
when,'ʍ e N',s,''
with,'W IH DH',s,'IH'
his,'HH IH Z',s,'IH'
chin,'CH IH N',s,'IH'
he,'HH IY',s,'IY'
the,'DH AH',s,''
lips,'L IH P S',s,'IH'
him,'HH IH M',s,'IH'
he,'HH IY',s,'IY'
an,'AE N',s,'AE'
roman,'r OW M ǝ N',s,''
and,'AH N D',s,''
view,'V Y UW',s,'UW'
self,'S EH L F',s,''
he,'HH IY',s,'IY'
met,'M EH T',s,''
and,'AH N D',s,''
him,'HH IH M',s,'IH'
on,'AA N',s,'AA'
his,'HH IH Z',s,'IH'
in,'IH N',s,'IH'
that,'DH AE T',s,'AE'
feats,'F IY T S',s,'IY'
when,'ʍ e N',s,''
he,'HH IY',s,'IY'
act,'AE K T',s,'AE'
the,'DH AH',s,''
woman,'W UH M AH N',s,'UH'
in,'IH N',s,'IH'
the,'DH AH',s,''
he,'HH IY',s,'IY'
best,'B EH S T',s,''
man,'M AE N',s,'AE'
field,'F IY L D',s,'IY'
and,'AH N D',s,''
for,'F AO R',s,'AO'
his,'HH IH Z',s,'IH'
was,'W AA Z',s,'AA'
with,'W IH DH',s,'IH'
the,'DH AH',s,''
oak,'OW K',s,''
his,'HH IH Z',s,'IH'
man-entered,'ˌ M AW N - e N T ǝ R D',s,''
thus,'DH ɤ S',s,''
he,'HH IY',s,'IY'
a,'AH',s,''
sea,'S IY',s,'IY'
and,'AH N D',s,''
in,'IH N',s,'IH'
the,'DH AH',s,''
brunt,'B R AH N T',s,''
of,'AH V',s,''
seventeen,'S EH V AH N T IY N',s,'IY'
he,'HH IY',s,'IY'
all,'AA L',s,'AA'
of,'AH V',s,''
the,'DH AH',s,''
garland,'G AA R L ǝ N D',s,'AA'
for,'F AO R',s,'AO'
this,'DH IH S',s,'IH'
last,'L AE S T',s,'AE'
and,'AH N D',s,''
in,'IH N',s,'IH'
let,'L EH T',s,''
me,'M IY',s,'IY'
i,'AY',s,'AY'
cannot,'K AE N AA T',s,'AE AA'
speak,'S P IY K',s,'IY'
him,'HH IH M',s,'IH'
hme,'OW M',s,''
he,'HH IY',s,'IY'
the,'DH AH',s,''
and,'AH N D',s,''
by,'B AY',s,'AY'
his,'HH IH Z',s,'IH'
the,'DH AH',s,''
turn,'T ɐ R N',s,''
terror,'T e r ǝ R',s,''
into,'IH N T UW',s,'IH UW'
sport,'S P AO R T',s,'AO'
as,'AE Z',s,'AE'
weeds,'W IY D Z',s,'IY'
a,'AH',s,''
vessel,'V EH S AH L',s,''
under,'ɤ N D ǝ R',s,''
sail,'S EH L',s,''
so,'S OW',s,''
men,'M EH N',s,''
and,'AH N D',s,''
fell,'F EH L',s,''
his,'HH IH Z',s,'IH'
stem,'S T EH M',s,''
his,'HH IH Z',s,'IH'
stamp,'S T AE M P',s,'AE'
it,'IH T',s,'IH'
did,'D IH D',s,'IH'
mark,'M AA R K',s,'AA'
it,'IH T',s,'IH'
took,'T UH K',s,'UH'
from,'F R AH M',s,''
to,'T UW',s,'UW'
foot,'F UH T',s,'UH'
he,'HH IY',s,'IY'
was,'W AA Z',s,'AA'
a,'AH',s,''
of,'AH V',s,''
blood,'B L AH D',s,''
every,'e V r ǝ IH',s,'IH'
was,'W AA Z',s,'AA'
with,'W IH DH',s,'IH'
cries,'K R AY Z',s,'AY'
he,'HH IY',s,'IY'
the,'DH AH',s,''
mortal,'M AO R T AA L',s,'AO AA'
he,'HH IY',s,'IY'
painted,'P EH N T IH D',s,'IH'
with,'W IH DH',s,'IH'
destiny,'D e S T N ǝ IH',s,'IH'
off,'AO F',s,'AO'
and,'AH N D',s,''
with,'W IH DH',s,'IH'
a,'AH',s,''
sudden,'S AH D AH N',s,''
a,'AH',s,''
planet,'P L AE N AH T',s,'AE'
his,'HH IH Z',s,'IH'
when,'ʍ e N',s,''
by,'B AY',s,'AY'
and,'AH N D',s,''
by,'B AY',s,'AY'
the,'DH AH',s,''
din,'D IH N',s,'IH'
of,'AH V',s,''
war,'W AO R',s,'AO'
gan,'G AE N',s,'AE'
his,'HH IH Z',s,'IH'
ready,'R EH D IY',s,'IY'
then,'DH EH N',s,''
his,'HH IH Z',s,'IH'
doubled,'D AH B AH L D',s,''
spirit,'S P IH R AH T',s,'IH'
what,'W AH T',s,''
in,'IH N',s,'IH'
flesh,'F L EH SH',s,''
was,'W AA Z',s,'AA'
and,'AH N D',s,''
to,'T UW',s,'UW'
the,'DH AH',s,''
he,'HH IY',s,'IY'
he,'HH IY',s,'IY'
did,'D IH D',s,'IH'
run,'r ɤ N',s,''
the,'DH AH',s,''
of,'AH V',s,''
men,'M EH N',s,''
as,'AE Z',s,'AE'
if,'IH F',s,'IH'
a,'AH',s,''
perpetual,'P ER P EH CH UW AH L',s,'UW'
and,'AH N D',s,''
till,'T IH L',s,'IH'
we,'W IY',s,'IY'
both,'B OW TH',s,''
field,'F IY L D',s,'IY'
and,'AH N D',s,''
ours,'OW R Z',s,''
he,'HH IY',s,'IY'
never,'N e V ǝ R',s,''
stood,'S T UH D',s,'UH'
to,'T UW',s,'UW'
his,'HH IH Z',s,'IH'
breast,'B R EH S T',s,''
with,'W IH DH',s,'IH'
our,'OW R',s,''
he,'HH IY',s,'IY'
at,'AE T',s,'AE'
and,'AH N D',s,''
upon,'AH P AA N',s,'AA'
precious,'P R EH SH AH S',s,''
as,'AE Z',s,'AE'
wre,'W ER',s,''
the,'DH AH',s,''
common,'K AA M AH N',s,'AA'
muck,'M AH K',s,''
of,'AH V',s,''
the,'DH AH',s,''
he,'HH IY',s,'IY'
covets,'K ɤ V ǝ T S',s,''
less,'L EH S',s,''
than,'DH AE N',s,'AE'
itself,'IH T S EH L F',s,'IH'
rewards,'r IH W AA R D Z',s,'IH AA'
his,'HH IH Z',s,'IH'
deeds,'D IY D Z',s,'IY'
with,'W IH DH',s,'IH'
doing,'D UW IH N',s,'UW IH'
them,'DH EH M',s,''
and,'AH N D',s,''
is,'IH Z',s,'IH'
content,'K ǝ N T e N T',s,''
to,'T UW',s,'UW'
spend,'S P EH N D',s,''
the,'DH AH',s,''
to,'T UW',s,'UW'
end,'EH N D',s,''
it,'IH T',s,'IH'
worn,'W AO R N',s,'AO'
lord,'L AO R D',s,'AO'
consul,'K AA N S AH L',s,'AA'
so,'S OW',s,''
that,'DH AE T',s,'AE'
we,'W IY',s,'IY'
shall,'SH AE L',s,'AE'
hardly,'HH AA R D L IY',s,'AA IY'
in,'IH N',s,'IH'
our,'OW R',s,''
ages,'EY JH AH Z',s,'EY'
see,'S IY',s,'IY'
their,'DH EH R',s,''
banners,'B AW N ə R Z',s,''
again,'ǝ ɡ EH N',s,''
hath,'HH AE TH',s,'AE'
he,'HH IY',s,'IY'
not,'N AA T',s,'AA'
passed,'P AW S IH D',s,'IH'
the,'DH AH',s,''
and,'AH N D',s,''
the,'DH AH',s,''
common,'K AA M AH N',s,'AA'
you,'Y UW',s,'UW'
to,'T UW',s,'UW'
do,'D OW',s,''
the,'DH AH',s,''
abused,'ǝ B Y UW Z D',s,'UW'
set,'S EH T',s,''
on,'AA N',s,'AA'
this,'DH IH S',s,'IH'
not,'N AA T',s,'AA'
nor,'N AO R',s,'AO'
deserved,'D IH Z ɐ R V IH D',s,'IH IH'
this,'DH IH S',s,'IH'
so,'S OW',s,''
rub,'r ɤ B',s,''
laid,'L EH D',s,''
falsely,'F AA L S L ǝ IH',s,'AA IH'
plain,'P L EH N',s,''
of,'AH V',s,''
his,'HH IH Z',s,'IH'
merit,'M EH R AH T',s,''
from,'F R AH M',s,''
the,'DH AH',s,''
canon,'K AE N AH N',s,'AE'
well,'W EH L',s,''
on,'AA N',s,'AA'
to,'T UW',s,'UW'
off,'AO F',s,'AO'
with,'W IH DH',s,'IH'
us,'AH S',s,''
but,'B AH T',s,''
and,'AH N D',s,''
manhood,'M AE N HH UH D',s,'AE UH'
is,'IH Z',s,'IH'
when,'ʍ e N',s,''
it,'IH T',s,'IH'
stands,'S T AE N D Z',s,'AE'
against,'AH G EH N S T',s,''
a,'AH',s,''
fabric,'F AE B R IH K',s,'AE IH'
will,'W IH L',s,'IH'
you,'Y UW',s,'UW'
the,'DH AH',s,''
tag,'T AE G',s,'AE'
return,'r IH T ɐ R N',s,'IH'
doth,'D AO TH',s,'AO'
waters,'W AA T ǝ R Z',s,'AA'
and,'AH N D',s,''
what,'W AH T',s,''
used,'Y UW Z D',s,'UW'
to,'T UW',s,'UW'
bear,'B EH R',s,''
i,'AY',s,'AY'
been,'B IH N',s,'IH'
and,'AH N D',s,''
fit,'F IH T',s,'IH'
you,'Y UW',s,'UW'
party,'P AA R T IY',s,'AA IY'
or,'AO R',s,'AO'
defend,'D IH F EH N D',s,'IH'
by,'B AY',s,'AY'
or,'AO R',s,'AO'
by,'B AY',s,'AY'
in,'IH N',s,'IH'
anger,'AW NG ɡ ǝ R',s,''
i,'AY',s,'AY'
think,'TH IH NG K',s,'IH'
seve,'S ER V',s,''
if,'IH F',s,'IH'
he,'HH IY',s,'IY'
can,'K AE N',s,'AE'
his,'HH IH Z',s,'IH'
spirit,'S P IH R AH T',s,'IH'
you,'Y UW',s,'UW'
the,'DH AH',s,''
do,'D OW',s,''
attend,'AH T EH N D',s,''
you,'Y UW',s,'UW'
arm,'AA R M',s,'AA'
to,'T UW',s,'UW'
mildly,'M AY L D L IY',s,'AY IY'
for,'F AO R',s,'AO'
with,'W IH DH',s,'IH'
as,'AE Z',s,'AE'
i,'AY',s,'AY'
than,'DH AE N',s,'AE'
upon,'AH P AA N',s,'AA'
you,'Y UW',s,'UW'
yet,'Y EH T',s,''
well,'W EH L',s,''
well,'W EH L',s,''
no,'N OW',s,''
i,'AY',s,'AY'
you,'Y UW',s,'UW'
me,'M IY',s,'IY'
my,'M AY',s,'AY'
masters,'M AW S T ǝ R Z',s,''
and,'AH N D',s,''
my,'M AY',s,'AY'
common,'K AA M AH N',s,'AA'
friends,'F R EH N D Z',s,''
let,'L EH T',s,''
me,'M IY',s,'IY'
speak,'S P IY K',s,'IY'
i,'AY',s,'AY'
been,'B IH N',s,'IH'
consul,'K AA N S AH L',s,'AA'
and,'AH N D',s,''
can,'K AE N',s,'AE'
for,'F AO R',s,'AO'
marks,'M AA R K S',s,'AA'
upon,'AH P AA N',s,'AA'
me,'M IY',s,'IY'
i,'AY',s,'AY'
do,'D OW',s,''
my,'M AY',s,'AY'
good,'G UH D',s,'UH'
with,'W IH DH',s,'IH'
a,'AH',s,''
respect,'R IH S P EH K T',s,'IH'
tender,'T e N D ǝ R',s,''
holy,'HH OW L IY',s,'IY'
and,'AH N D',s,''
profound,'P R OW F AW N D',s,''
than,'DH AE N',s,'AE'
my,'M AY',s,'AY'
dear,'D IY R',s,'IY'
and,'AH N D',s,''
of,'AH V',s,''
my,'M AY',s,'AY'
then,'DH EH N',s,''
if,'IH F',s,'IH'
i,'AY',s,'AY'
speak,'S P IY K',s,'IY'
that,'DH AE T',s,'AE'
thee,'DH IY',s,'IY'
a,'AH',s,''
month,'M AH N TH',s,''
with,'W IH DH',s,'IH'
thee,'DH IY',s,'IY'
thou,'DH AW',s,''
shalt,'SH AE L T',s,'AE'
rest,'R EH S T',s,''
that,'DH AE T',s,'AE'
thou,'DH AW',s,''
of,'AH V',s,''
us,'AH S',s,''
and,'AH N D',s,''
we,'W IY',s,'IY'
of,'AH V',s,''
thee,'DH IY',s,'IY'
so,'S OW',s,''
if,'IH F',s,'IH'
the,'DH AH',s,''
forth,'F AO R TH',s,'AO'
a,'AH',s,''
for,'F AO R',s,'AO'
repeal,'R IH P IY L',s,'IH IY'
we,'W IY',s,'IY'
shall,'SH AE L',s,'AE'
not,'N AA T',s,'AA'
send,'S EH N D',s,''
the,'DH AH',s,''
vast,'V AW S T',s,''
to,'T UW',s,'UW'
seek,'S IY K',s,'IY'
a,'AH',s,''
man,'M AE N',s,'AE'
and,'AH N D',s,''
doth,'D AO TH',s,'AO'
cool,'K UW L',s,'UW'
of,'AH V',s,''
the,'DH AH',s,''
o,'OW',s,''
you,'Y UW',s,'UW'
good,'G UH D',s,'UH'
work,'W AO R K',s,'AO'
you,'Y UW',s,'UW'
to,'T UW',s,'UW'
your,'Y AO R',s,'AO'
and,'AH N D',s,''
to,'T UW',s,'UW'
melt,'M EH L T',s,''
the,'DH AH',s,''
leads,'L IY D Z',s,'IY'
upon,'AH P AA N',s,'AA'
your,'Y AO R',s,'AO'
to,'T UW',s,'UW'
see,'S IY',s,'IY'
your,'Y AO R',s,'AO'
to,'T UW',s,'UW'
your,'Y AO R',s,'AO'
noses,'N OW Z IH Z',s,'IH'
your,'Y AO R',s,'AO'
temples,'T EH M P AH L Z',s,''
in,'IH N',s,'IH'
their,'DH EH R',s,''
cement,'S AH M EH N T',s,''
and,'AH N D',s,''
your,'Y AO R',s,'AO'
you,'Y UW',s,'UW'
stood,'S T UH D',s,'UH'
confined,'K ǝ N F ǝ IH N D',s,'IH'
into,'IH N T UW',s,'IH UW'
an,'AE N',s,'AE'
if,'IH F',s,'IH'
he,'HH IY',s,'IY'
is,'IH Z',s,'IH'
their,'DH EH R',s,''
god,'G AA D',s,'AA'
he,'HH IY',s,'IY'
leads,'L IY D Z',s,'IY'
them,'DH EH M',s,''
a,'AH',s,''
by,'B AY',s,'AY'
than,'DH AE N',s,'AE'
natre,'N EY CH ER',s,'EY'
that,'DH AE T',s,'AE'
man,'M AE N',s,'AE'
better,'B e T ə R',s,''
and,'AH N D',s,''
him,'HH IH M',s,'IH'
against,'AH G EH N S T',s,''
us,'AH S',s,''
brats,'B R AE T S',s,'AE'
with,'W IH DH',s,'IH'
no,'N OW',s,''
less,'L EH S',s,''
than,'DH AE N',s,'AE'
summer,'S ɤ M ǝ R',s,''
or,'AO R',s,'AO'
your,'Y AO R',s,'AO'
your,'Y AO R',s,'AO'
ears,'IY R Z',s,'IY'
and,'AH N D',s,''
look,'L UH K',s,'UH'
you,'Y UW',s,'UW'
it,'IH T',s,'IH'
all,'AA L',s,'AA'
the,'DH AH',s,''
regions,'R IY JH AH N Z',s,'IY'
do,'D OW',s,''
revolt,'r IH V ɒ L T',s,'IH'
and,'AH N D',s,''
who,'HH UW',s,'UW'
resists,'r IH S IH S T S',s,'IH IH'
for,'F AO R',s,'AO'
ignorace,'IH G N ER AH N S',s,'IH'
and,'AH N D',s,''
perish,'P EH R IH SH',s,'IH'
constant,'K AA N S T AH N T',s,'AA'
fools,'F UW L Z',s,'UW'
who,'HH UW',s,'UW'
is,'IH Z',s,'IH'
can,'K AE N',s,'AE'
him,'HH IH M',s,'IH'
your,'Y AO R',s,'AO'
enemies,'EH N AH M IY Z',s,'IY'
and,'AH N D',s,''
his,'HH IH Z',s,'IH'
in,'IH N',s,'IH'
him,'HH IH M',s,'IH'
who,'HH UW',s,'UW'
shall,'SH AE L',s,'AE'
ask,'AW S K',s,''
it,'IH T',s,'IH'
the,'DH AH',s,''
cannot,'K AE N AA T',s,'AE AA'
do,'D OW',s,''
for,'F AO R',s,'AO'
the,'DH AH',s,''
of,'AH V',s,''
him,'HH IH M',s,'IH'
as,'AE Z',s,'AE'
the,'DH AH',s,''
wolf,'W UH L F',s,'UH'
does,'D AH Z',s,''
of,'AH V',s,''
the,'DH AH',s,''
for,'F AO R',s,'AO'
his,'HH IH Z',s,'IH'
best,'B EH S T',s,''
friends,'F R EH N D Z',s,''
if,'IH F',s,'IH'
be,'B IY',s,'IY'
good,'G UH D',s,'UH'
to,'T UW',s,'UW'
him,'HH IH M',s,'IH'
even,'IY V IH N',s,'IY IH'
as,'AE Z',s,'AE'
do,'D OW',s,''
that,'DH AE T',s,'AE'
had,'HH AE D',s,'AE'
deserved,'D IH Z ɐ R V IH D',s,'IH IH'
his,'HH IH Z',s,'IH'
and,'AH N D',s,''
therein,'DH EH R IH N',s,'IH'
enemies,'EH N AH M IY Z',s,'IY'
you,'Y UW',s,'UW'
a,'AH',s,''
upon,'AH P AA N',s,'AA'
as,'AE Z',s,'AE'
was,'W AA Z',s,'AA'
never,'N e V ǝ R',s,''
of,'AH V',s,''
but,'B AH T',s,''
i,'AY',s,'AY'
fear,'F IY R',s,'IY'
roar,'r AO R',s,'AO'
him,'HH IH M',s,'IH'
in,'IH N',s,'IH'
again,'ǝ ɡ EH N',s,''
the,'DH AH',s,''
second,'S EH K AH N D',s,''
of,'AH V',s,''
men,'M EH N',s,''
obeys,'ǝ B EH S T',s,''
his,'HH IH Z',s,'IH'
as,'AE Z',s,'AE'
if,'IH F',s,'IH'
he,'HH IY',s,'IY'
wre,'W ER',s,''
his,'HH IH Z',s,'IH'
is,'IH Z',s,'IH'
all,'AA L',s,'AA'
the,'DH AH',s,''
strength,'S T R EH NG K TH',s,''
and,'AH N D',s,''
that,'DH AE T',s,'AE'
can,'K AE N',s,'AE'
against,'AH G EH N S T',s,''
them,'DH EH M',s,''
youre,'Y UH R',s,'UH'
you,'Y UW',s,'UW'
voices,'V OY S AH Z',s,''
o,'OW',s,''
what,'W AH T',s,''
he,'HH IY',s,'IY'
not,'N AA T',s,'AA'
seem,'S IY M',s,'IY'
to,'T UW',s,'UW'
me,'M IY',s,'IY'
yet,'Y EH T',s,''
he,'HH IY',s,'IY'
did,'D IH D',s,'IH'
call,'K AO L',s,'AO'
me,'M IY',s,'IY'
by,'B AY',s,'AY'
my,'M AY',s,'AY'
i,'AY',s,'AY'
our,'OW R',s,''
old,'OW L D',s,''
and,'AH N D',s,''
the,'DH AH',s,''
drops,'D R AA P S',s,'AA'
that,'DH AE T',s,'AE'
we,'W IY',s,'IY'
bled,'B L EH D',s,''
he,'HH IY',s,'IY'
not,'N AA T',s,'AA'
to,'T UW',s,'UW'
forbde,'F ER B EY D',s,'EY'
all,'AA L',s,'AA'
he,'HH IY',s,'IY'
was,'W AA Z',s,'AA'
a,'AH',s,''
of,'AH V',s,''
till,'T IH L',s,'IH'
he,'HH IY',s,'IY'
had,'HH AE D',s,'AE'
himself,'HH IH M S EH L F',s,'IH'
a,'AH',s,''
of,'AH V',s,''
i,'AY',s,'AY'
him,'HH IH M',s,'IH'
to,'T UW',s,'UW'
pardon,'P AA R D ǝ N',s,'AA'
when,'ʍ e N',s,''
it,'IH T',s,'IH'
was,'W AA Z',s,'AA'
less,'L EH S',s,''
he,'HH IY',s,'IY'
replied,'R IH P L AY D',s,'IH AY'
it,'IH T',s,'IH'
was,'W AA Z',s,'AA'
a,'AH',s,''
of,'AH V',s,''
a,'AH',s,''
to,'T UW',s,'UW'
whom,'HH UW M',s,'UW'
had,'HH AE D',s,'AE'
i,'AY',s,'AY'
to,'T UW',s,'UW'
awaken,'AH W EY K AH N',s,'EY'
his,'HH IH Z',s,'IH'
regard,'r IH G AA R D',s,'IH AA'
for,'F AO R',s,'AO'
's,'EH S',s,''
friends,'F R EH N D Z',s,''
his,'HH IH Z',s,'IH'
to,'T UW',s,'UW'
me,'M IY',s,'IY'
was,'W AA Z',s,'AA'
he,'HH IY',s,'IY'
not,'N AA T',s,'AA'
to,'T UW',s,'UW'
pick,'P IH K',s,'IH'
them,'DH EH M',s,''
in,'IH N',s,'IH'
a,'AH',s,''
of,'AH V',s,''
musty,'M AH S T IY',s,'IY'
chaff,'CH AE F',s,'AE'
he,'HH IY',s,'IY'
said,'S EH D',s,''
follly,'F ɒ L ǝ IH',s,'IH'
for,'F AO R',s,'AO'
poor,'P UH R',s,'UH'
grain,'G r EH N',s,''
or,'AO R',s,'AO'
to,'T UW',s,'UW'
unburnt,'ɤ N B ɐ R N T',s,''
and,'AH N D',s,''
still,'S T IH L',s,'IH'
to,'T UW',s,'UW'
never,'N e V ǝ R',s,''
him,'HH IH M',s,'IH'
i,'AY',s,'AY'
tell,'T EH L',s,''
you,'Y UW',s,'UW'
he,'HH IY',s,'IY'
does,'D AH Z',s,''
sit,'S IH T',s,'IH'
in,'IH N',s,'IH'
gold,'G OW L D',s,''
his,'HH IH Z',s,'IH'
red,'R EH D',s,''
as,'AE Z',s,'AE'
and,'AH N D',s,''
his,'HH IH Z',s,'IH'
the,'DH AH',s,''
to,'T UW',s,'UW'
his,'HH IH Z',s,'IH'
i,'AY',s,'AY'
him,'HH IH M',s,'IH'
very,'V EH R IY',s,'IY'
faintly,'F EY N T L IY',s,'EY IY'
he,'HH IY',s,'IY'
said,'S EH D',s,''
me,'M IY',s,'IY'
thus,'DH ɤ S',s,''
with,'W IH DH',s,'IH'
his,'HH IH Z',s,'IH'
what,'W AH T',s,''
he,'HH IY',s,'IY'
do,'D OW',s,''
he,'HH IY',s,'IY'
sent,'S EH N T',s,''
in,'IH N',s,'IH'
writing,'r ǝ IH T IH N',s,'IH IH'
after,'AW F T ǝ R',s,''
me,'M IY',s,'IY'
what,'W AH T',s,''
he,'HH IY',s,'IY'
not,'N AA T',s,'AA'
with,'W IH DH',s,'IH'
an,'AE N',s,'AE'
oath,'OW TH',s,''
to,'T UW',s,'UW'
yield,'Y IY L D',s,'IY'
to,'T UW',s,'UW'
his,'HH IH Z',s,'IH'
conditions,'K AH N D IH SH AH N Z',s,'IH'
so,'S OW',s,''
that,'DH AE T',s,'AE'
all,'AA L',s,'AA'
is,'IH Z',s,'IH'
vain,'V EY N',s,'EY'
unless,'ɤ N L e S',s,''
his,'HH IH Z',s,'IH'
and,'AH N D',s,''
his,'HH IH Z',s,'IH'
who,'HH UW',s,'UW'
as,'AE Z',s,'AE'
i,'AY',s,'AY'
mean,'M IY N',s,'IY'
to,'T UW',s,'UW'
solicit,'S AH L IH S IH T',s,'IH IH'
him,'HH IH M',s,'IH'
for,'F AO R',s,'AO'
to,'T UW',s,'UW'
his,'HH IH Z',s,'IH'
country,'K AH N T R IY',s,'IY'
therefre,'DH EH R F AO R',s,'AO'
and,'AH N D',s,''
with,'W IH DH',s,'IH'
our,'OW R',s,''
fair,'F EH R',s,''
entreaties,'EH N T R IY T IY Z',s,'IY IY'
hate,'AW S T',s,''
them,'DH EH M',s,''
on,'AA N',s,'AA'
