what,'W AH T',s,''
this,'DH IH S',s,'IH'
what,'W AH T',s,''
you,'Y UW',s,'UW'
to,'T UW',s,'UW'
do,'D OW',s,''
you,'Y UW',s,'UW'
the,'DH AH',s,''
what,'W AH T',s,''
you,'Y UW',s,'UW'
a,'AH',s,''
poor,'P UH R',s,'UH'
you,'Y UW',s,'UW'
poor,'P UH R',s,'UH'
gentleman,'JH EH N T AH L M AH N',s,''
up,'AH P',s,''
no,'N OW',s,''
for,'F AO R',s,'AO'
you,'Y UW',s,'UW'
you,'Y UW',s,'UW'
what,'W AH T',s,''
you,'Y UW',s,'UW'
will,'W IH L',s,'IH'
tell,'T EH L',s,''
my,'M AY',s,'AY'
master,'M AW S T ǝ R',s,''
what,'W AH T',s,''
a,'AH',s,''
guest,'G EH S T',s,''
he,'HH IY',s,'IY'
thou,'DH AW',s,''
under,'ɤ N D ǝ R',s,''
the,'DH AH',s,''
that,'DH AE T',s,'AE'
of,'AH V',s,''
and,'AH N D',s,''
what,'W AH T',s,''
an,'AE N',s,'AE'
ass,'AE S',s,'AE'
it,'IH T',s,'IH'
is,'IH Z',s,'IH'
then,'DH EH N',s,''
thou,'DH AW',s,''
with,'W IH DH',s,'IH'
too,'T UW',s,'UW'
do,'D OW',s,''
you,'Y UW',s,'UW'
with,'W IH DH',s,'IH'
my,'M AY',s,'AY'
master,'M AW S T ǝ R',s,''
o,'OW',s,''
i,'AY',s,'AY'
can,'K AE N',s,'AE'
tell,'T EH L',s,''
you,'Y UW',s,'UW'
you,'Y UW',s,'UW'
i,'AY',s,'AY'
not,'N AA T',s,'AA'
be,'B IY',s,'IY'
a,'AH',s,''
roman,'r OW M ǝ N',s,''
of,'AH V',s,''
all,'AA L',s,'AA'
nations,'N EY SH AH N Z',s,'EY'
i,'AY',s,'AY'
had,'HH AE D',s,'AE'
as,'AE Z',s,'AE'
lief,'L IY F',s,'IY'
be,'B IY',s,'IY'
a,'AH',s,''
man,'M AE N',s,'AE'
whhy,'ʍ ǝ IH',s,'IH'
he,'HH IY',s,'IY'
that,'DH AE T',s,'AE'
was,'W AA Z',s,'AA'
wont,'W OW N T',s,''
to,'T UW',s,'UW'
our,'OW R',s,''
i,'AY',s,'AY'
do,'D OW',s,''
not,'N AA T',s,'AA'
our,'OW R',s,''
but,'B AH T',s,''
he,'HH IY',s,'IY'
was,'W AA Z',s,'AA'
good,'G UH D',s,'UH'
for,'F AO R',s,'AO'
him,'HH IH M',s,'IH'
whhy,'ʍ ǝ IH',s,'IH'
he,'HH IY',s,'IY'
is,'IH Z',s,'IH'
so,'S OW',s,''
on,'AA N',s,'AA'
within,'W IH DH IH N',s,'IH IH'
as,'AE Z',s,'AE'
if,'IH F',s,'IH'
he,'HH IY',s,'IY'
wre,'W ER',s,''
son,'S AO ̃',s,'AO'
and,'AH N D',s,''
to,'T UW',s,'UW'
mars,'M AA R Z',s,'AA'
set,'S EH T',s,''
at,'AE T',s,'AE'
end,'EH N D',s,''
no,'N OW',s,''
him,'HH IH M',s,'IH'
by,'B AY',s,'AY'
of,'AH V',s,''
the,'DH AH',s,''
but,'B AH T',s,''
stand,'S T AE N D',s,'AE'
bald,'B AA L D',s,'AA'
him,'HH IH M',s,'IH'
our,'OW R',s,''
himself,'HH IH M S EH L F',s,'IH'
a,'AH',s,''
mistress,'M IH S T R AH S',s,'IH'
of,'AH V',s,''
him,'HH IH M',s,'IH'
himself,'HH IH M S EH L F',s,'IH'
with,'W IH DH',s,'IH'
's,'EH S',s,''
and,'AH N D',s,''
turns,'T ɐ R N Z',s,''
up,'AH P',s,''
the,'DH AH',s,''
to,'T UW',s,'UW'
his,'HH IH Z',s,'IH'
but,'B AH T',s,''
the,'DH AH',s,''
bottom,'B AA T AH M',s,'AA'
of,'AH V',s,''
the,'DH AH',s,''
is,'IH Z',s,'IH'
our,'OW R',s,''
is,'IH Z',s,'IH'
cut,'K ɤ T',s,''
and,'AH N D',s,''
but,'B AH T',s,''
of,'AH V',s,''
what,'W AH T',s,''
he,'HH IY',s,'IY'
was,'W AA Z',s,'AA'
for,'F AO R',s,'AO'
the,'DH AH',s,''
by,'B AY',s,'AY'
the,'DH AH',s,''
entreaty,'EH N T R IY T IY',s,'IY IY'
and,'AH N D',s,''
grant,'G r AO N T',s,'AO'
of,'AH V',s,''
the,'DH AH',s,''
go,'G OW',s,''
he,'HH IY',s,'IY'
and,'AH N D',s,''
the,'DH AH',s,''
of,'AH V',s,''
by,'B AY',s,'AY'
ears,'IY R Z',s,'IY'
he,'HH IY',s,'IY'
will,'W IH L',s,'IH'
all,'AA L',s,'AA'
down,'D ǝ UH N',s,'UH'
him,'HH IH M',s,'IH'
and,'AH N D',s,''
his,'HH IH Z',s,'IH'
do,'D OW',s,''
he,'HH IY',s,'IY'
will,'W IH L',s,'IH'
do,'D OW',s,''
for,'F AO R',s,'AO'
look,'L UH K',s,'UH'
you,'Y UW',s,'UW'
he,'HH IY',s,'IY'
as,'AE Z',s,'AE'
friends,'F R EH N D Z',s,''
as,'AE Z',s,'AE'
enemies,'EH N AH M IY Z',s,'IY'
friends,'F R EH N D Z',s,''
as,'AE Z',s,'AE'
it,'IH T',s,'IH'
wre,'W ER',s,''
not,'N AA T',s,'AA'
look,'L UH K',s,'UH'
you,'Y UW',s,'UW'
as,'AE Z',s,'AE'
we,'W IY',s,'IY'
term,'T ɐ R M',s,''
it,'IH T',s,'IH'
his,'HH IH Z',s,'IH'
friends,'F R EH N D Z',s,''
in,'IH N',s,'IH'
but,'B AH T',s,''
when,'ʍ e N',s,''
shall,'SH AE L',s,'AE'
see,'S IY',s,'IY'
his,'HH IH Z',s,'IH'
crest,'K R EH S T',s,''
up,'AH P',s,''
again,'ǝ ɡ EH N',s,''
and,'AH N D',s,''
the,'DH AH',s,''
man,'M AE N',s,'AE'
in,'IH N',s,'IH'
blood,'B L AH D',s,''
will,'W IH L',s,'IH'
out,'AW T',s,''
of,'AH V',s,''
their,'DH EH R',s,''
after,'AW F T ǝ R',s,''
rain,'r EH N',s,''
and,'AH N D',s,''
revel,'R EH V AH L',s,''
all,'AA L',s,'AA'
with,'W IH DH',s,'IH'
him,'HH IH M',s,'IH'
presently,'P R EH Z AH N T L IY',s,'IY'
you,'Y UW',s,'UW'
shall,'SH AE L',s,'AE'
the,'DH AH',s,''
drum,'D R AH M',s,''
up,'AH P',s,''
this,'DH IH S',s,'IH'
as,'AE Z',s,'AE'
it,'IH T',s,'IH'
wre,'W ER',s,''
a,'AH',s,''
parcel,'P AA R S ǝ L',s,'AA'
of,'AH V',s,''
their,'DH EH R',s,''
feast,'F e S T',s,''
and,'AH N D',s,''
to,'T UW',s,'UW'
be,'B IY',s,'IY'
their,'DH EH R',s,''
lips,'L IH P S',s,'IH'
reason,'r EH Z ǝ N',s,''
then,'DH EH N',s,''
less,'L EH S',s,''
need,'N IY D',s,'IY'
another,'ǝ N ɤ DH ǝ R',s,''
the,'DH AH',s,''
wars,'W AO R Z',s,'AO'
for,'F AO R',s,'AO'
my,'M AY',s,'AY'
i,'AY',s,'AY'
to,'T UW',s,'UW'
see,'S IY',s,'IY'
romans,'R OW M AH N Z',s,''
as,'AE Z',s,'AE'
cheap,'CH IY P',s,'IY'
as,'AE Z',s,'AE'
rising,'r ǝ IH Z IH N',s,'IH IH'
rising,'r ǝ IH Z IH N',s,'IH IH'
