if,'IH F',s,'IH'
my,'M AY',s,'AY'
wre,'W ER',s,''
bloody,'B L AH D IY',s,'IY'
then,'DH EH N',s,''
to,'T UW',s,'UW'
shift,'SH IH F T',s,'IH'
it,'IH T',s,'IH'
i,'AY',s,'AY'
him,'HH IH M',s,'IH'
the,'DH AH',s,''
villain,'V IH L AH N',s,'IH'
not,'N AA T',s,'AA'
stand,'S T AE N D',s,'AE'
me,'M IY',s,'IY'
i,'AY',s,'AY'
had,'HH AE D',s,'AE'
not,'N AA T',s,'AA'
between,'B IH T W IY N',s,'IH IY'
us,'AH S',s,''
and,'AH N D',s,''
that,'DH AE T',s,'AE'
she,'SH IY',s,'IY'
this,'DH IH S',s,'IH'
and,'AH N D',s,''
me,'M IY',s,'IY'
to,'T UW',s,'UW'
my,'M AY',s,'AY'
had,'HH AE D',s,'AE'
been,'B IH N',s,'IH'
go,'G OW',s,''
with,'W IH DH',s,'IH'
us,'AH S',s,''
go,'G OW',s,''
was,'W AA Z',s,'AA'
man,'M AE N',s,'AE'
had,'HH AE D',s,'AE'
luck,'L ɤ K',s,''
when,'ʍ e N',s,''
i,'AY',s,'AY'
the,'DH AH',s,''
jack,'JH AE K',s,'AE'
upon,'AH P AA N',s,'AA'
an,'AE N',s,'AE'
upcast,'ɤ P K AW S T',s,''
to,'T UW',s,'UW'
be,'B IY',s,'IY'
i,'AY',s,'AY'
had,'HH AE D',s,'AE'
a,'AH',s,''
on,'AA N',s,'AA'
and,'AH N D',s,''
then,'DH EH N',s,''
a,'AH',s,''
must,'M AH S T',s,''
me,'M IY',s,'IY'
up,'AH P',s,''
for,'F AO R',s,'AO'
as,'AE Z',s,'AE'
if,'IH F',s,'IH'
i,'AY',s,'AY'
of,'AH V',s,''
him,'HH IH M',s,'IH'
and,'AH N D',s,''
not,'N AA T',s,'AA'
spend,'S P EH N D',s,''
them,'DH EH M',s,''
at,'AE T',s,'AE'
my,'M AY',s,'AY'
pleasre,'P L EH ZH ER',s,''
when,'ʍ e N',s,''
a,'AH',s,''
gentleman,'JH EH N T AH L M AH N',s,''
is,'IH Z',s,'IH'
to,'T UW',s,'UW'
swear,'S W EH R',s,''
it,'IH T',s,'IH'
is,'IH Z',s,'IH'
not,'N AA T',s,'AA'
for,'F AO R',s,'AO'
to,'T UW',s,'UW'
his,'HH IH Z',s,'IH'
dog,'D AO G',s,'AO'
i,'AY',s,'AY'
him,'HH IH M',s,'IH'
satisfaction,'S AE T AH S F AE K SH AH N',s,'AE AE'
he,'HH IY',s,'IY'
had,'HH AE D',s,'AE'
been,'B IH N',s,'IH'
of,'AH V',s,''
my,'M AY',s,'AY'
rank,'R AE NG K',s,'AE'
i,'AY',s,'AY'
am,'AE M',s,'AE'
not,'N AA T',s,'AA'
vexed,'V EH K S T',s,''
at,'AE T',s,'AE'
in,'IH N',s,'IH'
a,'AH',s,''
on,'AA N',s,'AA'
i,'AY',s,'AY'
had,'HH AE D',s,'AE'
not,'N AA T',s,'AA'
be,'B IY',s,'IY'
so,'S OW',s,''
as,'AE Z',s,'AE'
i,'AY',s,'AY'
am,'AE M',s,'AE'
not,'N AA T',s,'AA'
with,'W IH DH',s,'IH'
me,'M IY',s,'IY'
of,'AH V',s,''
the,'DH AH',s,''
my,'M AY',s,'AY'
every,'e V r ǝ IH',s,'IH'
hath,'HH AE TH',s,'AE'
his,'HH IH Z',s,'IH'
of,'AH V',s,''
and,'AH N D',s,''
i,'AY',s,'AY'
must,'M AH S T',s,''
go,'G OW',s,''
up,'AH P',s,''
and,'AH N D',s,''
down,'D ǝ UH N',s,'UH'
a,'AH',s,''
cock,'K AA K',s,'AA'
that,'DH AE T',s,'AE'
can,'K AE N',s,'AE'
thou,'DH AW',s,''
no,'N OW',s,''
i,'AY',s,'AY'
that,'DH AE T',s,'AE'
but,'B AH T',s,''
it,'IH T',s,'IH'
is,'IH Z',s,'IH'
fit,'F IH T',s,'IH'
i,'AY',s,'AY'
commit,'K AH M IH T',s,'IH'
to,'T UW',s,'UW'
my,'M AY',s,'AY'
whhy,'ʍ ǝ IH',s,'IH'
so,'S OW',s,''
i,'AY',s,'AY'
a,'AH',s,''
and,'AH N D',s,''
i,'AY',s,'AY'
not,'N AA T',s,'AA'
on,'AA N',s,'AA'
a,'AH',s,''
and,'AH N D',s,''
another,'ǝ N ɤ DH ǝ R',s,''
he,'HH IY',s,'IY'
be,'B IY',s,'IY'
who,'HH UW',s,'UW'
told,'T OW L D',s,''
you,'Y UW',s,'UW'
of,'AH V',s,''
this,'DH IH S',s,'IH'
is,'IH Z',s,'IH'
it,'IH T',s,'IH'
fit,'F IH T',s,'IH'
i,'AY',s,'AY'
went,'W EH N T',s,''
to,'T UW',s,'UW'
look,'L UH K',s,'UH'
upon,'AH P AA N',s,'AA'
him,'HH IH M',s,'IH'
is,'IH Z',s,'IH'
no,'N OW',s,''
in,'IH N',s,'IH'
not,'N AA T',s,'AA'
easily,'IY Z L ǝ IH',s,'IY IH'
i,'AY',s,'AY'
think,'TH IH NG K',s,'IH'
go,'G OW',s,''
see,'S IY',s,'IY'
this,'DH IH S',s,'IH'
what,'W AH T',s,''
i,'AY',s,'AY'
lost,'L AO S T',s,'AO'
at,'AE T',s,'AE'
bowls,'B ə UH L Z',s,'UH'
win,'W IH N',s,'IH'
of,'AH V',s,''
him,'HH IH M',s,'IH'
go,'G OW',s,''
it,'IH T',s,'IH'
man,'M AE N',s,'AE'
cold,'K OW L D',s,''
to,'T UW',s,'UW'
will,'W IH L',s,'IH'
put,'P UH T',s,'UH'
man,'M AE N',s,'AE'
into,'IH N T UW',s,'IH UW'
if,'IH F',s,'IH'
i,'AY',s,'AY'
get,'G EH T',s,''
this,'DH IH S',s,'IH'
foolish,'F UW L IH SH',s,'UW IH'
i,'AY',s,'AY'
gold,'G OW L D',s,''
almost,'AA L M OW S T',s,'AA'
is,'IH Z',s,'IH'
not,'N AA T',s,'AA'
i,'AY',s,'AY'
this,'DH IH S',s,'IH'
i,'AY',s,'AY'
am,'AE M',s,'AE'
advised,'ǝ D V ǝ IH Z D',s,'IH'
to,'T UW',s,'UW'
it,'IH T',s,'IH'
will,'W IH L',s,'IH'
on,'AA N',s,'AA'
if,'IH F',s,'IH'
you,'Y UW',s,'UW'
can,'K AE N',s,'AE'
with,'W IH DH',s,'IH'
your,'Y AO R',s,'AO'
fingering,'F IH NG G ǝ ˌ r IH N',s,'IH IH'
so,'S OW',s,''
with,'W IH DH',s,'IH'
too,'T UW',s,'UW'
if,'IH F',s,'IH'
will,'W IH L',s,'IH'
do,'D OW',s,''
let,'L EH T',s,''
remain,'r IH M EH N',s,'IH'
but,'B AH T',s,''
never,'N e V ǝ R',s,''
a,'AH',s,''
very,'V EH R IY',s,'IY'
after,'AW F T ǝ R',s,''
a,'AH',s,''
sweet,'S W IY T',s,'IY'
air,'EH R',s,''
with,'W IH DH',s,'IH'
rich,'R IH CH',s,'IH'
to,'T UW',s,'UW'
it,'IH T',s,'IH'
and,'AH N D',s,''
then,'DH EH N',s,''
let,'L EH T',s,''
so,'S OW',s,''
get,'G EH T',s,''
you,'Y UW',s,'UW'
if,'IH F',s,'IH'
this,'DH IH S',s,'IH'
i,'AY',s,'AY'
will,'W IH L',s,'IH'
your,'Y AO R',s,'AO'
the,'DH AH',s,''
better,'B e T ə R',s,''
if,'IH F',s,'IH'
it,'IH T',s,'IH'
do,'D OW',s,''
not,'N AA T',s,'AA'
it,'IH T',s,'IH'
is,'IH Z',s,'IH'
a,'AH',s,''
in,'IH N',s,'IH'
ears,'IY R Z',s,'IY'
and,'AH N D',s,''
guts,'G ɤ T S',s,''
nor,'N AO R',s,'AO'
the,'DH AH',s,''
of,'AH V',s,''
to,'T UW',s,'UW'
boot,'B UW T',s,'UW'
can,'K AE N',s,'AE'
never,'N e V ǝ R',s,''
amend,'AH M EH N D',s,''
i,'AY',s,'AY'
am,'AE M',s,'AE'
glad,'G L AE D',s,'AE'
i,'AY',s,'AY'
was,'W AA Z',s,'AA'
up,'AH P',s,''
so,'S OW',s,''
for,'F AO R',s,'AO'
the,'DH AH',s,''
reason,'r EH Z ǝ N',s,''
i,'AY',s,'AY'
was,'W AA Z',s,'AA'
up,'AH P',s,''
so,'S OW',s,''
he,'HH IY',s,'IY'
cannot,'K AE N AA T',s,'AE AA'
but,'B AH T',s,''
this,'DH IH S',s,'IH'
i,'AY',s,'AY'
to,'T UW',s,'UW'
your,'Y AO R',s,'AO'
majesty,'M AE JH AH S T IY',s,'AE IY'
and,'AH N D',s,''
to,'T UW',s,'UW'
my,'M AY',s,'AY'
i,'AY',s,'AY'
with,'W IH DH',s,'IH'
but,'B AH T',s,''
she,'SH IY',s,'IY'
no,'N OW',s,''
not,'N AA T',s,'AA'
so,'S OW',s,''
if,'IH F',s,'IH'
she,'SH IY',s,'IY'
be,'B IY',s,'IY'
up,'AH P',s,''
speak,'S P IY K',s,'IY'
with,'W IH DH',s,'IH'
if,'IH F',s,'IH'
not,'N AA T',s,'AA'
let,'L EH T',s,''
still,'S T IH L',s,'IH'
and,'AH N D',s,''
dream,'D R IY M',s,'IY'
by,'B AY',s,'AY'
your,'Y AO R',s,'AO'
ho,'HH OW',s,''
i,'AY',s,'AY'
women,'W IH M AH N',s,'IH'
what,'W AH T',s,''
if,'IH F',s,'IH'
i,'AY',s,'AY'
do,'D OW',s,''
of,'AH V',s,''
their,'DH EH R',s,''
gold,'G OW L D',s,''
buys,'B ə IH Z',s,'IH'
it,'IH T',s,'IH'
and,'AH N D',s,''
diana's,'D AY AE N AH Z',s,'AY AE'
yield,'Y IY L D',s,'IY'
up,'AH P',s,''
their,'DH EH R',s,''
deer,'D IY R',s,'IY'
to,'T UW',s,'UW'
stand,'S T AE N D',s,'AE'
and,'AH N D',s,''
gold,'G OW L D',s,''
the,'DH AH',s,''
true,'T R UW',s,'UW'
man,'M AE N',s,'AE'
and,'AH N D',s,''
the,'DH AH',s,''
thief,'TH IY F',s,'IY'
sometme,'S AH M T AY M',s,'AY'
both,'B OW TH',s,''
thief,'TH IY F',s,'IY'
and,'AH N D',s,''
true,'T R UW',s,'UW'
man,'M AE N',s,'AE'
what,'W AH T',s,''
can,'K AE N',s,'AE'
it,'IH T',s,'IH'
not,'N AA T',s,'AA'
do,'D OW',s,''
and,'AH N D',s,''
undo,'AH N D UW',s,'UW'
i,'AY',s,'AY'
will,'W IH L',s,'IH'
of,'AH V',s,''
women,'W IH M AH N',s,'IH'
to,'T UW',s,'UW'
me,'M IY',s,'IY'
for,'F AO R',s,'AO'
i,'AY',s,'AY'
yet,'Y EH T',s,''
not,'N AA T',s,'AA'
the,'DH AH',s,''
myself,'M AY S EH L F',s,'AY'
by,'B AY',s,'AY'
your,'Y AO R',s,'AO'
a,'AH',s,''
gentleman,'JH EH N T AH L M AH N',s,''
yes,'Y IH S',s,'IH'
and,'AH N D',s,''
a,'AH',s,''
son,'S AO ̃',s,'AO'
your,'Y AO R',s,'AO'
is,'IH Z',s,'IH'
she,'SH IY',s,'IY'
ready,'R EH D IY',s,'IY'
is,'IH Z',s,'IH'
gold,'G OW L D',s,''
for,'F AO R',s,'AO'
you,'Y UW',s,'UW'
sell,'S EH L',s,''
me,'M IY',s,'IY'
your,'Y AO R',s,'AO'
good,'G UH D',s,'UH'
report,'r IH P AO R T',s,'IH AO'
good,'G UH D',s,'UH'
fairest,'F EH R ǝ S T',s,''
your,'Y AO R',s,'AO'
sweet,'S W IY T',s,'IY'
still,'S T IH L',s,'IH'
i,'AY',s,'AY'
swear,'S W EH R',s,''
i,'AY',s,'AY'
you,'Y UW',s,'UW'
this,'DH IH S',s,'IH'
is,'IH Z',s,'IH'
no,'N OW',s,''
to,'T UW',s,'UW'
you,'Y UW',s,'UW'
in,'IH N',s,'IH'
your,'Y AO R',s,'AO'
madness,'M AE D N AH S',s,'AE'
my,'M AY',s,'AY'
sin,'S IH N',s,'IH'
i,'AY',s,'AY'
will,'W IH L',s,'IH'
not,'N AA T',s,'AA'
do,'D OW',s,''
you,'Y UW',s,'UW'
call,'K AO L',s,'AO'
me,'M IY',s,'IY'
fool,'F UH L',s,'UH'
you,'Y UW',s,'UW'
sin,'S IH N',s,'IH'
against,'AH G EH N S T',s,''
you,'Y UW',s,'UW'
we,'OW',s,''
your,'Y AO R',s,'AO'
for,'F AO R',s,'AO'
the,'DH AH',s,''
contract,'K ǝ N T r AW K T',s,''
you,'Y UW',s,'UW'
pretend,'P R IY T EH N D',s,'IY'
with,'W IH DH',s,'IH'
that,'DH AE T',s,'AE'
bred,'B R EH D',s,''
of,'AH V',s,''
alms,'AA L M Z',s,'AA'
and,'AH N D',s,''
with,'W IH DH',s,'IH'
cold,'K OW L D',s,''
dishes,'D IH SH AH Z',s,'IH'
with,'W IH DH',s,'IH'
sccraps,'S K R AE P S',s,'AE'
is,'IH Z',s,'IH'
no,'N OW',s,''
contract,'K ǝ N T r AW K T',s,''
and,'AH N D',s,''
it,'IH T',s,'IH'
be,'B IY',s,'IY'
in,'IH N',s,'IH'
parties,'P AA R T IY Z',s,'AA IY'
yet,'Y EH T',s,''
who,'HH UW',s,'UW'
than,'DH AE N',s,'AE'
he,'HH IY',s,'IY'
their,'DH EH R',s,''
souls,'S OW L Z',s,''
on,'AA N',s,'AA'
whom,'HH UW M',s,'UW'
is,'IH Z',s,'IH'
no,'N OW',s,''
but,'B AH T',s,''
brats,'B R AE T S',s,'AE'
and,'AH N D',s,''
in,'IH N',s,'IH'
yet,'Y EH T',s,''
you,'Y UW',s,'UW'
from,'F R AH M',s,''
that,'DH AE T',s,'AE'
by,'B AY',s,'AY'
the,'DH AH',s,''
crown,'K r ǝ UH N',s,'UH'
and,'AH N D',s,''
must,'M AH S T',s,''
not,'N AA T',s,'AA'
the,'DH AH',s,''
precious,'P R EH SH AH S',s,''
of,'AH V',s,''
it,'IH T',s,'IH'
with,'W IH DH',s,'IH'
a,'AH',s,''
a,'AH',s,''
for,'F AO R',s,'AO'
a,'AH',s,''
livery,'L IH V r ǝ IH',s,'IH IH'
a,'AH',s,''
cloth,'K L AO TH',s,'AO'
a,'AH',s,''
so,'S OW',s,''
the,'DH AH',s,''
fog,'F AA G',s,'AA'
rot,'R AA T',s,'AA'
him,'HH IH M',s,'IH'
his,'HH IH Z',s,'IH'
garment,'G AA R M AH N T',s,'AA'
the,'DH AH',s,''
devil,'D IH V ǝ L',s,'IH'
his,'HH IH Z',s,'IH'
garment,'G AA R M AH N T',s,'AA'
you,'Y UW',s,'UW'
abused,'ǝ B Y UW Z D',s,'UW'
me,'M IY',s,'IY'
his,'HH IH Z',s,'IH'
garment,'G AA R M AH N T',s,'AA'
i,'AY',s,'AY'
will,'W IH L',s,'IH'
inform,'IH N F AO R M',s,'IH AO'
your,'Y AO R',s,'AO'
be,'B IY',s,'IY'
his,'HH IH Z',s,'IH'
garment,'G AA R M AH N T',s,'AA'
well,'W EH L',s,''
be,'B IY',s,'IY'
another,'ǝ N ɤ DH ǝ R',s,''
a,'AH',s,''
by,'B AY',s,'AY'
itself,'IH T S EH L F',s,'IH'
and,'AH N D',s,''
we,'W IY',s,'IY'
will,'W IH L',s,'IH'
for,'F AO R',s,'AO'
our,'OW R',s,''
noses,'N OW Z IH Z',s,'IH'
no,'N OW',s,''
to,'T UW',s,'UW'
be,'B IY',s,'IY'
paid,'P EY D',s,'EY'
our,'OW R',s,''
is,'IH Z',s,'IH'
stronger,'S T r ɒ NG G ǝ R',s,''
than,'DH AE N',s,'AE'
it,'IH T',s,'IH'
was,'W AA Z',s,'AA'
at,'AE T',s,'AE'
that,'DH AE T',s,'AE'
and,'AH N D',s,''
as,'AE Z',s,'AE'
i,'AY',s,'AY'
said,'S EH D',s,''
is,'IH Z',s,'IH'
no,'N OW',s,''
of,'AH V',s,''
them,'DH EH M',s,''
crooked,'K R UH K AH D',s,'UH'
noses,'N OW Z IH Z',s,'IH'
but,'B AH T',s,''
to,'T UW',s,'UW'
we,'OW',s,''
arms,'AA R M Z',s,'AA'
we,'W IY',s,'IY'
yet,'Y EH T',s,''
us,'AH S',s,''
can,'K AE N',s,'AE'
grip,'G R IH P',s,'IH'
as,'AE Z',s,'AE'
as,'AE Z',s,'AE'
i,'AY',s,'AY'
do,'D OW',s,''
not,'N AA T',s,'AA'
i,'AY',s,'AY'
am,'AE M',s,'AE'
but,'B AH T',s,''
i,'AY',s,'AY'
a,'AH',s,''
whhy,'ʍ ǝ IH',s,'IH'
whhy,'ʍ ǝ IH',s,'IH'
we,'W IY',s,'IY'
if,'IH F',s,'IH'
can,'K AE N',s,'AE'
the,'DH AH',s,''
sun,'S AH N',s,''
from,'F R AH M',s,''
us,'AH S',s,''
with,'W IH DH',s,'IH'
a,'AH',s,''
blanket,'B L AE NG K AH T',s,'AE'
or,'AO R',s,'AO'
put,'P UH T',s,'UH'
the,'DH AH',s,''
moon,'M UW N',s,'UW'
in,'IH N',s,'IH'
his,'HH IH Z',s,'IH'
pocket,'P AA K AH T',s,'AA'
we,'W IY',s,'IY'
will,'W IH L',s,'IH'
him,'HH IH M',s,'IH'
for,'F AO R',s,'AO'
no,'N OW',s,''
you,'Y UW',s,'UW'
his,'HH IH Z',s,'IH'
majesty,'M AE JH AH S T IY',s,'AE IY'
bids,'B IH D Z',s,'IH'
you,'Y UW',s,'UW'
with,'W IH DH',s,'IH'
us,'AH S',s,''
a,'AH',s,''
or,'AO R',s,'AO'
or,'AO R',s,'AO'
longer,'L ɒ NG G ǝ R',s,''
if,'IH F',s,'IH'
you,'Y UW',s,'UW'
seek,'S IY K',s,'IY'
us,'AH S',s,''
in,'IH N',s,'IH'
terms,'T ɐ R M Z',s,''
you,'Y UW',s,'UW'
shall,'SH AE L',s,'AE'
us,'AH S',s,''
in,'IH N',s,'IH'
our,'OW R',s,''
if,'IH F',s,'IH'
you,'Y UW',s,'UW'
beat,'B IY T',s,'IY'
us,'AH S',s,''
out,'AW T',s,''
of,'AH V',s,''
it,'IH T',s,'IH'
it,'IH T',s,'IH'
is,'IH Z',s,'IH'
yours,'Y UH R Z',s,'UH'
if,'IH F',s,'IH'
you,'Y UW',s,'UW'
fall,'F AA L',s,'AA'
in,'IH N',s,'IH'
the,'DH AH',s,''
adventre,'ǝ V e N T ǝ R',s,''
our,'OW R',s,''
shall,'SH AE L',s,'AE'
the,'DH AH',s,''
better,'B e T ə R',s,''
for,'F AO R',s,'AO'
you,'Y UW',s,'UW'
and,'AH N D',s,''
an,'AE N',s,'AE'
end,'EH N D',s,''
it,'IH T',s,'IH'
friendly,'F r e N L ǝ IH',s,'IH'
but,'B AH T',s,''
from,'F R AH M',s,''
this,'DH IH S',s,'IH'
forth,'F AO R TH',s,'AO'
i,'AY',s,'AY'
wear,'W EH R',s,''
it,'IH T',s,'IH'
as,'AE Z',s,'AE'
your,'Y AO R',s,'AO'
enemy,'EH N AH M IY',s,'IY'
all,'AA L',s,'AA'
the,'DH AH',s,''
better,'B e T ə R',s,''
your,'Y AO R',s,'AO'
britons,'B R IH T AH N Z',s,'IH'
their,'DH EH R',s,''
wishes,'W IH SH IH Z',s,'IH IH'
in,'IH N',s,'IH'
it,'IH T',s,'IH'
that,'DH AE T',s,'AE'
man,'M AE N',s,'AE'
of,'AH V',s,''
old,'OW L D',s,''
servant,'S ɐ R V ǝ N T',s,''
i,'AY',s,'AY'
not,'N AA T',s,'AA'
seen,'S IY N',s,'IY'
certain,'S ɐ R T ǝ N',s,''
she,'SH IY',s,'IY'
is,'IH Z',s,'IH'
fled,'F L EH D',s,''
go,'G OW',s,''
in,'IH N',s,'IH'
and,'AH N D',s,''
the,'DH AH',s,''
he,'HH IY',s,'IY'
him,'HH IH M',s,'IH'
i,'AY',s,'AY'
and,'AH N D',s,''
for,'F AO R',s,'AO'
fair,'F EH R',s,''
and,'AH N D',s,''
and,'AH N D',s,''
that,'DH AE T',s,'AE'
she,'SH IY',s,'IY'
hath,'HH AE TH',s,'AE'
all,'AA L',s,'AA'
courtly,'K AO R T L IY',s,'AO IY'
parts,'P AA R T S',s,'AA'
than,'DH AE N',s,'AE'
lady,'L EY D IY',s,'EY IY'
ladies,'L EY D IY Z',s,'EY IY'
woman,'W UH M AH N',s,'UH'
from,'F R AH M',s,''
every,'e V r ǝ IH',s,'IH'
the,'DH AH',s,''
best,'B EH S T',s,''
she,'SH IY',s,'IY'
hath,'HH AE TH',s,'AE'
and,'AH N D',s,''
she,'SH IY',s,'IY'
of,'AH V',s,''
all,'AA L',s,'AA'
outsellls,'ǝ UH T S e L Z',s,'UH'
them,'DH EH M',s,''
all,'AA L',s,'AA'
i,'AY',s,'AY'
therefre,'DH EH R F AO R',s,'AO'
but,'B AH T',s,''
me,'M IY',s,'IY'
and,'AH N D',s,''
on,'AA N',s,'AA'
the,'DH AH',s,''
slanders,'S L AO N D ǝ R Z',s,'AO'
so,'S OW',s,''
that,'DH AE T',s,'AE'
is,'IH Z',s,'IH'
and,'AH N D',s,''
in,'IH N',s,'IH'
that,'DH AE T',s,'AE'
i,'AY',s,'AY'
will,'W IH L',s,'IH'
to,'T UW',s,'UW'
indeed,'IH N D IY D',s,'IH IY'
to,'T UW',s,'UW'
be,'B IY',s,'IY'
upon,'AH P AA N',s,'AA'
for,'F AO R',s,'AO'
when,'ʍ e N',s,''
fools,'F UW L Z',s,'UW'
shall,'SH AE L',s,'AE'
who,'HH UW',s,'UW'
is,'IH Z',s,'IH'
what,'W AH T',s,''
you,'Y UW',s,'UW'
you,'Y UW',s,'UW'
precious,'P R EH SH AH S',s,''
pander,'P AW N D ǝ R',s,''
villain,'V IH L AH N',s,'IH'
is,'IH Z',s,'IH'
lady,'L EY D IY',s,'EY IY'
in,'IH N',s,'IH'
a,'AH',s,''
or,'AO R',s,'AO'
thou,'DH AW',s,''
art,'AA R T',s,'AA'
with,'W IH DH',s,'IH'
the,'DH AH',s,''
fiends,'F IY N D Z',s,'IY'
is,'IH Z',s,'IH'
lady,'L EY D IY',s,'EY IY'
or,'AO R',s,'AO'
by,'B AY',s,'AY'
i,'AY',s,'AY'
will,'W IH L',s,'IH'
not,'N AA T',s,'AA'
ask,'AW S K',s,''
again,'ǝ ɡ EH N',s,''
villain,'V IH L AH N',s,'IH'
this,'DH IH S',s,'IH'
secret,'S IY K R AH T',s,'IY'
from,'F R AH M',s,''
heart,'HH AA R T',s,'AA'
or,'AO R',s,'AO'
rip,'R IH P',s,'IH'
heart,'HH AA R T',s,'AA'
to,'T UW',s,'UW'
it,'IH T',s,'IH'
is,'IH Z',s,'IH'
she,'SH IY',s,'IY'
with,'W IH DH',s,'IH'
from,'F R AH M',s,''
so,'S OW',s,''
of,'AH V',s,''
cannot,'K AE N AA T',s,'AE AA'
a,'AH',s,''
dram,'D R AE M',s,'AE'
of,'AH V',s,''
worth,'W AO R TH',s,'AO'
be,'B IY',s,'IY'
is,'IH Z',s,'IH'
she,'SH IY',s,'IY'
no,'N OW',s,''
me,'M IY',s,'IY'
hme,'OW M',s,''
what,'W AH T',s,''
is,'IH Z',s,'IH'
of,'AH V',s,''
villain,'V IH L AH N',s,'IH'
discover,'D IH S K AH V ER',s,'IH'
mistress,'M IH S T R AH S',s,'IH'
is,'IH Z',s,'IH'
at,'AE T',s,'AE'
at,'AE T',s,'AE'
the,'DH AH',s,''
no,'N OW',s,''
of,'AH V',s,''
lord,'L AO R D',s,'AO'
speak,'S P IY K',s,'IY'
or,'AO R',s,'AO'
on,'AA N',s,'AA'
the,'DH AH',s,''
instant,'IH N S T AH N T',s,'IH'
is,'IH Z',s,'IH'
condemnation,'K AA N D AH M N EY SH AH N',s,'AA EY'
and,'AH N D',s,''
death,'D EH TH',s,''
see,'S IY',s,'IY'
i,'AY',s,'AY'
will,'W IH L',s,'IH'
even,'IY V IH N',s,'IY IH'
to,'T UW',s,'UW'
thhrne,'TH r OW N',s,''
is,'IH Z',s,'IH'
this,'DH IH S',s,'IH'
true,'T R UW',s,'UW'
it,'IH T',s,'IH'
is,'IH Z',s,'IH'
i,'AY',s,'AY'
if,'IH F',s,'IH'
thou,'DH AW',s,''
not,'N AA T',s,'AA'
be,'B IY',s,'IY'
a,'AH',s,''
villain,'V IH L AH N',s,'IH'
but,'B AH T',s,''
do,'D OW',s,''
me,'M IY',s,'IY'
true,'T R UW',s,'UW'
undergo,'ɤ N D ǝ R G OW',s,''
employments,'e M P L ǝ IH M ǝ N T S',s,'IH'
wherein,'ʍ EH R IH N',s,'IH'
i,'AY',s,'AY'
to,'T UW',s,'UW'
thee,'DH IY',s,'IY'
with,'W IH DH',s,'IH'
a,'AH',s,''
that,'DH AE T',s,'AE'
is,'IH Z',s,'IH'
what,'W AH T',s,''
i,'AY',s,'AY'
bid,'B IH D',s,'IH'
thee,'DH IY',s,'IY'
do,'D OW',s,''
to,'T UW',s,'UW'
perform,'P ǝ R F AO R M',s,'AO'
it,'IH T',s,'IH'
and,'AH N D',s,''
think,'TH IH NG K',s,'IH'
thee,'DH IY',s,'IY'
an,'AE N',s,'AE'
man,'M AE N',s,'AE'
thou,'DH AW',s,''
neither,'N EH DH ǝ R',s,''
want,'W AA N T',s,'AA'
my,'M AY',s,'AY'
means,'M IY N Z',s,'IY'
for,'F AO R',s,'AO'
relief,'R IH L IY F',s,'IH IY'
nor,'N AO R',s,'AO'
my,'M AY',s,'AY'
for,'F AO R',s,'AO'
wilt,'W IH L T',s,'IH'
thou,'DH AW',s,''
seve,'S ER V',s,''
me,'M IY',s,'IY'
for,'F AO R',s,'AO'
and,'AH N D',s,''
thou,'DH AW',s,''
hast,'HH AE S T',s,'AE'
stuck,'S T ɤ K',s,''
to,'T UW',s,'UW'
the,'DH AH',s,''
of,'AH V',s,''
that,'DH AE T',s,'AE'
beggar,'B e ɡ ə R',s,''
thou,'DH AW',s,''
not,'N AA T',s,'AA'
in,'IH N',s,'IH'
the,'DH AH',s,''
of,'AH V',s,''
but,'B AH T',s,''
be,'B IY',s,'IY'
a,'AH',s,''
diligent,'D IH L IH JH AH N T',s,'IH IH'
follower,'F ɒ L ǝ W ǝ R',s,''
of,'AH V',s,''
wilt,'W IH L T',s,'IH'
thou,'DH AW',s,''
seve,'S ER V',s,''
me,'M IY',s,'IY'
me,'M IY',s,'IY'
my,'M AY',s,'AY'
hast,'HH AE S T',s,'AE'
of,'AH V',s,''
garments,'G AA R M AH N T S',s,'AA'
in,'IH N',s,'IH'
the,'DH AH',s,''
thou,'DH AW',s,''
dost,'D AA S T',s,'AA'
me,'M IY',s,'IY'
that,'DH AE T',s,'AE'
suit,'SH UW T',s,'UW'
let,'L EH T',s,''
it,'IH T',s,'IH'
be,'B IY',s,'IY'
go,'G OW',s,''
meet,'M IY T',s,'IY'
thee,'DH IY',s,'IY'
at,'AE T',s,'AE'
milford,'M IH L F ǝ R D',s,'IH'
forgot,'F ǝ R G ɒ T',s,''
to,'T UW',s,'UW'
ask,'AW S K',s,''
him,'HH IH M',s,'IH'
even,'IY V IH N',s,'IY IH'
thou,'DH AW',s,''
villain,'V IH L AH N',s,'IH'
will,'W IH L',s,'IH'
i,'AY',s,'AY'
kill,'K IH L',s,'IH'
thee,'DH IY',s,'IY'
i,'AY',s,'AY'
garments,'G AA R M AH N T S',s,'AA'
wre,'W ER',s,''
she,'SH IY',s,'IY'
said,'S EH D',s,''
upon,'AH P AA N',s,'AA'
a,'AH',s,''
the,'DH AH',s,''
of,'AH V',s,''
it,'IH T',s,'IH'
i,'AY',s,'AY'
belch,'B EH L CH',s,''
from,'F R AH M',s,''
my,'M AY',s,'AY'
heart,'HH AA R T',s,'AA'
that,'DH AE T',s,'AE'
she,'SH IY',s,'IY'
held,'HH EH L D',s,''
the,'DH AH',s,''
very,'V EH R IY',s,'IY'
garment,'G AA R M AH N T',s,'AA'
of,'AH V',s,''
in,'IH N',s,'IH'
respect,'R IH S P EH K T',s,'IH'
than,'DH AE N',s,'AE'
my,'M AY',s,'AY'
and,'AH N D',s,''
with,'W IH DH',s,'IH'
the,'DH AH',s,''
adornment,'AH D AO R N M AH N T',s,'AO'
of,'AH V',s,''
my,'M AY',s,'AY'
with,'W IH DH',s,'IH'
that,'DH AE T',s,'AE'
suit,'SH UW T',s,'UW'
upon,'AH P AA N',s,'AA'
my,'M AY',s,'AY'
back,'B AE K',s,'AE'
will,'W IH L',s,'IH'
i,'AY',s,'AY'
kill,'K IH L',s,'IH'
him,'HH IH M',s,'IH'
and,'AH N D',s,''
in,'IH N',s,'IH'
shall,'SH AE L',s,'AE'
she,'SH IY',s,'IY'
see,'S IY',s,'IY'
my,'M AY',s,'AY'
will,'W IH L',s,'IH'
then,'DH EH N',s,''
be,'B IY',s,'IY'
a,'AH',s,''
torment,'T AO R M e N T',s,'AO'
to,'T UW',s,'UW'
he,'HH IY',s,'IY'
on,'AA N',s,'AA'
the,'DH AH',s,''
my,'M AY',s,'AY'
speech,'S P IY CH',s,'IY'
of,'AH V',s,''
ended,'EH N D AH D',s,''
on,'AA N',s,'AA'
his,'HH IH Z',s,'IH'
dead,'D EH D',s,''
body,'B AA D IY',s,'AA IY'
and,'AH N D',s,''
when,'ʍ e N',s,''
my,'M AY',s,'AY'
lust,'L AH S T',s,''
hath,'HH AE TH',s,'AE'
as,'AE Z',s,'AE'
i,'AY',s,'AY'
to,'T UW',s,'UW'
i,'AY',s,'AY'
will,'W IH L',s,'IH'
in,'IH N',s,'IH'
the,'DH AH',s,''
that,'DH AE T',s,'AE'
she,'SH IY',s,'IY'
so,'S OW',s,''
the,'DH AH',s,''
court,'K AO R T',s,'AO'
back,'B AE K',s,'AE'
foot,'F UH T',s,'UH'
hme,'OW M',s,''
again,'ǝ ɡ EH N',s,''
she,'SH IY',s,'IY'
hath,'HH AE TH',s,'AE'
despised,'D IH S P ǝ IH Z D',s,'IH IH'
me,'M IY',s,'IY'
and,'AH N D',s,''
be,'B IY',s,'IY'
merrry,'M e r ǝ IH',s,'IH'
in,'IH N',s,'IH'
my,'M AY',s,'AY'
be,'B IY',s,'IY'
the,'DH AH',s,''
garments,'G AA R M AH N T S',s,'AA'
is,'IH Z',s,'IH'
she,'SH IY',s,'IY'
went,'W EH N T',s,''
to,'T UW',s,'UW'
milford,'M IH L F ǝ R D',s,'IH'
haven,'HH EY V AH N',s,'EY'
this,'DH IH S',s,'IH'
apparel,'AH P AE R AH L',s,'AE'
to,'T UW',s,'UW'
my,'M AY',s,'AY'
that,'DH AE T',s,'AE'
is,'IH Z',s,'IH'
the,'DH AH',s,''
second,'S EH K AH N D',s,''
that,'DH AE T',s,'AE'
i,'AY',s,'AY'
commanded,'K ǝ M AW N D IH D',s,'IH'
thee,'DH IY',s,'IY'
the,'DH AH',s,''
is,'IH Z',s,'IH'
that,'DH AE T',s,'AE'
thou,'DH AW',s,''
wilt,'W IH L T',s,'IH'
be,'B IY',s,'IY'
a,'AH',s,''
to,'T UW',s,'UW'
my,'M AY',s,'AY'
design,'D IH Z ǝ IH N',s,'IH IH'
be,'B IY',s,'IY'
but,'B AH T',s,''
and,'AH N D',s,''
true,'T R UW',s,'UW'
shall,'SH AE L',s,'AE'
tender,'T e N D ǝ R',s,''
itself,'IH T S EH L F',s,'IH'
to,'T UW',s,'UW'
thee,'DH IY',s,'IY'
my,'M AY',s,'AY'
is,'IH Z',s,'IH'
at,'AE T',s,'AE'
milford,'M IH L F ǝ R D',s,'IH'
i,'AY',s,'AY'
had,'HH AE D',s,'AE'
to,'T UW',s,'UW'
it,'IH T',s,'IH'
and,'AH N D',s,''
be,'B IY',s,'IY'
true,'T R UW',s,'UW'
i,'AY',s,'AY'
am,'AE M',s,'AE'
near,'N IY R',s,'IY'
to,'T UW',s,'UW'
meet,'M IY T',s,'IY'
if,'IH F',s,'IH'
it,'IH T',s,'IH'
fit,'F IH T',s,'IH'
his,'HH IH Z',s,'IH'
garments,'G AA R M AH N T S',s,'AA'
seve,'S ER V',s,''
me,'M IY',s,'IY'
whhy,'ʍ ǝ IH',s,'IH'
his,'HH IH Z',s,'IH'
mistress,'M IH S T R AH S',s,'IH'
who,'HH UW',s,'UW'
was,'W AA Z',s,'AA'
by,'B AY',s,'AY'
him,'HH IH M',s,'IH'
that,'DH AE T',s,'AE'
the,'DH AH',s,''
not,'N AA T',s,'AA'
be,'B IY',s,'IY'
fit,'F IH T',s,'IH'
too,'T UW',s,'UW'
the,'DH AH',s,''
reverece,'r e V r ǝ N S',s,''
of,'AH V',s,''
the,'DH AH',s,''
for,'F AO R',s,'AO'
said,'S EH D',s,''
a,'AH',s,''
fitness,'F IH T N AH S',s,'IH'
by,'B AY',s,'AY'
fits,'F IH T S',s,'IH'
therein,'DH EH R IH N',s,'IH'
i,'AY',s,'AY'
must,'M AH S T',s,''
the,'DH AH',s,''
i,'AY',s,'AY'
speak,'S P IY K',s,'IY'
it,'IH T',s,'IH'
to,'T UW',s,'UW'
myself,'M AY S EH L F',s,'AY'
for,'F AO R',s,'AO'
it,'IH T',s,'IH'
is,'IH Z',s,'IH'
not,'N AA T',s,'AA'
for,'F AO R',s,'AO'
a,'AH',s,''
man,'M AE N',s,'AE'
and,'AH N D',s,''
his,'HH IH Z',s,'IH'
glass,'G L AW S',s,''
to,'T UW',s,'UW'
confer,'K ǝ N F ɐ R',s,''
in,'IH N',s,'IH'
his,'HH IH Z',s,'IH'
i,'AY',s,'AY'
mean,'M IY N',s,'IY'
the,'DH AH',s,''
lines,'L ǝ IH N Z',s,'IH'
of,'AH V',s,''
my,'M AY',s,'AY'
body,'B AA D IY',s,'AA IY'
as,'AE Z',s,'AE'
well,'W EH L',s,''
as,'AE Z',s,'AE'
his,'HH IH Z',s,'IH'
no,'N OW',s,''
less,'L EH S',s,''
not,'N AA T',s,'AA'
beneath,'B IH N IY TH',s,'IH IY'
him,'HH IH M',s,'IH'
in,'IH N',s,'IH'
him,'HH IH M',s,'IH'
in,'IH N',s,'IH'
the,'DH AH',s,''
of,'AH V',s,''
the,'DH AH',s,''
him,'HH IH M',s,'IH'
in,'IH N',s,'IH'
in,'IH N',s,'IH'
services,'S ɐ R V IH S IH Z',s,'IH IH'
and,'AH N D',s,''
in,'IH N',s,'IH'
yet,'Y EH T',s,''
this,'DH IH S',s,'IH'
him,'HH IH M',s,'IH'
in,'IH N',s,'IH'
my,'M AY',s,'AY'
what,'W AH T',s,''
is,'IH Z',s,'IH'
is,'IH Z',s,'IH'
upon,'AH P AA N',s,'AA'
shall,'SH AE L',s,'AE'
within,'W IH DH IH N',s,'IH IH'
this,'DH IH S',s,'IH'
be,'B IY',s,'IY'
off,'AO F',s,'AO'
mistress,'M IH S T R AH S',s,'IH'
garments,'G AA R M AH N T S',s,'AA'
cut,'K ɤ T',s,''
to,'T UW',s,'UW'
pieces,'P IY S AH Z',s,'IY'
and,'AH N D',s,''
all,'AA L',s,'AA'
this,'DH IH S',s,'IH'
spurn,'S P ɐ R N',s,''
hme,'OW M',s,''
to,'T UW',s,'UW'
who,'HH UW',s,'UW'
haply,'AW P L ǝ IH',s,'IH'
be,'B IY',s,'IY'
a,'AH',s,''
angry,'AE NG G R IY',s,'AE IY'
or,'AO R',s,'AO'
my,'M AY',s,'AY'
so,'S OW',s,''
but,'B AH T',s,''
my,'M AY',s,'AY'
of,'AH V',s,''
his,'HH IH Z',s,'IH'
shall,'SH AE L',s,'AE'
turn,'T ɐ R N',s,''
all,'AA L',s,'AA'
into,'IH N T UW',s,'IH UW'
my,'M AY',s,'AY'
my,'M AY',s,'AY'
is,'IH Z',s,'IH'
tied,'T AY D',s,'AY'
up,'AH P',s,''
out,'AW T',s,''
and,'AH N D',s,''
to,'T UW',s,'UW'
a,'AH',s,''
put,'P UH T',s,'UH'
them,'DH EH M',s,''
into,'IH N T UW',s,'IH UW'
my,'M AY',s,'AY'
this,'DH IH S',s,'IH'
is,'IH Z',s,'IH'
the,'DH AH',s,''
very,'V EH R IY',s,'IY'
of,'AH V',s,''
their,'DH EH R',s,''
and,'AH N D',s,''
the,'DH AH',s,''
not,'N AA T',s,'AA'
me,'M IY',s,'IY'
i,'AY',s,'AY'
cannot,'K AE N AA T',s,'AE AA'
that,'DH AE T',s,'AE'
villain,'V IH L AH N',s,'IH'
hath,'HH AE TH',s,'AE'
me,'M IY',s,'IY'
i,'AY',s,'AY'
am,'AE M',s,'AE'
faint,'F EH N T',s,''
soft,'S AA F T',s,'AA'
what,'W AH T',s,''
you,'Y UW',s,'UW'
that,'DH AE T',s,'AE'
me,'M IY',s,'IY'
thus,'DH ɤ S',s,''
villain,'V IH L AH N',s,'IH'
mountaineers,'M AW N T IH N IH R Z',s,'IH IH'
i,'AY',s,'AY'
of,'AH V',s,''
art,'AA R T',s,'AA'
thou,'DH AW',s,''
thou,'DH AW',s,''
art,'AA R T',s,'AA'
a,'AH',s,''
a,'AH',s,''
a,'AH',s,''
villain,'V IH L AH N',s,'IH'
yield,'Y IY L D',s,'IY'
thee,'DH IY',s,'IY'
thief,'TH IY F',s,'IY'
thou,'DH AW',s,''
villain,'V IH L AH N',s,'IH'
me,'M IY',s,'IY'
not,'N AA T',s,'AA'
by,'B AY',s,'AY'
my,'M AY',s,'AY'
thou,'DH AW',s,''
precious,'P R EH SH AH S',s,''
varlet,'V AA R L ǝ T',s,'AA'
my,'M AY',s,'AY'
them,'DH EH M',s,''
not,'N AA T',s,'AA'
thou,'DH AW',s,''
thief,'TH IY F',s,'IY'
but,'B AH T',s,''
my,'M AY',s,'AY'
and,'AH N D',s,''
thou,'DH AW',s,''
villain,'V IH L AH N',s,'IH'
to,'T UW',s,'UW'
fear,'F IY R',s,'IY'
to,'T UW',s,'UW'
thou,'DH AW',s,''
shalt,'SH AE L T',s,'AE'
i,'AY',s,'AY'
am,'AE M',s,'AE'
son,'S AO ̃',s,'AO'
to,'T UW',s,'UW'
art,'AA R T',s,'AA'
not,'N AA T',s,'AA'
the,'DH AH',s,''
death,'D EH TH',s,''
when,'ʍ e N',s,''
i,'AY',s,'AY'
slain,'S L EH N',s,''
thee,'DH IY',s,'IY'
with,'W IH DH',s,'IH'
my,'M AY',s,'AY'
that,'DH AE T',s,'AE'
even,'IY V IH N',s,'IY IH'
fled,'F L EH D',s,''
and,'AH N D',s,''
on,'AA N',s,'AA'
the,'DH AH',s,''
of,'AH V',s,''
set,'S EH T',s,''
your,'Y AO R',s,'AO'
heads,'HH EH D Z',s,''
yield,'Y IY L D',s,'IY'
rustic,'R AH S T IH K',s,'IH'
mountaineer,'M AW N T IH N IH R',s,'IH IH'
