go,'G OW',s,''
bear,'B EH R',s,''
it,'IH T',s,'IH'
to,'T UW',s,'UW'
the,'DH AH',s,''
centaur,'S EH N T AO R',s,'AO'
we,'W IY',s,'IY'
and,'AH N D',s,''
till,'T IH L',s,'IH'
i,'AY',s,'AY'
to,'T UW',s,'UW'
thee,'DH IY',s,'IY'
within,'W IH DH IH N',s,'IH IH'
this,'DH IH S',s,'IH'
it,'IH T',s,'IH'
will,'W IH L',s,'IH'
be,'B IY',s,'IY'
dinnertme,'D IH N ER T AY M',s,'IH AY'
till,'T IH L',s,'IH'
that,'DH AE T',s,'AE'
view,'V Y UW',s,'UW'
the,'DH AH',s,''
of,'AH V',s,''
the,'DH AH',s,''
perse,'P ER UW Z',s,'UW'
the,'DH AH',s,''
upon,'AH P AA N',s,'AA'
the,'DH AH',s,''
and,'AH N D',s,''
then,'DH EH N',s,''
return,'r IH T ɐ R N',s,'IH'
and,'AH N D',s,''
sleep,'S L IY P',s,'IY'
within,'W IH DH IH N',s,'IH IH'
inn,'IH N',s,'IH'
for,'F AO R',s,'AO'
with,'W IH DH',s,'IH'
travel,'T R AE V AH L',s,'AE'
i,'AY',s,'AY'
am,'AE M',s,'AE'
stiff,'S T IH F',s,'IH'
and,'AH N D',s,''
get,'G EH T',s,''
thee,'DH IY',s,'IY'
a,'AH',s,''
villain,'V IH L AH N',s,'IH'
that,'DH AE T',s,'AE'
very,'V EH R IY',s,'IY'
oft,'AO F T',s,'AO'
when,'ʍ e N',s,''
i,'AY',s,'AY'
am,'AE M',s,'AE'
dull,'D ɤ L',s,''
with,'W IH DH',s,'IH'
and,'AH N D',s,''
my,'M AY',s,'AY'
humor,'HH Y UW M ER',s,'UW'
with,'W IH DH',s,'IH'
his,'HH IH Z',s,'IH'
merrry,'M e r ǝ IH',s,'IH'
jests,'JH EH S T S',s,''
what,'W AH T',s,''
will,'W IH L',s,'IH'
you,'Y UW',s,'UW'
with,'W IH DH',s,'IH'
me,'M IY',s,'IY'
the,'DH AH',s,''
and,'AH N D',s,''
then,'DH EH N',s,''
go,'G OW',s,''
to,'T UW',s,'UW'
my,'M AY',s,'AY'
inn,'IH N',s,'IH'
and,'AH N D',s,''
with,'W IH DH',s,'IH'
me,'M IY',s,'IY'
till,'T IH L',s,'IH'
then,'DH EH N',s,''
i,'AY',s,'AY'
will,'W IH L',s,'IH'
go,'G OW',s,''
myself,'M AY S EH L F',s,'AY'
and,'AH N D',s,''
up,'AH P',s,''
and,'AH N D',s,''
down,'D ǝ UH N',s,'UH'
to,'T UW',s,'UW'
view,'V Y UW',s,'UW'
the,'DH AH',s,''
he,'HH IY',s,'IY'
that,'DH AE T',s,'AE'
commends,'K AH M EH N D Z',s,''
me,'M IY',s,'IY'
to,'T UW',s,'UW'
content,'K ǝ N T e N T',s,''
commends,'K AH M EH N D Z',s,''
me,'M IY',s,'IY'
to,'T UW',s,'UW'
the,'DH AH',s,''
i,'AY',s,'AY'
cannot,'K AE N AA T',s,'AE AA'
get,'G EH T',s,''
i,'AY',s,'AY'
to,'T UW',s,'UW'
the,'DH AH',s,''
am,'AE M',s,'AE'
a,'AH',s,''
drop,'D R AA P',s,'AA'
of,'AH V',s,''
water,'W AA T ǝ R',s,'AA'
that,'DH AE T',s,'AE'
in,'IH N',s,'IH'
the,'DH AH',s,''
ocean,'OW SH AH N',s,''
seeks,'S IY K S',s,'IY'
another,'ǝ N ɤ DH ǝ R',s,''
drop,'D R AA P',s,'AA'
who,'HH UW',s,'UW'
to,'T UW',s,'UW'
his,'HH IH Z',s,'IH'
forth,'F AO R TH',s,'AO'
unseen,'AH N S IY N',s,'IY'
confounds,'K AH N F AW N D Z',s,''
himself,'HH IH M S EH L F',s,'IH'
so,'S OW',s,''
i,'AY',s,'AY'
to,'T UW',s,'UW'
a,'AH',s,''
and,'AH N D',s,''
a,'AH',s,''
in,'IH N',s,'IH'
of,'AH V',s,''
them,'DH EH M',s,''
myself,'M AY S EH L F',s,'AY'
the,'DH AH',s,''
almanac,'AO L M AH N AE K',s,'AO AE'
of,'AH V',s,''
my,'M AY',s,'AY'
true,'T R UW',s,'UW'
what,'W AH T',s,''
thou,'DH AW',s,''
art,'AA R T',s,'AA'
returned,'r IH T ɐ R N IH D',s,'IH IH'
so,'S OW',s,''
soon,'S UW N',s,'UW'
stop,'S T AA P',s,'AA'
in,'IH N',s,'IH'
your,'Y AO R',s,'AO'
tell,'T EH L',s,''
me,'M IY',s,'IY'
this,'DH IH S',s,'IH'
i,'AY',s,'AY'
you,'Y UW',s,'UW'
left,'L EH F T',s,''
the,'DH AH',s,''
that,'DH AE T',s,'AE'
i,'AY',s,'AY'
you,'Y UW',s,'UW'
i,'AY',s,'AY'
am,'AE M',s,'AE'
not,'N AA T',s,'AA'
in,'IH N',s,'IH'
a,'AH',s,''
humor,'HH Y UW M ER',s,'UW'
tell,'T EH L',s,''
me,'M IY',s,'IY'
and,'AH N D',s,''
not,'N AA T',s,'AA'
is,'IH Z',s,'IH'
the,'DH AH',s,''
we,'W IY',s,'IY'
being,'B IY IH NG',s,'IY IH'
thou,'DH AW',s,''
trust,'T r ɤ S T',s,''
so,'S OW',s,''
great,'G r e T',s,''
a,'AH',s,''
from,'F R AH M',s,''
jests,'JH EH S T S',s,''
out,'AW T',s,''
of,'AH V',s,''
season,'S IY Z AH N',s,'IY'
reseve,'R IH Z ER V',s,'IH'
them,'DH EH M',s,''
till,'T IH L',s,'IH'
a,'AH',s,''
than,'DH AE N',s,'AE'
this,'DH IH S',s,'IH'
is,'IH Z',s,'IH'
the,'DH AH',s,''
gold,'G OW L D',s,''
i,'AY',s,'AY'
in,'IH N',s,'IH'
to,'T UW',s,'UW'
thee,'DH IY',s,'IY'
on,'AA N',s,'AA'
knve,'N EY V',s,'EY'
your,'Y AO R',s,'AO'
and,'AH N D',s,''
tell,'T EH L',s,''
me,'M IY',s,'IY'
thou,'DH AW',s,''
hast,'HH AE S T',s,'AE'
as,'AE Z',s,'AE'
i,'AY',s,'AY'
am,'AE M',s,'AE'
a,'AH',s,''
chhristian,'K r IH S T IH ǝ N',s,'IH IH'
me,'M IY',s,'IY'
in,'IH N',s,'IH'
what,'W AH T',s,''
you,'Y UW',s,'UW'
my,'M AY',s,'AY'
or,'AO R',s,'AO'
i,'AY',s,'AY'
shall,'SH AE L',s,'AE'
break,'B R EY K',s,'EY'
that,'DH AE T',s,'AE'
merrry,'M e r ǝ IH',s,'IH'
of,'AH V',s,''
yours,'Y UH R Z',s,'UH'
that,'DH AE T',s,'AE'
stands,'S T AE N D Z',s,'AE'
on,'AA N',s,'AA'
when,'ʍ e N',s,''
i,'AY',s,'AY'
am,'AE M',s,'AE'
is,'IH Z',s,'IH'
the,'DH AH',s,''
marks,'M AA R K S',s,'AA'
thou,'DH AW',s,''
of,'AH V',s,''
me,'M IY',s,'IY'
marks,'M AA R K S',s,'AA'
what,'W AH T',s,''
mistress,'M IH S T R AH S',s,'IH'
hast,'HH AE S T',s,'AE'
thou,'DH AW',s,''
what,'W AH T',s,''
wilt,'W IH L T',s,'IH'
thou,'DH AW',s,''
me,'M IY',s,'IY'
thus,'DH ɤ S',s,''
unto,'AH N T UW',s,'UW'
my,'M AY',s,'AY'
being,'B IY IH NG',s,'IY IH'
forbid,'F ǝ R B IH D',s,'IH'
you,'Y UW',s,'UW'
that,'DH AE T',s,'AE'
knve,'N EY V',s,'EY'
upon,'AH P AA N',s,'AA'
my,'M AY',s,'AY'
by,'B AY',s,'AY'
or,'AO R',s,'AO'
the,'DH AH',s,''
villain,'V IH L AH N',s,'IH'
is,'IH Z',s,'IH'
of,'AH V',s,''
all,'AA L',s,'AA'
my,'M AY',s,'AY'
this,'DH IH S',s,'IH'
is,'IH Z',s,'IH'
full,'F UH L',s,'UH'
of,'AH V',s,''
as,'AE Z',s,'AE'
that,'DH AE T',s,'AE'
the,'DH AH',s,''
sorcerers,'S AO R S ǝ r ǝ R Z',s,'AO'
that,'DH AE T',s,'AE'
the,'DH AH',s,''
that,'DH AE T',s,'AE'
deform,'D IY F AO R M',s,'IY AO'
the,'DH AH',s,''
body,'B AA D IY',s,'AA IY'
and,'AH N D',s,''
of,'AH V',s,''
sin,'S IH N',s,'IH'
if,'IH F',s,'IH'
it,'IH T',s,'IH'
so,'S OW',s,''
i,'AY',s,'AY'
will,'W IH L',s,'IH'
be,'B IY',s,'IY'
the,'DH AH',s,''
sooner,'S UW N ǝ R',s,'UW'
to,'T UW',s,'UW'
the,'DH AH',s,''
centaur,'S EH N T AO R',s,'AO'
to,'T UW',s,'UW'
go,'G OW',s,''
seek,'S IY K',s,'IY'
this,'DH IH S',s,'IH'
i,'AY',s,'AY'
greatly,'G R EY T L IY',s,'EY IY'
fear,'F IY R',s,'IY'
my,'M AY',s,'AY'
is,'IH Z',s,'IH'
not,'N AA T',s,'AA'
the,'DH AH',s,''
gold,'G OW L D',s,''
i,'AY',s,'AY'
to,'T UW',s,'UW'
is,'IH Z',s,'IH'
laid,'L EH D',s,''
up,'AH P',s,''
at,'AE T',s,'AE'
the,'DH AH',s,''
centaur,'S EH N T AO R',s,'AO'
and,'AH N D',s,''
the,'DH AH',s,''
is,'IH Z',s,'IH'
forth,'F AO R TH',s,'AO'
in,'IH N',s,'IH'
to,'T UW',s,'UW'
seek,'S IY K',s,'IY'
me,'M IY',s,'IY'
out,'AW T',s,''
by,'B AY',s,'AY'
and,'AH N D',s,''
report,'r IH P AO R T',s,'IH AO'
i,'AY',s,'AY'
not,'N AA T',s,'AA'
speak,'S P IY K',s,'IY'
with,'W IH DH',s,'IH'
at,'AE T',s,'AE'
i,'AY',s,'AY'
sent,'S EH N T',s,''
him,'HH IH M',s,'IH'
from,'F R AH M',s,''
the,'DH AH',s,''
mart,'M AA R T',s,'AA'
see,'S IY',s,'IY'
he,'HH IY',s,'IY'
is,'IH Z',s,'IH'
your,'Y AO R',s,'AO'
merrry,'M e r ǝ IH',s,'IH'
humor,'HH Y UW M ER',s,'UW'
as,'AE Z',s,'AE'
you,'Y UW',s,'UW'
so,'S OW',s,''
jest,'JH EH S T',s,''
with,'W IH DH',s,'IH'
me,'M IY',s,'IY'
again,'ǝ ɡ EH N',s,''
you,'Y UW',s,'UW'
no,'N OW',s,''
centaur,'S EH N T AO R',s,'AO'
you,'Y UW',s,'UW'
no,'N OW',s,''
gold,'G OW L D',s,''
your,'Y AO R',s,'AO'
mistress,'M IH S T R AH S',s,'IH'
sent,'S EH N T',s,''
to,'T UW',s,'UW'
me,'M IY',s,'IY'
hme,'OW M',s,''
to,'T UW',s,'UW'
my,'M AY',s,'AY'
was,'W AA Z',s,'AA'
at,'AE T',s,'AE'
the,'DH AH',s,''
phoenix,'F IY N IH K S',s,'IY IH'
thou,'DH AW',s,''
mad,'M AE D',s,'AE'
that,'DH AE T',s,'AE'
thus,'DH ɤ S',s,''
so,'S OW',s,''
thou,'DH AW',s,''
me,'M IY',s,'IY'
even,'IY V IH N',s,'IY IH'
even,'IY V IH N',s,'IY IH'
not,'N AA T',s,'AA'
an,'AE N',s,'AE'
villain,'V IH L AH N',s,'IH'
thou,'DH AW',s,''
the,'DH AH',s,''
and,'AH N D',s,''
me,'M IY',s,'IY'
of,'AH V',s,''
a,'AH',s,''
mistress,'M IH S T R AH S',s,'IH'
and,'AH N D',s,''
a,'AH',s,''
for,'F AO R',s,'AO'
i,'AY',s,'AY'
thou,'DH AW',s,''
i,'AY',s,'AY'
was,'W AA Z',s,'AA'
yea,'Y EH',s,''
dost,'D AA S T',s,'AA'
thou,'DH AW',s,''
and,'AH N D',s,''
me,'M IY',s,'IY'
in,'IH N',s,'IH'
the,'DH AH',s,''
teeth,'T IY TH',s,'IY'
thou,'DH AW',s,''
i,'AY',s,'AY'
jest,'JH EH S T',s,''
thou,'DH AW',s,''
that,'DH AE T',s,'AE'
and,'AH N D',s,''
that,'DH AE T',s,'AE'
that,'DH AE T',s,'AE'
i,'AY',s,'AY'
do,'D OW',s,''
you,'Y UW',s,'UW'
for,'F AO R',s,'AO'
my,'M AY',s,'AY'
fool,'F UH L',s,'UH'
and,'AH N D',s,''
chat,'CH AE T',s,'AE'
with,'W IH DH',s,'IH'
you,'Y UW',s,'UW'
your,'Y AO R',s,'AO'
will,'W IH L',s,'IH'
jest,'JH EH S T',s,''
upon,'AH P AA N',s,'AA'
my,'M AY',s,'AY'
and,'AH N D',s,''
a,'AH',s,''
common,'K AA M AH N',s,'AA'
of,'AH V',s,''
my,'M AY',s,'AY'
when,'ʍ e N',s,''
the,'DH AH',s,''
sun,'S AH N',s,''
let,'L EH T',s,''
foolish,'F UW L IH SH',s,'UW IH'
sport,'S P AO R T',s,'AO'
but,'B AH T',s,''
creep,'K R IY P',s,'IY'
in,'IH N',s,'IH'
crannies,'K R AE N IY Z',s,'AE IY'
when,'ʍ e N',s,''
he,'HH IY',s,'IY'
his,'HH IH Z',s,'IH'
beams,'B IY M Z',s,'IY'
if,'IH F',s,'IH'
you,'Y UW',s,'UW'
will,'W IH L',s,'IH'
jest,'JH EH S T',s,''
with,'W IH DH',s,'IH'
me,'M IY',s,'IY'
my,'M AY',s,'AY'
aspect,'ǝ S P e K T',s,''
and,'AH N D',s,''
fashion,'F AE SH AH N',s,'AE'
your,'Y AO R',s,'AO'
to,'T UW',s,'UW'
my,'M AY',s,'AY'
looks,'L UH K S',s,'UH'
or,'AO R',s,'AO'
i,'AY',s,'AY'
will,'W IH L',s,'IH'
beat,'B IY T',s,'IY'
this,'DH IH S',s,'IH'
method,'M EH TH AH D',s,''
in,'IH N',s,'IH'
your,'Y AO R',s,'AO'
dost,'D AA S T',s,'AA'
thou,'DH AW',s,''
not,'N AA T',s,'AA'
shall,'SH AE L',s,'AE'
i,'AY',s,'AY'
tell,'T EH L',s,''
you,'Y UW',s,'UW'
whhy,'ʍ ǝ IH',s,'IH'
whhy,'ʍ ǝ IH',s,'IH'
for,'F AO R',s,'AO'
flouting,'F L ǝ UH T IH N',s,'UH IH'
me,'M IY',s,'IY'
and,'AH N D',s,''
then,'DH EH N',s,''
for,'F AO R',s,'AO'
it,'IH T',s,'IH'
the,'DH AH',s,''
second,'S EH K AH N D',s,''
to,'T UW',s,'UW'
me,'M IY',s,'IY'
thank,'TH AE NG K',s,'AE'
me,'M IY',s,'IY'
for,'F AO R',s,'AO'
what,'W AH T',s,''
you,'Y UW',s,'UW'
amends,'AH M EH N D Z',s,''
to,'T UW',s,'UW'
you,'Y UW',s,'UW'
for,'F AO R',s,'AO'
but,'B AH T',s,''
is,'IH Z',s,'IH'
it,'IH T',s,'IH'
dinnertme,'D IH N ER T AY M',s,'IH AY'
in,'IH N',s,'IH'
good,'G UH D',s,'UH'
that,'DH AE T',s,'AE'
well,'W EH L',s,''
then,'DH EH N',s,''
be,'B IY',s,'IY'
your,'Y AO R',s,'AO'
reason,'r EH Z ǝ N',s,''
well,'W EH L',s,''
to,'T UW',s,'UW'
jest,'JH EH S T',s,''
in,'IH N',s,'IH'
good,'G UH D',s,'UH'
a,'AH',s,''
for,'F AO R',s,'AO'
all,'AA L',s,'AA'
by,'B AY',s,'AY'
what,'W AH T',s,''
it,'IH T',s,'IH'
he,'HH IY',s,'IY'
not,'N AA T',s,'AA'
do,'D OW',s,''
it,'IH T',s,'IH'
by,'B AY',s,'AY'
and,'AH N D',s,''
recovery,'r IH K ɤ V r ǝ IH',s,'IH IH'
whhy,'ʍ ǝ IH',s,'IH'
is,'IH Z',s,'IH'
a,'AH',s,''
of,'AH V',s,''
hair,'HH EH R',s,''
being,'B IY IH NG',s,'IY IH'
as,'AE Z',s,'AE'
it,'IH T',s,'IH'
is,'IH Z',s,'IH'
so,'S OW',s,''
an,'AE N',s,'AE'
whhy,'ʍ ǝ IH',s,'IH'
but,'B AH T',s,''
a,'AH',s,''
man,'M AE N',s,'AE'
hath,'HH AE TH',s,'AE'
hair,'HH EH R',s,''
than,'DH AE N',s,'AE'
wit,'W IH T',s,'IH'
whhy,'ʍ ǝ IH',s,'IH'
thou,'DH AW',s,''
hairy,'HH EH R IY',s,'IY'
men,'M EH N',s,''
plain,'P L EH N',s,''
dealers,'D EH L ǝ R Z',s,''
wit,'W IH T',s,'IH'
for,'F AO R',s,'AO'
what,'W AH T',s,''
reason,'r EH Z ǝ N',s,''
not,'N AA T',s,'AA'
i,'AY',s,'AY'
you,'Y UW',s,'UW'
not,'N AA T',s,'AA'
in,'IH N',s,'IH'
a,'AH',s,''
them,'DH EH M',s,''
you,'Y UW',s,'UW'
all,'AA L',s,'AA'
this,'DH IH S',s,'IH'
is,'IH Z',s,'IH'
no,'N OW',s,''
for,'F AO R',s,'AO'
all,'AA L',s,'AA'
but,'B AH T',s,''
your,'Y AO R',s,'AO'
reason,'r EH Z ǝ N',s,''
was,'W AA Z',s,'AA'
not,'N AA T',s,'AA'
whhy,'ʍ ǝ IH',s,'IH'
is,'IH Z',s,'IH'
no,'N OW',s,''
to,'T UW',s,'UW'
recover,'r IH K ɤ V ǝ R',s,'IH'
i,'AY',s,'AY'
be,'B IY',s,'IY'
a,'AH',s,''
bald,'B AA L D',s,'AA'
conclusion,'K AH N K L UW ZH AH N',s,'UW'
but,'B AH T',s,''
soft,'S AA F T',s,'AA'
who,'HH UW',s,'UW'
wafts,'W AA F T S',s,'AA'
us,'AH S',s,''
plead,'P L IY D',s,'IY'
you,'Y UW',s,'UW'
to,'T UW',s,'UW'
me,'M IY',s,'IY'
fair,'F EH R',s,''
i,'AY',s,'AY'
you,'Y UW',s,'UW'
not,'N AA T',s,'AA'
in,'IH N',s,'IH'
i,'AY',s,'AY'
am,'AE M',s,'AE'
but,'B AH T',s,''
old,'OW L D',s,''
as,'AE Z',s,'AE'
unto,'AH N T UW',s,'UW'
your,'Y AO R',s,'AO'
as,'AE Z',s,'AE'
to,'T UW',s,'UW'
your,'Y AO R',s,'AO'
who,'HH UW',s,'UW'
every,'e V r ǝ IH',s,'IH'
by,'B AY',s,'AY'
all,'AA L',s,'AA'
my,'M AY',s,'AY'
wit,'W IH T',s,'IH'
being,'B IY IH NG',s,'IY IH'
scanned,'S K AE N D',s,'AE'
wants,'W AA N T S',s,'AA'
wit,'W IH T',s,'IH'
in,'IH N',s,'IH'
all,'AA L',s,'AA'
to,'T UW',s,'UW'
by,'B AY',s,'AY'
did,'D IH D',s,'IH'
you,'Y UW',s,'UW'
with,'W IH DH',s,'IH'
this,'DH IH S',s,'IH'
gentlewoman,'JH EH N T AH L W UH M AH N',s,'UH'
what,'W AH T',s,''
is,'IH Z',s,'IH'
the,'DH AH',s,''
and,'AH N D',s,''
drift,'D R IH F T',s,'IH'
of,'AH V',s,''
your,'Y AO R',s,'AO'
compact,'K ǝ M P AW K T',s,''
villain,'V IH L AH N',s,'IH'
thou,'DH AW',s,''
for,'F AO R',s,'AO'
even,'IY V IH N',s,'IY IH'
very,'V EH R IY',s,'IY'
thou,'DH AW',s,''
deliver,'D IH L IH V ǝ R',s,'IH IH'
to,'T UW',s,'UW'
me,'M IY',s,'IY'
on,'AA N',s,'AA'
the,'DH AH',s,''
mart,'M AA R T',s,'AA'
can,'K AE N',s,'AE'
she,'SH IY',s,'IY'
thus,'DH ɤ S',s,''
then,'DH EH N',s,''
call,'K AO L',s,'AO'
us,'AH S',s,''
by,'B AY',s,'AY'
our,'OW R',s,''
unless,'ɤ N L e S',s,''
it,'IH T',s,'IH'
be,'B IY',s,'IY'
by,'B AY',s,'AY'
to,'T UW',s,'UW'
me,'M IY',s,'IY'
she,'SH IY',s,'IY'
speaks,'S P IY K S',s,'IY'
she,'SH IY',s,'IY'
me,'M IY',s,'IY'
for,'F AO R',s,'AO'
what,'W AH T',s,''
was,'W AA Z',s,'AA'
i,'AY',s,'AY'
to,'T UW',s,'UW'
in,'IH N',s,'IH'
my,'M AY',s,'AY'
dream,'D R IY M',s,'IY'
or,'AO R',s,'AO'
sleep,'S L IY P',s,'IY'
i,'AY',s,'AY'
and,'AH N D',s,''
think,'TH IH NG K',s,'IH'
i,'AY',s,'AY'
all,'AA L',s,'AA'
this,'DH IH S',s,'IH'
what,'W AH T',s,''
error,'e r ǝ R',s,''
our,'OW R',s,''
and,'AH N D',s,''
ears,'IY R Z',s,'IY'
amiss,'ǝ M IH S',s,'IH'
until,'AH N T IH L',s,'IH'
i,'AY',s,'AY'
this,'DH IH S',s,'IH'
the,'DH AH',s,''
fallacy,'F AE L AH S IY',s,'AE IY'
i,'AY',s,'AY'
think,'TH IH NG K',s,'IH'
thou,'DH AW',s,''
art,'AA R T',s,'AA'
in,'IH N',s,'IH'
and,'AH N D',s,''
so,'S OW',s,''
am,'AE M',s,'AE'
i,'AY',s,'AY'
thou,'DH AW',s,''
hast,'HH AE S T',s,'AE'
form,'F AO R M',s,'AO'
am,'AE M',s,'AE'
i,'AY',s,'AY'
in,'IH N',s,'IH'
in,'IH N',s,'IH'
heaven,'HH EH V AH N',s,''
or,'AO R',s,'AO'
in,'IH N',s,'IH'
or,'AO R',s,'AO'
mad,'M AE D',s,'AE'
or,'AO R',s,'AO'
unto,'AH N T UW',s,'UW'
and,'AH N D',s,''
to,'T UW',s,'UW'
myself,'M AY S EH L F',s,'AY'
disguised,'D IH S G ǝ IH Z D',s,'IH IH'
as,'AE Z',s,'AE'
and,'AH N D',s,''
persever,'P ǝ R S e V ǝ R',s,''
so,'S OW',s,''
and,'AH N D',s,''
in,'IH N',s,'IH'
this,'DH IH S',s,'IH'
mist,'M IH S T',s,'IH'
at,'AE T',s,'AE'
all,'AA L',s,'AA'
go,'G OW',s,''
sweet,'S W IY T',s,'IY'
your,'Y AO R',s,'AO'
is,'IH Z',s,'IH'
i,'AY',s,'AY'
not,'N AA T',s,'AA'
nor,'N AO R',s,'AO'
by,'B AY',s,'AY'
what,'W AH T',s,''
wonder,'W ɤ N D ǝ R',s,''
you,'Y UW',s,'UW'
do,'D OW',s,''
of,'AH V',s,''
less,'L EH S',s,''
in,'IH N',s,'IH'
your,'Y AO R',s,'AO'
and,'AH N D',s,''
your,'Y AO R',s,'AO'
you,'Y UW',s,'UW'
not,'N AA T',s,'AA'
than,'DH AE N',s,'AE'
our,'OW R',s,''
wonder,'W ɤ N D ǝ R',s,''
than,'DH AE N',s,'AE'
teach,'T IY CH',s,'IY'
me,'M IY',s,'IY'
dear,'D IY R',s,'IY'
creatre,'K R IY CH ER',s,'IY'
to,'T UW',s,'UW'
think,'TH IH NG K',s,'IH'
and,'AH N D',s,''
speak,'S P IY K',s,'IY'
open,'OW P ǝ N',s,''
to,'T UW',s,'UW'
my,'M AY',s,'AY'
gross,'G r OW S',s,''
conceit,'K ǝ N S IY T',s,'IY'
in,'IH N',s,'IH'
errors,'e r ǝ R Z',s,''
weak,'W IY K',s,'IY'
the,'DH AH',s,''
folded,'F OW L D IH D',s,'IH'
of,'AH V',s,''
your,'Y AO R',s,'AO'
deceit,'D AH S IY T',s,'IY'
against,'AH G EH N S T',s,''
my,'M AY',s,'AY'
truth,'T R UW TH',s,'UW'
whhy,'ʍ ǝ IH',s,'IH'
you,'Y UW',s,'UW'
to,'T UW',s,'UW'
it,'IH T',s,'IH'
in,'IH N',s,'IH'
an,'AE N',s,'AE'
field,'F IY L D',s,'IY'
you,'Y UW',s,'UW'
a,'AH',s,''
god,'G AA D',s,'AA'
you,'Y UW',s,'UW'
me,'M IY',s,'IY'
transform,'T r AW N S F AO R M',s,'AO'
me,'M IY',s,'IY'
then,'DH EH N',s,''
and,'AH N D',s,''
to,'T UW',s,'UW'
your,'Y AO R',s,'AO'
yield,'Y IY L D',s,'IY'
but,'B AH T',s,''
if,'IH F',s,'IH'
that,'DH AE T',s,'AE'
i,'AY',s,'AY'
am,'AE M',s,'AE'
i,'AY',s,'AY'
then,'DH EH N',s,''
well,'W EH L',s,''
i,'AY',s,'AY'
your,'Y AO R',s,'AO'
is,'IH Z',s,'IH'
no,'N OW',s,''
of,'AH V',s,''
nor,'N AO R',s,'AO'
to,'T UW',s,'UW'
bed,'B EH D',s,''
no,'N OW',s,''
do,'D OW',s,''
i,'AY',s,'AY'
we,'OW',s,''
far,'F AA R',s,'AA'
far,'F AA R',s,'AA'
to,'T UW',s,'UW'
you,'Y UW',s,'UW'
do,'D OW',s,''
i,'AY',s,'AY'
o,'OW',s,''
train,'T r EH N',s,''
me,'M IY',s,'IY'
not,'N AA T',s,'AA'
sweet,'S W IY T',s,'IY'
with,'W IH DH',s,'IH'
to,'T UW',s,'UW'
drown,'D r ǝ UH N',s,'UH'
me,'M IY',s,'IY'
in,'IH N',s,'IH'
flood,'F L AH D',s,''
of,'AH V',s,''
tears,'T EH R Z',s,''
siren,'S AY R AH N',s,'AY'
for,'F AO R',s,'AO'
and,'AH N D',s,''
i,'AY',s,'AY'
will,'W IH L',s,'IH'
spread,'S P R EH D',s,''
the,'DH AH',s,''
golden,'G OW L D ǝ N',s,''
hairs,'HH EH R Z',s,''
and,'AH N D',s,''
as,'AE Z',s,'AE'
a,'AH',s,''
bed,'B EH D',s,''
them,'DH EH M',s,''
and,'AH N D',s,''
and,'AH N D',s,''
in,'IH N',s,'IH'
that,'DH AE T',s,'AE'
think,'TH IH NG K',s,'IH'
he,'HH IY',s,'IY'
gains,'G EH N Z',s,''
by,'B AY',s,'AY'
death,'D EH TH',s,''
that,'DH AE T',s,'AE'
hath,'HH AE TH',s,'AE'
means,'M IY N Z',s,'IY'
to,'T UW',s,'UW'
let,'L EH T',s,''
being,'B IY IH NG',s,'IY IH'
be,'B IY',s,'IY'
if,'IH F',s,'IH'
she,'SH IY',s,'IY'
sink,'S IH NG K',s,'IH'
not,'N AA T',s,'AA'
mad,'M AE D',s,'AE'
but,'B AH T',s,''
i,'AY',s,'AY'
do,'D OW',s,''
not,'N AA T',s,'AA'
for,'F AO R',s,'AO'
on,'AA N',s,'AA'
your,'Y AO R',s,'AO'
beams,'B IY M Z',s,'IY'
fair,'F EH R',s,''
sun,'S AH N',s,''
being,'B IY IH NG',s,'IY IH'
by,'B AY',s,'AY'
as,'AE Z',s,'AE'
good,'G UH D',s,'UH'
to,'T UW',s,'UW'
wink,'W IH NG K',s,'IH'
sweet,'S W IY T',s,'IY'
as,'AE Z',s,'AE'
look,'L UH K',s,'UH'
on,'AA N',s,'AA'
no,'N OW',s,''
it,'IH T',s,'IH'
is,'IH Z',s,'IH'
better,'B e T ə R',s,''
part,'P AA R T',s,'AA'
clear,'K L IY R',s,'IY'
my,'M AY',s,'AY'
dear,'D IY R',s,'IY'
dearer,'D IY r ǝ R',s,'IY'
heart,'HH AA R T',s,'AA'
my,'M AY',s,'AY'
food,'F UW D',s,'UW'
my,'M AY',s,'AY'
and,'AH N D',s,''
my,'M AY',s,'AY'
sweet,'S W IY T',s,'IY'
aim,'EH M',s,''
my,'M AY',s,'AY'
heaven,'HH EH V AH N',s,''
and,'AH N D',s,''
my,'M AY',s,'AY'
claim,'K L EH M',s,''
call,'K AO L',s,'AO'
sweet,'S W IY T',s,'IY'
for,'F AO R',s,'AO'
i,'AY',s,'AY'
am,'AE M',s,'AE'
thee,'DH IY',s,'IY'
thee,'DH IY',s,'IY'
will,'W IH L',s,'IH'
i,'AY',s,'AY'
and,'AH N D',s,''
with,'W IH DH',s,'IH'
thee,'DH IY',s,'IY'
lead,'L EH D',s,''
my,'M AY',s,'AY'
thou,'DH AW',s,''
hast,'HH AE S T',s,'AE'
no,'N OW',s,''
yet,'Y EH T',s,''
nor,'N AO R',s,'AO'
i,'AY',s,'AY'
no,'N OW',s,''
me,'M IY',s,'IY'
whhy,'ʍ ǝ IH',s,'IH'
thou,'DH AW',s,''
so,'S OW',s,''
fast,'F AW S T',s,''
thou,'DH AW',s,''
art,'AA R T',s,'AA'
thou,'DH AW',s,''
art,'AA R T',s,'AA'
my,'M AY',s,'AY'
man,'M AE N',s,'AE'
thou,'DH AW',s,''
art,'AA R T',s,'AA'
what,'W AH T',s,''
man,'M AE N',s,'AE'
and,'AH N D',s,''
besides,'B IH S ə IH D Z',s,'IH IH'
what,'W AH T',s,''
claim,'K L EH M',s,''
she,'SH IY',s,'IY'
to,'T UW',s,'UW'
thee,'DH IY',s,'IY'
what,'W AH T',s,''
is,'IH Z',s,'IH'
she,'SH IY',s,'IY'
dost,'D AA S T',s,'AA'
thou,'DH AW',s,''
mean,'M IY N',s,'IY'
a,'AH',s,''
fat,'F AE T',s,'AE'
what,'W AH T',s,''
is,'IH Z',s,'IH'
she,'SH IY',s,'IY'
of,'AH V',s,''
a,'AH',s,''
fault,'F AO L T',s,'AO'
that,'DH AE T',s,'AE'
water,'W AA T ǝ R',s,'AA'
will,'W IH L',s,'IH'
mend,'M EH N D',s,''
then,'DH EH N',s,''
she,'SH IY',s,'IY'
bears,'B EH R Z',s,''
breadth,'B R EH D TH',s,''
in,'IH N',s,'IH'
what,'W AH T',s,''
part,'P AA R T',s,'AA'
of,'AH V',s,''
body,'B AA D IY',s,'AA IY'
stands,'S T AE N D Z',s,'AE'
england,'IH NG G L AH N D',s,'IH'
spain,'S P EH N',s,''
america,'AH M EH R AH K AH',s,''
the,'DH AH',s,''
indies,'IH N D IY Z',s,'IH IY'
stood,'S T UH D',s,'UH'
the,'DH AH',s,''
go,'G OW',s,''
hie,'ǝ IH',s,'IH'
thee,'DH IY',s,'IY'
presently,'P R EH Z AH N T L IY',s,'IY'
post,'P OW S T',s,''
to,'T UW',s,'UW'
the,'DH AH',s,''
road,'r OW D',s,''
an,'AE N',s,'AE'
if,'IH F',s,'IH'
the,'DH AH',s,''
from,'F R AH M',s,''
i,'AY',s,'AY'
will,'W IH L',s,'IH'
not,'N AA T',s,'AA'
in,'IH N',s,'IH'
this,'DH IH S',s,'IH'
if,'IH F',s,'IH'
bark,'B AA R K',s,'AA'
put,'P UH T',s,'UH'
forth,'F AO R TH',s,'AO'
to,'T UW',s,'UW'
the,'DH AH',s,''
mart,'M AA R T',s,'AA'
i,'AY',s,'AY'
will,'W IH L',s,'IH'
till,'T IH L',s,'IH'
thou,'DH AW',s,''
return,'r IH T ɐ R N',s,'IH'
to,'T UW',s,'UW'
me,'M IY',s,'IY'
if,'IH F',s,'IH'
us,'AH S',s,''
and,'AH N D',s,''
we,'W IY',s,'IY'
i,'AY',s,'AY'
think,'TH IH NG K',s,'IH'
to,'T UW',s,'UW'
pack,'P AE K',s,'AE'
and,'AH N D',s,''
be,'B IY',s,'IY'
but,'B AH T',s,''
do,'D OW',s,''
and,'AH N D',s,''
therefre,'DH EH R F AO R',s,'AO'
that,'DH AE T',s,'AE'
i,'AY',s,'AY'
wre,'W ER',s,''
she,'SH IY',s,'IY'
that,'DH AE T',s,'AE'
doth,'D AO TH',s,'AO'
call,'K AO L',s,'AO'
me,'M IY',s,'IY'
even,'IY V IH N',s,'IY IH'
my,'M AY',s,'AY'
soul,'S OW L',s,''
doth,'D AO TH',s,'AO'
for,'F AO R',s,'AO'
a,'AH',s,''
but,'B AH T',s,''
fair,'F EH R',s,''
with,'W IH DH',s,'IH'
a,'AH',s,''
of,'AH V',s,''
and,'AH N D',s,''
hath,'HH AE TH',s,'AE'
almost,'AA L M OW S T',s,'AA'
me,'M IY',s,'IY'
to,'T UW',s,'UW'
myself,'M AY S EH L F',s,'AY'
but,'B AH T',s,''
lest,'L EH S T',s,''
myself,'M AY S EH L F',s,'AY'
be,'B IY',s,'IY'
guilty,'G IH L T IY',s,'IH IY'
to,'T UW',s,'UW'
self,'S EH L F',s,''
stop,'S T AA P',s,'AA'
ears,'IY R Z',s,'IY'
against,'AH G EH N S T',s,''
the,'DH AH',s,''
my,'M AY',s,'AY'
what,'W AH T',s,''
is,'IH Z',s,'IH'
your,'Y AO R',s,'AO'
will,'W IH L',s,'IH'
that,'DH AE T',s,'AE'
i,'AY',s,'AY'
shall,'SH AE L',s,'AE'
do,'D OW',s,''
with,'W IH DH',s,'IH'
this,'DH IH S',s,'IH'
it,'IH T',s,'IH'
for,'F AO R',s,'AO'
me,'M IY',s,'IY'
i,'AY',s,'AY'
it,'IH T',s,'IH'
not,'N AA T',s,'AA'
i,'AY',s,'AY'
you,'Y UW',s,'UW'
the,'DH AH',s,''
for,'F AO R',s,'AO'
fear,'F IY R',s,'IY'
you,'Y UW',s,'UW'
see,'S IY',s,'IY'
nor,'N AO R',s,'AO'
what,'W AH T',s,''
i,'AY',s,'AY'
think,'TH IH NG K',s,'IH'
of,'AH V',s,''
this,'DH IH S',s,'IH'
i,'AY',s,'AY'
cannot,'K AE N AA T',s,'AE AA'
tell,'T EH L',s,''
but,'B AH T',s,''
this,'DH IH S',s,'IH'
i,'AY',s,'AY'
think,'TH IH NG K',s,'IH'
no,'N OW',s,''
man,'M AE N',s,'AE'
is,'IH Z',s,'IH'
so,'S OW',s,''
vain,'V EY N',s,'EY'
that,'DH AE T',s,'AE'
so,'S OW',s,''
fair,'F EH R',s,''
an,'AE N',s,'AE'
i,'AY',s,'AY'
see,'S IY',s,'IY'
a,'AH',s,''
man,'M AE N',s,'AE'
needs,'N IY D Z',s,'IY'
not,'N AA T',s,'AA'
by,'B AY',s,'AY'
shifts,'SH IH F T S',s,'IH'
when,'ʍ e N',s,''
in,'IH N',s,'IH'
the,'DH AH',s,''
streets,'S T R IY T S',s,'IY'
he,'HH IY',s,'IY'
meets,'M IY T S',s,'IY'
golden,'G OW L D ǝ N',s,''
gifts,'G IH F T S',s,'IH'
to,'T UW',s,'UW'
the,'DH AH',s,''
mart,'M AA R T',s,'AA'
and,'AH N D',s,''
for,'F AO R',s,'AO'
if,'IH F',s,'IH'
ship,'SH IH P',s,'IH'
put,'P UH T',s,'UH'
out,'AW T',s,''
then,'DH EH N',s,''
not,'N AA T',s,'AA'
a,'AH',s,''
man,'M AE N',s,'AE'
i,'AY',s,'AY'
meet,'M IY T',s,'IY'
but,'B AH T',s,''
doth,'D AO TH',s,'AO'
me,'M IY',s,'IY'
as,'AE Z',s,'AE'
if,'IH F',s,'IH'
i,'AY',s,'AY'
wre,'W ER',s,''
their,'DH EH R',s,''
friend,'F R EH N D',s,''
and,'AH N D',s,''
doth,'D AO TH',s,'AO'
call,'K AO L',s,'AO'
me,'M IY',s,'IY'
by,'B AY',s,'AY'
my,'M AY',s,'AY'
tender,'T e N D ǝ R',s,''
to,'T UW',s,'UW'
me,'M IY',s,'IY'
me,'M IY',s,'IY'
me,'M IY',s,'IY'
thanks,'TH AE NG K S',s,'AE'
for,'F AO R',s,'AO'
offer,'ɒ F ǝ R',s,''
me,'M IY',s,'IY'
to,'T UW',s,'UW'
buy,'B ə IH',s,'IH'
even,'IY V IH N',s,'IY IH'
a,'AH',s,''
me,'M IY',s,'IY'
in,'IH N',s,'IH'
his,'HH IH Z',s,'IH'
shop,'SH AA P',s,'AA'
and,'AH N D',s,''
me,'M IY',s,'IY'
silks,'S IH L K S',s,'IH'
that,'DH AE T',s,'AE'
he,'HH IY',s,'IY'
had,'HH AE D',s,'AE'
for,'F AO R',s,'AO'
me,'M IY',s,'IY'
and,'AH N D',s,''
took,'T UH K',s,'UH'
of,'AH V',s,''
my,'M AY',s,'AY'
body,'B AA D IY',s,'AA IY'
but,'B AH T',s,''
and,'AH N D',s,''
lapland,'L AE P L AE N D',s,'AE AE'
sorcerers,'S AO R S ǝ r ǝ R Z',s,'AO'
what,'W AH T',s,''
gold,'G OW L D',s,''
is,'IH Z',s,'IH'
this,'DH IH S',s,'IH'
what,'W AH T',s,''
adam,'AE D AH M',s,'AE'
dost,'D AA S T',s,'AA'
thou,'DH AW',s,''
mean,'M IY N',s,'IY'
i,'AY',s,'AY'
thee,'DH IY',s,'IY'
not,'N AA T',s,'AA'
what,'W AH T',s,''
thou,'DH AW',s,''
an,'AE N',s,'AE'
well,'W EH L',s,''
rest,'R EH S T',s,''
in,'IH N',s,'IH'
your,'Y AO R',s,'AO'
is,'IH Z',s,'IH'
ships,'SH IH P S',s,'IH'
puts,'P UH T S',s,'UH'
forth,'F AO R TH',s,'AO'
we,'W IY',s,'IY'
be,'B IY',s,'IY'
the,'DH AH',s,''
is,'IH Z',s,'IH'
distract,'D IH S T R AE K T',s,'IH AE'
and,'AH N D',s,''
so,'S OW',s,''
am,'AE M',s,'AE'
i,'AY',s,'AY'
and,'AH N D',s,''
we,'W IY',s,'IY'
in,'IH N',s,'IH'
illusions,'IH L UW ZH AH N Z',s,'IH UW'
deliver,'D IH L IH V ǝ R',s,'IH IH'
us,'AH S',s,''
from,'F R AH M',s,''
satan,'S AW T ǝ N',s,''
i,'AY',s,'AY'
thee,'DH IY',s,'IY'
tempt,'T EH M P T',s,''
me,'M IY',s,'IY'
not,'N AA T',s,'AA'
it,'IH T',s,'IH'
is,'IH Z',s,'IH'
the,'DH AH',s,''
devil,'D IH V ǝ L',s,'IH'
whhy,'ʍ ǝ IH',s,'IH'
then,'DH EH N',s,''
fiend,'F IY N D',s,'IY'
what,'W AH T',s,''
thou,'DH AW',s,''
me,'M IY',s,'IY'
of,'AH V',s,''
thou,'DH AW',s,''
art,'AA R T',s,'AA'
as,'AE Z',s,'AE'
you,'Y UW',s,'UW'
all,'AA L',s,'AA'
a,'AH',s,''
i,'AY',s,'AY'
conjre,'K AA N JH ER',s,'AA'
thee,'DH IY',s,'IY'
to,'T UW',s,'UW'
me,'M IY',s,'IY'
and,'AH N D',s,''
be,'B IY',s,'IY'
avaunt,'ǝ V AO N T',s,'AO'
thou,'DH AW',s,''
let,'L EH T',s,''
us,'AH S',s,''
go,'G OW',s,''
i,'AY',s,'AY'
see,'S IY',s,'IY'
afraid,'ǝ F r EH D',s,''
of,'AH V',s,''
to,'T UW',s,'UW'
the,'DH AH',s,''
centaur,'S EH N T AO R',s,'AO'
our,'OW R',s,''
stuff,'S T ɤ F',s,''
from,'F R AH M',s,''
i,'AY',s,'AY'
that,'DH AE T',s,'AE'
we,'W IY',s,'IY'
wre,'W ER',s,''
and,'AH N D',s,''
aboard,'AH B AO R D',s,'AO'
i,'AY',s,'AY'
will,'W IH L',s,'IH'
not,'N AA T',s,'AA'
for,'F AO R',s,'AO'
all,'AA L',s,'AA'
the,'DH AH',s,''
therefre,'DH EH R F AO R',s,'AO'
to,'T UW',s,'UW'
get,'G EH T',s,''
our,'OW R',s,''
stuff,'S T ɤ F',s,''
aboard,'AH B AO R D',s,'AO'
i,'AY',s,'AY'
think,'TH IH NG K',s,'IH'
i,'AY',s,'AY'
had,'HH AE D',s,'AE'
i,'AY',s,'AY'
never,'N e V ǝ R',s,''
did,'D IH D',s,'IH'
it,'IH T',s,'IH'
who,'HH UW',s,'UW'
me,'M IY',s,'IY'
to,'T UW',s,'UW'
it,'IH T',s,'IH'
or,'AO R',s,'AO'
forswear,'F AO R S W EH R',s,'AO'
it,'IH T',s,'IH'
thou,'DH AW',s,''
art,'AA R T',s,'AA'
a,'AH',s,''
villain,'V IH L AH N',s,'IH'
to,'T UW',s,'UW'
impeach,'IH M P IY CH',s,'IH IY'
me,'M IY',s,'IY'
thus,'DH ɤ S',s,''
and,'AH N D',s,''
against,'AH G EH N S T',s,''
thee,'DH IY',s,'IY'
presently,'P R EH Z AH N T L IY',s,'IY'
if,'IH F',s,'IH'
thou,'DH AW',s,''
stand,'S T AE N D',s,'AE'
art,'AA R T',s,'AA'
thou,'DH AW',s,''
not,'N AA T',s,'AA'
or,'AO R',s,'AO'
his,'HH IH Z',s,'IH'
no,'N OW',s,''
not,'N AA T',s,'AA'
i,'AY',s,'AY'
i,'AY',s,'AY'
from,'F R AH M',s,''
i,'AY',s,'AY'
mistress,'M IH S T R AH S',s,'IH'
and,'AH N D',s,''
so,'S OW',s,''
do,'D OW',s,''
i,'AY',s,'AY'
yet,'Y EH T',s,''
did,'D IH D',s,'IH'
she,'SH IY',s,'IY'
call,'K AO L',s,'AO'
me,'M IY',s,'IY'
so,'S OW',s,''
and,'AH N D',s,''
this,'DH IH S',s,'IH'
fair,'F EH R',s,''
gentlewoman,'JH EH N T AH L W UH M AH N',s,'UH'
did,'D IH D',s,'IH'
call,'K AO L',s,'AO'
me,'M IY',s,'IY'
what,'W AH T',s,''
i,'AY',s,'AY'
told,'T OW L D',s,''
you,'Y UW',s,'UW'
then,'DH EH N',s,''
i,'AY',s,'AY'
i,'AY',s,'AY'
shall,'SH AE L',s,'AE'
to,'T UW',s,'UW'
good,'G UH D',s,'UH'
if,'IH F',s,'IH'
this,'DH IH S',s,'IH'
be,'B IY',s,'IY'
not,'N AA T',s,'AA'
a,'AH',s,''
dream,'D R IY M',s,'IY'
i,'AY',s,'AY'
see,'S IY',s,'IY'
and,'AH N D',s,''
i,'AY',s,'AY'
think,'TH IH NG K',s,'IH'
it,'IH T',s,'IH'
be,'B IY',s,'IY'
i,'AY',s,'AY'
it,'IH T',s,'IH'
not,'N AA T',s,'AA'
this,'DH IH S',s,'IH'
of,'AH V',s,''
i,'AY',s,'AY'
from,'F R AH M',s,''
you,'Y UW',s,'UW'
and,'AH N D',s,''
my,'M AY',s,'AY'
man,'M AE N',s,'AE'
did,'D IH D',s,'IH'
them,'DH EH M',s,''
me,'M IY',s,'IY'
i,'AY',s,'AY'
see,'S IY',s,'IY'
we,'W IY',s,'IY'
still,'S T IH L',s,'IH'
did,'D IH D',s,'IH'
meet,'M IY T',s,'IY'
each,'IY CH',s,'IY'
man,'M AE N',s,'AE'
and,'AH N D',s,''
i,'AY',s,'AY'
was,'W AA Z',s,'AA'
for,'F AO R',s,'AO'
him,'HH IH M',s,'IH'
and,'AH N D',s,''
he,'HH IY',s,'IY'
for,'F AO R',s,'AO'
me,'M IY',s,'IY'
and,'AH N D',s,''
thereupon,'DH EH R AH P AA N',s,'AA'
errors,'e r ǝ R Z',s,''
arse,'ER OW Z',s,''
he,'HH IY',s,'IY'
speaks,'S P IY K S',s,'IY'
to,'T UW',s,'UW'
mei,'M AY',s,'AY'
am,'AE M',s,'AE'
your,'Y AO R',s,'AO'
master,'M AW S T ǝ R',s,''
go,'G OW',s,''
with,'W IH DH',s,'IH'
us,'AH S',s,''
look,'L UH K',s,'UH'
to,'T UW',s,'UW'
that,'DH AE T',s,'AE'
with,'W IH DH',s,'IH'
him,'HH IH M',s,'IH'
