up,'AH P',s,''
to,'T UW',s,'UW'
the,'DH AH',s,''
breach,'B R IY CH',s,'IY'
you,'Y UW',s,'UW'
dogs,'D AA G Z',s,'AA'
avaunt,'ǝ V AO N T',s,'AO'
you,'Y UW',s,'UW'
to,'T UW',s,'UW'
the,'DH AH',s,''
mines,'M ǝ IH N Z',s,'IH'
tell,'T EH L',s,''
you,'Y UW',s,'UW'
the,'DH AH',s,''
it,'IH T',s,'IH'
is,'IH Z',s,'IH'
not,'N AA T',s,'AA'
so,'S OW',s,''
good,'G UH D',s,'UH'
to,'T UW',s,'UW'
to,'T UW',s,'UW'
the,'DH AH',s,''
mines,'M ǝ IH N Z',s,'IH'
for,'F AO R',s,'AO'
look,'L UH K',s,'UH'
you,'Y UW',s,'UW'
the,'DH AH',s,''
mines,'M ǝ IH N Z',s,'IH'
is,'IH Z',s,'IH'
not,'N AA T',s,'AA'
to,'T UW',s,'UW'
the,'DH AH',s,''
of,'AH V',s,''
the,'DH AH',s,''
war,'W AO R',s,'AO'
the,'DH AH',s,''
of,'AH V',s,''
it,'IH T',s,'IH'
is,'IH Z',s,'IH'
not,'N AA T',s,'AA'
for,'F AO R',s,'AO'
look,'L UH K',s,'UH'
you,'Y UW',s,'UW'
you,'Y UW',s,'UW'
unto,'AH N T UW',s,'UW'
the,'DH AH',s,''
look,'L UH K',s,'UH'
you,'Y UW',s,'UW'
is,'IH Z',s,'IH'
himself,'HH IH M S EH L F',s,'IH'
four,'F AO R',s,'AO'
yard,'Y AA R D',s,'AA'
under,'ɤ N D ǝ R',s,''
the,'DH AH',s,''
by,'B AY',s,'AY'
i,'AY',s,'AY'
think,'TH IH NG K',s,'IH'
he,'HH IY',s,'IY'
will,'W IH L',s,'IH'
up,'AH P',s,''
all,'AA L',s,'AA'
if,'IH F',s,'IH'
is,'IH Z',s,'IH'
not,'N AA T',s,'AA'
better,'B e T ə R',s,''
it,'IH T',s,'IH'
is,'IH Z',s,'IH'
captain,'K AE P T AH N',s,'AE'
is,'IH Z',s,'IH'
it,'IH T',s,'IH'
not,'N AA T',s,'AA'
by,'B AY',s,'AY'
he,'HH IY',s,'IY'
is,'IH Z',s,'IH'
an,'AE N',s,'AE'
ass,'AE S',s,'AE'
as,'AE Z',s,'AE'
in,'IH N',s,'IH'
the,'DH AH',s,''
i,'AY',s,'AY'
will,'W IH L',s,'IH'
as,'AE Z',s,'AE'
in,'IH N',s,'IH'
his,'HH IH Z',s,'IH'
beard,'B EH R D',s,''
he,'HH IY',s,'IY'
no,'N OW',s,''
in,'IH N',s,'IH'
the,'DH AH',s,''
true,'T R UW',s,'UW'
of,'AH V',s,''
the,'DH AH',s,''
wars,'W AO R Z',s,'AO'
look,'L UH K',s,'UH'
you,'Y UW',s,'UW'
of,'AH V',s,''
the,'DH AH',s,''
roman,'r OW M ǝ N',s,''
than,'DH AE N',s,'AE'
is,'IH Z',s,'IH'
a,'AH',s,''
pupppy,'P ɤ P ǝ IH',s,'IH'
dog,'D AO G',s,'AO'
captain,'K AE P T AH N',s,'AE'
is,'IH Z',s,'IH'
a,'AH',s,''
marvelous,'M AA R V AH L AH S',s,'AA'
gentleman,'JH EH N T AH L M AH N',s,''
that,'DH AE T',s,'AE'
is,'IH Z',s,'IH'
certain,'S ɐ R T ǝ N',s,''
and,'AH N D',s,''
of,'AH V',s,''
great,'G r e T',s,''
and,'AH N D',s,''
in,'IH N',s,'IH'
wars,'W AO R Z',s,'AO'
upon,'AH P AA N',s,'AA'
my,'M AY',s,'AY'
of,'AH V',s,''
his,'HH IH Z',s,'IH'
by,'B AY',s,'AY'
he,'HH IY',s,'IY'
will,'W IH L',s,'IH'
maintain,'M EY N T EY N',s,'EY EY'
his,'HH IH Z',s,'IH'
as,'AE Z',s,'AE'
well,'W EH L',s,''
as,'AE Z',s,'AE'
military,'M IH L AH T EH R IY',s,'IH IY'
man,'M AE N',s,'AE'
in,'IH N',s,'IH'
the,'DH AH',s,''
in,'IH N',s,'IH'
the,'DH AH',s,''
of,'AH V',s,''
the,'DH AH',s,''
wars,'W AO R Z',s,'AO'
of,'AH V',s,''
the,'DH AH',s,''
romans,'R OW M AH N Z',s,''
godden,'G AA D AH N',s,'AA'
to,'T UW',s,'UW'
your,'Y AO R',s,'AO'
worship,'W AO R SH IH P',s,'AO IH'
good,'G UH D',s,'UH'
captain,'K AE P T AH N',s,'AE'
james,'D ZH EH M S',s,''
captain,'K AE P T AH N',s,'AE'
i,'AY',s,'AY'
beseech,'B IY S IY CH',s,'IY IY'
you,'Y UW',s,'UW'
will,'W IH L',s,'IH'
you,'Y UW',s,'UW'
me,'M IY',s,'IY'
look,'L UH K',s,'UH'
you,'Y UW',s,'UW'
a,'AH',s,''
few,'F Y UW',s,'UW'
with,'W IH DH',s,'IH'
you,'Y UW',s,'UW'
as,'AE Z',s,'AE'
partly,'P AA R T L IY',s,'AA IY'
touching,'T ɤ T SH IH N',s,'IH'
or,'AO R',s,'AO'
the,'DH AH',s,''
of,'AH V',s,''
the,'DH AH',s,''
war,'W AO R',s,'AO'
the,'DH AH',s,''
roman,'r OW M ǝ N',s,''
wars,'W AO R Z',s,'AO'
in,'IH N',s,'IH'
the,'DH AH',s,''
of,'AH V',s,''
look,'L UH K',s,'UH'
you,'Y UW',s,'UW'
and,'AH N D',s,''
friendly,'F r e N L ǝ IH',s,'IH'
partly,'P AA R T L IY',s,'AA IY'
to,'T UW',s,'UW'
my,'M AY',s,'AY'
and,'AH N D',s,''
partly,'P AA R T L IY',s,'AA IY'
for,'F AO R',s,'AO'
the,'DH AH',s,''
satisfaction,'S AE T AH S F AE K SH AH N',s,'AE AE'
look,'L UH K',s,'UH'
you,'Y UW',s,'UW'
of,'AH V',s,''
my,'M AY',s,'AY'
as,'AE Z',s,'AE'
touching,'T ɤ T SH IH N',s,'IH'
the,'DH AH',s,''
of,'AH V',s,''
the,'DH AH',s,''
military,'M IH L AH T EH R IY',s,'IH IY'
that,'DH AE T',s,'AE'
is,'IH Z',s,'IH'
the,'DH AH',s,''
captain,'K AE P T AH N',s,'AE'
i,'AY',s,'AY'
think,'TH IH NG K',s,'IH'
look,'L UH K',s,'UH'
you,'Y UW',s,'UW'
under,'ɤ N D ǝ R',s,''
your,'Y AO R',s,'AO'
is,'IH Z',s,'IH'
not,'N AA T',s,'AA'
of,'AH V',s,''
your,'Y AO R',s,'AO'
nation,'N EY SH AH N',s,'EY'
look,'L UH K',s,'UH'
you,'Y UW',s,'UW'
if,'IH F',s,'IH'
you,'Y UW',s,'UW'
the,'DH AH',s,''
matter,'M AW T ǝ R',s,''
than,'DH AE N',s,'AE'
is,'IH Z',s,'IH'
meant,'M EH N T',s,''
captain,'K AE P T AH N',s,'AE'
i,'AY',s,'AY'
shall,'SH AE L',s,'AE'
think,'TH IH NG K',s,'IH'
you,'Y UW',s,'UW'
do,'D OW',s,''
not,'N AA T',s,'AA'
me,'M IY',s,'IY'
with,'W IH DH',s,'IH'
that,'DH AE T',s,'AE'
as,'AE Z',s,'AE'
in,'IH N',s,'IH'
you,'Y UW',s,'UW'
to,'T UW',s,'UW'
me,'M IY',s,'IY'
look,'L UH K',s,'UH'
you,'Y UW',s,'UW'
being,'B IY IH NG',s,'IY IH'
as,'AE Z',s,'AE'
good,'G UH D',s,'UH'
a,'AH',s,''
man,'M AE N',s,'AE'
as,'AE Z',s,'AE'
both,'B OW TH',s,''
in,'IH N',s,'IH'
the,'DH AH',s,''
of,'AH V',s,''
war,'W AO R',s,'AO'
and,'AH N D',s,''
in,'IH N',s,'IH'
the,'DH AH',s,''
of,'AH V',s,''
my,'M AY',s,'AY'
and,'AH N D',s,''
in,'IH N',s,'IH'
captain,'K AE P T AH N',s,'AE'
when,'ʍ e N',s,''
is,'IH Z',s,'IH'
better,'B e T ə R',s,''
to,'T UW',s,'UW'
be,'B IY',s,'IY'
look,'L UH K',s,'UH'
you,'Y UW',s,'UW'
i,'AY',s,'AY'
will,'W IH L',s,'IH'
be,'B IY',s,'IY'
so,'S OW',s,''
bold,'B OW L D',s,''
as,'AE Z',s,'AE'
to,'T UW',s,'UW'
tell,'T EH L',s,''
you,'Y UW',s,'UW'
i,'AY',s,'AY'
the,'DH AH',s,''
of,'AH V',s,''
war,'W AO R',s,'AO'
and,'AH N D',s,''
is,'IH Z',s,'IH'
an,'AE N',s,'AE'
end,'EH N D',s,''
i,'AY',s,'AY'
you,'Y UW',s,'UW'
is,'IH Z',s,'IH'
very,'V EH R IY',s,'IY'
services,'S ɐ R V IH S IH Z',s,'IH IH'
committed,'K AH M IH T AH D',s,'IH'
at,'AE T',s,'AE'
the,'DH AH',s,''
brige,'B R IH JH',s,'IH'
the,'DH AH',s,''
of,'AH V',s,''
is,'IH Z',s,'IH'
as,'AE Z',s,'AE'
magnanimous,'M AE G N AE N AH M AH S',s,'AE AE'
as,'AE Z',s,'AE'
agamemnon,'AW ɡ ǝ M e M N ǝ N',s,''
and,'AH N D',s,''
a,'AH',s,''
man,'M AE N',s,'AE'
that,'DH AE T',s,'AE'
i,'AY',s,'AY'
and,'AH N D',s,''
with,'W IH DH',s,'IH'
my,'M AY',s,'AY'
soul,'S OW L',s,''
and,'AH N D',s,''
my,'M AY',s,'AY'
heart,'HH AA R T',s,'AA'
and,'AH N D',s,''
my,'M AY',s,'AY'
duty,'D UW T IY',s,'UW IY'
and,'AH N D',s,''
my,'M AY',s,'AY'
and,'AH N D',s,''
my,'M AY',s,'AY'
and,'AH N D',s,''
my,'M AY',s,'AY'
he,'HH IY',s,'IY'
is,'IH Z',s,'IH'
not,'N AA T',s,'AA'
god,'G AA D',s,'AA'
be,'B IY',s,'IY'
praised,'P r EH Z IH D',s,'IH'
and,'AH N D',s,''
blessed,'B L e S IH D',s,'IH'
in,'IH N',s,'IH'
the,'DH AH',s,''
but,'B AH T',s,''
keeps,'K IY P S',s,'IY'
the,'DH AH',s,''
brige,'B R IH JH',s,'IH'
most,'M OW S T',s,''
with,'W IH DH',s,'IH'
is,'IH Z',s,'IH'
an,'AE N',s,'AE'
lieutenant,'L UW T EH N AH N T',s,'UW'
at,'AE T',s,'AE'
the,'DH AH',s,''
i,'AY',s,'AY'
think,'TH IH NG K',s,'IH'
in,'IH N',s,'IH'
my,'M AY',s,'AY'
very,'V EH R IY',s,'IY'
he,'HH IY',s,'IY'
is,'IH Z',s,'IH'
as,'AE Z',s,'AE'
a,'AH',s,''
man,'M AE N',s,'AE'
as,'AE Z',s,'AE'
mark,'M AA R K',s,'AA'
antony,'AE N T AH N IY',s,'AE IY'
and,'AH N D',s,''
he,'HH IY',s,'IY'
is,'IH Z',s,'IH'
a,'AH',s,''
man,'M AE N',s,'AE'
of,'AH V',s,''
no,'N OW',s,''
in,'IH N',s,'IH'
the,'DH AH',s,''
but,'B AH T',s,''
i,'AY',s,'AY'
did,'D IH D',s,'IH'
see,'S IY',s,'IY'
him,'HH IH M',s,'IH'
do,'D OW',s,''
as,'AE Z',s,'AE'
gallant,'G AE L AH N T',s,'AE'
he,'HH IY',s,'IY'
is,'IH Z',s,'IH'
pistol,'P IH S T AH L',s,'IH'
is,'IH Z',s,'IH'
the,'DH AH',s,''
man,'M AE N',s,'AE'
i,'AY',s,'AY'
god,'G AA D',s,'AA'
and,'AH N D',s,''
i,'AY',s,'AY'
merited,'M EH R IH T IH D',s,'IH IH'
at,'AE T',s,'AE'
his,'HH IH Z',s,'IH'
by,'B AY',s,'AY'
your,'Y AO R',s,'AO'
pistol,'P IH S T AH L',s,'IH'
is,'IH Z',s,'IH'
painted,'P EH N T IH D',s,'IH'
with,'W IH DH',s,'IH'
a,'AH',s,''
to,'T UW',s,'UW'
signify,'S IH G N AH F AY',s,'IH AY'
to,'T UW',s,'UW'
you,'Y UW',s,'UW'
that,'DH AE T',s,'AE'
is,'IH Z',s,'IH'
and,'AH N D',s,''
she,'SH IY',s,'IY'
is,'IH Z',s,'IH'
painted,'P EH N T IH D',s,'IH'
also,'AO L S OW',s,'AO'
with,'W IH DH',s,'IH'
a,'AH',s,''
wheel,'ʍ IY L',s,'IY'
to,'T UW',s,'UW'
signify,'S IH G N AH F AY',s,'IH AY'
to,'T UW',s,'UW'
you,'Y UW',s,'UW'
is,'IH Z',s,'IH'
the,'DH AH',s,''
moral,'M AO R AH L',s,'AO'
of,'AH V',s,''
it,'IH T',s,'IH'
that,'DH AE T',s,'AE'
she,'SH IY',s,'IY'
is,'IH Z',s,'IH'
and,'AH N D',s,''
and,'AH N D',s,''
and,'AH N D',s,''
and,'AH N D',s,''
foot,'F UH T',s,'UH'
look,'L UH K',s,'UH'
you,'Y UW',s,'UW'
is,'IH Z',s,'IH'
fixed,'F IH K S T',s,'IH'
upon,'AH P AA N',s,'AA'
a,'AH',s,''
and,'AH N D',s,''
and,'AH N D',s,''
in,'IH N',s,'IH'
good,'G UH D',s,'UH'
truth,'T R UW TH',s,'UW'
the,'DH AH',s,''
a,'AH',s,''
most,'M OW S T',s,''
of,'AH V',s,''
it,'IH T',s,'IH'
is,'IH Z',s,'IH'
an,'AE N',s,'AE'
moral,'M AO R AH L',s,'AO'
pistol,'P IH S T AH L',s,'IH'
i,'AY',s,'AY'
do,'D OW',s,''
partly,'P AA R T L IY',s,'AA IY'
your,'Y AO R',s,'AO'
it,'IH T',s,'IH'
is,'IH Z',s,'IH'
not,'N AA T',s,'AA'
a,'AH',s,''
to,'T UW',s,'UW'
at,'AE T',s,'AE'
for,'F AO R',s,'AO'
if,'IH F',s,'IH'
look,'L UH K',s,'UH'
you,'Y UW',s,'UW'
he,'HH IY',s,'IY'
wre,'W ER',s,''
my,'M AY',s,'AY'
i,'AY',s,'AY'
the,'DH AH',s,''
to,'T UW',s,'UW'
his,'HH IH Z',s,'IH'
good,'G UH D',s,'UH'
pleasre,'P L EH ZH ER',s,''
and,'AH N D',s,''
put,'P UH T',s,'UH'
him,'HH IH M',s,'IH'
to,'T UW',s,'UW'
for,'F AO R',s,'AO'
to,'T UW',s,'UW'
be,'B IY',s,'IY'
used,'Y UW Z D',s,'UW'
it,'IH T',s,'IH'
is,'IH Z',s,'IH'
well,'W EH L',s,''
very,'V EH R IY',s,'IY'
good,'G UH D',s,'UH'
you,'Y UW',s,'UW'
he,'HH IY',s,'IY'
as,'AE Z',s,'AE'
at,'AE T',s,'AE'
the,'DH AH',s,''
as,'AE Z',s,'AE'
you,'Y UW',s,'UW'
shall,'SH AE L',s,'AE'
see,'S IY',s,'IY'
in,'IH N',s,'IH'
a,'AH',s,''
but,'B AH T',s,''
it,'IH T',s,'IH'
is,'IH Z',s,'IH'
very,'V EH R IY',s,'IY'
well,'W EH L',s,''
what,'W AH T',s,''
he,'HH IY',s,'IY'
to,'T UW',s,'UW'
me,'M IY',s,'IY'
that,'DH AE T',s,'AE'
is,'IH Z',s,'IH'
well,'W EH L',s,''
i,'AY',s,'AY'
warrant,'W AA r ǝ N T',s,'AA'
you,'Y UW',s,'UW'
when,'ʍ e N',s,''
is,'IH Z',s,'IH'
seve,'S ER V',s,''
i,'AY',s,'AY'
tell,'T EH L',s,''
you,'Y UW',s,'UW'
what,'W AH T',s,''
captain,'K AE P T AH N',s,'AE'
i,'AY',s,'AY'
do,'D OW',s,''
percve,'P ER S IY V',s,'IY'
he,'HH IY',s,'IY'
is,'IH Z',s,'IH'
not,'N AA T',s,'AA'
the,'DH AH',s,''
man,'M AE N',s,'AE'
that,'DH AE T',s,'AE'
he,'HH IY',s,'IY'
to,'T UW',s,'UW'
the,'DH AH',s,''
he,'HH IY',s,'IY'
is,'IH Z',s,'IH'
if,'IH F',s,'IH'
i,'AY',s,'AY'
a,'AH',s,''
hle,'OW L',s,''
in,'IH N',s,'IH'
his,'HH IH Z',s,'IH'
coat,'K OW T',s,''
i,'AY',s,'AY'
will,'W IH L',s,'IH'
tell,'T EH L',s,''
him,'HH IH M',s,'IH'
my,'M AY',s,'AY'
you,'Y UW',s,'UW'
the,'DH AH',s,''
is,'IH Z',s,'IH'
and,'AH N D',s,''
i,'AY',s,'AY'
must,'M AH S T',s,''
speak,'S P IY K',s,'IY'
with,'W IH DH',s,'IH'
him,'HH IH M',s,'IH'
from,'F R AH M',s,''
the,'DH AH',s,''
pless,'P L EH S',s,''
your,'Y AO R',s,'AO'
majesty,'M AE JH AH S T IY',s,'AE IY'
so,'S OW',s,''
your,'Y AO R',s,'AO'
majesty,'M AE JH AH S T IY',s,'AE IY'
the,'DH AH',s,''
of,'AH V',s,''
very,'V EH R IY',s,'IY'
the,'DH AH',s,''
the,'DH AH',s,''
french,'F R EH N CH',s,''
is,'IH Z',s,'IH'
off,'AO F',s,'AO'
look,'L UH K',s,'UH'
you,'Y UW',s,'UW'
and,'AH N D',s,''
is,'IH Z',s,'IH'
gallant,'G AE L AH N T',s,'AE'
and,'AH N D',s,''
most,'M OW S T',s,''
passages,'P AE S AH JH AH Z',s,'AE'
marrry,'M AW r ǝ IH',s,'IH'
was,'W AA Z',s,'AA'
of,'AH V',s,''
the,'DH AH',s,''
but,'B AH T',s,''
he,'HH IY',s,'IY'
is,'IH Z',s,'IH'
to,'T UW',s,'UW'
and,'AH N D',s,''
the,'DH AH',s,''
of,'AH V',s,''
is,'IH Z',s,'IH'
master,'M AW S T ǝ R',s,''
of,'AH V',s,''
the,'DH AH',s,''
i,'AY',s,'AY'
can,'K AE N',s,'AE'
tell,'T EH L',s,''
your,'Y AO R',s,'AO'
majesty,'M AE JH AH S T IY',s,'AE IY'
the,'DH AH',s,''
is,'IH Z',s,'IH'
a,'AH',s,''
man,'M AE N',s,'AE'
the,'DH AH',s,''
of,'AH V',s,''
hath,'HH AE TH',s,'AE'
been,'B IH N',s,'IH'
very,'V EH R IY',s,'IY'
great,'G r e T',s,''
great,'G r e T',s,''
marrry,'M AW r ǝ IH',s,'IH'
for,'F AO R',s,'AO'
my,'M AY',s,'AY'
part,'P AA R T',s,'AA'
i,'AY',s,'AY'
think,'TH IH NG K',s,'IH'
the,'DH AH',s,''
hath,'HH AE TH',s,'AE'
lost,'L AO S T',s,'AO'
never,'N e V ǝ R',s,''
a,'AH',s,''
man,'M AE N',s,'AE'
but,'B AH T',s,''
that,'DH AE T',s,'AE'
is,'IH Z',s,'IH'
to,'T UW',s,'UW'
be,'B IY',s,'IY'
for,'F AO R',s,'AO'
a,'AH',s,''
if,'IH F',s,'IH'
your,'Y AO R',s,'AO'
majesty,'M AE JH AH S T IY',s,'AE IY'
the,'DH AH',s,''
man,'M AE N',s,'AE'
his,'HH IH Z',s,'IH'
is,'IH Z',s,'IH'
all,'AA L',s,'AA'
and,'AH N D',s,''
and,'AH N D',s,''
and,'AH N D',s,''
and,'AH N D',s,''
his,'HH IH Z',s,'IH'
lips,'L IH P S',s,'IH'
at,'AE T',s,'AE'
his,'HH IH Z',s,'IH'
and,'AH N D',s,''
it,'IH T',s,'IH'
is,'IH Z',s,'IH'
a,'AH',s,''
coal,'K OW L',s,''
of,'AH V',s,''
plue,'P L UW',s,'UW'
and,'AH N D',s,''
red,'R EH D',s,''
but,'B AH T',s,''
his,'HH IH Z',s,'IH'
is,'IH Z',s,'IH'
and,'AH N D',s,''
his,'HH IH Z',s,'IH'
out,'AW T',s,''
so,'S OW',s,''
in,'IH N',s,'IH'
the,'DH AH',s,''
of,'AH V',s,''
chhrist,'K r ǝ IH S T',s,'IH'
speak,'S P IY K',s,'IY'
it,'IH T',s,'IH'
is,'IH Z',s,'IH'
the,'DH AH',s,''
greatest,'G r e T ǝ S T',s,''
in,'IH N',s,'IH'
the,'DH AH',s,''
universal,'Y UW N AH V ER S AH L',s,'UW'
when,'ʍ e N',s,''
the,'DH AH',s,''
true,'T R UW',s,'UW'
and,'AH N D',s,''
and,'AH N D',s,''
of,'AH V',s,''
the,'DH AH',s,''
wars,'W AO R Z',s,'AO'
is,'IH Z',s,'IH'
not,'N AA T',s,'AA'
kept,'K EH P T',s,''
if,'IH F',s,'IH'
you,'Y UW',s,'UW'
the,'DH AH',s,''
pains,'P EH N Z',s,''
but,'B AH T',s,''
to,'T UW',s,'UW'
the,'DH AH',s,''
wars,'W AO R Z',s,'AO'
of,'AH V',s,''
the,'DH AH',s,''
great,'G r e T',s,''
you,'Y UW',s,'UW'
shall,'SH AE L',s,'AE'
i,'AY',s,'AY'
warrant,'W AA r ǝ N T',s,'AA'
you,'Y UW',s,'UW'
that,'DH AE T',s,'AE'
is,'IH Z',s,'IH'
no,'N OW',s,''
nor,'N AO R',s,'AO'
in,'IH N',s,'IH'
camp,'K AE M P',s,'AE'
i,'AY',s,'AY'
warrant,'W AA r ǝ N T',s,'AA'
you,'Y UW',s,'UW'
you,'Y UW',s,'UW'
shall,'SH AE L',s,'AE'
the,'DH AH',s,''
of,'AH V',s,''
the,'DH AH',s,''
wars,'W AO R Z',s,'AO'
and,'AH N D',s,''
the,'DH AH',s,''
of,'AH V',s,''
it,'IH T',s,'IH'
and,'AH N D',s,''
the,'DH AH',s,''
forms,'F AO R M Z',s,'AO'
of,'AH V',s,''
it,'IH T',s,'IH'
and,'AH N D',s,''
the,'DH AH',s,''
of,'AH V',s,''
it,'IH T',s,'IH'
and,'AH N D',s,''
the,'DH AH',s,''
modesty,'M AA D AH S T IY',s,'AA IY'
of,'AH V',s,''
it,'IH T',s,'IH'
to,'T UW',s,'UW'
be,'B IY',s,'IY'
if,'IH F',s,'IH'
the,'DH AH',s,''
enemy,'EH N AH M IY',s,'IY'
is,'IH Z',s,'IH'
an,'AE N',s,'AE'
ass,'AE S',s,'AE'
and,'AH N D',s,''
a,'AH',s,''
fool,'F UH L',s,'UH'
and,'AH N D',s,''
a,'AH',s,''
is,'IH Z',s,'IH'
it,'IH T',s,'IH'
meet,'M IY T',s,'IY'
think,'TH IH NG K',s,'IH'
you,'Y UW',s,'UW'
that,'DH AE T',s,'AE'
we,'W IY',s,'IY'
also,'AO L S OW',s,'AO'
look,'L UH K',s,'UH'
you,'Y UW',s,'UW'
be,'B IY',s,'IY'
an,'AE N',s,'AE'
ass,'AE S',s,'AE'
and,'AH N D',s,''
a,'AH',s,''
fool,'F UH L',s,'UH'
and,'AH N D',s,''
a,'AH',s,''
in,'IH N',s,'IH'
your,'Y AO R',s,'AO'
i,'AY',s,'AY'
you,'Y UW',s,'UW'
and,'AH N D',s,''
beseech,'B IY S IY CH',s,'IY IY'
you,'Y UW',s,'UW'
that,'DH AE T',s,'AE'
you,'Y UW',s,'UW'
will,'W IH L',s,'IH'
kill,'K IH L',s,'IH'
the,'DH AH',s,''
and,'AH N D',s,''
the,'DH AH',s,''
against,'AH G EH N S T',s,''
the,'DH AH',s,''
of,'AH V',s,''
arms,'AA R M Z',s,'AA'
as,'AE Z',s,'AE'
arrant,'AW r ǝ N T',s,''
a,'AH',s,''
of,'AH V',s,''
mark,'M AA R K',s,'AA'
you,'Y UW',s,'UW'
as,'AE Z',s,'AE'
can,'K AE N',s,'AE'
be,'B IY',s,'IY'
in,'IH N',s,'IH'
your,'Y AO R',s,'AO'
is,'IH Z',s,'IH'
it,'IH T',s,'IH'
not,'N AA T',s,'AA'
he,'HH IY',s,'IY'
was,'W AA Z',s,'AA'
porn,'P AO R N',s,'AO'
at,'AE T',s,'AE'
monmouth,'M ɒ N M ǝ TH',s,''
captain,'K AE P T AH N',s,'AE'
what,'W AH T',s,''
call,'K AO L',s,'AO'
you,'Y UW',s,'UW'
the,'DH AH',s,''
alexander,'AE L AH G Z AE N D ER',s,'AE AE'
the,'DH AH',s,''
pig,'P IH G',s,'IH'
was,'W AA Z',s,'AA'
born,'B AO R N',s,'AO'
whhy,'ʍ ǝ IH',s,'IH'
i,'AY',s,'AY'
you,'Y UW',s,'UW'
is,'IH Z',s,'IH'
not,'N AA T',s,'AA'
pig,'P IH G',s,'IH'
great,'G r e T',s,''
the,'DH AH',s,''
pig,'P IH G',s,'IH'
or,'AO R',s,'AO'
the,'DH AH',s,''
great,'G r e T',s,''
or,'AO R',s,'AO'
the,'DH AH',s,''
mighty,'M ǝ IH T ǝ IH',s,'IH IH'
or,'AO R',s,'AO'
the,'DH AH',s,''
or,'AO R',s,'AO'
the,'DH AH',s,''
magnanimous,'M AE G N AE N AH M AH S',s,'AE AE'
all,'AA L',s,'AA'
sve,'EH V',s,''
the,'DH AH',s,''
phrse,'F r EH Z',s,''
is,'IH Z',s,'IH'
a,'AH',s,''
i,'AY',s,'AY'
think,'TH IH NG K',s,'IH'
it,'IH T',s,'IH'
is,'IH Z',s,'IH'
in,'IH N',s,'IH'
alexander,'AE L AH G Z AE N D ER',s,'AE AE'
is,'IH Z',s,'IH'
porn,'P AO R N',s,'AO'
i,'AY',s,'AY'
tell,'T EH L',s,''
you,'Y UW',s,'UW'
captain,'K AE P T AH N',s,'AE'
if,'IH F',s,'IH'
you,'Y UW',s,'UW'
look,'L UH K',s,'UH'
in,'IH N',s,'IH'
the,'DH AH',s,''
maps,'M AE P S',s,'AE'
of,'AH V',s,''
the,'DH AH',s,''
i,'AY',s,'AY'
warrant,'W AA r ǝ N T',s,'AA'
you,'Y UW',s,'UW'
sall,'S AO L',s,'AO'
in,'IH N',s,'IH'
the,'DH AH',s,''
comparisons,'K AH M P EH R AH S AH N Z',s,''
between,'B IH T W IY N',s,'IH IY'
and,'AH N D',s,''
monmouth,'M ɒ N M ǝ TH',s,''
that,'DH AE T',s,'AE'
the,'DH AH',s,''
look,'L UH K',s,'UH'
you,'Y UW',s,'UW'
is,'IH Z',s,'IH'
both,'B OW TH',s,''
is,'IH Z',s,'IH'
a,'AH',s,''
river,'r IH V ǝ R',s,'IH'
in,'IH N',s,'IH'
and,'AH N D',s,''
is,'IH Z',s,'IH'
also,'AO L S OW',s,'AO'
a,'AH',s,''
river,'r IH V ǝ R',s,'IH'
at,'AE T',s,'AE'
monmouth,'M ɒ N M ǝ TH',s,''
it,'IH T',s,'IH'
is,'IH Z',s,'IH'
at,'AE T',s,'AE'
monmouth,'M ɒ N M ǝ TH',s,''
but,'B AH T',s,''
it,'IH T',s,'IH'
is,'IH Z',s,'IH'
out,'AW T',s,''
of,'AH V',s,''
my,'M AY',s,'AY'
what,'W AH T',s,''
is,'IH Z',s,'IH'
the,'DH AH',s,''
of,'AH V',s,''
the,'DH AH',s,''
river,'r IH V ǝ R',s,'IH'
but,'B AH T',s,''
all,'AA L',s,'AA'
as,'AE Z',s,'AE'
my,'M AY',s,'AY'
is,'IH Z',s,'IH'
to,'T UW',s,'UW'
my,'M AY',s,'AY'
and,'AH N D',s,''
is,'IH Z',s,'IH'
in,'IH N',s,'IH'
both,'B OW TH',s,''
if,'IH F',s,'IH'
you,'Y UW',s,'UW'
mark,'M AA R K',s,'AA'
well,'W EH L',s,''
of,'AH V',s,''
is,'IH Z',s,'IH'
after,'AW F T ǝ R',s,''
it,'IH T',s,'IH'
well,'W EH L',s,''
for,'F AO R',s,'AO'
is,'IH Z',s,'IH'
in,'IH N',s,'IH'
all,'AA L',s,'AA'
alexander,'AE L AH G Z AE N D ER',s,'AE AE'
god,'G AA D',s,'AA'
and,'AH N D',s,''
you,'Y UW',s,'UW'
in,'IH N',s,'IH'
his,'HH IH Z',s,'IH'
and,'AH N D',s,''
his,'HH IH Z',s,'IH'
and,'AH N D',s,''
his,'HH IH Z',s,'IH'
and,'AH N D',s,''
his,'HH IH Z',s,'IH'
and,'AH N D',s,''
his,'HH IH Z',s,'IH'
moods,'M UW D Z',s,'UW'
and,'AH N D',s,''
his,'HH IH Z',s,'IH'
and,'AH N D',s,''
his,'HH IH Z',s,'IH'
and,'AH N D',s,''
also,'AO L S OW',s,'AO'
being,'B IY IH NG',s,'IY IH'
a,'AH',s,''
intoxicates,'IH N T ɒ K S IH K ǝ T S',s,'IH IH'
in,'IH N',s,'IH'
his,'HH IH Z',s,'IH'
did,'D IH D',s,'IH'
in,'IH N',s,'IH'
his,'HH IH Z',s,'IH'
and,'AH N D',s,''
his,'HH IH Z',s,'IH'
angers,'AW NG ɡ ǝ R Z',s,''
look,'L UH K',s,'UH'
you,'Y UW',s,'UW'
kill,'K IH L',s,'IH'
his,'HH IH Z',s,'IH'
best,'B EH S T',s,''
friend,'F R EH N D',s,''
it,'IH T',s,'IH'
is,'IH Z',s,'IH'
not,'N AA T',s,'AA'
well,'W EH L',s,''
mark,'M AA R K',s,'AA'
you,'Y UW',s,'UW'
to,'T UW',s,'UW'
the,'DH AH',s,''
out,'AW T',s,''
of,'AH V',s,''
my,'M AY',s,'AY'
it,'IH T',s,'IH'
is,'IH Z',s,'IH'
and,'AH N D',s,''
i,'AY',s,'AY'
speak,'S P IY K',s,'IY'
but,'B AH T',s,''
in,'IH N',s,'IH'
the,'DH AH',s,''
and,'AH N D',s,''
comparisons,'K AH M P EH R AH S AH N Z',s,''
of,'AH V',s,''
it,'IH T',s,'IH'
as,'AE Z',s,'AE'
alexander,'AE L AH G Z AE N D ER',s,'AE AE'
his,'HH IH Z',s,'IH'
friend,'F R EH N D',s,''
being,'B IY IH NG',s,'IY IH'
in,'IH N',s,'IH'
his,'HH IH Z',s,'IH'
and,'AH N D',s,''
his,'HH IH Z',s,'IH'
cups,'K ɤ P S',s,''
so,'S OW',s,''
also,'AO L S OW',s,'AO'
monmouth,'M ɒ N M ǝ TH',s,''
being,'B IY IH NG',s,'IY IH'
in,'IH N',s,'IH'
his,'HH IH Z',s,'IH'
wits,'W IH T S',s,'IH'
and,'AH N D',s,''
his,'HH IH Z',s,'IH'
good,'G UH D',s,'UH'
turned,'T ɐ R N IH D',s,'IH'
the,'DH AH',s,''
fat,'F AE T',s,'AE'
with,'W IH DH',s,'IH'
the,'DH AH',s,''
doublet,'D ɤ B L IH T',s,'IH'
he,'HH IY',s,'IY'
was,'W AA Z',s,'AA'
full,'F UH L',s,'UH'
of,'AH V',s,''
jests,'JH EH S T S',s,''
and,'AH N D',s,''
and,'AH N D',s,''
and,'AH N D',s,''
forgot,'F ǝ R G ɒ T',s,''
his,'HH IH Z',s,'IH'
that,'DH AE T',s,'AE'
is,'IH Z',s,'IH'
he,'HH IY',s,'IY'
tell,'T EH L',s,''
you,'Y UW',s,'UW'
is,'IH Z',s,'IH'
good,'G UH D',s,'UH'
men,'M EH N',s,''
porn,'P AO R N',s,'AO'
at,'AE T',s,'AE'
monmouth,'M ɒ N M ǝ TH',s,''
your,'Y AO R',s,'AO'
of,'AH V',s,''
famous,'F EY M AH S',s,'EY'
an,'AE N',s,'AE'
your,'Y AO R',s,'AO'
majesty,'M AE JH AH S T IY',s,'AE IY'
and,'AH N D',s,''
your,'Y AO R',s,'AO'
edward,'e D W ǝ R D',s,''
the,'DH AH',s,''
plack,'P L AE K',s,'AE'
of,'AH V',s,''
as,'AE Z',s,'AE'
i,'AY',s,'AY'
read,'r e D',s,''
in,'IH N',s,'IH'
the,'DH AH',s,''
a,'AH',s,''
most,'M OW S T',s,''
in,'IH N',s,'IH'
your,'Y AO R',s,'AO'
majesty,'M AE JH AH S T IY',s,'AE IY'
very,'V EH R IY',s,'IY'
true,'T R UW',s,'UW'
if,'IH F',s,'IH'
your,'Y AO R',s,'AO'
is,'IH Z',s,'IH'
of,'AH V',s,''
it,'IH T',s,'IH'
the,'DH AH',s,''
did,'D IH D',s,'IH'
good,'G UH D',s,'UH'
in,'IH N',s,'IH'
a,'AH',s,''
garden,'G AA R D ǝ N',s,'AA'
leeks,'L IY K S',s,'IY'
did,'D IH D',s,'IH'
leeks,'L IY K S',s,'IY'
in,'IH N',s,'IH'
their,'DH EH R',s,''
monmouth,'M ɒ N M ǝ TH',s,''
caps,'K AE P S',s,'AE'
your,'Y AO R',s,'AO'
majesty,'M AE JH AH S T IY',s,'AE IY'
to,'T UW',s,'UW'
this,'DH IH S',s,'IH'
is,'IH Z',s,'IH'
an,'AE N',s,'AE'
honorale,'AA N ER AH B AH L',s,'AA'
bage,'B AE JH',s,'AE'
of,'AH V',s,''
the,'DH AH',s,''
and,'AH N D',s,''
i,'AY',s,'AY'
do,'D OW',s,''
your,'Y AO R',s,'AO'
majesty,'M AE JH AH S T IY',s,'AE IY'
no,'N OW',s,''
to,'T UW',s,'UW'
wear,'W EH R',s,''
the,'DH AH',s,''
leek,'L IY K',s,'IY'
upon,'AH P AA N',s,'AA'
saint,'S EY N T',s,'EY'
all,'AA L',s,'AA'
the,'DH AH',s,''
water,'W AA T ǝ R',s,'AA'
in,'IH N',s,'IH'
cannot,'K AE N AA T',s,'AE AA'
wash,'W AA SH',s,'AA'
your,'Y AO R',s,'AO'
welsh,'W EH L CH',s,''
out,'AW T',s,''
of,'AH V',s,''
your,'Y AO R',s,'AO'
i,'AY',s,'AY'
can,'K AE N',s,'AE'
tell,'T EH L',s,''
you,'Y UW',s,'UW'
that,'DH AE T',s,'AE'
god,'G AA D',s,'AA'
pless,'P L EH S',s,''
it,'IH T',s,'IH'
and,'AH N D',s,''
preseve,'P R AH Z ER V',s,''
it,'IH T',s,'IH'
as,'AE Z',s,'AE'
as,'AE Z',s,'AE'
it,'IH T',s,'IH'
pleases,'P L IY Z IH Z',s,'IY IH'
his,'HH IH Z',s,'IH'
and,'AH N D',s,''
his,'HH IH Z',s,'IH'
majesty,'M AE JH AH S T IY',s,'AE IY'
too,'T UW',s,'UW'
by,'B AY',s,'AY'
i,'AY',s,'AY'
am,'AE M',s,'AE'
your,'Y AO R',s,'AO'
countryman,'K AH N T R IY M AH N',s,'IY'
i,'AY',s,'AY'
not,'N AA T',s,'AA'
who,'HH UW',s,'UW'
it,'IH T',s,'IH'
i,'AY',s,'AY'
will,'W IH L',s,'IH'
confess,'K AH N F EH S',s,''
it,'IH T',s,'IH'
to,'T UW',s,'UW'
all,'AA L',s,'AA'
the,'DH AH',s,''
i,'AY',s,'AY'
need,'N IY D',s,'IY'
not,'N AA T',s,'AA'
to,'T UW',s,'UW'
be,'B IY',s,'IY'
of,'AH V',s,''
your,'Y AO R',s,'AO'
majesty,'M AE JH AH S T IY',s,'AE IY'
praised,'P r EH Z IH D',s,'IH'
be,'B IY',s,'IY'
god,'G AA D',s,'AA'
so,'S OW',s,''
as,'AE Z',s,'AE'
your,'Y AO R',s,'AO'
majesty,'M AE JH AH S T IY',s,'AE IY'
is,'IH Z',s,'IH'
an,'AE N',s,'AE'
man,'M AE N',s,'AE'
he,'HH IY',s,'IY'
is,'IH Z',s,'IH'
a,'AH',s,''
craven,'K r EH V ǝ N',s,''
and,'AH N D',s,''
a,'AH',s,''
villain,'V IH L AH N',s,'IH'
an,'AE N',s,'AE'
your,'Y AO R',s,'AO'
majesty,'M AE JH AH S T IY',s,'AE IY'
in,'IH N',s,'IH'
my,'M AY',s,'AY'
he,'HH IY',s,'IY'
be,'B IY',s,'IY'
as,'AE Z',s,'AE'
good,'G UH D',s,'UH'
a,'AH',s,''
gentleman,'JH EH N T AH L M AH N',s,''
as,'AE Z',s,'AE'
the,'DH AH',s,''
devil,'D IH V ǝ L',s,'IH'
is,'IH Z',s,'IH'
as,'AE Z',s,'AE'
and,'AH N D',s,''
himself,'HH IH M S EH L F',s,'IH'
it,'IH T',s,'IH'
is,'IH Z',s,'IH'
necessary,'N EH S AH S EH R IY',s,'IY'
look,'L UH K',s,'UH'
your,'Y AO R',s,'AO'
that,'DH AE T',s,'AE'
he,'HH IY',s,'IY'
keep,'K IY P',s,'IY'
his,'HH IH Z',s,'IH'
vow,'V ǝ UH',s,'UH'
and,'AH N D',s,''
his,'HH IH Z',s,'IH'
oath,'OW TH',s,''
if,'IH F',s,'IH'
he,'HH IY',s,'IY'
be,'B IY',s,'IY'
perjured,'P ɐ R D ZH ǝ R D',s,''
see,'S IY',s,'IY'
you,'Y UW',s,'UW'
his,'HH IH Z',s,'IH'
is,'IH Z',s,'IH'
as,'AE Z',s,'AE'
arrant,'AW r ǝ N T',s,''
a,'AH',s,''
villain,'V IH L AH N',s,'IH'
and,'AH N D',s,''
a,'AH',s,''
jack,'JH AE K',s,'AE'
as,'AE Z',s,'AE'
his,'HH IH Z',s,'IH'
black,'B L AE K',s,'AE'
shoe,'SH UW',s,'UW'
trod,'T R AA D',s,'AA'
upon,'AH P AA N',s,'AA'
and,'AH N D',s,''
his,'HH IH Z',s,'IH'
in,'IH N',s,'IH'
my,'M AY',s,'AY'
la,'L AA',s,'AA'
is,'IH Z',s,'IH'
a,'AH',s,''
good,'G UH D',s,'UH'
captain,'K AE P T AH N',s,'AE'
and,'AH N D',s,''
is,'IH Z',s,'IH'
good,'G UH D',s,'UH'
and,'AH N D',s,''
in,'IH N',s,'IH'
the,'DH AH',s,''
wars,'W AO R Z',s,'AO'
your,'Y AO R',s,'AO'
does,'D AH Z',s,''
me,'M IY',s,'IY'
as,'AE Z',s,'AE'
great,'G r e T',s,''
as,'AE Z',s,'AE'
can,'K AE N',s,'AE'
be,'B IY',s,'IY'
desired,'D IH Z ǝ IH R D',s,'IH IH'
in,'IH N',s,'IH'
the,'DH AH',s,''
hearts,'HH AA R T S',s,'AA'
of,'AH V',s,''
his,'HH IH Z',s,'IH'
subjects,'S AH B JH IH K T S',s,'IH'
i,'AY',s,'AY'
fain,'F EH N',s,''
see,'S IY',s,'IY'
the,'DH AH',s,''
man,'M AE N',s,'AE'
that,'DH AE T',s,'AE'
but,'B AH T',s,''
legs,'L EH G Z',s,''
that,'DH AE T',s,'AE'
shall,'SH AE L',s,'AE'
himself,'HH IH M S EH L F',s,'IH'
at,'AE T',s,'AE'
this,'DH IH S',s,'IH'
that,'DH AE T',s,'AE'
is,'IH Z',s,'IH'
all,'AA L',s,'AA'
but,'B AH T',s,''
i,'AY',s,'AY'
fain,'F EH N',s,''
see,'S IY',s,'IY'
it,'IH T',s,'IH'
an,'AE N',s,'AE'
god,'G AA D',s,'AA'
of,'AH V',s,''
his,'HH IH Z',s,'IH'
that,'DH AE T',s,'AE'
i,'AY',s,'AY'
see,'S IY',s,'IY'
he,'HH IY',s,'IY'
is,'IH Z',s,'IH'
my,'M AY',s,'AY'
dear,'D IY R',s,'IY'
friend,'F R EH N D',s,''
an,'AE N',s,'AE'
you,'Y UW',s,'UW'
i,'AY',s,'AY'
will,'W IH L',s,'IH'
him,'HH IH M',s,'IH'
will,'W IH L',s,'IH'
and,'AH N D',s,''
his,'HH IH Z',s,'IH'
pleasre,'P L EH ZH ER',s,''
captain,'K AE P T AH N',s,'AE'
i,'AY',s,'AY'
beseech,'B IY S IY CH',s,'IY IY'
you,'Y UW',s,'UW'
to,'T UW',s,'UW'
the,'DH AH',s,''
is,'IH Z',s,'IH'
good,'G UH D',s,'UH'
you,'Y UW',s,'UW'
than,'DH AE N',s,'AE'
is,'IH Z',s,'IH'
in,'IH N',s,'IH'
your,'Y AO R',s,'AO'
to,'T UW',s,'UW'
dream,'D R IY M',s,'IY'
of,'AH V',s,''
the,'DH AH',s,''
i,'AY',s,'AY'
the,'DH AH',s,''
is,'IH Z',s,'IH'
a,'AH',s,''
an,'AE N',s,'AE'
arrant,'AW r ǝ N T',s,''
as,'AE Z',s,'AE'
's,'EH S',s,''
in,'IH N',s,'IH'
the,'DH AH',s,''
universal,'Y UW N AH V ER S AH L',s,'UW'
or,'AO R',s,'AO'
in,'IH N',s,'IH'
or,'AO R',s,'AO'
in,'IH N',s,'IH'
england,'IH NG G L AH N D',s,'IH'
stand,'S T AE N D',s,'AE'
captain,'K AE P T AH N',s,'AE'
i,'AY',s,'AY'
will,'W IH L',s,'IH'
treason,'T R IY Z AH N',s,'IY'
his,'HH IH Z',s,'IH'
into,'IH N T UW',s,'IH UW'
i,'AY',s,'AY'
warrant,'W AA r ǝ N T',s,'AA'
you,'Y UW',s,'UW'
a,'AH',s,''
in,'IH N',s,'IH'
you,'Y UW',s,'UW'
in,'IH N',s,'IH'
his,'HH IH Z',s,'IH'
him,'HH IH M',s,'IH'
a,'AH',s,''
friend,'F R EH N D',s,''
of,'AH V',s,''
the,'DH AH',s,''
my,'M AY',s,'AY'
lord,'L AO R D',s,'AO'
of,'AH V',s,''
is,'IH Z',s,'IH'
praised,'P r EH Z IH D',s,'IH'
be,'B IY',s,'IY'
god,'G AA D',s,'AA'
for,'F AO R',s,'AO'
it,'IH T',s,'IH'
a,'AH',s,''
most,'M OW S T',s,''
treason,'T R IY Z AH N',s,'IY'
to,'T UW',s,'UW'
look,'L UH K',s,'UH'
you,'Y UW',s,'UW'
as,'AE Z',s,'AE'
you,'Y UW',s,'UW'
shall,'SH AE L',s,'AE'
in,'IH N',s,'IH'
a,'AH',s,''
is,'IH Z',s,'IH'
his,'HH IH Z',s,'IH'
majesty,'M AE JH AH S T IY',s,'AE IY'
my,'M AY',s,'AY'
is,'IH Z',s,'IH'
a,'AH',s,''
villain,'V IH L AH N',s,'IH'
and,'AH N D',s,''
a,'AH',s,''
that,'DH AE T',s,'AE'
look,'L UH K',s,'UH'
your,'Y AO R',s,'AO'
the,'DH AH',s,''
your,'Y AO R',s,'AO'
majesty,'M AE JH AH S T IY',s,'AE IY'
is,'IH Z',s,'IH'
out,'AW T',s,''
of,'AH V',s,''
the,'DH AH',s,''
of,'AH V',s,''
your,'Y AO R',s,'AO'
majesty,'M AE JH AH S T IY',s,'AE IY'
your,'Y AO R',s,'AO'
manhood,'M AE N HH UH D',s,'AE UH'
what,'W AH T',s,''
an,'AE N',s,'AE'
arrant,'AW r ǝ N T',s,''
rascallly,'r AW S K L ǝ IH',s,'IH'
lousy,'L AW Z IY',s,'IY'
knve,'N EY V',s,'EY'
it,'IH T',s,'IH'
is,'IH Z',s,'IH'
i,'AY',s,'AY'
your,'Y AO R',s,'AO'
majesty,'M AE JH AH S T IY',s,'AE IY'
is,'IH Z',s,'IH'
pear,'P EH R',s,''
me,'M IY',s,'IY'
and,'AH N D',s,''
witness,'W IH T N AH S',s,'IH'
and,'AH N D',s,''
will,'W IH L',s,'IH'
that,'DH AE T',s,'AE'
this,'DH IH S',s,'IH'
is,'IH Z',s,'IH'
the,'DH AH',s,''
of,'AH V',s,''
that,'DH AE T',s,'AE'
your,'Y AO R',s,'AO'
majesty,'M AE JH AH S T IY',s,'AE IY'
is,'IH Z',s,'IH'
me,'M IY',s,'IY'
in,'IH N',s,'IH'
your,'Y AO R',s,'AO'
an,'AE N',s,'AE'
your,'Y AO R',s,'AO'
majesty,'M AE JH AH S T IY',s,'AE IY'
let,'L EH T',s,''
his,'HH IH Z',s,'IH'
neck,'N EH K',s,''
for,'F AO R',s,'AO'
it,'IH T',s,'IH'
if,'IH F',s,'IH'
is,'IH Z',s,'IH'
martial,'M AA R SH AH L',s,'AA'
in,'IH N',s,'IH'
the,'DH AH',s,''
by,'B AY',s,'AY'
this,'DH IH S',s,'IH'
and,'AH N D',s,''
this,'DH IH S',s,'IH'
the,'DH AH',s,''
in,'IH N',s,'IH'
his,'HH IH Z',s,'IH'
is,'IH Z',s,'IH'
for,'F AO R',s,'AO'
you,'Y UW',s,'UW'
and,'AH N D',s,''
i,'AY',s,'AY'
you,'Y UW',s,'UW'
to,'T UW',s,'UW'
seve,'S ER V',s,''
god,'G AA D',s,'AA'
and,'AH N D',s,''
keep,'K IY P',s,'IY'
you,'Y UW',s,'UW'
out,'AW T',s,''
of,'AH V',s,''
and,'AH N D',s,''
and,'AH N D',s,''
and,'AH N D',s,''
and,'AH N D',s,''
i,'AY',s,'AY'
warrant,'W AA r ǝ N T',s,'AA'
you,'Y UW',s,'UW'
it,'IH T',s,'IH'
is,'IH Z',s,'IH'
the,'DH AH',s,''
better,'B e T ə R',s,''
for,'F AO R',s,'AO'
you,'Y UW',s,'UW'
it,'IH T',s,'IH'
is,'IH Z',s,'IH'
with,'W IH DH',s,'IH'
a,'AH',s,''
good,'G UH D',s,'UH'
will,'W IH L',s,'IH'
i,'AY',s,'AY'
can,'K AE N',s,'AE'
tell,'T EH L',s,''
you,'Y UW',s,'UW'
it,'IH T',s,'IH'
will,'W IH L',s,'IH'
seve,'S ER V',s,''
you,'Y UW',s,'UW'
to,'T UW',s,'UW'
mend,'M EH N D',s,''
your,'Y AO R',s,'AO'
shoes,'SH UW Z',s,'UW'
you,'Y UW',s,'UW'
be,'B IY',s,'IY'
so,'S OW',s,''
your,'Y AO R',s,'AO'
shoes,'SH UW Z',s,'UW'
is,'IH Z',s,'IH'
not,'N AA T',s,'AA'
so,'S OW',s,''
good,'G UH D',s,'UH'
a,'AH',s,''
good,'G UH D',s,'UH'
i,'AY',s,'AY'
warrant,'W AA r ǝ N T',s,'AA'
you,'Y UW',s,'UW'
or,'AO R',s,'AO'
i,'AY',s,'AY'
will,'W IH L',s,'IH'
it,'IH T',s,'IH'
is,'IH Z',s,'IH'
it,'IH T',s,'IH'
not,'N AA T',s,'AA'
an,'AE N',s,'AE'
your,'Y AO R',s,'AO'
majesty,'M AE JH AH S T IY',s,'AE IY'
to,'T UW',s,'UW'
tell,'T EH L',s,''
is,'IH Z',s,'IH'
yes,'Y IH S',s,'IH'
my,'M AY',s,'AY'
he,'HH IY',s,'IY'
did,'D IH D',s,'IH'
us,'AH S',s,''
great,'G r e T',s,''
good,'G UH D',s,'UH'
is,'IH Z',s,'IH'
and,'AH N D',s,''
causes,'K AA Z AH Z',s,'AA'
whhy,'ʍ ǝ IH',s,'IH'
and,'AH N D',s,''
in,'IH N',s,'IH'
all,'AA L',s,'AA'
i,'AY',s,'AY'
will,'W IH L',s,'IH'
tell,'T EH L',s,''
you,'Y UW',s,'UW'
ass,'AE S',s,'AE'
my,'M AY',s,'AY'
friend,'F R EH N D',s,''
captain,'K AE P T AH N',s,'AE'
the,'DH AH',s,''
rascallly,'r AW S K L ǝ IH',s,'IH'
lousy,'L AW Z IY',s,'IY'
knve,'N EY V',s,'EY'
pistol,'P IH S T AH L',s,'IH'
you,'Y UW',s,'UW'
and,'AH N D',s,''
and,'AH N D',s,''
all,'AA L',s,'AA'
the,'DH AH',s,''
to,'T UW',s,'UW'
be,'B IY',s,'IY'
no,'N OW',s,''
than,'DH AE N',s,'AE'
a,'AH',s,''
look,'L UH K',s,'UH'
you,'Y UW',s,'UW'
of,'AH V',s,''
no,'N OW',s,''
merits,'M EH R AH T S',s,''
he,'HH IY',s,'IY'
is,'IH Z',s,'IH'
to,'T UW',s,'UW'
me,'M IY',s,'IY'
and,'AH N D',s,''
me,'M IY',s,'IY'
and,'AH N D',s,''
salt,'S AO L T',s,'AO'
look,'L UH K',s,'UH'
you,'Y UW',s,'UW'
and,'AH N D',s,''
bid,'B IH D',s,'IH'
me,'M IY',s,'IY'
eat,'IY T',s,'IY'
my,'M AY',s,'AY'
leek,'L IY K',s,'IY'
it,'IH T',s,'IH'
was,'W AA Z',s,'AA'
in,'IH N',s,'IH'
a,'AH',s,''
i,'AY',s,'AY'
not,'N AA T',s,'AA'
breed,'B R IY D',s,'IY'
no,'N OW',s,''
with,'W IH DH',s,'IH'
him,'HH IH M',s,'IH'
but,'B AH T',s,''
i,'AY',s,'AY'
will,'W IH L',s,'IH'
be,'B IY',s,'IY'
so,'S OW',s,''
bold,'B OW L D',s,''
as,'AE Z',s,'AE'
to,'T UW',s,'UW'
wear,'W EH R',s,''
it,'IH T',s,'IH'
in,'IH N',s,'IH'
my,'M AY',s,'AY'
cap,'K AE P',s,'AE'
till,'T IH L',s,'IH'
i,'AY',s,'AY'
see,'S IY',s,'IY'
him,'HH IH M',s,'IH'
again,'ǝ ɡ EH N',s,''
and,'AH N D',s,''
then,'DH EH N',s,''
i,'AY',s,'AY'
will,'W IH L',s,'IH'
tell,'T EH L',s,''
him,'HH IH M',s,'IH'
a,'AH',s,''
of,'AH V',s,''
my,'M AY',s,'AY'
desires,'D IH Z ǝ IH R Z',s,'IH IH'
no,'N OW',s,''
matter,'M AW T ǝ R',s,''
for,'F AO R',s,'AO'
his,'HH IH Z',s,'IH'
nor,'N AO R',s,'AO'
his,'HH IH Z',s,'IH'
pless,'P L EH S',s,''
you,'Y UW',s,'UW'
pistol,'P IH S T AH L',s,'IH'
you,'Y UW',s,'UW'
lousy,'L AW Z IY',s,'IY'
knve,'N EY V',s,'EY'
god,'G AA D',s,'AA'
pless,'P L EH S',s,''
you,'Y UW',s,'UW'
i,'AY',s,'AY'
you,'Y UW',s,'UW'
lousy,'L AW Z IY',s,'IY'
knve,'N EY V',s,'EY'
at,'AE T',s,'AE'
my,'M AY',s,'AY'
desires,'D IH Z ǝ IH R Z',s,'IH IH'
and,'AH N D',s,''
my,'M AY',s,'AY'
and,'AH N D',s,''
my,'M AY',s,'AY'
petitions,'P AH T IH SH AH N Z',s,'IH'
to,'T UW',s,'UW'
eat,'IY T',s,'IY'
look,'L UH K',s,'UH'
you,'Y UW',s,'UW'
this,'DH IH S',s,'IH'
leek,'L IY K',s,'IY'
look,'L UH K',s,'UH'
you,'Y UW',s,'UW'
you,'Y UW',s,'UW'
do,'D OW',s,''
not,'N AA T',s,'AA'
it,'IH T',s,'IH'
nor,'N AO R',s,'AO'
your,'Y AO R',s,'AO'
affections,'AH F EH K SH AH N Z',s,''
and,'AH N D',s,''
your,'Y AO R',s,'AO'
and,'AH N D',s,''
your,'Y AO R',s,'AO'
does,'D AH Z',s,''
not,'N AA T',s,'AA'
agree,'ǝ ɡ r IY',s,'IY'
with,'W IH DH',s,'IH'
it,'IH T',s,'IH'
i,'AY',s,'AY'
you,'Y UW',s,'UW'
to,'T UW',s,'UW'
eat,'IY T',s,'IY'
it,'IH T',s,'IH'
is,'IH Z',s,'IH'
goat,'G OW T',s,''
for,'F AO R',s,'AO'
you,'Y UW',s,'UW'
will,'W IH L',s,'IH'
you,'Y UW',s,'UW'
be,'B IY',s,'IY'
so,'S OW',s,''
good,'G UH D',s,'UH'
knve,'N EY V',s,'EY'
as,'AE Z',s,'AE'
eat,'IY T',s,'IY'
it,'IH T',s,'IH'
you,'Y UW',s,'UW'
very,'V EH R IY',s,'IY'
true,'T R UW',s,'UW'
knve,'N EY V',s,'EY'
when,'ʍ e N',s,''
will,'W IH L',s,'IH'
is,'IH Z',s,'IH'
i,'AY',s,'AY'
will,'W IH L',s,'IH'
you,'Y UW',s,'UW'
to,'T UW',s,'UW'
in,'IH N',s,'IH'
the,'DH AH',s,''
and,'AH N D',s,''
eat,'IY T',s,'IY'
your,'Y AO R',s,'AO'
is,'IH Z',s,'IH'
for,'F AO R',s,'AO'
it,'IH T',s,'IH'
you,'Y UW',s,'UW'
me,'M IY',s,'IY'
mountain,'M AW N T AH N',s,''
but,'B AH T',s,''
i,'AY',s,'AY'
will,'W IH L',s,'IH'
you,'Y UW',s,'UW'
a,'AH',s,''
of,'AH V',s,''
degree,'D IH G R IY',s,'IH IY'
i,'AY',s,'AY'
you,'Y UW',s,'UW'
fall,'F AA L',s,'AA'
to,'T UW',s,'UW'
if,'IH F',s,'IH'
you,'Y UW',s,'UW'
can,'K AE N',s,'AE'
mock,'M AA K',s,'AA'
a,'AH',s,''
leek,'L IY K',s,'IY'
you,'Y UW',s,'UW'
can,'K AE N',s,'AE'
eat,'IY T',s,'IY'
a,'AH',s,''
leek,'L IY K',s,'IY'
i,'AY',s,'AY'
i,'AY',s,'AY'
will,'W IH L',s,'IH'
him,'HH IH M',s,'IH'
eat,'IY T',s,'IY'
part,'P AA R T',s,'AA'
of,'AH V',s,''
my,'M AY',s,'AY'
leek,'L IY K',s,'IY'
or,'AO R',s,'AO'
i,'AY',s,'AY'
will,'W IH L',s,'IH'
peat,'P IY T',s,'IY'
his,'HH IH Z',s,'IH'
four,'F AO R',s,'AO'
i,'AY',s,'AY'
you,'Y UW',s,'UW'
it,'IH T',s,'IH'
is,'IH Z',s,'IH'
good,'G UH D',s,'UH'
for,'F AO R',s,'AO'
your,'Y AO R',s,'AO'
green,'G R IY N',s,'IY'
and,'AH N D',s,''
your,'Y AO R',s,'AO'
yes,'Y IH S',s,'IH'
and,'AH N D',s,''
out,'AW T',s,''
of,'AH V',s,''
doubt,'D ǝ UH T',s,'UH'
and,'AH N D',s,''
out,'AW T',s,''
of,'AH V',s,''
too,'T UW',s,'UW'
and,'AH N D',s,''
eat,'IY T',s,'IY'
i,'AY',s,'AY'
you,'Y UW',s,'UW'
will,'W IH L',s,'IH'
you,'Y UW',s,'UW'
to,'T UW',s,'UW'
your,'Y AO R',s,'AO'
leek,'L IY K',s,'IY'
is,'IH Z',s,'IH'
not,'N AA T',s,'AA'
leek,'L IY K',s,'IY'
to,'T UW',s,'UW'
swear,'S W EH R',s,''
by,'B AY',s,'AY'
good,'G UH D',s,'UH'
do,'D OW',s,''
you,'Y UW',s,'UW'
knve,'N EY V',s,'EY'
you,'Y UW',s,'UW'
the,'DH AH',s,''
skin,'S K IH N',s,'IH'
is,'IH Z',s,'IH'
good,'G UH D',s,'UH'
for,'F AO R',s,'AO'
your,'Y AO R',s,'AO'
broken,'B R OW K AH N',s,''
when,'ʍ e N',s,''
you,'Y UW',s,'UW'
to,'T UW',s,'UW'
see,'S IY',s,'IY'
leeks,'L IY K S',s,'IY'
i,'AY',s,'AY'
you,'Y UW',s,'UW'
mock,'M AA K',s,'AA'
at,'AE T',s,'AE'
that,'DH AE T',s,'AE'
is,'IH Z',s,'IH'
all,'AA L',s,'AA'
leeks,'L IY K S',s,'IY'
is,'IH Z',s,'IH'
good,'G UH D',s,'UH'
you,'Y UW',s,'UW'
is,'IH Z',s,'IH'
a,'AH',s,''
groat,'G R OW T',s,''
to,'T UW',s,'UW'
your,'Y AO R',s,'AO'
yes,'Y IH S',s,'IH'
and,'AH N D',s,''
in,'IH N',s,'IH'
truth,'T R UW TH',s,'UW'
you,'Y UW',s,'UW'
shall,'SH AE L',s,'AE'
it,'IH T',s,'IH'
or,'AO R',s,'AO'
i,'AY',s,'AY'
another,'ǝ N ɤ DH ǝ R',s,''
leek,'L IY K',s,'IY'
in,'IH N',s,'IH'
my,'M AY',s,'AY'
pocket,'P AA K AH T',s,'AA'
you,'Y UW',s,'UW'
shall,'SH AE L',s,'AE'
eat,'IY T',s,'IY'
if,'IH F',s,'IH'
i,'AY',s,'AY'
we,'OW',s,''
you,'Y UW',s,'UW'
i,'AY',s,'AY'
will,'W IH L',s,'IH'
you,'Y UW',s,'UW'
in,'IH N',s,'IH'
you,'Y UW',s,'UW'
shall,'SH AE L',s,'AE'
be,'B IY',s,'IY'
a,'AH',s,''
and,'AH N D',s,''
buy,'B ə IH',s,'IH'
of,'AH V',s,''
me,'M IY',s,'IY'
but,'B AH T',s,''
god,'G AA D',s,'AA'
be,'B IY',s,'IY'
you,'Y UW',s,'UW'
and,'AH N D',s,''
keep,'K IY P',s,'IY'
you,'Y UW',s,'UW'
and,'AH N D',s,''
your,'Y AO R',s,'AO'
