faith,'F EY TH',s,'EY'
my,'M AY',s,'AY'
lord,'L AO R D',s,'AO'
i,'AY',s,'AY'
of,'AH V',s,''
but,'B AH T',s,''
the,'DH AH',s,''
proclamation,'P R AA K L AH M EY SH AH N',s,'AA EY'
upon,'AH P AA N',s,'AA'
the,'DH AH',s,''
court,'K AO R T',s,'AO'
the,'DH AH',s,''
of,'AH V',s,''
our,'OW R',s,''
that,'DH AE T',s,'AE'
fill,'F IH L',s,'IH'
the,'DH AH',s,''
court,'K AO R T',s,'AO'
with,'W IH DH',s,'IH'
and,'AH N D',s,''
must,'M AH S T',s,''
either,'EH DH ǝ R',s,''
for,'F AO R',s,'AO'
so,'S OW',s,''
run,'r ɤ N',s,''
the,'DH AH',s,''
remnants,'R EH M N AH N T S',s,''
of,'AH V',s,''
fool,'F UH L',s,'UH'
and,'AH N D',s,''
that,'DH AE T',s,'AE'
got,'G AA T',s,'AA'
in,'IH N',s,'IH'
with,'W IH DH',s,'IH'
all,'AA L',s,'AA'
their,'DH EH R',s,''
honorale,'AA N ER AH B AH L',s,'AA'
of,'AH V',s,''
ignorace,'IH G N ER AH N S',s,'IH'
thereunto,'DH EH R ǝ N T UW',s,'UW'
as,'AE Z',s,'AE'
and,'AH N D',s,''
abusing,'ǝ B Y UW Z IH N',s,'UW IH'
better,'B e T ə R',s,''
men,'M EH N',s,''
than,'DH AE N',s,'AE'
can,'K AE N',s,'AE'
be,'B IY',s,'IY'
out,'AW T',s,''
of,'AH V',s,''
a,'AH',s,''
wisdom,'W IH Z D AH M',s,'IH'
clean,'K L IY N',s,'IY'
the,'DH AH',s,''
faith,'F EY TH',s,'EY'
in,'IH N',s,'IH'
tennis,'T EH N AH S',s,''
and,'AH N D',s,''
tall,'T AO L',s,'AO'
short,'SH AO R T',s,'AO'
and,'AH N D',s,''
types,'T ǝ IH P S',s,'IH'
of,'AH V',s,''
travel,'T R AE V AH L',s,'AE'
and,'AH N D',s,''
again,'ǝ ɡ EH N',s,''
men,'M EH N',s,''
or,'AO R',s,'AO'
pack,'P AE K',s,'AE'
to,'T UW',s,'UW'
their,'DH EH R',s,''
old,'OW L D',s,''
i,'AY',s,'AY'
it,'IH T',s,'IH'
cum,'K AH M',s,''
the,'DH AH',s,''
lag,'L AE G',s,'AE'
end,'EH N D',s,''
of,'AH V',s,''
their,'DH EH R',s,''
and,'AH N D',s,''
be,'B IY',s,'IY'
at,'AE T',s,'AE'
marrry,'M AW r ǝ IH',s,'IH'
will,'W IH L',s,'IH'
be,'B IY',s,'IY'
woe,'W OW',s,''
indeed,'IH N D IY D',s,'IH IY'
lords,'L AO R D Z',s,'AO'
the,'DH AH',s,''
sly,'S L AY',s,'AY'
got,'G AA T',s,'AA'
a,'AH',s,''
trick,'T R IH K',s,'IH'
to,'T UW',s,'UW'
down,'D ǝ UH N',s,'UH'
ladies,'L EY D IY Z',s,'EY IY'
a,'AH',s,''
french,'F R EH N CH',s,''
and,'AH N D',s,''
a,'AH',s,''
no,'N OW',s,''
to,'T UW',s,'UW'
the,'DH AH',s,''
your,'Y AO R',s,'AO'
is,'IH Z',s,'IH'
a,'AH',s,''
guest,'G EH S T',s,''
too,'T UW',s,'UW'
that,'DH AE T',s,'AE'
bears,'B EH R Z',s,''
a,'AH',s,''
indeed,'IH N D IY D',s,'IH IY'
a,'AH',s,''
as,'AE Z',s,'AE'
fruitful,'F R UW T F AH L',s,'UW'
as,'AE Z',s,'AE'
the,'DH AH',s,''
land,'L AE N D',s,'AE'
that,'DH AE T',s,'AE'
feeds,'F IY D Z',s,'IY'
us,'AH S',s,''
his,'HH IH Z',s,'IH'
dews,'D Y UW Z',s,'UW'
fall,'F AA L',s,'AA'
everywhre,'EH V R IY W EH R',s,'IY'
o,'OW',s,''
that,'DH AE T',s,'AE'
your,'Y AO R',s,'AO'
wre,'W ER',s,''
but,'B AH T',s,''
to,'T UW',s,'UW'
or,'AO R',s,'AO'
of,'AH V',s,''
faith,'F EY TH',s,'EY'
yes,'Y IH S',s,'IH'
my,'M AY',s,'AY'
lord,'L AO R D',s,'AO'
i,'AY',s,'AY'
do,'D OW',s,''
beseech,'B IY S IY CH',s,'IY IY'
your,'Y AO R',s,'AO'
for,'F AO R',s,'AO'
charity,'CH EH R IH T IY',s,'IH IY'
if,'IH F',s,'IH'
in,'IH N',s,'IH'
your,'Y AO R',s,'AO'
heart,'HH AA R T',s,'AA'
wre,'W ER',s,''
hid,'HH IH D',s,'IH'
against,'AH G EH N S T',s,''
me,'M IY',s,'IY'
to,'T UW',s,'UW'
forgve,'F ER G IH V',s,'IH'
me,'M IY',s,'IY'
frankly,'F R AE NG K L IY',s,'AE IY'
to,'T UW',s,'UW'
i,'AY',s,'AY'
must,'M AH S T',s,''
conduct,'K ɒ N D ǝ K T',s,''
your,'Y AO R',s,'AO'
then,'DH EH N',s,''
my,'M AY',s,'AY'
up,'AH P',s,''
to,'T UW',s,'UW'
nicholas,'N IH K AH L AH S',s,'IH'
who,'HH UW',s,'UW'
you,'Y UW',s,'UW'
to,'T UW',s,'UW'
your,'Y AO R',s,'AO'
end,'EH N D',s,''
you,'Y UW',s,'UW'
from,'F R AH M',s,''
the,'DH AH',s,''
my,'M AY',s,'AY'
lord,'L AO R D',s,'AO'
i,'AY',s,'AY'
must,'M AH S T',s,''
to,'T UW',s,'UW'
him,'HH IH M',s,'IH'
too,'T UW',s,'UW'
he,'HH IY',s,'IY'
go,'G OW',s,''
to,'T UW',s,'UW'
bed,'B EH D',s,''
my,'M AY',s,'AY'
my,'M AY',s,'AY'
lord,'L AO R D',s,'AO'
i,'AY',s,'AY'
you,'Y UW',s,'UW'
and,'AH N D',s,''
commend,'K AH M EH N D',s,''
a,'AH',s,''
secret,'S IY K R AH T',s,'IY'
to,'T UW',s,'UW'
your,'Y AO R',s,'AO'
ear,'IY R',s,'IY'
than,'DH AE N',s,'AE'
this,'DH IH S',s,'IH'
work,'W AO R K',s,'AO'
the,'DH AH',s,''
queen's,'K W IY N Z',s,'IY'
in,'IH N',s,'IH'
in,'IH N',s,'IH'
great,'G r e T',s,''
with,'W IH DH',s,'IH'
the,'DH AH',s,''
end,'EH N D',s,''
methinks,'M IH TH IH NG K S',s,'IH IH'
i,'AY',s,'AY'
the,'DH AH',s,''
amen,'EY M EH N',s,'EY'
and,'AH N D',s,''
yet,'Y EH T',s,''
my,'M AY',s,'AY'
a,'AH',s,''
good,'G UH D',s,'UH'
creatre,'K R IY CH ER',s,'IY'
and,'AH N D',s,''
sweet,'S W IY T',s,'IY'
lady,'L EY D IY',s,'EY IY'
does,'D AH Z',s,''
our,'OW R',s,''
better,'B e T ə R',s,''
wishes,'W IH SH IH Z',s,'IH IH'
you,'Y UW',s,'UW'
speak,'S P IY K',s,'IY'
of,'AH V',s,''
the,'DH AH',s,''
most,'M OW S T',s,''
as,'AE Z',s,'AE'
for,'F AO R',s,'AO'
cromwell,'K R AA M W AH L',s,'AA'
besides,'B IH S ə IH D Z',s,'IH IH'
that,'DH AE T',s,'AE'
of,'AH V',s,''
the,'DH AH',s,''
is,'IH Z',s,'IH'
master,'M AW S T ǝ R',s,''
and,'AH N D',s,''
the,'DH AH',s,''
secretary,'S EH K R AH T EH R IY',s,'IY'
stands,'S T AE N D Z',s,'AE'
in,'IH N',s,'IH'
the,'DH AH',s,''
gap,'G AE P',s,'AE'
and,'AH N D',s,''
of,'AH V',s,''
with,'W IH DH',s,'IH'
the,'DH AH',s,''
will,'W IH L',s,'IH'
load,'L OW D',s,''
him,'HH IH M',s,'IH'
is,'IH Z',s,'IH'
the,'DH AH',s,''
and,'AH N D',s,''
and,'AH N D',s,''
who,'HH UW',s,'UW'
speak,'S P IY K',s,'IY'
against,'AH G EH N S T',s,''
him,'HH IH M',s,'IH'
good,'G UH D',s,'UH'
my,'M AY',s,'AY'
lord,'L AO R D',s,'AO'
i,'AY',s,'AY'
rest,'R EH S T',s,''
your,'Y AO R',s,'AO'
servant,'S ɐ R V ǝ N T',s,''
i,'AY',s,'AY'
not,'N AA T',s,'AA'
deliver,'D IH L IH V ǝ R',s,'IH IH'
to,'T UW',s,'UW'
what,'W AH T',s,''
you,'Y UW',s,'UW'
commanded,'K ǝ M AW N D IH D',s,'IH'
me,'M IY',s,'IY'
but,'B AH T',s,''
by,'B AY',s,'AY'
woman,'W UH M AH N',s,'UH'
i,'AY',s,'AY'
sent,'S EH N T',s,''
your,'Y AO R',s,'AO'
who,'HH UW',s,'UW'
returned,'r IH T ɐ R N IH D',s,'IH IH'
thanks,'TH AE NG K S',s,'AE'
in,'IH N',s,'IH'
the,'DH AH',s,''
and,'AH N D',s,''
desired,'D IH Z ǝ IH R D',s,'IH IH'
your,'Y AO R',s,'AO'
most,'M OW S T',s,''
to,'T UW',s,'UW'
for,'F AO R',s,'AO'
so,'S OW',s,''
said,'S EH D',s,''
woman,'W UH M AH N',s,'UH'
and,'AH N D',s,''
that,'DH AE T',s,'AE'
almost,'AA L M OW S T',s,'AA'
each,'IY CH',s,'IY'
a,'AH',s,''
death,'D EH TH',s,''
this,'DH IH S',s,'IH'
is,'IH Z',s,'IH'
that,'DH AE T',s,'AE'
the,'DH AH',s,''
bishop,'B IH SH AH P',s,'IH'
i,'AY',s,'AY'
am,'AE M',s,'AE'
back,'B AE K',s,'AE'
what,'W AH T',s,''
mean,'M IY N',s,'IY'
you,'Y UW',s,'UW'
