your,'Y AO R',s,'AO'
is,'IH Z',s,'IH'
back,'B AE K',s,'AE'
to,'T UW',s,'UW'
denmark,'D e N M AA R K',s,'AA'
sweet,'S W IY T',s,'IY'
lord,'L AO R D',s,'AO'
if,'IH F',s,'IH'
your,'Y AO R',s,'AO'
wre,'W ER',s,''
at,'AE T',s,'AE'
i,'AY',s,'AY'
impart,'IH M P AA R T',s,'IH AA'
a,'AH',s,''
to,'T UW',s,'UW'
you,'Y UW',s,'UW'
from,'F R AH M',s,''
his,'HH IH Z',s,'IH'
majesty,'M AE JH AH S T IY',s,'AE IY'
i,'AY',s,'AY'
thank,'TH AE NG K',s,'AE'
your,'Y AO R',s,'AO'
it,'IH T',s,'IH'
is,'IH Z',s,'IH'
very,'V EH R IY',s,'IY'
hot,'HH AA T',s,'AA'
it,'IH T',s,'IH'
is,'IH Z',s,'IH'
cold,'K OW L D',s,''
my,'M AY',s,'AY'
lord,'L AO R D',s,'AO'
indeed,'IH N D IY D',s,'IH IY'
my,'M AY',s,'AY'
lord,'L AO R D',s,'AO'
it,'IH T',s,'IH'
is,'IH Z',s,'IH'
very,'V EH R IY',s,'IY'
sultry,'S AH L T R IY',s,'IY'
as,'AE Z',s,'AE'
cannot,'K AE N AA T',s,'AE AA'
tell,'T EH L',s,''
my,'M AY',s,'AY'
lord,'L AO R D',s,'AO'
his,'HH IH Z',s,'IH'
majesty,'M AE JH AH S T IY',s,'AE IY'
me,'M IY',s,'IY'
signify,'S IH G N AH F AY',s,'IH AY'
to,'T UW',s,'UW'
you,'Y UW',s,'UW'
that,'DH AE T',s,'AE'
he,'HH IY',s,'IY'
laid,'L EH D',s,''
a,'AH',s,''
great,'G r e T',s,''
on,'AA N',s,'AA'
your,'Y AO R',s,'AO'
this,'DH IH S',s,'IH'
is,'IH Z',s,'IH'
the,'DH AH',s,''
matter,'M AW T ǝ R',s,''
good,'G UH D',s,'UH'
my,'M AY',s,'AY'
lord,'L AO R D',s,'AO'
for,'F AO R',s,'AO'
my,'M AY',s,'AY'
in,'IH N',s,'IH'
good,'G UH D',s,'UH'
faith,'F EY TH',s,'EY'
is,'IH Z',s,'IH'
to,'T UW',s,'UW'
court,'K AO R T',s,'AO'
me,'M IY',s,'IY'
an,'AE N',s,'AE'
gentleman,'JH EH N T AH L M AH N',s,''
full,'F UH L',s,'UH'
of,'AH V',s,''
most,'M OW S T',s,''
of,'AH V',s,''
very,'V EH R IY',s,'IY'
soft,'S AA F T',s,'AA'
and,'AH N D',s,''
great,'G r e T',s,''
indeed,'IH N D IY D',s,'IH IY'
to,'T UW',s,'UW'
speak,'S P IY K',s,'IY'
of,'AH V',s,''
him,'HH IH M',s,'IH'
he,'HH IY',s,'IY'
is,'IH Z',s,'IH'
the,'DH AH',s,''
card,'K AA R D',s,'AA'
or,'AO R',s,'AO'
calendar,'K AW L ǝ N D ǝ R',s,''
of,'AH V',s,''
gentry,'JH EH N T R IY',s,'IY'
for,'F AO R',s,'AO'
you,'Y UW',s,'UW'
shall,'SH AE L',s,'AE'
in,'IH N',s,'IH'
him,'HH IH M',s,'IH'
the,'DH AH',s,''
of,'AH V',s,''
what,'W AH T',s,''
part,'P AA R T',s,'AA'
a,'AH',s,''
gentleman,'JH EH N T AH L M AH N',s,''
see,'S IY',s,'IY'
your,'Y AO R',s,'AO'
speaks,'S P IY K S',s,'IY'
most,'M OW S T',s,''
of,'AH V',s,''
him,'HH IH M',s,'IH'
of,'AH V',s,''
i,'AY',s,'AY'
you,'Y UW',s,'UW'
not,'N AA T',s,'AA'
ignorant,'IH G N ǝ r ǝ N T',s,'IH'
you,'Y UW',s,'UW'
not,'N AA T',s,'AA'
ignorant,'IH G N ǝ r ǝ N T',s,'IH'
of,'AH V',s,''
what,'W AH T',s,''
is,'IH Z',s,'IH'
i,'AY',s,'AY'
mean,'M IY N',s,'IY'
for,'F AO R',s,'AO'
his,'HH IH Z',s,'IH'
weapon,'W EH P AH N',s,''
but,'B AH T',s,''
in,'IH N',s,'IH'
the,'DH AH',s,''
laid,'L EH D',s,''
on,'AA N',s,'AA'
him,'HH IH M',s,'IH'
by,'B AY',s,'AY'
them,'DH EH M',s,''
in,'IH N',s,'IH'
his,'HH IH Z',s,'IH'
rapier,'R EY P IY ER',s,'EY IY'
and,'AH N D',s,''
the,'DH AH',s,''
hath,'HH AE TH',s,'AE'
with,'W IH DH',s,'IH'
him,'HH IH M',s,'IH'
barbary,'B AA R B r ə IH',s,'AA IH'
horses,'HH AO R S AH Z',s,'AO'
against,'AH G EH N S T',s,''
the,'DH AH',s,''
he,'HH IY',s,'IY'
as,'AE Z',s,'AE'
i,'AY',s,'AY'
it,'IH T',s,'IH'
french,'F R EH N CH',s,''
and,'AH N D',s,''
with,'W IH DH',s,'IH'
their,'DH EH R',s,''
as,'AE Z',s,'AE'
and,'AH N D',s,''
so,'S OW',s,''
of,'AH V',s,''
the,'DH AH',s,''
carriages,'K AE R IH JH IH Z',s,'AE IH IH'
in,'IH N',s,'IH'
faith,'F EY TH',s,'EY'
very,'V EH R IY',s,'IY'
dear,'D IY R',s,'IY'
to,'T UW',s,'UW'
fancy,'F AE N S IY',s,'AE IY'
very,'V EH R IY',s,'IY'
to,'T UW',s,'UW'
the,'DH AH',s,''
most,'M OW S T',s,''
carriages,'K AE R IH JH IH Z',s,'AE IH IH'
and,'AH N D',s,''
of,'AH V',s,''
very,'V EH R IY',s,'IY'
conceit,'K ǝ N S IY T',s,'IY'
the,'DH AH',s,''
carriages,'K AE R IH JH IH Z',s,'AE IH IH'
the,'DH AH',s,''
the,'DH AH',s,''
hath,'HH AE TH',s,'AE'
laid,'L EH D',s,''
that,'DH AE T',s,'AE'
in,'IH N',s,'IH'
a,'AH',s,''
dozen,'D ɤ Z ǝ N',s,''
passes,'P AE S AH Z',s,'AE'
between,'B IH T W IY N',s,'IH IY'
and,'AH N D',s,''
him,'HH IH M',s,'IH'
he,'HH IY',s,'IY'
shall,'SH AE L',s,'AE'
not,'N AA T',s,'AA'
exceed,'IH K S IY D',s,'IH IY'
you,'Y UW',s,'UW'
he,'HH IY',s,'IY'
hath,'HH AE TH',s,'AE'
laid,'L EH D',s,''
on,'AA N',s,'AA'
for,'F AO R',s,'AO'
and,'AH N D',s,''
it,'IH T',s,'IH'
to,'T UW',s,'UW'
if,'IH F',s,'IH'
your,'Y AO R',s,'AO'
the,'DH AH',s,''
i,'AY',s,'AY'
mean,'M IY N',s,'IY'
my,'M AY',s,'AY'
lord,'L AO R D',s,'AO'
the,'DH AH',s,''
of,'AH V',s,''
your,'Y AO R',s,'AO'
in,'IH N',s,'IH'
shall,'SH AE L',s,'AE'
i,'AY',s,'AY'
deliver,'D IH L IH V ǝ R',s,'IH IH'
you,'Y UW',s,'UW'
so,'S OW',s,''
i,'AY',s,'AY'
commend,'K AH M EH N D',s,''
my,'M AY',s,'AY'
duty,'D UW T IY',s,'UW IY'
to,'T UW',s,'UW'
your,'Y AO R',s,'AO'
my,'M AY',s,'AY'
good,'G UH D',s,'UH'
lord,'L AO R D',s,'AO'
a,'AH',s,''
a,'AH',s,''
very,'V EH R IY',s,'IY'
neither,'N EH DH ǝ R',s,''
look,'L UH K',s,'UH'
to,'T UW',s,'UW'
the,'DH AH',s,''
ho,'HH OW',s,''
is,'IH Z',s,'IH'
with,'W IH DH',s,'IH'
from,'F R AH M',s,''
poland,'P OW L AH N D',s,''
to,'T UW',s,'UW'
of,'AH V',s,''
england,'IH NG G L AH N D',s,'IH'
this,'DH IH S',s,'IH'
