your,'Y AO R',s,'AO'
subject,'S AH B JH EH K T',s,''
i,'AY',s,'AY'
a,'AH',s,''
gentleman,'JH EH N T AH L M AH N',s,''
born,'B AO R N',s,'AO'
in,'IH N',s,'IH'
and,'AH N D',s,''
eldest,'EH L D AH S T',s,''
son,'S AO ̃',s,'AO'
as,'AE Z',s,'AE'
i,'AY',s,'AY'
to,'T UW',s,'UW'
robert,'r ɒ B ǝ R T',s,''
a,'AH',s,''
by,'B AY',s,'AY'
the,'DH AH',s,''
of,'AH V',s,''
coeur,'K UW R',s,'UW'
de,'D e',s,''
in,'IH N',s,'IH'
the,'DH AH',s,''
field,'F IY L D',s,'IY'
most,'M OW S T',s,''
certain,'S ɐ R T ǝ N',s,''
of,'AH V',s,''
mighty,'M ǝ IH T ǝ IH',s,'IH IH'
that,'DH AE T',s,'AE'
is,'IH Z',s,'IH'
well,'W EH L',s,''
as,'AE Z',s,'AE'
i,'AY',s,'AY'
think,'TH IH NG K',s,'IH'
but,'B AH T',s,''
for,'F AO R',s,'AO'
the,'DH AH',s,''
certain,'S ɐ R T ǝ N',s,''
of,'AH V',s,''
that,'DH AE T',s,'AE'
truth,'T R UW TH',s,'UW'
i,'AY',s,'AY'
put,'P UH T',s,'UH'
you,'Y UW',s,'UW'
to,'T UW',s,'UW'
heaven,'HH EH V AH N',s,''
and,'AH N D',s,''
to,'T UW',s,'UW'
my,'M AY',s,'AY'
of,'AH V',s,''
that,'DH AE T',s,'AE'
i,'AY',s,'AY'
doubt,'D ǝ UH T',s,'UH'
as,'AE Z',s,'AE'
all,'AA L',s,'AA'
children,'CH IH L D R AH N',s,'IH'
i,'AY',s,'AY'
madam,'M AE D AH M',s,'AE'
no,'N OW',s,''
i,'AY',s,'AY'
no,'N OW',s,''
reason,'r EH Z ǝ N',s,''
for,'F AO R',s,'AO'
it,'IH T',s,'IH'
that,'DH AE T',s,'AE'
is,'IH Z',s,'IH'
my,'M AY',s,'AY'
plea,'P L IY',s,'IY'
and,'AH N D',s,''
of,'AH V',s,''
the,'DH AH',s,''
if,'IH F',s,'IH'
he,'HH IY',s,'IY'
can,'K AE N',s,'AE'
he,'HH IY',s,'IY'
pops,'P AA P S',s,'AA'
me,'M IY',s,'IY'
out,'AW T',s,''
at,'AE T',s,'AE'
least,'L IY S T',s,'IY'
from,'F R AH M',s,''
fair,'F EH R',s,''
a,'AH',s,''
year,'Y IH R',s,'IH'
heaven,'HH EH V AH N',s,''
guard,'G AA R D',s,'AA'
my,'M AY',s,'AY'
and,'AH N D',s,''
my,'M AY',s,'AY'
land,'L AE N D',s,'AE'
i,'AY',s,'AY'
not,'N AA T',s,'AA'
whhy,'ʍ ǝ IH',s,'IH'
except,'IH K S EH P T',s,'IH'
to,'T UW',s,'UW'
get,'G EH T',s,''
the,'DH AH',s,''
land,'L AE N D',s,'AE'
but,'B AH T',s,''
he,'HH IY',s,'IY'
me,'M IY',s,'IY'
with,'W IH DH',s,'IH'
but,'B AH T',s,''
i,'AY',s,'AY'
be,'B IY',s,'IY'
as,'AE Z',s,'AE'
true,'T R UW',s,'UW'
begot,'B IY G AO T',s,'IY AO'
or,'AO R',s,'AO'
no,'N OW',s,''
that,'DH AE T',s,'AE'
still,'S T IH L',s,'IH'
i,'AY',s,'AY'
upon,'AH P AA N',s,'AA'
my,'M AY',s,'AY'
but,'B AH T',s,''
that,'DH AE T',s,'AE'
i,'AY',s,'AY'
am,'AE M',s,'AE'
as,'AE Z',s,'AE'
well,'W EH L',s,''
begot,'B IY G AO T',s,'IY AO'
my,'M AY',s,'AY'
fair,'F EH R',s,''
fall,'F AA L',s,'AA'
the,'DH AH',s,''
that,'DH AE T',s,'AE'
took,'T UH K',s,'UH'
the,'DH AH',s,''
pains,'P EH N Z',s,''
for,'F AO R',s,'AO'
me,'M IY',s,'IY'
our,'OW R',s,''
faces,'F EH S IH Z',s,'IH'
and,'AH N D',s,''
be,'B IY',s,'IY'
juge,'JH AH JH',s,''
if,'IH F',s,'IH'
old,'OW L D',s,''
robert,'r ɒ B ǝ R T',s,''
did,'D IH D',s,'IH'
beget,'B IH G EH T',s,'IH'
us,'AH S',s,''
both,'B OW TH',s,''
and,'AH N D',s,''
wre,'W ER',s,''
our,'OW R',s,''
and,'AH N D',s,''
this,'DH IH S',s,'IH'
son,'S AO ̃',s,'AO'
him,'HH IH M',s,'IH'
o,'OW',s,''
old,'OW L D',s,''
robert,'r ɒ B ǝ R T',s,''
on,'AA N',s,'AA'
my,'M AY',s,'AY'
i,'AY',s,'AY'
heaven,'HH EH V AH N',s,''
thanks,'TH AE NG K S',s,'AE'
i,'AY',s,'AY'
was,'W AA Z',s,'AA'
not,'N AA T',s,'AA'
to,'T UW',s,'UW'
thee,'DH IY',s,'IY'
he,'HH IY',s,'IY'
hath,'HH AE TH',s,'AE'
a,'AH',s,''
half-fce,'AO F - ˌ F EH S',s,'AO'
my,'M AY',s,'AY'
with,'W IH DH',s,'IH'
that,'DH AE T',s,'AE'
he,'HH IY',s,'IY'
all,'AA L',s,'AA'
my,'M AY',s,'AY'
land,'L AE N D',s,'AE'
a,'AH',s,''
groat,'G R OW T',s,''
a,'AH',s,''
year,'Y IH R',s,'IH'
well,'W EH L',s,''
by,'B AY',s,'AY'
this,'DH IH S',s,'IH'
you,'Y UW',s,'UW'
cannot,'K AE N AA T',s,'AE AA'
get,'G EH T',s,''
my,'M AY',s,'AY'
land,'L AE N D',s,'AE'
your,'Y AO R',s,'AO'
must,'M AH S T',s,''
be,'B IY',s,'IY'
he,'HH IY',s,'IY'
my,'M AY',s,'AY'
of,'AH V',s,''
no,'N OW',s,''
to,'T UW',s,'UW'
me,'M IY',s,'IY'
than,'DH AE N',s,'AE'
was,'W AA Z',s,'AA'
his,'HH IH Z',s,'IH'
will,'W IH L',s,'IH'
to,'T UW',s,'UW'
get,'G EH T',s,''
me,'M IY',s,'IY'
as,'AE Z',s,'AE'
i,'AY',s,'AY'
think,'TH IH NG K',s,'IH'
madam,'M AE D AH M',s,'AE'
an,'AE N',s,'AE'
if,'IH F',s,'IH'
my,'M AY',s,'AY'
had,'HH AE D',s,'AE'
my,'M AY',s,'AY'
and,'AH N D',s,''
i,'AY',s,'AY'
had,'HH AE D',s,'AE'
his,'HH IH Z',s,'IH'
his,'HH IH Z',s,'IH'
him,'HH IH M',s,'IH'
and,'AH N D',s,''
if,'IH F',s,'IH'
my,'M AY',s,'AY'
legs,'L EH G Z',s,''
wre,'W ER',s,''
my,'M AY',s,'AY'
arms,'AA R M Z',s,'AA'
my,'M AY',s,'AY'
so,'S OW',s,''
thin,'TH IH N',s,'IH'
that,'DH AE T',s,'AE'
in,'IH N',s,'IH'
ear,'IY R',s,'IY'
i,'AY',s,'AY'
not,'N AA T',s,'AA'
stick,'S T IH K',s,'IH'
a,'AH',s,''
lest,'L EH S T',s,''
men,'M EH N',s,''
look,'L UH K',s,'UH'
goes,'G OW Z',s,''
and,'AH N D',s,''
to,'T UW',s,'UW'
his,'HH IH Z',s,'IH'
wre,'W ER',s,''
to,'T UW',s,'UW'
all,'AA L',s,'AA'
this,'DH IH S',s,'IH'
land,'L AE N D',s,'AE'
i,'AY',s,'AY'
never,'N e V ǝ R',s,''
stir,'S T ɐ R',s,''
from,'F R AH M',s,''
off,'AO F',s,'AO'
this,'DH IH S',s,'IH'
i,'AY',s,'AY'
it,'IH T',s,'IH'
every,'e V r ǝ IH',s,'IH'
foot,'F UH T',s,'UH'
to,'T UW',s,'UW'
this,'DH IH S',s,'IH'
i,'AY',s,'AY'
not,'N AA T',s,'AA'
be,'B IY',s,'IY'
in,'IH N',s,'IH'
you,'Y UW',s,'UW'
my,'M AY',s,'AY'
land,'L AE N D',s,'AE'
my,'M AY',s,'AY'
your,'Y AO R',s,'AO'
hath,'HH AE TH',s,'AE'
got,'G AA T',s,'AA'
a,'AH',s,''
year,'Y IH R',s,'IH'
yet,'Y EH T',s,''
sell,'S EH L',s,''
your,'Y AO R',s,'AO'
for,'F AO R',s,'AO'
and,'AH N D',s,''
dear,'D IY R',s,'IY'
madam,'M AE D AH M',s,'AE'
you,'Y UW',s,'UW'
unto,'AH N T UW',s,'UW'
the,'DH AH',s,''
death,'D EH TH',s,''
our,'OW R',s,''
country,'K AH N T R IY',s,'IY'
our,'OW R',s,''
betters,'B e T ə R Z',s,''
my,'M AY',s,'AY'
so,'S OW',s,''
is,'IH Z',s,'IH'
my,'M AY',s,'AY'
begun,'B IH G AH N',s,'IH'
good,'G UH D',s,'UH'
old,'OW L D',s,''
eldest,'EH L D AH S T',s,''
son,'S AO ̃',s,'AO'
by,'B AY',s,'AY'
me,'M IY',s,'IY'
your,'Y AO R',s,'AO'
my,'M AY',s,'AY'
me,'M IY',s,'IY'
yours,'Y UH R Z',s,'UH'
land,'L AE N D',s,'AE'
be,'B IY',s,'IY'
the,'DH AH',s,''
by,'B AY',s,'AY'
or,'AO R',s,'AO'
when,'ʍ e N',s,''
i,'AY',s,'AY'
was,'W AA Z',s,'AA'
got,'G AA T',s,'AA'
robert,'r ɒ B ǝ R T',s,''
was,'W AA Z',s,'AA'
madam,'M AE D AH M',s,'AE'
by,'B AY',s,'AY'
but,'B AH T',s,''
not,'N AA T',s,'AA'
by,'B AY',s,'AY'
truth,'T R UW TH',s,'UW'
what,'W AH T',s,''
a,'AH',s,''
from,'F R AH M',s,''
the,'DH AH',s,''
in,'IH N',s,'IH'
at,'AE T',s,'AE'
the,'DH AH',s,''
or,'AO R',s,'AO'
the,'DH AH',s,''
who,'HH UW',s,'UW'
not,'N AA T',s,'AA'
stir,'S T ɐ R',s,''
by,'B AY',s,'AY'
must,'M AH S T',s,''
by,'B AY',s,'AY'
and,'AH N D',s,''
is,'IH Z',s,'IH'
men,'M EH N',s,''
do,'D OW',s,''
near,'N IY R',s,'IY'
or,'AO R',s,'AO'
far,'F AA R',s,'AA'
off,'AO F',s,'AO'
well,'W EH L',s,''
won,'W ɤ N',s,''
is,'IH Z',s,'IH'
still,'S T IH L',s,'IH'
well,'W EH L',s,''
shot,'SH AA T',s,'AA'
and,'AH N D',s,''
i,'AY',s,'AY'
am,'AE M',s,'AE'
i,'AY',s,'AY'
i,'AY',s,'AY'
was,'W AA Z',s,'AA'
begot,'B IY G AO T',s,'IY AO'
adieu,'AH D UW',s,'UW'
good,'G UH D',s,'UH'
to,'T UW',s,'UW'
thee,'DH IY',s,'IY'
for,'F AO R',s,'AO'
thou,'DH AW',s,''
got,'G AA T',s,'AA'
of,'AH V',s,''
a,'AH',s,''
foot,'F UH T',s,'UH'
of,'AH V',s,''
better,'B e T ə R',s,''
than,'DH AE N',s,'AE'
i,'AY',s,'AY'
was,'W AA Z',s,'AA'
but,'B AH T',s,''
a,'AH',s,''
foot,'F UH T',s,'UH'
of,'AH V',s,''
land,'L AE N D',s,'AE'
the,'DH AH',s,''
well,'W EH L',s,''
can,'K AE N',s,'AE'
i,'AY',s,'AY'
a,'AH',s,''
lady,'L EY D IY',s,'EY IY'
good,'G UH D',s,'UH'
den,'D EH N',s,''
an,'AE N',s,'AE'
if,'IH F',s,'IH'
his,'HH IH Z',s,'IH'
be,'B IY',s,'IY'
call,'K AO L',s,'AO'
him,'HH IH M',s,'IH'
for,'F AO R',s,'AO'
doth,'D AO TH',s,'AO'
too,'T UW',s,'UW'
and,'AH N D',s,''
too,'T UW',s,'UW'
for,'F AO R',s,'AO'
your,'Y AO R',s,'AO'
your,'Y AO R',s,'AO'
he,'HH IY',s,'IY'
and,'AH N D',s,''
his,'HH IH Z',s,'IH'
at,'AE T',s,'AE'
my,'M AY',s,'AY'
mess,'M EH S',s,''
and,'AH N D',s,''
when,'ʍ e N',s,''
my,'M AY',s,'AY'
stomach,'S T AH M AH K',s,''
is,'IH Z',s,'IH'
sufficed,'S ǝ F ǝ IH S T',s,'IH'
whhy,'ʍ ǝ IH',s,'IH'
then,'DH EH N',s,''
i,'AY',s,'AY'
suck,'S ɤ K',s,''
my,'M AY',s,'AY'
teeth,'T IY TH',s,'IY'
and,'AH N D',s,''
my,'M AY',s,'AY'
man,'M AE N',s,'AE'
of,'AH V',s,''
countries,'K AH N T R IY Z',s,'IY'
my,'M AY',s,'AY'
dear,'D IY R',s,'IY'
thus,'DH ɤ S',s,''
on,'AA N',s,'AA'
i,'AY',s,'AY'
begin,'B IH G IH N',s,'IH IH'
i,'AY',s,'AY'
shall,'SH AE L',s,'AE'
beseech,'B IY S IY CH',s,'IY IY'
is,'IH Z',s,'IH'
and,'AH N D',s,''
then,'DH EH N',s,''
an,'AE N',s,'AE'
o,'OW',s,''
at,'AE T',s,'AE'
your,'Y AO R',s,'AO'
best,'B EH S T',s,''
command,'K ǝ M AW N D',s,''
at,'AE T',s,'AE'
your,'Y AO R',s,'AO'
employment,'e M P L ǝ IH M ǝ N T',s,'IH'
at,'AE T',s,'AE'
your,'Y AO R',s,'AO'
no,'N OW',s,''
i,'AY',s,'AY'
sweet,'S W IY T',s,'IY'
at,'AE T',s,'AE'
yours,'Y UH R Z',s,'UH'
and,'AH N D',s,''
so,'S OW',s,''
what,'W AH T',s,''
in,'IH N',s,'IH'
dialogue,'D AY AH L AO G',s,'AY AO'
of,'AH V',s,''
compliment,'K AA M P L AH M EH N T',s,'AA'
and,'AH N D',s,''
of,'AH V',s,''
the,'DH AH',s,''
alps,'AE L P S',s,'AE'
and,'AH N D',s,''
the,'DH AH',s,''
and,'AH N D',s,''
the,'DH AH',s,''
river,'r IH V ǝ R',s,'IH'
po,'P OW',s,''
it,'IH T',s,'IH'
supper,'S ɤ P ǝ R',s,''
in,'IH N',s,'IH'
conclusion,'K AH N K L UW ZH AH N',s,'UW'
so,'S OW',s,''
but,'B AH T',s,''
this,'DH IH S',s,'IH'
is,'IH Z',s,'IH'
and,'AH N D',s,''
fits,'F IH T S',s,'IH'
the,'DH AH',s,''
mounting,'M ǝ UH N T IH N',s,'UH IH'
spirit,'S P IH R AH T',s,'IH'
myself,'M AY S EH L F',s,'AY'
for,'F AO R',s,'AO'
he,'HH IY',s,'IY'
is,'IH Z',s,'IH'
but,'B AH T',s,''
a,'AH',s,''
to,'T UW',s,'UW'
the,'DH AH',s,''
that,'DH AE T',s,'AE'
doth,'D AO TH',s,'AO'
not,'N AA T',s,'AA'
smack,'S M AE K',s,'AE'
of,'AH V',s,''
and,'AH N D',s,''
so,'S OW',s,''
am,'AE M',s,'AE'
i,'AY',s,'AY'
i,'AY',s,'AY'
smack,'S M AE K',s,'AE'
or,'AO R',s,'AO'
no,'N OW',s,''
and,'AH N D',s,''
not,'N AA T',s,'AA'
in,'IH N',s,'IH'
habit,'HH AE B AH T',s,'AE'
and,'AH N D',s,''
form,'F AO R M',s,'AO'
but,'B AH T',s,''
from,'F R AH M',s,''
the,'DH AH',s,''
inward,'IH N W ǝ R D',s,'IH'
to,'T UW',s,'UW'
deliver,'D IH L IH V ǝ R',s,'IH IH'
sweet,'S W IY T',s,'IY'
sweet,'S W IY T',s,'IY'
sweet,'S W IY T',s,'IY'
for,'F AO R',s,'AO'
the,'DH AH',s,''
tooth,'T UH TH',s,'UH'
i,'AY',s,'AY'
will,'W IH L',s,'IH'
not,'N AA T',s,'AA'
to,'T UW',s,'UW'
yet,'Y EH T',s,''
to,'T UW',s,'UW'
deceit,'D AH S IY T',s,'IY'
i,'AY',s,'AY'
mean,'M IY N',s,'IY'
to,'T UW',s,'UW'
for,'F AO R',s,'AO'
it,'IH T',s,'IH'
shall,'SH AE L',s,'AE'
the,'DH AH',s,''
footsteps,'F UH T S T EH P S',s,'UH'
of,'AH V',s,''
my,'M AY',s,'AY'
rising,'r ǝ IH Z IH N',s,'IH IH'
but,'B AH T',s,''
who,'HH UW',s,'UW'
in,'IH N',s,'IH'
hate,'AW S T',s,''
in,'IH N',s,'IH'
riding,'r ǝ IH D IH N',s,'IH IH'
what,'W AH T',s,''
woman,'W UH M AH N',s,'UH'
post,'P OW S T',s,''
is,'IH Z',s,'IH'
this,'DH IH S',s,'IH'
hath,'HH AE TH',s,'AE'
she,'SH IY',s,'IY'
no,'N OW',s,''
that,'DH AE T',s,'AE'
will,'W IH L',s,'IH'
pains,'P EH N Z',s,''
to,'T UW',s,'UW'
a,'AH',s,''
horn,'HH AO R N',s,'AO'
o,'OW',s,''
me,'M IY',s,'IY'
my,'M AY',s,'AY'
good,'G UH D',s,'UH'
lady,'L EY D IY',s,'EY IY'
what,'W AH T',s,''
you,'Y UW',s,'UW'
to,'T UW',s,'UW'
court,'K AO R T',s,'AO'
so,'S OW',s,''
hastily,'HH EY S T AH L IY',s,'EY IY'
my,'M AY',s,'AY'
robert,'r ɒ B ǝ R T',s,''
old,'OW L D',s,''
son,'S AO ̃',s,'AO'
the,'DH AH',s,''
that,'DH AE T',s,'AE'
mighty,'M ǝ IH T ǝ IH',s,'IH IH'
man,'M AE N',s,'AE'
is,'IH Z',s,'IH'
it,'IH T',s,'IH'
son,'S AO ̃',s,'AO'
that,'DH AE T',s,'AE'
you,'Y UW',s,'UW'
seek,'S IY K',s,'IY'
so,'S OW',s,''
james,'D ZH EH M S',s,''
gurney,'G UW R N ǝ IH',s,'UW IH'
wilt,'W IH L T',s,'IH'
thou,'DH AW',s,''
us,'AH S',s,''
james,'D ZH EH M S',s,''
abroad,'AH B R AO D',s,'AO'
tell,'T EH L',s,''
thee,'DH IY',s,'IY'
madam,'M AE D AH M',s,'AE'
i,'AY',s,'AY'
was,'W AA Z',s,'AA'
not,'N AA T',s,'AA'
old,'OW L D',s,''
son,'S AO ̃',s,'AO'
robert,'r ɒ B ǝ R T',s,''
eat,'IY T',s,'IY'
his,'HH IH Z',s,'IH'
part,'P AA R T',s,'AA'
in,'IH N',s,'IH'
me,'M IY',s,'IY'
upon,'AH P AA N',s,'AA'
good,'G UH D',s,'UH'
friday,'F r ǝ IH D EH',s,'IH'
and,'AH N D',s,''
his,'HH IH Z',s,'IH'
fast,'F AW S T',s,''
robert,'r ɒ B ǝ R T',s,''
do,'D OW',s,''
to,'T UW',s,'UW'
confess,'K AH N F EH S',s,''
he,'HH IY',s,'IY'
get,'G EH T',s,''
me,'M IY',s,'IY'
robert,'r ɒ B ǝ R T',s,''
not,'N AA T',s,'AA'
do,'D OW',s,''
it,'IH T',s,'IH'
we,'W IY',s,'IY'
his,'HH IH Z',s,'IH'
therefre,'DH EH R F AO R',s,'AO'
good,'G UH D',s,'UH'
to,'T UW',s,'UW'
whom,'HH UW M',s,'UW'
am,'AE M',s,'AE'
i,'AY',s,'AY'
for,'F AO R',s,'AO'
robert,'r ɒ B ǝ R T',s,''
never,'N e V ǝ R',s,''
to,'T UW',s,'UW'
this,'DH IH S',s,'IH'
leg,'L EH G',s,''
good,'G UH D',s,'UH'
what,'W AH T',s,''
i,'AY',s,'AY'
am,'AE M',s,'AE'
i,'AY',s,'AY'
it,'IH T',s,'IH'
on,'AA N',s,'AA'
my,'M AY',s,'AY'
shoulder,'SH OW L D ǝ R',s,''
but,'B AH T',s,''
i,'AY',s,'AY'
am,'AE M',s,'AE'
not,'N AA T',s,'AA'
son,'S AO ̃',s,'AO'
i,'AY',s,'AY'
robert,'r ɒ B ǝ R T',s,''
and,'AH N D',s,''
my,'M AY',s,'AY'
land,'L AE N D',s,'AE'
and,'AH N D',s,''
all,'AA L',s,'AA'
is,'IH Z',s,'IH'
then,'DH EH N',s,''
good,'G UH D',s,'UH'
my,'M AY',s,'AY'
let,'L EH T',s,''
me,'M IY',s,'IY'
my,'M AY',s,'AY'
man,'M AE N',s,'AE'
i,'AY',s,'AY'
who,'HH UW',s,'UW'
was,'W AA Z',s,'AA'
it,'IH T',s,'IH'
as,'AE Z',s,'AE'
as,'AE Z',s,'AE'
i,'AY',s,'AY'
the,'DH AH',s,''
devil,'D IH V ǝ L',s,'IH'
by,'B AY',s,'AY'
this,'DH IH S',s,'IH'
wre,'W ER',s,''
i,'AY',s,'AY'
to,'T UW',s,'UW'
get,'G EH T',s,''
again,'ǝ ɡ EH N',s,''
madam,'M AE D AH M',s,'AE'
i,'AY',s,'AY'
not,'N AA T',s,'AA'
wish,'W IH SH',s,'IH'
a,'AH',s,''
better,'B e T ə R',s,''
sins,'S IH N Z',s,'IH'
do,'D OW',s,''
bear,'B EH R',s,''
their,'DH EH R',s,''
on,'AA N',s,'AA'
and,'AH N D',s,''
so,'S OW',s,''
doth,'D AO TH',s,'AO'
yours,'Y UH R Z',s,'UH'
your,'Y AO R',s,'AO'
fault,'F AO L T',s,'AO'
was,'W AA Z',s,'AA'
not,'N AA T',s,'AA'
your,'Y AO R',s,'AO'
follly,'F ɒ L ǝ IH',s,'IH'
needs,'N IY D Z',s,'IY'
must,'M AH S T',s,''
you,'Y UW',s,'UW'
your,'Y AO R',s,'AO'
heart,'HH AA R T',s,'AA'
at,'AE T',s,'AE'
his,'HH IH Z',s,'IH'
to,'T UW',s,'UW'
against,'AH G EH N S T',s,''
and,'AH N D',s,''
the,'DH AH',s,''
not,'N AA T',s,'AA'
the,'DH AH',s,''
nor,'N AO R',s,'AO'
keep,'K IY P',s,'IY'
his,'HH IH Z',s,'IH'
princely,'P r IH N S L ǝ IH',s,'IH IH'
heart,'HH AA R T',s,'AA'
from,'F R AH M',s,''
he,'HH IY',s,'IY'
that,'DH AE T',s,'AE'
perfoce,'P ER F AO R S',s,'AO'
robs,'R AA B Z',s,'AA'
of,'AH V',s,''
their,'DH EH R',s,''
hearts,'HH AA R T S',s,'AA'
easily,'IY Z L ǝ IH',s,'IY IH'
win,'W IH N',s,'IH'
a,'AH',s,''
my,'M AY',s,'AY'
with,'W IH DH',s,'IH'
all,'AA L',s,'AA'
my,'M AY',s,'AY'
heart,'HH AA R T',s,'AA'
i,'AY',s,'AY'
thank,'TH AE NG K',s,'AE'
thee,'DH IY',s,'IY'
for,'F AO R',s,'AO'
my,'M AY',s,'AY'
who,'HH UW',s,'UW'
and,'AH N D',s,''
but,'B AH T',s,''
thou,'DH AW',s,''
not,'N AA T',s,'AA'
well,'W EH L',s,''
when,'ʍ e N',s,''
i,'AY',s,'AY'
was,'W AA Z',s,'AA'
got,'G AA T',s,'AA'
send,'S EH N D',s,''
his,'HH IH Z',s,'IH'
soul,'S OW L',s,''
to,'T UW',s,'UW'
lady,'L EY D IY',s,'EY IY'
i,'AY',s,'AY'
will,'W IH L',s,'IH'
thee,'DH IY',s,'IY'
to,'T UW',s,'UW'
my,'M AY',s,'AY'
kin,'K IH N',s,'IH'
and,'AH N D',s,''
shall,'SH AE L',s,'AE'
when,'ʍ e N',s,''
me,'M IY',s,'IY'
begot,'B IY G AO T',s,'IY AO'
if,'IH F',s,'IH'
thou,'DH AW',s,''
said,'S EH D',s,''
him,'HH IH M',s,'IH'
it,'IH T',s,'IH'
had,'HH AE D',s,'AE'
been,'B IH N',s,'IH'
sin,'S IH N',s,'IH'
who,'HH UW',s,'UW'
it,'IH T',s,'IH'
was,'W AA Z',s,'AA'
he,'HH IY',s,'IY'
i,'AY',s,'AY'
not,'N AA T',s,'AA'
the,'DH AH',s,''
that,'DH AE T',s,'AE'
will,'W IH L',s,'IH'
the,'DH AH',s,''
devil,'D IH V ǝ L',s,'IH'
with,'W IH DH',s,'IH'
you,'Y UW',s,'UW'
an,'AE N',s,'AE'
he,'HH IY',s,'IY'
your,'Y AO R',s,'AO'
and,'AH N D',s,''
you,'Y UW',s,'UW'
you,'Y UW',s,'UW'
the,'DH AH',s,''
hre,'EH R',s,''
of,'AH V',s,''
whom,'HH UW M',s,'UW'
the,'DH AH',s,''
proverb,'P r ɒ V ǝ R B',s,''
goes,'G OW Z',s,''
dead,'D EH D',s,''
by,'B AY',s,'AY'
the,'DH AH',s,''
beard,'B EH R D',s,''
your,'Y AO R',s,'AO'
an,'AE N',s,'AE'
i,'AY',s,'AY'
you,'Y UW',s,'UW'
look,'L UH K',s,'UH'
to,'T UW',s,'UW'
faith,'F EY TH',s,'EY'
i,'AY',s,'AY'
will,'W IH L',s,'IH'
faith,'F EY TH',s,'EY'
it,'IH T',s,'IH'
as,'AE Z',s,'AE'
on,'AA N',s,'AA'
the,'DH AH',s,''
back,'B AE K',s,'AE'
of,'AH V',s,''
him,'HH IH M',s,'IH'
as,'AE Z',s,'AE'
great,'G r e T',s,''
shoes,'SH UW Z',s,'UW'
upon,'AH P AA N',s,'AA'
an,'AE N',s,'AE'
ass,'AE S',s,'AE'
but,'B AH T',s,''
ass,'AE S',s,'AE'
that,'DH AE T',s,'AE'
burden,'B ɐ R DH ə N',s,''
from,'F R AH M',s,''
your,'Y AO R',s,'AO'
back,'B AE K',s,'AE'
or,'AO R',s,'AO'
on,'AA N',s,'AA'
that,'DH AE T',s,'AE'
shall,'SH AE L',s,'AE'
your,'Y AO R',s,'AO'
crack,'K R AE K',s,'AE'
and,'AH N D',s,''
too,'T UW',s,'UW'
saint,'S EY N T',s,'EY'
that,'DH AE T',s,'AE'
the,'DH AH',s,''
dragon,'D R AE G AH N',s,'AE'
and,'AH N D',s,''
sits,'S IH T S',s,'IH'
on,'AA N',s,'AA'
's,'EH S',s,''
at,'AE T',s,'AE'
door,'D AO R',s,'AO'
teach,'T IY CH',s,'IY'
us,'AH S',s,''
wre,'W ER',s,''
i,'AY',s,'AY'
at,'AE T',s,'AE'
hme,'OW M',s,''
at,'AE T',s,'AE'
your,'Y AO R',s,'AO'
den,'D EH N',s,''
with,'W IH DH',s,'IH'
your,'Y AO R',s,'AO'
i,'AY',s,'AY'
set,'S EH T',s,''
an,'AE N',s,'AE'
to,'T UW',s,'UW'
your,'Y AO R',s,'AO'
lion's,'L AY AH N Z',s,'AY'
and,'AH N D',s,''
a,'AH',s,''
monster,'M ɒ N S T ǝ R',s,''
of,'AH V',s,''
you,'Y UW',s,'UW'
o,'OW',s,''
for,'F AO R',s,'AO'
you,'Y UW',s,'UW'
the,'DH AH',s,''
roar,'r AO R',s,'AO'
speed,'S P IY D',s,'IY'
then,'DH EH N',s,''
to,'T UW',s,'UW'
of,'AH V',s,''
the,'DH AH',s,''
field,'F IY L D',s,'IY'
majesty,'M AE JH AH S T IY',s,'AE IY'
when,'ʍ e N',s,''
the,'DH AH',s,''
rich,'R IH CH',s,'IH'
blood,'B L AH D',s,''
of,'AH V',s,''
is,'IH Z',s,'IH'
set,'S EH T',s,''
on,'AA N',s,'AA'
o,'OW',s,''
doth,'D AO TH',s,'AO'
death,'D EH TH',s,''
his,'HH IH Z',s,'IH'
dead,'D EH D',s,''
chaps,'CH AE P S',s,'AE'
with,'W IH DH',s,'IH'
steel,'S T IY L',s,'IY'
the,'DH AH',s,''
of,'AH V',s,''
his,'HH IH Z',s,'IH'
teeth,'T IY TH',s,'IY'
his,'HH IH Z',s,'IH'
and,'AH N D',s,''
he,'HH IY',s,'IY'
feasts,'F e S T S',s,''
mousing,'M ǝ UH S IH N',s,'UH IH'
the,'DH AH',s,''
flesh,'F L EH SH',s,''
of,'AH V',s,''
men,'M EH N',s,''
in,'IH N',s,'IH'
of,'AH V',s,''
whhy,'ʍ ǝ IH',s,'IH'
stand,'S T AE N D',s,'AE'
fronts,'F r ɤ N T S',s,''
thus,'DH ɤ S',s,''
havoc,'HH AE V AH K',s,'AE'
back,'B AE K',s,'AE'
to,'T UW',s,'UW'
the,'DH AH',s,''
field,'F IY L D',s,'IY'
you,'Y UW',s,'UW'
spirits,'S P IH R AH T S',s,'IH'
then,'DH EH N',s,''
let,'L EH T',s,''
of,'AH V',s,''
part,'P AA R T',s,'AA'
the,'DH AH',s,''
till,'T IH L',s,'IH'
then,'DH EH N',s,''
blood,'B L AH D',s,''
and,'AH N D',s,''
death,'D EH TH',s,''
by,'B AY',s,'AY'
heaven,'HH EH V AH N',s,''
of,'AH V',s,''
you,'Y UW',s,'UW'
and,'AH N D',s,''
stand,'S T AE N D',s,'AE'
securely,'S IH K Y UH R L IY',s,'IH UH IY'
on,'AA N',s,'AA'
their,'DH EH R',s,''
as,'AE Z',s,'AE'
in,'IH N',s,'IH'
a,'AH',s,''
theater,'TH IY AH T ER',s,'IY'
and,'AH N D',s,''
at,'AE T',s,'AE'
your,'Y AO R',s,'AO'
industrious,'IH N D ɤ S T r IH ǝ',s,'IH IH'
and,'AH N D',s,''
acts,'AE K T S',s,'AE'
of,'AH V',s,''
death,'D EH TH',s,''
your,'Y AO R',s,'AO'
presences,'P R EH Z AH N S IH Z',s,'IH'
be,'B IY',s,'IY'
by,'B AY',s,'AY'
me,'M IY',s,'IY'
do,'D OW',s,''
the,'DH AH',s,''
of,'AH V',s,''
be,'B IY',s,'IY'
friends,'F R EH N D Z',s,''
and,'AH N D',s,''
both,'B OW TH',s,''
bend,'B EH N D',s,''
your,'Y AO R',s,'AO'
sharpest,'SH AA R P ǝ S T',s,'AA'
deeds,'D IY D Z',s,'IY'
of,'AH V',s,''
on,'AA N',s,'AA'
this,'DH IH S',s,'IH'
by,'B AY',s,'AY'
east,'e S T',s,''
and,'AH N D',s,''
west,'W EH S T',s,''
let,'L EH T',s,''
and,'AH N D',s,''
england,'IH NG G L AH N D',s,'IH'
their,'DH EH R',s,''
cannon,'K AE N AH N',s,'AE'
to,'T UW',s,'UW'
the,'DH AH',s,''
till,'T IH L',s,'IH'
their,'DH EH R',s,''
soul-fearing,'ˌ S OW L - F IY r IH N',s,'IY IH'
down,'D ǝ UH N',s,'UH'
the,'DH AH',s,''
ribs,'R IH B Z',s,'IH'
of,'AH V',s,''
this,'DH IH S',s,'IH'
contemptuous,'K ǝ N T e M T Y ǝ S',s,''
upon,'AH P AA N',s,'AA'
even,'IY V IH N',s,'IY IH'
till,'T IH L',s,'IH'
desolation,'D EH S AH L EY SH AH N',s,'EY'
them,'DH EH M',s,''
as,'AE Z',s,'AE'
naked,'N EY K AH D',s,'EY'
as,'AE Z',s,'AE'
the,'DH AH',s,''
vulgar,'V ɤ L G ǝ R',s,''
air,'EH R',s,''
that,'DH AE T',s,'AE'
your,'Y AO R',s,'AO'
and,'AH N D',s,''
part,'P AA R T',s,'AA'
your,'Y AO R',s,'AO'
mingled,'M IH NG G AH L D',s,'IH'
again,'ǝ ɡ EH N',s,''
turn,'T ɐ R N',s,''
to,'T UW',s,'UW'
and,'AH N D',s,''
bloody,'B L AH D IY',s,'IY'
to,'T UW',s,'UW'
then,'DH EH N',s,''
in,'IH N',s,'IH'
a,'AH',s,''
moment,'M OW M AH N T',s,''
shall,'SH AE L',s,'AE'
cull,'K ɤ L',s,''
forth,'F AO R TH',s,'AO'
out,'AW T',s,''
of,'AH V',s,''
to,'T UW',s,'UW'
whom,'HH UW M',s,'UW'
in,'IH N',s,'IH'
she,'SH IY',s,'IY'
shall,'SH AE L',s,'AE'
the,'DH AH',s,''
and,'AH N D',s,''
kiss,'K IH S',s,'IH'
him,'HH IH M',s,'IH'
with,'W IH DH',s,'IH'
a,'AH',s,''
you,'Y UW',s,'UW'
this,'DH IH S',s,'IH'
mighty,'M ǝ IH T ǝ IH',s,'IH IH'
it,'IH T',s,'IH'
not,'N AA T',s,'AA'
of,'AH V',s,''
the,'DH AH',s,''
an,'AE N',s,'AE'
if,'IH F',s,'IH'
thou,'DH AW',s,''
hast,'HH AE S T',s,'AE'
the,'DH AH',s,''
of,'AH V',s,''
a,'AH',s,''
being,'B IY IH NG',s,'IY IH'
as,'AE Z',s,'AE'
we,'W IY',s,'IY'
by,'B AY',s,'AY'
this,'DH IH S',s,'IH'
peevish,'P IY V IH SH',s,'IY IH'
turn,'T ɐ R N',s,''
thou,'DH AW',s,''
the,'DH AH',s,''
of,'AH V',s,''
as,'AE Z',s,'AE'
we,'W IY',s,'IY'
will,'W IH L',s,'IH'
ours,'OW R Z',s,''
against,'AH G EH N S T',s,''
and,'AH N D',s,''
when,'ʍ e N',s,''
that,'DH AE T',s,'AE'
we,'W IY',s,'IY'
them,'DH EH M',s,''
to,'T UW',s,'UW'
the,'DH AH',s,''
whhy,'ʍ ǝ IH',s,'IH'
then,'DH EH N',s,''
each,'IY CH',s,'IY'
and,'AH N D',s,''
work,'W AO R K',s,'AO'
upon,'AH P AA N',s,'AA'
for,'F AO R',s,'AO'
heaven,'HH EH V AH N',s,''
or,'AO R',s,'AO'
o,'OW',s,''
prudent,'P R UW D AH N T',s,'UW'
from,'F R AH M',s,''
north,'N AO R TH',s,'AO'
to,'T UW',s,'UW'
and,'AH N D',s,''
shoot,'SH UW T',s,'UW'
in,'IH N',s,'IH'
each,'IY CH',s,'IY'
stir,'S T ɐ R',s,''
them,'DH EH M',s,''
to,'T UW',s,'UW'
it,'IH T',s,'IH'
a,'AH',s,''
that,'DH AE T',s,'AE'
the,'DH AH',s,''
rotten,'R AA T AH N',s,'AA'
carcass,'K AA R K ǝ S',s,'AA'
of,'AH V',s,''
old,'OW L D',s,''
death,'D EH TH',s,''
out,'AW T',s,''
of,'AH V',s,''
his,'HH IH Z',s,'IH'
rags,'R AE G Z',s,'AE'
a,'AH',s,''
indeed,'IH N D IY D',s,'IH IY'
that,'DH AE T',s,'AE'
spits,'S P IH T S',s,'IH'
forth,'F AO R TH',s,'AO'
death,'D EH TH',s,''
and,'AH N D',s,''
mountains,'M AW N T AH N Z',s,''
and,'AH N D',s,''
seas,'S IY Z',s,'IY'
as,'AE Z',s,'AE'
of,'AH V',s,''
as,'AE Z',s,'AE'
maids,'M EY D Z',s,'EY'
of,'AH V',s,''
thirteen,'TH ɐ R T IY N',s,'IY'
do,'D OW',s,''
of,'AH V',s,''
pupppy,'P ɤ P ǝ IH',s,'IH'
dogs,'D AA G Z',s,'AA'
what,'W AH T',s,''
begot,'B IY G AO T',s,'IY AO'
this,'DH IH S',s,'IH'
blood,'B L AH D',s,''
he,'HH IY',s,'IY'
speaks,'S P IY K S',s,'IY'
plain,'P L EH N',s,''
cannon,'K AE N AH N',s,'AE'
and,'AH N D',s,''
and,'AH N D',s,''
he,'HH IY',s,'IY'
the,'DH AH',s,''
with,'W IH DH',s,'IH'
his,'HH IH Z',s,'IH'
our,'OW R',s,''
ears,'IY R Z',s,'IY'
not,'N AA T',s,'AA'
a,'AH',s,''
of,'AH V',s,''
his,'HH IH Z',s,'IH'
but,'B AH T',s,''
buffets,'B ɤ F IH T S',s,'IH'
better,'B e T ə R',s,''
than,'DH AE N',s,'AE'
a,'AH',s,''
fist,'F IH S T',s,'IH'
of,'AH V',s,''
zounds,'Z AW N D Z',s,''
i,'AY',s,'AY'
was,'W AA Z',s,'AA'
never,'N e V ǝ R',s,''
so,'S OW',s,''
with,'W IH DH',s,'IH'
i,'AY',s,'AY'
my,'M AY',s,'AY'
dad,'D AE D',s,'AE'
in,'IH N',s,'IH'
the,'DH AH',s,''
of,'AH V',s,''
in,'IH N',s,'IH'
the,'DH AH',s,''
of,'AH V',s,''
brow,'B r ə UH',s,'UH'
and,'AH N D',s,''
quartered,'K W AA R T ǝ R D',s,'AA'
in,'IH N',s,'IH'
heart,'HH AA R T',s,'AA'
he,'HH IY',s,'IY'
doth,'D AO TH',s,'AO'
himself,'HH IH M S EH L F',s,'IH'
this,'DH IH S',s,'IH'
is,'IH Z',s,'IH'
that,'DH AE T',s,'AE'
and,'AH N D',s,''
and,'AH N D',s,''
quartered,'K W AA R T ǝ R D',s,'AA'
be,'B IY',s,'IY'
in,'IH N',s,'IH'
a,'AH',s,''
so,'S OW',s,''
a,'AH',s,''
as,'AE Z',s,'AE'
he,'HH IY',s,'IY'
mad,'M AE D',s,'AE'
mad,'M AE D',s,'AE'
mad,'M AE D',s,'AE'
composition,'K AA M P AH Z IH SH AH N',s,'AA IH'
to,'T UW',s,'UW'
stop,'S T AA P',s,'AA'
in,'IH N',s,'IH'
the,'DH AH',s,''
hath,'HH AE TH',s,'AE'
departed,'D IH P AA R T IH D',s,'IH AA IH'
with,'W IH DH',s,'IH'
a,'AH',s,''
part,'P AA R T',s,'AA'
and,'AH N D',s,''
on,'AA N',s,'AA'
whom,'HH UW M',s,'UW'
zeal,'Z IY L',s,'IY'
and,'AH N D',s,''
charity,'CH EH R IH T IY',s,'IH IY'
to,'T UW',s,'UW'
the,'DH AH',s,''
field,'F IY L D',s,'IY'
as,'AE Z',s,'AE'
rounded,'R AW N D AH D',s,''
in,'IH N',s,'IH'
the,'DH AH',s,''
ear,'IY R',s,'IY'
with,'W IH DH',s,'IH'
that,'DH AE T',s,'AE'
that,'DH AE T',s,'AE'
sly,'S L AY',s,'AY'
devil,'D IH V ǝ L',s,'IH'
that,'DH AE T',s,'AE'
broker,'B r OW K ə R',s,''
that,'DH AE T',s,'AE'
still,'S T IH L',s,'IH'
breaks,'B R EY K S',s,'EY'
the,'DH AH',s,''
of,'AH V',s,''
faith,'F EY TH',s,'EY'
that,'DH AE T',s,'AE'
he,'HH IY',s,'IY'
that,'DH AE T',s,'AE'
wins,'W IH N Z',s,'IH'
of,'AH V',s,''
all,'AA L',s,'AA'
of,'AH V',s,''
of,'AH V',s,''
beggars,'B e ɡ ə R Z',s,''
old,'OW L D',s,''
men,'M EH N',s,''
men,'M EH N',s,''
maids,'M EY D Z',s,'EY'
who,'HH UW',s,'UW'
no,'N OW',s,''
to,'T UW',s,'UW'
but,'B AH T',s,''
the,'DH AH',s,''
maid,'M EY D',s,'EY'
cheats,'CH IY T S',s,'IY'
the,'DH AH',s,''
poor,'P UH R',s,'UH'
maid,'M EY D',s,'EY'
of,'AH V',s,''
that,'DH AE T',s,'AE'
that,'DH AE T',s,'AE'
gentleman,'JH EH N T AH L M AH N',s,''
the,'DH AH',s,''
of,'AH V',s,''
the,'DH AH',s,''
the,'DH AH',s,''
who,'HH UW',s,'UW'
of,'AH V',s,''
itself,'IH T S EH L F',s,'IH'
is,'IH Z',s,'IH'
well,'W EH L',s,''
to,'T UW',s,'UW'
run,'r ɤ N',s,''
even,'IY V IH N',s,'IY IH'
upon,'AH P AA N',s,'AA'
even,'IY V IH N',s,'IY IH'
till,'T IH L',s,'IH'
this,'DH IH S',s,'IH'
this,'DH IH S',s,'IH'
this,'DH IH S',s,'IH'
of,'AH V',s,''
this,'DH IH S',s,'IH'
it,'IH T',s,'IH'
from,'F R AH M',s,''
all,'AA L',s,'AA'
indifferency,'IH N D IH F r ǝ N S ǝ IH',s,'IH IH IH'
from,'F R AH M',s,''
all,'AA L',s,'AA'
intent,'IH N T EH N T',s,'IH'
and,'AH N D',s,''
this,'DH IH S',s,'IH'
this,'DH IH S',s,'IH'
this,'DH IH S',s,'IH'
this,'DH IH S',s,'IH'
broker,'B r OW K ə R',s,''
this,'DH IH S',s,'IH'
on,'AA N',s,'AA'
the,'DH AH',s,''
of,'AH V',s,''
hath,'HH AE TH',s,'AE'
him,'HH IH M',s,'IH'
from,'F R AH M',s,''
his,'HH IH Z',s,'IH'
aid,'EH D',s,''
from,'F R AH M',s,''
a,'AH',s,''
and,'AH N D',s,''
honorale,'AA N ER AH B AH L',s,'AA'
war,'W AO R',s,'AO'
to,'T UW',s,'UW'
a,'AH',s,''
most,'M OW S T',s,''
and,'AH N D',s,''
and,'AH N D',s,''
whhy,'ʍ ǝ IH',s,'IH'
rail,'r EH L',s,''
i,'AY',s,'AY'
on,'AA N',s,'AA'
this,'DH IH S',s,'IH'
but,'B AH T',s,''
for,'F AO R',s,'AO'
he,'HH IY',s,'IY'
hath,'HH AE TH',s,'AE'
not,'N AA T',s,'AA'
wooed,'W UW D',s,'UW'
me,'M IY',s,'IY'
yet,'Y EH T',s,''
not,'N AA T',s,'AA'
that,'DH AE T',s,'AE'
i,'AY',s,'AY'
the,'DH AH',s,''
to,'T UW',s,'UW'
clutch,'K L ɤ T SH',s,''
my,'M AY',s,'AY'
when,'ʍ e N',s,''
his,'HH IH Z',s,'IH'
fair,'F EH R',s,''
angels,'EY N JH AH L Z',s,'EY'
my,'M AY',s,'AY'
but,'B AH T',s,''
for,'F AO R',s,'AO'
my,'M AY',s,'AY'
as,'AE Z',s,'AE'
yet,'Y EH T',s,''
a,'AH',s,''
poor,'P UH R',s,'UH'
beggar,'B e ɡ ə R',s,''
raileth,'r EH L ǝ TH',s,''
on,'AA N',s,'AA'
the,'DH AH',s,''
rich,'R IH CH',s,'IH'
well,'W EH L',s,''
i,'AY',s,'AY'
am,'AE M',s,'AE'
a,'AH',s,''
beggar,'B e ɡ ə R',s,''
i,'AY',s,'AY'
will,'W IH L',s,'IH'
rail,'r EH L',s,''
and,'AH N D',s,''
is,'IH Z',s,'IH'
no,'N OW',s,''
sin,'S IH N',s,'IH'
but,'B AH T',s,''
to,'T UW',s,'UW'
be,'B IY',s,'IY'
rich,'R IH CH',s,'IH'
and,'AH N D',s,''
being,'B IY IH NG',s,'IY IH'
rich,'R IH CH',s,'IH'
my,'M AY',s,'AY'
then,'DH EH N',s,''
shall,'SH AE L',s,'AE'
be,'B IY',s,'IY'
to,'T UW',s,'UW'
is,'IH Z',s,'IH'
no,'N OW',s,''
but,'B AH T',s,''
break,'B R EY K',s,'EY'
faith,'F EY TH',s,'EY'
upon,'AH P AA N',s,'AA'
gain,'G EH N',s,''
be,'B IY',s,'IY'
my,'M AY',s,'AY'
lord,'L AO R D',s,'AO'
for,'F AO R',s,'AO'
i,'AY',s,'AY'
will,'W IH L',s,'IH'
worship,'W AO R SH IH P',s,'AO IH'
thee,'DH IY',s,'IY'
and,'AH N D',s,''
a,'AH',s,''
on,'AA N',s,'AA'
and,'AH N D',s,''
a,'AH',s,''
on,'AA N',s,'AA'
and,'AH N D',s,''
a,'AH',s,''
on,'AA N',s,'AA'
his,'HH IH Z',s,'IH'
your,'Y AO R',s,'AO'
best,'B EH S T',s,''
carrry,'K AW r ǝ IH',s,'IH'
them,'DH EH M',s,''
but,'B AH T',s,''
a,'AH',s,''
most,'M OW S T',s,''
sweet,'S W IY T',s,'IY'
will,'W IH L',s,'IH'
not,'N AA T',s,'AA'
be,'B IY',s,'IY'
will,'W IH L',s,'IH'
not,'N AA T',s,'AA'
a,'AH',s,''
stop,'S T AA P',s,'AA'
that,'DH AE T',s,'AE'
of,'AH V',s,''
old,'OW L D',s,''
the,'DH AH',s,''
clockk-setter,'K L ɒ K - ˌ S e T ǝ R',s,''
that,'DH AE T',s,'AE'
bald,'B AA L D',s,'AA'
is,'IH Z',s,'IH'
it,'IH T',s,'IH'
as,'AE Z',s,'AE'
he,'HH IY',s,'IY'
will,'W IH L',s,'IH'
well,'W EH L',s,''
then,'DH EH N',s,''
shall,'SH AE L',s,'AE'
rue,'R UW',s,'UW'
by,'B AY',s,'AY'
my,'M AY',s,'AY'
this,'DH IH S',s,'IH'
wondrous,'W AH N D R AH S',s,''
hot,'HH AA T',s,'AA'
airy,'EH R IY',s,'IY'
devil,'D IH V ǝ L',s,'IH'
in,'IH N',s,'IH'
the,'DH AH',s,''
sky,'S K AY',s,'AY'
and,'AH N D',s,''
pours,'P AO R Z',s,'AO'
down,'D ǝ UH N',s,'UH'
miscchief,'M IH S CH AH F',s,'IH'
austria's,'AO S T R IY AH Z',s,'AO IY'
my,'M AY',s,'AY'
lord,'L AO R D',s,'AO'
i,'AY',s,'AY'
is,'IH Z',s,'IH'
in,'IH N',s,'IH'
safety,'S EH F T ǝ IH',s,'IH'
fear,'F IY R',s,'IY'
you,'Y UW',s,'UW'
not,'N AA T',s,'AA'
but,'B AH T',s,''
on,'AA N',s,'AA'
my,'M AY',s,'AY'
for,'F AO R',s,'AO'
very,'V EH R IY',s,'IY'
pains,'P EH N Z',s,''
will,'W IH L',s,'IH'
this,'DH IH S',s,'IH'
to,'T UW',s,'UW'
an,'AE N',s,'AE'
end,'EH N D',s,''
bell,'B EH L',s,''
book,'B UH K',s,'UH'
and,'AH N D',s,''
shall,'SH AE L',s,'AE'
not,'N AA T',s,'AA'
me,'M IY',s,'IY'
back,'B AE K',s,'AE'
when,'ʍ e N',s,''
gold,'G OW L D',s,''
and,'AH N D',s,''
me,'M IY',s,'IY'
to,'T UW',s,'UW'
on,'AA N',s,'AA'
i,'AY',s,'AY'
your,'Y AO R',s,'AO'
i,'AY',s,'AY'
will,'W IH L',s,'IH'
if,'IH F',s,'IH'
i,'AY',s,'AY'
to,'T UW',s,'UW'
be,'B IY',s,'IY'
holy,'HH OW L IY',s,'IY'
for,'F AO R',s,'AO'
your,'Y AO R',s,'AO'
fair,'F EH R',s,''
safety,'S EH F T ǝ IH',s,'IH'
so,'S OW',s,''
i,'AY',s,'AY'
kiss,'K IH S',s,'IH'
your,'Y AO R',s,'AO'
but,'B AH T',s,''
if,'IH F',s,'IH'
you,'Y UW',s,'UW'
be,'B IY',s,'IY'
to,'T UW',s,'UW'
the,'DH AH',s,''
worst,'W AO R S T',s,'AO'
then,'DH EH N',s,''
let,'L EH T',s,''
the,'DH AH',s,''
worst,'W AO R S T',s,'AO'
fall,'F AA L',s,'AA'
on,'AA N',s,'AA'
your,'Y AO R',s,'AO'
i,'AY',s,'AY'
sped,'S P EH D',s,''
the,'DH AH',s,''
the,'DH AH',s,''
sums,'S ɤ M Z',s,''
i,'AY',s,'AY'
collected,'K AH L EH K T AH D',s,''
shall,'SH AE L',s,'AE'
but,'B AH T',s,''
as,'AE Z',s,'AE'
i,'AY',s,'AY'
the,'DH AH',s,''
land,'L AE N D',s,'AE'
i,'AY',s,'AY'
the,'DH AH',s,''
with,'W IH DH',s,'IH'
full,'F UH L',s,'UH'
of,'AH V',s,''
dreams,'D R IY M Z',s,'IY'
not,'N AA T',s,'AA'
what,'W AH T',s,''
fear,'F IY R',s,'IY'
but,'B AH T',s,''
full,'F UH L',s,'UH'
of,'AH V',s,''
fear,'F IY R',s,'IY'
and,'AH N D',s,''
a,'AH',s,''
that,'DH AE T',s,'AE'
i,'AY',s,'AY'
with,'W IH DH',s,'IH'
me,'M IY',s,'IY'
from,'F R AH M',s,''
forth,'F AO R TH',s,'AO'
the,'DH AH',s,''
streets,'S T R IY T S',s,'IY'
of,'AH V',s,''
pomfret,'P ɤ M F r IH T',s,'IH'
whom,'HH UW M',s,'UW'
i,'AY',s,'AY'
with,'W IH DH',s,'IH'
hundreds,'HH AH N D R AH D Z',s,''
on,'AA N',s,'AA'
his,'HH IH Z',s,'IH'
to,'T UW',s,'UW'
whom,'HH UW M',s,'UW'
he,'HH IY',s,'IY'
in,'IH N',s,'IH'
that,'DH AE T',s,'AE'
the,'DH AH',s,''
at,'AE T',s,'AE'
noon,'N UW N',s,'UW'
your,'Y AO R',s,'AO'
deliver,'D IH L IH V ǝ R',s,'IH IH'
up,'AH P',s,''
your,'Y AO R',s,'AO'
crown,'K r ǝ UH N',s,'UH'
the,'DH AH',s,''
french,'F R EH N CH',s,''
my,'M AY',s,'AY'
lord,'L AO R D',s,'AO'
full,'F UH L',s,'UH'
of,'AH V',s,''
it,'IH T',s,'IH'
besides,'B IH S ə IH D Z',s,'IH IH'
i,'AY',s,'AY'
met,'M EH T',s,''
lord,'L AO R D',s,'AO'
bigot,'B IH G AH T',s,'IH'
and,'AH N D',s,''
lord,'L AO R D',s,'AO'
with,'W IH DH',s,'IH'
as,'AE Z',s,'AE'
red,'R EH D',s,''
as,'AE Z',s,'AE'
and,'AH N D',s,''
going,'G OW IH N',s,'IH'
to,'T UW',s,'UW'
seek,'S IY K',s,'IY'
the,'DH AH',s,''
of,'AH V',s,''
whom,'HH UW M',s,'UW'
is,'IH Z',s,'IH'
on,'AA N',s,'AA'
your,'Y AO R',s,'AO'
i,'AY',s,'AY'
will,'W IH L',s,'IH'
seek,'S IY K',s,'IY'
them,'DH EH M',s,''
out,'AW T',s,''
the,'DH AH',s,''
spirit,'S P IH R AH T',s,'IH'
of,'AH V',s,''
the,'DH AH',s,''
shall,'SH AE L',s,'AE'
teach,'T IY CH',s,'IY'
me,'M IY',s,'IY'
speed,'S P IY D',s,'IY'
well,'W EH L',s,''
met,'M EH T',s,''
lords,'L AO R D Z',s,'AO'
the,'DH AH',s,''
by,'B AY',s,'AY'
me,'M IY',s,'IY'
your,'Y AO R',s,'AO'
you,'Y UW',s,'UW'
think,'TH IH NG K',s,'IH'
good,'G UH D',s,'UH'
i,'AY',s,'AY'
think,'TH IH NG K',s,'IH'
wre,'W ER',s,''
best,'B EH S T',s,''
but,'B AH T',s,''
is,'IH Z',s,'IH'
reason,'r EH Z ǝ N',s,''
in,'IH N',s,'IH'
your,'Y AO R',s,'AO'
grief,'G R IY F',s,'IY'
therefre,'DH EH R F AO R',s,'AO'
reason,'r EH Z ǝ N',s,''
you,'Y UW',s,'UW'
had,'HH AE D',s,'AE'
true,'T R UW',s,'UW'
to,'T UW',s,'UW'
his,'HH IH Z',s,'IH'
master,'M AW S T ǝ R',s,''
no,'N OW',s,''
it,'IH T',s,'IH'
is,'IH Z',s,'IH'
a,'AH',s,''
and,'AH N D',s,''
a,'AH',s,''
bloody,'B L AH D IY',s,'IY'
work,'W AO R K',s,'AO'
the,'DH AH',s,''
action,'AE K SH AH N',s,'AE'
of,'AH V',s,''
a,'AH',s,''
heavy,'e V ǝ IH',s,'IH'
if,'IH F',s,'IH'
that,'DH AE T',s,'AE'
it,'IH T',s,'IH'
be,'B IY',s,'IY'
the,'DH AH',s,''
work,'W AO R K',s,'AO'
of,'AH V',s,''
your,'Y AO R',s,'AO'
is,'IH Z',s,'IH'
put,'P UH T',s,'UH'
it,'IH T',s,'IH'
up,'AH P',s,''
again,'ǝ ɡ EH N',s,''
keep,'K IY P',s,'IY'
the,'DH AH',s,''
i,'AY',s,'AY'
thou,'DH AW',s,''
better,'B e T ə R',s,''
gall,'G AA L',s,'AA'
the,'DH AH',s,''
devil,'D IH V ǝ L',s,'IH'
if,'IH F',s,'IH'
thou,'DH AW',s,''
but,'B AH T',s,''
frown,'F r ǝ UH N',s,'UH'
on,'AA N',s,'AA'
me,'M IY',s,'IY'
or,'AO R',s,'AO'
stir,'S T ɐ R',s,''
foot,'F UH T',s,'UH'
or,'AO R',s,'AO'
teach,'T IY CH',s,'IY'
hasty,'HH EY S T IY',s,'EY IY'
spleen,'S P L IY N',s,'IY'
to,'T UW',s,'UW'
do,'D OW',s,''
me,'M IY',s,'IY'
thee,'DH IY',s,'IY'
dead,'D EH D',s,''
put,'P UH T',s,'UH'
up,'AH P',s,''
or,'AO R',s,'AO'
so,'S OW',s,''
maul,'M AO L',s,'AO'
you,'Y UW',s,'UW'
and,'AH N D',s,''
your,'Y AO R',s,'AO'
that,'DH AE T',s,'AE'
you,'Y UW',s,'UW'
shall,'SH AE L',s,'AE'
think,'TH IH NG K',s,'IH'
the,'DH AH',s,''
devil,'D IH V ǝ L',s,'IH'
is,'IH Z',s,'IH'
from,'F R AH M',s,''
a,'AH',s,''
good,'G UH D',s,'UH'
you,'Y UW',s,'UW'
of,'AH V',s,''
this,'DH IH S',s,'IH'
fair,'F EH R',s,''
work,'W AO R K',s,'AO'
the,'DH AH',s,''
and,'AH N D',s,''
boundless,'B AW N D L AH S',s,''
reach,'R IY CH',s,'IY'
of,'AH V',s,''
if,'IH F',s,'IH'
thou,'DH AW',s,''
this,'DH IH S',s,'IH'
deed,'D IY D',s,'IY'
of,'AH V',s,''
death,'D EH TH',s,''
art,'AA R T',s,'AA'
thou,'DH AW',s,''
hubert,'Y UW B ǝ R T',s,'UW'
tell,'T EH L',s,''
thee,'DH IY',s,'IY'
what,'W AH T',s,''
thou,'DH AW',s,''
as,'AE Z',s,'AE'
is,'IH Z',s,'IH'
so,'S OW',s,''
black,'B L AE K',s,'AE'
thou,'DH AW',s,''
art,'AA R T',s,'AA'
deep,'D IY P',s,'IY'
than,'DH AE N',s,'AE'
is,'IH Z',s,'IH'
not,'N AA T',s,'AA'
yet,'Y EH T',s,''
so,'S OW',s,''
a,'AH',s,''
fiend,'F IY N D',s,'IY'
of,'AH V',s,''
as,'AE Z',s,'AE'
thou,'DH AW',s,''
shalt,'SH AE L T',s,'AE'
be,'B IY',s,'IY'
if,'IH F',s,'IH'
thou,'DH AW',s,''
kill,'K IH L',s,'IH'
this,'DH IH S',s,'IH'
child,'CH AY L D',s,'AY'
if,'IH F',s,'IH'
thou,'DH AW',s,''
but,'B AH T',s,''
consent,'K AH N S EH N T',s,''
to,'T UW',s,'UW'
this,'DH IH S',s,'IH'
most,'M OW S T',s,''
act,'AE K T',s,'AE'
do,'D OW',s,''
but,'B AH T',s,''
despair,'D IH S P EH R',s,'IH'
and,'AH N D',s,''
if,'IH F',s,'IH'
thou,'DH AW',s,''
a,'AH',s,''
cord,'K AO R D',s,'AO'
the,'DH AH',s,''
smallest,'S M AA L ǝ S T',s,'AA'
that,'DH AE T',s,'AE'
twisted,'T W IH S T AH D',s,'IH'
from,'F R AH M',s,''
will,'W IH L',s,'IH'
seve,'S ER V',s,''
to,'T UW',s,'UW'
thee,'DH IY',s,'IY'
a,'AH',s,''
rush,'r ɤ SH',s,''
will,'W IH L',s,'IH'
be,'B IY',s,'IY'
a,'AH',s,''
beam,'B IY M',s,'IY'
to,'T UW',s,'UW'
thee,'DH IY',s,'IY'
on,'AA N',s,'AA'
or,'AO R',s,'AO'
thou,'DH AW',s,''
drown,'D r ǝ UH N',s,'UH'
put,'P UH T',s,'UH'
but,'B AH T',s,''
a,'AH',s,''
water,'W AA T ǝ R',s,'AA'
in,'IH N',s,'IH'
a,'AH',s,''
spoon,'S P UW N',s,'UW'
and,'AH N D',s,''
it,'IH T',s,'IH'
shall,'SH AE L',s,'AE'
be,'B IY',s,'IY'
as,'AE Z',s,'AE'
all,'AA L',s,'AA'
the,'DH AH',s,''
ocean,'OW SH AH N',s,''
to,'T UW',s,'UW'
a,'AH',s,''
villain,'V IH L AH N',s,'IH'
up,'AH P',s,''
i,'AY',s,'AY'
do,'D OW',s,''
suspect,'S ǝ S P e K T',s,''
thee,'DH IY',s,'IY'
very,'V EH R IY',s,'IY'
go,'G OW',s,''
bear,'B EH R',s,''
him,'HH IH M',s,'IH'
in,'IH N',s,'IH'
arms,'AA R M Z',s,'AA'
i,'AY',s,'AY'
am,'AE M',s,'AE'
methinks,'M IH TH IH NG K S',s,'IH IH'
and,'AH N D',s,''
my,'M AY',s,'AY'
the,'DH AH',s,''
thorns,'TH AO R N Z',s,'AO'
and,'AH N D',s,''
of,'AH V',s,''
this,'DH IH S',s,'IH'
dost,'D AA S T',s,'AA'
thou,'DH AW',s,''
all,'AA L',s,'AA'
england,'IH NG G L AH N D',s,'IH'
up,'AH P',s,''
from,'F R AH M',s,''
forth,'F AO R TH',s,'AO'
this,'DH IH S',s,'IH'
morsel,'M AO R S AH L',s,'AO'
of,'AH V',s,''
dead,'D EH D',s,''
the,'DH AH',s,''
the,'DH AH',s,''
and,'AH N D',s,''
truth,'T R UW TH',s,'UW'
of,'AH V',s,''
all,'AA L',s,'AA'
this,'DH IH S',s,'IH'
realm,'R EH L M',s,''
is,'IH Z',s,'IH'
fled,'F L EH D',s,''
to,'T UW',s,'UW'
heaven,'HH EH V AH N',s,''
and,'AH N D',s,''
england,'IH NG G L AH N D',s,'IH'
is,'IH Z',s,'IH'
left,'L EH F T',s,''
to,'T UW',s,'UW'
tug,'T AH G',s,''
and,'AH N D',s,''
and,'AH N D',s,''
to,'T UW',s,'UW'
part,'P AA R T',s,'AA'
by,'B AY',s,'AY'
teeth,'T IY TH',s,'IY'
the,'DH AH',s,''
of,'AH V',s,''
for,'F AO R',s,'AO'
the,'DH AH',s,''
of,'AH V',s,''
majesty,'M AE JH AH S T IY',s,'AE IY'
doth,'D AO TH',s,'AO'
war,'W AO R',s,'AO'
his,'HH IH Z',s,'IH'
angry,'AE NG G R IY',s,'AE IY'
crest,'K R EH S T',s,''
and,'AH N D',s,''
in,'IH N',s,'IH'
the,'DH AH',s,''
of,'AH V',s,''
from,'F R AH M',s,''
hme,'OW M',s,''
and,'AH N D',s,''
at,'AE T',s,'AE'
hme,'OW M',s,''
meet,'M IY T',s,'IY'
in,'IH N',s,'IH'
and,'AH N D',s,''
vast,'V AW S T',s,''
waits,'W EH T S',s,''
as,'AE Z',s,'AE'
doth,'D AO TH',s,'AO'
a,'AH',s,''
raven,'R EY V AH N',s,'EY'
on,'AA N',s,'AA'
a,'AH',s,''
beast,'B e S T',s,''
the,'DH AH',s,''
of,'AH V',s,''
wrested,'R EH S T IH D',s,'IH'
pomp,'P AA M P',s,'AA'
he,'HH IY',s,'IY'
cloak,'K L OW K',s,''
and,'AH N D',s,''
can,'K AE N',s,'AE'
out,'AW T',s,''
this,'DH IH S',s,'IH'
tempest,'T EH M P AH S T',s,''
bear,'B EH R',s,''
that,'DH AE T',s,'AE'
child,'CH AY L D',s,'AY'
and,'AH N D',s,''
me,'M IY',s,'IY'
with,'W IH DH',s,'IH'
speed,'S P IY D',s,'IY'
to,'T UW',s,'UW'
the,'DH AH',s,''
a,'AH',s,''
brief,'B R IY F',s,'IY'
in,'IH N',s,'IH'
and,'AH N D',s,''
heaven,'HH EH V AH N',s,''
itself,'IH T S EH L F',s,'IH'
doth,'D AO TH',s,'AO'
frown,'F r ǝ UH N',s,'UH'
upon,'AH P AA N',s,'AA'
the,'DH AH',s,''
land,'L AE N D',s,'AE'
all,'AA L',s,'AA'
kent,'K EH N T',s,''
hath,'HH AE TH',s,'AE'
yielded,'Y IY L D AH D',s,'IY'
out,'AW T',s,''
but,'B AH T',s,''
dover,'D OW V ǝ R',s,''
london,'L AH N D AH N',s,''
hath,'HH AE TH',s,'AE'
a,'AH',s,''
the,'DH AH',s,''
and,'AH N D',s,''
his,'HH IH Z',s,'IH'
your,'Y AO R',s,'AO'
nobles,'N OW B AH L Z',s,''
will,'W IH L',s,'IH'
not,'N AA T',s,'AA'
you,'Y UW',s,'UW'
but,'B AH T',s,''
to,'T UW',s,'UW'
offer,'ɒ F ǝ R',s,''
to,'T UW',s,'UW'
your,'Y AO R',s,'AO'
enemy,'EH N AH M IY',s,'IY'
and,'AH N D',s,''
hurries,'ɤ r ǝ IH Z',s,'IH'
up,'AH P',s,''
and,'AH N D',s,''
down,'D ǝ UH N',s,'UH'
the,'DH AH',s,''
of,'AH V',s,''
your,'Y AO R',s,'AO'
friends,'F R EH N D Z',s,''
him,'HH IH M',s,'IH'
dead,'D EH D',s,''
and,'AH N D',s,''
cast,'K AW S T',s,''
into,'IH N T UW',s,'IH UW'
the,'DH AH',s,''
streets,'S T R IY T S',s,'IY'
an,'AE N',s,'AE'
empty,'e M T ǝ IH',s,'IH'
casket,'K AW S K IH T',s,'IH'
the,'DH AH',s,''
of,'AH V',s,''
by,'B AY',s,'AY'
was,'W AA Z',s,'AA'
and,'AH N D',s,''
so,'S OW',s,''
on,'AA N',s,'AA'
my,'M AY',s,'AY'
soul,'S OW L',s,''
he,'HH IY',s,'IY'
did,'D IH D',s,'IH'
for,'F AO R',s,'AO'
he,'HH IY',s,'IY'
but,'B AH T',s,''
do,'D OW',s,''
you,'Y UW',s,'UW'
droop,'D R UW P',s,'UW'
whhy,'ʍ ǝ IH',s,'IH'
look,'L UH K',s,'UH'
you,'Y UW',s,'UW'
sad,'S AE D',s,'AE'
be,'B IY',s,'IY'
great,'G r e T',s,''
in,'IH N',s,'IH'
act,'AE K T',s,'AE'
as,'AE Z',s,'AE'
you,'Y UW',s,'UW'
been,'B IH N',s,'IH'
in,'IH N',s,'IH'
let,'L EH T',s,''
not,'N AA T',s,'AA'
the,'DH AH',s,''
see,'S IY',s,'IY'
fear,'F IY R',s,'IY'
and,'AH N D',s,''
sad,'S AE D',s,'AE'
distrust,'D IH S T r ɤ S T',s,'IH'
govern,'G ɤ V ǝ R N',s,''
the,'DH AH',s,''
of,'AH V',s,''
a,'AH',s,''
be,'B IY',s,'IY'
as,'AE Z',s,'AE'
the,'DH AH',s,''
be,'B IY',s,'IY'
with,'W IH DH',s,'IH'
the,'DH AH',s,''
and,'AH N D',s,''
the,'DH AH',s,''
brow,'B r ə UH',s,'UH'
of,'AH V',s,''
so,'S OW',s,''
shall,'SH AE L',s,'AE'
inferior,'IH N F IH R IY ER',s,'IH IH IY'
that,'DH AE T',s,'AE'
their,'DH EH R',s,''
behaviors,'B IH HH EY V Y ER Z',s,'IH EY'
from,'F R AH M',s,''
the,'DH AH',s,''
great,'G r e T',s,''
great,'G r e T',s,''
by,'B AY',s,'AY'
your,'Y AO R',s,'AO'
and,'AH N D',s,''
put,'P UH T',s,'UH'
on,'AA N',s,'AA'
the,'DH AH',s,''
spirit,'S P IH R AH T',s,'IH'
of,'AH V',s,''
and,'AH N D',s,''
glister,'G L IH S T ǝ R',s,'IH'
the,'DH AH',s,''
god,'G AA D',s,'AA'
of,'AH V',s,''
war,'W AO R',s,'AO'
when,'ʍ e N',s,''
he,'HH IY',s,'IY'
to,'T UW',s,'UW'
the,'DH AH',s,''
field,'F IY L D',s,'IY'
boldness,'B OW L D N ə S',s,''
and,'AH N D',s,''
what,'W AH T',s,''
shall,'SH AE L',s,'AE'
seek,'S IY K',s,'IY'
the,'DH AH',s,''
in,'IH N',s,'IH'
his,'HH IH Z',s,'IH'
den,'D EH N',s,''
and,'AH N D',s,''
him,'HH IH M',s,'IH'
and,'AH N D',s,''
him,'HH IH M',s,'IH'
o,'OW',s,''
let,'L EH T',s,''
it,'IH T',s,'IH'
not,'N AA T',s,'AA'
be,'B IY',s,'IY'
said,'S EH D',s,''
and,'AH N D',s,''
run,'r ɤ N',s,''
to,'T UW',s,'UW'
meet,'M IY T',s,'IY'
from,'F R AH M',s,''
the,'DH AH',s,''
doors,'D AO R Z',s,'AO'
and,'AH N D',s,''
with,'W IH DH',s,'IH'
him,'HH IH M',s,'IH'
he,'HH IY',s,'IY'
so,'S OW',s,''
o,'OW',s,''
shall,'SH AE L',s,'AE'
we,'W IY',s,'IY'
upon,'AH P AA N',s,'AA'
the,'DH AH',s,''
of,'AH V',s,''
our,'OW R',s,''
land,'L AE N D',s,'AE'
send,'S EH N D',s,''
and,'AH N D',s,''
parley,'P AA R L ǝ IH',s,'AA IH'
and,'AH N D',s,''
to,'T UW',s,'UW'
arms,'AA R M Z',s,'AA'
shall,'SH AE L',s,'AE'
a,'AH',s,''
a,'AH',s,''
silken,'S IH L K AH N',s,'IH'
wanton,'W AA N T ǝ N',s,'AA'
our,'OW R',s,''
fields,'F IY L D Z',s,'IY'
and,'AH N D',s,''
flesh,'F L EH SH',s,''
his,'HH IH Z',s,'IH'
spirit,'S P IH R AH T',s,'IH'
in,'IH N',s,'IH'
a,'AH',s,''
the,'DH AH',s,''
air,'EH R',s,''
with,'W IH DH',s,'IH'
idly,'AY D L IY',s,'AY IY'
spread,'S P R EH D',s,''
and,'AH N D',s,''
no,'N OW',s,''
check,'CH EH K',s,''
let,'L EH T',s,''
us,'AH S',s,''
my,'M AY',s,'AY'
to,'T UW',s,'UW'
arms,'AA R M Z',s,'AA'
perchace,'P ER CH AE N S',s,'AE'
the,'DH AH',s,''
cardinal,'K AA R D AH N AH L',s,'AA'
cannot,'K AE N AA T',s,'AE AA'
your,'Y AO R',s,'AO'
or,'AO R',s,'AO'
if,'IH F',s,'IH'
he,'HH IY',s,'IY'
do,'D OW',s,''
let,'L EH T',s,''
it,'IH T',s,'IH'
at,'AE T',s,'AE'
least,'L IY S T',s,'IY'
be,'B IY',s,'IY'
said,'S EH D',s,''
we,'W IY',s,'IY'
had,'HH AE D',s,'AE'
a,'AH',s,''
of,'AH V',s,''
then,'DH EH N',s,''
with,'W IH DH',s,'IH'
good,'G UH D',s,'UH'
yet,'Y EH T',s,''
i,'AY',s,'AY'
our,'OW R',s,''
party,'P AA R T IY',s,'AA IY'
well,'W EH L',s,''
meet,'M IY T',s,'IY'
a,'AH',s,''
foe,'F OW',s,''
to,'T UW',s,'UW'
the,'DH AH',s,''
fair,'F EH R',s,''
of,'AH V',s,''
the,'DH AH',s,''
let,'L EH T',s,''
me,'M IY',s,'IY'
i,'AY',s,'AY'
am,'AE M',s,'AE'
sent,'S EH N T',s,''
to,'T UW',s,'UW'
speak,'S P IY K',s,'IY'
my,'M AY',s,'AY'
holy,'HH OW L IY',s,'IY'
lord,'L AO R D',s,'AO'
of,'AH V',s,''
milan,'M AH L AA N',s,'AA'
from,'F R AH M',s,''
the,'DH AH',s,''
i,'AY',s,'AY'
to,'T UW',s,'UW'
you,'Y UW',s,'UW'
dealt,'D EH L T',s,''
for,'F AO R',s,'AO'
him,'HH IH M',s,'IH'
and,'AH N D',s,''
as,'AE Z',s,'AE'
you,'Y UW',s,'UW'
i,'AY',s,'AY'
do,'D OW',s,''
the,'DH AH',s,''
and,'AH N D',s,''
warrant,'W AA r ǝ N T',s,'AA'
limited,'L IH M AH T AH D',s,'IH'
unto,'AH N T UW',s,'UW'
my,'M AY',s,'AY'
by,'B AY',s,'AY'
all,'AA L',s,'AA'
the,'DH AH',s,''
blood,'B L AH D',s,''
that,'DH AE T',s,'AE'
the,'DH AH',s,''
youth,'Y UW TH',s,'UW'
well,'W EH L',s,''
our,'OW R',s,''
english,'IH NG G L IH SH',s,'IH IH'
for,'F AO R',s,'AO'
thus,'DH ɤ S',s,''
his,'HH IH Z',s,'IH'
doth,'D AO TH',s,'AO'
speak,'S P IY K',s,'IY'
in,'IH N',s,'IH'
me,'M IY',s,'IY'
he,'HH IY',s,'IY'
is,'IH Z',s,'IH'
reason,'r EH Z ǝ N',s,''
too,'T UW',s,'UW'
he,'HH IY',s,'IY'
this,'DH IH S',s,'IH'
apish,'EH P IH SH',s,'IH'
and,'AH N D',s,''
appproach,'ǝ P r OW T SH',s,''
this,'DH IH S',s,'IH'
and,'AH N D',s,''
revel,'R EH V AH L',s,''
this,'DH IH S',s,'IH'
and,'AH N D',s,''
troops,'T R UW P S',s,'UW'
the,'DH AH',s,''
doth,'D AO TH',s,'AO'
at,'AE T',s,'AE'
and,'AH N D',s,''
is,'IH Z',s,'IH'
well,'W EH L',s,''
to,'T UW',s,'UW'
whip,'ʍ IH P',s,'IH'
this,'DH IH S',s,'IH'
war,'W AO R',s,'AO'
pigmy,'P IH G M IY',s,'IH IY'
arms,'AA R M Z',s,'AA'
from,'F R AH M',s,''
out,'AW T',s,''
the,'DH AH',s,''
of,'AH V',s,''
his,'HH IH Z',s,'IH'
territories,'T EH R AH T AO R IY Z',s,'AO IY'
that,'DH AE T',s,'AE'
had,'HH AE D',s,'AE'
the,'DH AH',s,''
strength,'S T R EH NG K TH',s,''
even,'IY V IH N',s,'IY IH'
at,'AE T',s,'AE'
your,'Y AO R',s,'AO'
door,'D AO R',s,'AO'
to,'T UW',s,'UW'
cudgel,'K ɤ D ZH ǝ L',s,''
you,'Y UW',s,'UW'
and,'AH N D',s,''
you,'Y UW',s,'UW'
the,'DH AH',s,''
to,'T UW',s,'UW'
buckets,'B AH K AH T S',s,''
in,'IH N',s,'IH'
to,'T UW',s,'UW'
in,'IH N',s,'IH'
litter,'L IH T ǝ R',s,'IH'
of,'AH V',s,''
your,'Y AO R',s,'AO'
planks,'P L AE NG K S',s,'AE'
to,'T UW',s,'UW'
up,'AH P',s,''
in,'IH N',s,'IH'
chests,'CH EH S T S',s,''
and,'AH N D',s,''
trunks,'T r ɤ NG K S',s,''
to,'T UW',s,'UW'
hug,'HH AH G',s,''
with,'W IH DH',s,'IH'
to,'T UW',s,'UW'
seek,'S IY K',s,'IY'
sweet,'S W IY T',s,'IY'
safety,'S EH F T ǝ IH',s,'IH'
out,'AW T',s,''
in,'IH N',s,'IH'
vaults,'V AO L T S',s,'AO'
and,'AH N D',s,''
prisons,'P R IH Z AH N Z',s,'IH'
and,'AH N D',s,''
to,'T UW',s,'UW'
and,'AH N D',s,''
even,'IY V IH N',s,'IY IH'
at,'AE T',s,'AE'
the,'DH AH',s,''
crying,'K r ǝ IH IH N',s,'IH IH'
of,'AH V',s,''
your,'Y AO R',s,'AO'
this,'DH IH S',s,'IH'
an,'AE N',s,'AE'
shall,'SH AE L',s,'AE'
that,'DH AE T',s,'AE'
be,'B IY',s,'IY'
that,'DH AE T',s,'AE'
in,'IH N',s,'IH'
your,'Y AO R',s,'AO'
you,'Y UW',s,'UW'
no,'N OW',s,''
the,'DH AH',s,''
gallant,'G AE L AH N T',s,'AE'
monarch,'M AA N AA R K',s,'AA AA'
is,'IH Z',s,'IH'
in,'IH N',s,'IH'
arms,'AA R M Z',s,'AA'
and,'AH N D',s,''
an,'AE N',s,'AE'
his,'HH IH Z',s,'IH'
aerie,'EH R IY',s,'IY'
to,'T UW',s,'UW'
annoyace,'AH N OY AH N S',s,''
that,'DH AE T',s,'AE'
near,'N IY R',s,'IY'
his,'HH IH Z',s,'IH'
nest,'N EH S T',s,''
and,'AH N D',s,''
you,'Y UW',s,'UW'
degenerte,'D IH JH EH N ER AH T',s,'IH'
you,'Y UW',s,'UW'
revolts,'r IH V ɒ L T S',s,'IH'
you,'Y UW',s,'UW'
bloody,'B L AH D IY',s,'IY'
up,'AH P',s,''
the,'DH AH',s,''
of,'AH V',s,''
your,'Y AO R',s,'AO'
dear,'D IY R',s,'IY'
england,'IH NG G L AH N D',s,'IH'
blush,'B L ɤ SH',s,''
for,'F AO R',s,'AO'
for,'F AO R',s,'AO'
your,'Y AO R',s,'AO'
ladies,'L EY D IY Z',s,'EY IY'
and,'AH N D',s,''
pale-visaged,'ˌ P EH L - V IH Z IH D ZH D',s,'IH IH'
maids,'M EY D Z',s,'EY'
after,'AW F T ǝ R',s,''
drums,'D R AH M Z',s,''
their,'DH EH R',s,''
into,'IH N T UW',s,'IH UW'
their,'DH EH R',s,''
needles,'N IY D AH L Z',s,'IY'
to,'T UW',s,'UW'
and,'AH N D',s,''
their,'DH EH R',s,''
hearts,'HH AA R T S',s,'AA'
to,'T UW',s,'UW'
and,'AH N D',s,''
bloody,'B L AH D IY',s,'IY'
no,'N OW',s,''
i,'AY',s,'AY'
will,'W IH L',s,'IH'
speak,'S P IY K',s,'IY'
indeed,'IH N D IY D',s,'IH IY'
your,'Y AO R',s,'AO'
drums,'D R AH M Z',s,''
being,'B IY IH NG',s,'IY IH'
beaten,'B IY T ə N',s,'IY'
will,'W IH L',s,'IH'
out,'AW T',s,''
and,'AH N D',s,''
so,'S OW',s,''
shall,'SH AE L',s,'AE'
you,'Y UW',s,'UW'
being,'B IY IH NG',s,'IY IH'
beaten,'B IY T ə N',s,'IY'
do,'D OW',s,''
but,'B AH T',s,''
start,'S T AA R T',s,'AA'
an,'AE N',s,'AE'
echo,'e K OW',s,''
with,'W IH DH',s,'IH'
the,'DH AH',s,''
of,'AH V',s,''
drum,'D R AH M',s,''
and,'AH N D',s,''
even,'IY V IH N',s,'IY IH'
at,'AE T',s,'AE'
a,'AH',s,''
drum,'D R AH M',s,''
is,'IH Z',s,'IH'
ready,'R EH D IY',s,'IY'
that,'DH AE T',s,'AE'
shall,'SH AE L',s,'AE'
reverberte,'r IH V ɐ R B r ǝ T',s,'IH'
all,'AA L',s,'AA'
as,'AE Z',s,'AE'
as,'AE Z',s,'AE'
but,'B AH T',s,''
another,'ǝ N ɤ DH ǝ R',s,''
and,'AH N D',s,''
another,'ǝ N ɤ DH ǝ R',s,''
shall,'SH AE L',s,'AE'
as,'AE Z',s,'AE'
as,'AE Z',s,'AE'
the,'DH AH',s,''
ear,'IY R',s,'IY'
and,'AH N D',s,''
mock,'M AA K',s,'AA'
the,'DH AH',s,''
for,'F AO R',s,'AO'
at,'AE T',s,'AE'
not,'N AA T',s,'AA'
to,'T UW',s,'UW'
this,'DH IH S',s,'IH'
whom,'HH UW M',s,'UW'
he,'HH IY',s,'IY'
hath,'HH AE TH',s,'AE'
used,'Y UW Z D',s,'UW'
for,'F AO R',s,'AO'
sport,'S P AO R T',s,'AO'
than,'DH AE N',s,'AE'
need,'N IY D',s,'IY'
is,'IH Z',s,'IH'
and,'AH N D',s,''
in,'IH N',s,'IH'
his,'HH IH Z',s,'IH'
sits,'S IH T S',s,'IH'
a,'AH',s,''
death,'D EH TH',s,''
is,'IH Z',s,'IH'
this,'DH IH S',s,'IH'
to,'T UW',s,'UW'
feast,'F e S T',s,''
upon,'AH P AA N',s,'AA'
thousands,'TH AW Z AH N D Z',s,''
of,'AH V',s,''
the,'DH AH',s,''
french,'F R EH N CH',s,''
and,'AH N D',s,''
thou,'DH AW',s,''
shalt,'SH AE L T',s,'AE'
it,'IH T',s,'IH'
do,'D OW',s,''
not,'N AA T',s,'AA'
doubt,'D ǝ UH T',s,'UH'
a,'AH',s,''
friend,'F R EH N D',s,''
what,'W AH T',s,''
art,'AA R T',s,'AA'
thou,'DH AW',s,''
dost,'D AA S T',s,'AA'
thou,'DH AW',s,''
go,'G OW',s,''
whhy,'ʍ ǝ IH',s,'IH'
not,'N AA T',s,'AA'
i,'AY',s,'AY'
demand,'D IH M AW N D',s,'IH'
of,'AH V',s,''
affairs,'AH F EH R Z',s,''
as,'AE Z',s,'AE'
well,'W EH L',s,''
as,'AE Z',s,'AE'
thou,'DH AW',s,''
of,'AH V',s,''
hubert,'Y UW B ǝ R T',s,'UW'
i,'AY',s,'AY'
think,'TH IH NG K',s,'IH'
who,'HH UW',s,'UW'
thou,'DH AW',s,''
wilt,'W IH L T',s,'IH'
an,'AE N',s,'AE'
if,'IH F',s,'IH'
thou,'DH AW',s,''
thou,'DH AW',s,''
befriend,'B IH F R EH N D',s,'IH'
me,'M IY',s,'IY'
so,'S OW',s,''
as,'AE Z',s,'AE'
to,'T UW',s,'UW'
think,'TH IH NG K',s,'IH'
i,'AY',s,'AY'
of,'AH V',s,''
the,'DH AH',s,''
sans,'S AW N Z',s,''
compliment,'K AA M P L AH M EH N T',s,'AA'
what,'W AH T',s,''
abroad,'AH B R AO D',s,'AO'
brief,'B R IY F',s,'IY'
then,'DH EH N',s,''
and,'AH N D',s,''
the,'DH AH',s,''
me,'M IY',s,'IY'
the,'DH AH',s,''
very,'V EH R IY',s,'IY'
of,'AH V',s,''
this,'DH IH S',s,'IH'
ill,'IH L',s,'IH'
i,'AY',s,'AY'
am,'AE M',s,'AE'
no,'N OW',s,''
woman,'W UH M AH N',s,'UH'
not,'N AA T',s,'AA'
swoon,'S W UW N',s,'UW'
at,'AE T',s,'AE'
it,'IH T',s,'IH'
did,'D IH D',s,'IH'
he,'HH IY',s,'IY'
it,'IH T',s,'IH'
who,'HH UW',s,'UW'
did,'D IH D',s,'IH'
to,'T UW',s,'UW'
him,'HH IH M',s,'IH'
who,'HH UW',s,'UW'
thou,'DH AW',s,''
to,'T UW',s,'UW'
tend,'T EH N D',s,''
his,'HH IH Z',s,'IH'
majesty,'M AE JH AH S T IY',s,'AE IY'
indignation,'IH N D IH G N EY SH AH N',s,'IH IH EY'
mighty,'M ǝ IH T ǝ IH',s,'IH IH'
god,'G AA D',s,'AA'
and,'AH N D',s,''
tempt,'T EH M P T',s,''
us,'AH S',s,''
not,'N AA T',s,'AA'
to,'T UW',s,'UW'
bear,'B EH R',s,''
our,'OW R',s,''
tell,'T EH L',s,''
thee,'DH IY',s,'IY'
hubert,'Y UW B ǝ R T',s,'UW'
my,'M AY',s,'AY'
this,'DH IH S',s,'IH'
flats,'F L AE T S',s,'AE'
taken,'T EY K AH N',s,'EY'
by,'B AY',s,'AY'
the,'DH AH',s,''
washes,'W AA SH IH Z',s,'AA IH'
them,'DH EH M',s,''
myself,'M AY S EH L F',s,'AY'
well,'W EH L',s,''
hardly,'HH AA R D L IY',s,'AA IY'
escaped,'IH S K EY P T',s,'IH EY'
conduct,'K ɒ N D ǝ K T',s,''
me,'M IY',s,'IY'
to,'T UW',s,'UW'
the,'DH AH',s,''
i,'AY',s,'AY'
doubt,'D ǝ UH T',s,'UH'
he,'HH IY',s,'IY'
will,'W IH L',s,'IH'
be,'B IY',s,'IY'
dead,'D EH D',s,''
or,'AO R',s,'AO'
i,'AY',s,'AY'
o,'OW',s,''
i,'AY',s,'AY'
am,'AE M',s,'AE'
with,'W IH DH',s,'IH'
my,'M AY',s,'AY'
and,'AH N D',s,''
spleen,'S P L IY N',s,'IY'
of,'AH V',s,''
speed,'S P IY D',s,'IY'
to,'T UW',s,'UW'
see,'S IY',s,'IY'
your,'Y AO R',s,'AO'
majesty,'M AE JH AH S T IY',s,'AE IY'
the,'DH AH',s,''
is,'IH Z',s,'IH'
hitherward,'IH DH ǝ R ˌ W AA R D',s,'IH AA'
god,'G AA D',s,'AA'
he,'HH IY',s,'IY'
we,'W IY',s,'IY'
shall,'SH AE L',s,'AE'
him,'HH IH M',s,'IH'
for,'F AO R',s,'AO'
in,'IH N',s,'IH'
a,'AH',s,''
the,'DH AH',s,''
best,'B EH S T',s,''
part,'P AA R T',s,'AA'
of,'AH V',s,''
my,'M AY',s,'AY'
as,'AE Z',s,'AE'
i,'AY',s,'AY'
upon,'AH P AA N',s,'AA'
did,'D IH D',s,'IH'
wre,'W ER',s,''
in,'IH N',s,'IH'
the,'DH AH',s,''
washes,'W AA SH IH Z',s,'AA IH'
all,'AA L',s,'AA'
by,'B AY',s,'AY'
the,'DH AH',s,''
flood,'F L AH D',s,''
art,'AA R T',s,'AA'
thou,'DH AW',s,''
so,'S OW',s,''
i,'AY',s,'AY'
do,'D OW',s,''
but,'B AH T',s,''
behind,'B IH ə IH N D',s,'IH IH'
to,'T UW',s,'UW'
do,'D OW',s,''
the,'DH AH',s,''
for,'F AO R',s,'AO'
thee,'DH IY',s,'IY'
of,'AH V',s,''
and,'AH N D',s,''
then,'DH EH N',s,''
my,'M AY',s,'AY'
soul,'S OW L',s,''
shall,'SH AE L',s,'AE'
wait,'W EH T',s,''
on,'AA N',s,'AA'
thee,'DH IY',s,'IY'
to,'T UW',s,'UW'
heaven,'HH EH V AH N',s,''
as,'AE Z',s,'AE'
it,'IH T',s,'IH'
on,'AA N',s,'AA'
hath,'HH AE TH',s,'AE'
been,'B IH N',s,'IH'
servant,'S ɐ R V ǝ N T',s,''
still,'S T IH L',s,'IH'
you,'Y UW',s,'UW'
stars,'S T AA R Z',s,'AA'
that,'DH AE T',s,'AE'
in,'IH N',s,'IH'
your,'Y AO R',s,'AO'
be,'B IY',s,'IY'
your,'Y AO R',s,'AO'
your,'Y AO R',s,'AO'
mended,'M EH N D IH D',s,'IH'
and,'AH N D',s,''
instantly,'IH N S T AH N T L IY',s,'IH IY'
return,'r IH T ɐ R N',s,'IH'
with,'W IH DH',s,'IH'
me,'M IY',s,'IY'
again,'ǝ ɡ EH N',s,''
to,'T UW',s,'UW'
push,'P UH SH',s,'UH'
destruction,'D IH S T R AH K SH AH N',s,'IH'
and,'AH N D',s,''
perpetual,'P ER P EH CH UW AH L',s,'UW'
out,'AW T',s,''
of,'AH V',s,''
the,'DH AH',s,''
weak,'W IY K',s,'IY'
door,'D AO R',s,'AO'
of,'AH V',s,''
our,'OW R',s,''
land,'L AE N D',s,'AE'
let,'L EH T',s,''
us,'AH S',s,''
seek,'S IY K',s,'IY'
or,'AO R',s,'AO'
we,'W IY',s,'IY'
shall,'SH AE L',s,'AE'
be,'B IY',s,'IY'
the,'DH AH',s,''
at,'AE T',s,'AE'
our,'OW R',s,''
very,'V EH R IY',s,'IY'
he,'HH IY',s,'IY'
will,'W IH L',s,'IH'
the,'DH AH',s,''
do,'D OW',s,''
it,'IH T',s,'IH'
when,'ʍ e N',s,''
he,'HH IY',s,'IY'
sees,'S IY Z',s,'IY'
to,'T UW',s,'UW'
our,'OW R',s,''
let,'L EH T',s,''
it,'IH T',s,'IH'
be,'B IY',s,'IY'
you,'Y UW',s,'UW'
my,'M AY',s,'AY'
with,'W IH DH',s,'IH'
princes,'P R IH N S AH Z',s,'IH'
that,'DH AE T',s,'AE'
best,'B EH S T',s,''
be,'B IY',s,'IY'
shall,'SH AE L',s,'AE'
wait,'W EH T',s,''
upon,'AH P AA N',s,'AA'
your,'Y AO R',s,'AO'
funeral,'F Y UW N ER AH L',s,'UW'
shall,'SH AE L',s,'AE'
it,'IH T',s,'IH'
then,'DH EH N',s,''
and,'AH N D',s,''
your,'Y AO R',s,'AO'
sweet,'S W IY T',s,'IY'
self,'S EH L F',s,''
put,'P UH T',s,'UH'
on,'AA N',s,'AA'
the,'DH AH',s,''
and,'AH N D',s,''
of,'AH V',s,''
the,'DH AH',s,''
land,'L AE N D',s,'AE'
to,'T UW',s,'UW'
whom,'HH UW M',s,'UW'
with,'W IH DH',s,'IH'
all,'AA L',s,'AA'
submission,'S AH B M IH SH AH N',s,'IH'
on,'AA N',s,'AA'
my,'M AY',s,'AY'
i,'AY',s,'AY'
do,'D OW',s,''
my,'M AY',s,'AY'
services,'S ɐ R V IH S IH Z',s,'IH IH'
and,'AH N D',s,''
true,'T R UW',s,'UW'
o,'OW',s,''
let,'L EH T',s,''
us,'AH S',s,''
the,'DH AH',s,''
but,'B AH T',s,''
needful,'N IY D F AH L',s,'IY'
woe,'W OW',s,''
it,'IH T',s,'IH'
hath,'HH AE TH',s,'AE'
been,'B IH N',s,'IH'
with,'W IH DH',s,'IH'
our,'OW R',s,''
this,'DH IH S',s,'IH'
england,'IH NG G L AH N D',s,'IH'
never,'N e V ǝ R',s,''
did,'D IH D',s,'IH'
nor,'N AO R',s,'AO'
never,'N e V ǝ R',s,''
shall,'SH AE L',s,'AE'
at,'AE T',s,'AE'
the,'DH AH',s,''
foot,'F UH T',s,'UH'
of,'AH V',s,''
a,'AH',s,''
but,'B AH T',s,''
when,'ʍ e N',s,''
it,'IH T',s,'IH'
did,'D IH D',s,'IH'
to,'T UW',s,'UW'
itself,'IH T S EH L F',s,'IH'
princes,'P R IH N S AH Z',s,'IH'
hme,'OW M',s,''
again,'ǝ ɡ EH N',s,''
the,'DH AH',s,''
corners,'K AO R N ǝ R Z',s,'AO'
of,'AH V',s,''
the,'DH AH',s,''
in,'IH N',s,'IH'
arms,'AA R M Z',s,'AA'
and,'AH N D',s,''
we,'W IY',s,'IY'
shall,'SH AE L',s,'AE'
shock,'SH AA K',s,'AA'
them,'DH EH M',s,''
shall,'SH AE L',s,'AE'
us,'AH S',s,''
rue,'R UW',s,'UW'
if,'IH F',s,'IH'
england,'IH NG G L AH N D',s,'IH'
to,'T UW',s,'UW'
itself,'IH T S EH L F',s,'IH'
do,'D OW',s,''
rest,'R EH S T',s,''
but,'B AH T',s,''
true,'T R UW',s,'UW'
