let,'L EH T',s,''
that,'DH AE T',s,'AE'
all,'AA L',s,'AA'
after,'AW F T ǝ R',s,''
in,'IH N',s,'IH'
their,'DH EH R',s,''
upon,'AH P AA N',s,'AA'
our,'OW R',s,''
brazen,'B r EH Z ə N',s,''
and,'AH N D',s,''
then,'DH EH N',s,''
us,'AH S',s,''
in,'IH N',s,'IH'
the,'DH AH',s,''
of,'AH V',s,''
death,'D EH TH',s,''
when,'ʍ e N',s,''
of,'AH V',s,''
of,'AH V',s,''
this,'DH IH S',s,'IH'
present,'P r IH Z e N T',s,'IH'
breath,'B R EH TH',s,''
buy,'B ə IH',s,'IH'
that,'DH AE T',s,'AE'
shall,'SH AE L',s,'AE'
his,'HH IH Z',s,'IH'
keen,'K IY N',s,'IY'
ege,'EH JH',s,''
and,'AH N D',s,''
us,'AH S',s,''
of,'AH V',s,''
all,'AA L',s,'AA'
therefre,'DH EH R F AO R',s,'AO'
for,'F AO R',s,'AO'
so,'S OW',s,''
you,'Y UW',s,'UW'
that,'DH AE T',s,'AE'
war,'W AO R',s,'AO'
against,'AH G EH N S T',s,''
your,'Y AO R',s,'AO'
affections,'AH F EH K SH AH N Z',s,''
and,'AH N D',s,''
the,'DH AH',s,''
of,'AH V',s,''
the,'DH AH',s,''
desires,'D IH Z ǝ IH R Z',s,'IH IH'
our,'OW R',s,''
edict,'e D IH K T',s,'IH'
shall,'SH AE L',s,'AE'
strongly,'S T r ɒ NG L ǝ IH',s,'IH'
stand,'S T AE N D',s,'AE'
in,'IH N',s,'IH'
shall,'SH AE L',s,'AE'
be,'B IY',s,'IY'
the,'DH AH',s,''
wonder,'W ɤ N D ǝ R',s,''
of,'AH V',s,''
the,'DH AH',s,''
our,'OW R',s,''
court,'K AO R T',s,'AO'
shall,'SH AE L',s,'AE'
be,'B IY',s,'IY'
a,'AH',s,''
still,'S T IH L',s,'IH'
and,'AH N D',s,''
in,'IH N',s,'IH'
art,'AA R T',s,'AA'
you,'Y UW',s,'UW'
berone,'B ə r UW N',s,'UW'
and,'AH N D',s,''
longaville,'L ɒ NG G ǝ ˌ V IH L',s,'IH'
sworn,'S W AO R N',s,'AO'
for,'F AO R',s,'AO'
term,'T ɐ R M',s,''
to,'T UW',s,'UW'
with,'W IH DH',s,'IH'
me,'M IY',s,'IY'
my,'M AY',s,'AY'
and,'AH N D',s,''
to,'T UW',s,'UW'
keep,'K IY P',s,'IY'
statutes,'S T AW T Y UW T S',s,'UW'
that,'DH AE T',s,'AE'
recorded,'R AH K AO R D AH D',s,'AO'
in,'IH N',s,'IH'
this,'DH IH S',s,'IH'
your,'Y AO R',s,'AO'
passed,'P AW S IH D',s,'IH'
and,'AH N D',s,''
your,'Y AO R',s,'AO'
that,'DH AE T',s,'AE'
his,'HH IH Z',s,'IH'
his,'HH IH Z',s,'IH'
down,'D ǝ UH N',s,'UH'
that,'DH AE T',s,'AE'
the,'DH AH',s,''
smallest,'S M AA L ǝ S T',s,'AA'
branch,'B r AW N SH',s,''
herein,'ˌ IY R IH N',s,'IY IH'
if,'IH F',s,'IH'
you,'Y UW',s,'UW'
to,'T UW',s,'UW'
do,'D OW',s,''
as,'AE Z',s,'AE'
sworn,'S W AO R N',s,'AO'
to,'T UW',s,'UW'
do,'D OW',s,''
to,'T UW',s,'UW'
your,'Y AO R',s,'AO'
deep,'D IY P',s,'IY'
and,'AH N D',s,''
keep,'K IY P',s,'IY'
it,'IH T',s,'IH'
too,'T UW',s,'UW'
your,'Y AO R',s,'AO'
oath,'OW TH',s,''
is,'IH Z',s,'IH'
passed,'P AW S IH D',s,'IH'
to,'T UW',s,'UW'
pass,'P AE S',s,'AE'
from,'F R AH M',s,''
whhy,'ʍ ǝ IH',s,'IH'
that,'DH AE T',s,'AE'
to,'T UW',s,'UW'
we,'W IY',s,'IY'
not,'N AA T',s,'AA'
that,'DH AE T',s,'AE'
is,'IH Z',s,'IH'
be,'B IY',s,'IY'
the,'DH AH',s,''
stops,'S T AA P S',s,'AA'
that,'DH AE T',s,'AE'
study,'S T AH D IY',s,'IY'
and,'AH N D',s,''
train,'T r EH N',s,''
our,'OW R',s,''
intellects,'IH N T AH L EH K T S',s,'IH'
to,'T UW',s,'UW'
vain,'V EY N',s,'EY'
well,'W EH L',s,''
read,'r e D',s,''
to,'T UW',s,'UW'
reason,'r EH Z ǝ N',s,''
against,'AH G EH N S T',s,''
berone,'B ə r UW N',s,'UW'
is,'IH Z',s,'IH'
an,'AE N',s,'AE'
frost,'F R AO S T',s,'AO'
that,'DH AE T',s,'AE'
the,'DH AH',s,''
infants,'IH N F AH N T S',s,'IH'
of,'AH V',s,''
the,'DH AH',s,''
well,'W EH L',s,''
sit,'S IH T',s,'IH'
you,'Y UW',s,'UW'
out,'AW T',s,''
go,'G OW',s,''
hme,'OW M',s,''
berone,'B ə r UW N',s,'UW'
adieu,'AH D UW',s,'UW'
well,'W EH L',s,''
this,'DH IH S',s,'IH'
thee,'DH IY',s,'IY'
from,'F R AH M',s,''
what,'W AH T',s,''
you,'Y UW',s,'UW'
lords,'L AO R D Z',s,'AO'
whhy,'ʍ ǝ IH',s,'IH'
this,'DH IH S',s,'IH'
was,'W AA Z',s,'AA'
forgot,'F ǝ R G ɒ T',s,''
we,'W IY',s,'IY'
must,'M AH S T',s,''
of,'AH V',s,''
with,'W IH DH',s,'IH'
this,'DH IH S',s,'IH'
decree,'D IH K R IY',s,'IH IY'
she,'SH IY',s,'IY'
must,'M AH S T',s,''
on,'AA N',s,'AA'
necessity,'N AH S EH S AH T IY',s,'IY'
that,'DH AE T',s,'AE'
is,'IH Z',s,'IH'
our,'OW R',s,''
court,'K AO R T',s,'AO'
you,'Y UW',s,'UW'
is,'IH Z',s,'IH'
with,'W IH DH',s,'IH'
a,'AH',s,''
of,'AH V',s,''
spain,'S P EH N',s,''
a,'AH',s,''
man,'M AE N',s,'AE'
in,'IH N',s,'IH'
all,'AA L',s,'AA'
the,'DH AH',s,''
fashion,'F AE SH AH N',s,'AE'
planted,'P L AW N T IH D',s,'IH'
that,'DH AE T',s,'AE'
hath,'HH AE TH',s,'AE'
a,'AH',s,''
mint,'M IH N T',s,'IH'
of,'AH V',s,''
in,'IH N',s,'IH'
his,'HH IH Z',s,'IH'
brain,'B r EH N',s,''
who,'HH UW',s,'UW'
the,'DH AH',s,''
of,'AH V',s,''
his,'HH IH Z',s,'IH'
vain,'V EY N',s,'EY'
doth,'D AO TH',s,'AO'
harmony,'HH AA R M AH N IY',s,'AA IY'
a,'AH',s,''
man,'M AE N',s,'AE'
of,'AH V',s,''
compliments,'K AA M P L AH M EH N T S',s,'AA'
whom,'HH UW M',s,'UW'
and,'AH N D',s,''
as,'AE Z',s,'AE'
of,'AH V',s,''
their,'DH EH R',s,''
this,'DH IH S',s,'IH'
child,'CH AY L D',s,'AY'
of,'AH V',s,''
fancy,'F AE N S IY',s,'AE IY'
that,'DH AE T',s,'AE'
armado,'ɐ R M AA D OW',s,'AA'
for,'F AO R',s,'AO'
to,'T UW',s,'UW'
our,'OW R',s,''
studies,'S T AH D IY Z',s,'IY'
shall,'SH AE L',s,'AE'
in,'IH N',s,'IH'
the,'DH AH',s,''
worth,'W AO R TH',s,'AO'
of,'AH V',s,''
a,'AH',s,''
from,'F R AH M',s,''
tawny,'T AO N ǝ IH',s,'AO IH'
spain,'S P EH N',s,''
lost,'L AO S T',s,'AO'
in,'IH N',s,'IH'
the,'DH AH',s,''
you,'Y UW',s,'UW'
my,'M AY',s,'AY'
lords,'L AO R D Z',s,'AO'
i,'AY',s,'AY'
not,'N AA T',s,'AA'
i,'AY',s,'AY'
but,'B AH T',s,''
i,'AY',s,'AY'
protest,'P R OW T EH S T',s,''
i,'AY',s,'AY'
to,'T UW',s,'UW'
him,'HH IH M',s,'IH'
and,'AH N D',s,''
i,'AY',s,'AY'
will,'W IH L',s,'IH'
him,'HH IH M',s,'IH'
for,'F AO R',s,'AO'
my,'M AY',s,'AY'
a,'AH',s,''
from,'F R AH M',s,''
the,'DH AH',s,''
magnificent,'M AE G N IH F AH S AH N T',s,'AE IH'
armado,'ɐ R M AA D OW',s,'AA'
will,'W IH L',s,'IH'
you,'Y UW',s,'UW'
this,'DH IH S',s,'IH'
with,'W IH DH',s,'IH'
attention,'AH T EH N SH AH N',s,''
great,'G r e T',s,''
the,'DH AH',s,''
and,'AH N D',s,''
of,'AH V',s,''
my,'M AY',s,'AY'
god,'G AA D',s,'AA'
and,'AH N D',s,''
patron,'P EY T R AH N',s,'EY'
so,'S OW',s,''
it,'IH T',s,'IH'
is,'IH Z',s,'IH'
no,'N OW',s,''
so,'S OW',s,''
it,'IH T',s,'IH'
is,'IH Z',s,'IH'
with,'W IH DH',s,'IH'
i,'AY',s,'AY'
did,'D IH D',s,'IH'
commend,'K AH M EH N D',s,''
the,'DH AH',s,''
black,'B L AE K',s,'AE'
humor,'HH Y UW M ER',s,'UW'
to,'T UW',s,'UW'
the,'DH AH',s,''
most,'M OW S T',s,''
of,'AH V',s,''
air,'EH R',s,''
and,'AH N D',s,''
as,'AE Z',s,'AE'
i,'AY',s,'AY'
am,'AE M',s,'AE'
a,'AH',s,''
gentleman,'JH EH N T AH L M AH N',s,''
betook,'B IH T UH K',s,'IH UH'
myself,'M AY S EH L F',s,'AY'
to,'T UW',s,'UW'
the,'DH AH',s,''
when,'ʍ e N',s,''
the,'DH AH',s,''
when,'ʍ e N',s,''
beasts,'B e S T S',s,''
most,'M OW S T',s,''
birds,'B ɐ R D Z',s,''
best,'B EH S T',s,''
peck,'P EH K',s,''
and,'AH N D',s,''
men,'M EH N',s,''
sit,'S IH T',s,'IH'
down,'D ǝ UH N',s,'UH'
to,'T UW',s,'UW'
that,'DH AE T',s,'AE'
is,'IH Z',s,'IH'
supper,'S ɤ P ǝ R',s,''
so,'S OW',s,''
for,'F AO R',s,'AO'
the,'DH AH',s,''
when,'ʍ e N',s,''
for,'F AO R',s,'AO'
the,'DH AH',s,''
i,'AY',s,'AY'
mean,'M IY N',s,'IY'
i,'AY',s,'AY'
upon,'AH P AA N',s,'AA'
it,'IH T',s,'IH'
is,'IH Z',s,'IH'
park,'P AA R K',s,'AA'
then,'DH EH N',s,''
for,'F AO R',s,'AO'
the,'DH AH',s,''
i,'AY',s,'AY'
mean,'M IY N',s,'IY'
i,'AY',s,'AY'
did,'D IH D',s,'IH'
that,'DH AE T',s,'AE'
and,'AH N D',s,''
most,'M OW S T',s,''
event,'IH V EH N T',s,'IH'
that,'DH AE T',s,'AE'
from,'F R AH M',s,''
my,'M AY',s,'AY'
pen,'P EH N',s,''
the,'DH AH',s,''
ink,'IH NG K',s,'IH'
thou,'DH AW',s,''
or,'AO R',s,'AO'
but,'B AH T',s,''
to,'T UW',s,'UW'
the,'DH AH',s,''
it,'IH T',s,'IH'
and,'AH N D',s,''
by,'B AY',s,'AY'
east,'e S T',s,''
from,'F R AH M',s,''
the,'DH AH',s,''
west,'W EH S T',s,''
corner,'K AO R N ǝ R',s,'AO'
of,'AH V',s,''
garden,'G AA R D ǝ N',s,'AA'
did,'D IH D',s,'IH'
i,'AY',s,'AY'
see,'S IY',s,'IY'
that,'DH AE T',s,'AE'
swain,'S W EY N',s,'EY'
that,'DH AE T',s,'AE'
of,'AH V',s,''
mirth,'M ɐ R TH',s,''
that,'DH AE T',s,'AE'
soul,'S OW L',s,''
that,'DH AE T',s,'AE'
vassal,'V AW S AA L',s,'AA'
as,'AE Z',s,'AE'
i,'AY',s,'AY'
costard,'K ɒ S T ǝ R D',s,''
sorted,'S AO R T IH D',s,'AO IH'
and,'AH N D',s,''
consorted,'K ǝ N S AO R T IH D',s,'AO IH'
to,'T UW',s,'UW'
edict,'e D IH K T',s,'IH'
and,'AH N D',s,''
canon,'K AE N AH N',s,'AE'
with,'W IH DH',s,'IH'
this,'DH IH S',s,'IH'
i,'AY',s,'AY'
passion,'P AE SH AH N',s,'AE'
to,'T UW',s,'UW'
with,'W IH DH',s,'IH'
a,'AH',s,''
child,'CH AY L D',s,'AY'
of,'AH V',s,''
our,'OW R',s,''
grandmother,'G r AW N ˌ M ɤ DH ǝ R',s,''
a,'AH',s,''
or,'AO R',s,'AO'
for,'F AO R',s,'AO'
sweet,'S W IY T',s,'IY'
understanding,'ˌ ɤ N D ǝ R S T AW N D IH N',s,'IH'
a,'AH',s,''
woman,'W UH M AH N',s,'UH'
him,'HH IH M',s,'IH'
i,'AY',s,'AY'
as,'AE Z',s,'AE'
my,'M AY',s,'AY'
duty,'D UW T IY',s,'UW IY'
me,'M IY',s,'IY'
on,'AA N',s,'AA'
sent,'S EH N T',s,''
to,'T UW',s,'UW'
thee,'DH IY',s,'IY'
to,'T UW',s,'UW'
the,'DH AH',s,''
of,'AH V',s,''
punishhment,'P ɤ N IH SH ˌ M e N T',s,'IH'
by,'B AY',s,'AY'
sweet,'S W IY T',s,'IY'
anthony,'AE N TH AH N IY',s,'AE IY'
dull,'D ɤ L',s,''
a,'AH',s,''
man,'M AE N',s,'AE'
of,'AH V',s,''
good,'G UH D',s,'UH'
and,'AH N D',s,''
for,'F AO R',s,'AO'
is,'IH Z',s,'IH'
the,'DH AH',s,''
vessel,'V EH S AH L',s,''
i,'AY',s,'AY'
with,'W IH DH',s,'IH'
the,'DH AH',s,''
keep,'K IY P',s,'IY'
as,'AE Z',s,'AE'
a,'AH',s,''
vessel,'V EH S AH L',s,''
of,'AH V',s,''
and,'AH N D',s,''
shall,'SH AE L',s,'AE'
at,'AE T',s,'AE'
the,'DH AH',s,''
least,'L IY S T',s,'IY'
of,'AH V',s,''
sweet,'S W IY T',s,'IY'
to,'T UW',s,'UW'
in,'IH N',s,'IH'
all,'AA L',s,'AA'
compliments,'K AA M P L AH M EH N T S',s,'AA'
of,'AH V',s,''
devoted,'D IH V OW T IH D',s,'IH IH'
and,'AH N D',s,''
of,'AH V',s,''
duty,'D UW T IY',s,'UW IY'
don,'D AA N',s,'AA'
de,'D e',s,''
armado,'ɐ R M AA D OW',s,'AA'
the,'DH AH',s,''
best,'B EH S T',s,''
for,'F AO R',s,'AO'
the,'DH AH',s,''
worst,'W AO R S T',s,'AO'
but,'B AH T',s,''
what,'W AH T',s,''
you,'Y UW',s,'UW'
to,'T UW',s,'UW'
this,'DH IH S',s,'IH'
did,'D IH D',s,'IH'
you,'Y UW',s,'UW'
the,'DH AH',s,''
proclamation,'P R AA K L AH M EY SH AH N',s,'AA EY'
it,'IH T',s,'IH'
was,'W AA Z',s,'AA'
a,'AH',s,''
to,'T UW',s,'UW'
be,'B IY',s,'IY'
taken,'T EY K AH N',s,'EY'
with,'W IH DH',s,'IH'
a,'AH',s,''
well,'W EH L',s,''
it,'IH T',s,'IH'
was,'W AA Z',s,'AA'
damsel,'D AW M Z e L',s,''
this,'DH IH S',s,'IH'
maid,'M EY D',s,'EY'
will,'W IH L',s,'IH'
not,'N AA T',s,'AA'
seve,'S ER V',s,''
your,'Y AO R',s,'AO'
turn,'T ɐ R N',s,''
i,'AY',s,'AY'
will,'W IH L',s,'IH'
your,'Y AO R',s,'AO'
you,'Y UW',s,'UW'
shall,'SH AE L',s,'AE'
fast,'F AW S T',s,''
a,'AH',s,''
week,'W IY K',s,'IY'
with,'W IH DH',s,'IH'
bran,'B R AE N',s,'AE'
and,'AH N D',s,''
water,'W AA T ǝ R',s,'AA'
and,'AH N D',s,''
don,'D AA N',s,'AA'
armado,'ɐ R M AA D OW',s,'AA'
shall,'SH AE L',s,'AE'
be,'B IY',s,'IY'
your,'Y AO R',s,'AO'
my,'M AY',s,'AY'
lord,'L AO R D',s,'AO'
berone,'B ə r UW N',s,'UW'
see,'S IY',s,'IY'
him,'HH IH M',s,'IH'
and,'AH N D',s,''
go,'G OW',s,''
we,'W IY',s,'IY'
lords,'L AO R D Z',s,'AO'
to,'T UW',s,'UW'
put,'P UH T',s,'UH'
in,'IH N',s,'IH'
that,'DH AE T',s,'AE'
each,'IY CH',s,'IY'
to,'T UW',s,'UW'
hath,'HH AE TH',s,'AE'
so,'S OW',s,''
strongly,'S T r ɒ NG L ǝ IH',s,'IH'
sworn,'S W AO R N',s,'AO'
fair,'F EH R',s,''
princess,'P R IH N S EH S',s,'IH'
to,'T UW',s,'UW'
the,'DH AH',s,''
court,'K AO R T',s,'AO'
of,'AH V',s,''
you,'Y UW',s,'UW'
shall,'SH AE L',s,'AE'
be,'B IY',s,'IY'
madam,'M AE D AH M',s,'AE'
to,'T UW',s,'UW'
my,'M AY',s,'AY'
court,'K AO R T',s,'AO'
me,'M IY',s,'IY'
dear,'D IY R',s,'IY'
lady,'L EY D IY',s,'EY IY'
i,'AY',s,'AY'
sworn,'S W AO R N',s,'AO'
an,'AE N',s,'AE'
oath,'OW TH',s,''
not,'N AA T',s,'AA'
for,'F AO R',s,'AO'
the,'DH AH',s,''
fair,'F EH R',s,''
madam,'M AE D AH M',s,'AE'
by,'B AY',s,'AY'
my,'M AY',s,'AY'
will,'W IH L',s,'IH'
your,'Y AO R',s,'AO'
is,'IH Z',s,'IH'
ignorant,'IH G N ǝ r ǝ N T',s,'IH'
what,'W AH T',s,''
it,'IH T',s,'IH'
is,'IH Z',s,'IH'
madam,'M AE D AH M',s,'AE'
i,'AY',s,'AY'
will,'W IH L',s,'IH'
if,'IH F',s,'IH'
suddenly,'S AH D AH N L IY',s,'IY'
i,'AY',s,'AY'
madam,'M AE D AH M',s,'AE'
your,'Y AO R',s,'AO'
doth,'D AO TH',s,'AO'
the,'DH AH',s,''
of,'AH V',s,''
a,'AH',s,''
crowns,'K r ǝ UH N Z',s,'UH'
being,'B IY IH NG',s,'IY IH'
but,'B AH T',s,''
the,'DH AH',s,''
of,'AH V',s,''
an,'AE N',s,'AE'
sum,'S ɤ M',s,''
by,'B AY',s,'AY'
my,'M AY',s,'AY'
in,'IH N',s,'IH'
his,'HH IH Z',s,'IH'
wars,'W AO R Z',s,'AO'
but,'B AH T',s,''
that,'DH AE T',s,'AE'
he,'HH IY',s,'IY'
or,'AO R',s,'AO'
we,'W IY',s,'IY'
as,'AE Z',s,'AE'
neither,'N EH DH ǝ R',s,''
that,'DH AE T',s,'AE'
sum,'S ɤ M',s,''
yet,'Y EH T',s,''
remains,'r IH M EH N Z',s,'IH'
unpaid,'ɤ N P EH D',s,''
a,'AH',s,''
in,'IH N',s,'IH'
surety,'SH UW R T ǝ IH',s,'UW IH'
of,'AH V',s,''
the,'DH AH',s,''
part,'P AA R T',s,'AA'
of,'AH V',s,''
is,'IH Z',s,'IH'
to,'T UW',s,'UW'
us,'AH S',s,''
not,'N AA T',s,'AA'
to,'T UW',s,'UW'
the,'DH AH',s,''
worth,'W AO R TH',s,'AO'
if,'IH F',s,'IH'
then,'DH EH N',s,''
the,'DH AH',s,''
your,'Y AO R',s,'AO'
will,'W IH L',s,'IH'
but,'B AH T',s,''
that,'DH AE T',s,'AE'
is,'IH Z',s,'IH'
unsatisfied,'AH N S AE T IH S F AY D',s,'AE IH AY'
we,'W IY',s,'IY'
will,'W IH L',s,'IH'
up,'AH P',s,''
our,'OW R',s,''
in,'IH N',s,'IH'
and,'AH N D',s,''
fair,'F EH R',s,''
friendship,'F R EH N D SH IH P',s,'IH'
with,'W IH DH',s,'IH'
his,'HH IH Z',s,'IH'
majesty,'M AE JH AH S T IY',s,'AE IY'
but,'B AH T',s,''
that,'DH AE T',s,'AE'
it,'IH T',s,'IH'
seems,'S IY M Z',s,'IY'
he,'HH IY',s,'IY'
for,'F AO R',s,'AO'
he,'HH IY',s,'IY'
doth,'D AO TH',s,'AO'
demand,'D IH M AW N D',s,'IH'
to,'T UW',s,'UW'
repaid,'r IH P EH D',s,'IH'
a,'AH',s,''
crowns,'K r ǝ UH N Z',s,'UH'
and,'AH N D',s,''
not,'N AA T',s,'AA'
demands,'D IH M AW N D Z',s,'IH'
on,'AA N',s,'AA'
of,'AH V',s,''
a,'AH',s,''
crowns,'K r ǝ UH N Z',s,'UH'
to,'T UW',s,'UW'
his,'HH IH Z',s,'IH'
in,'IH N',s,'IH'
we,'W IY',s,'IY'
had,'HH AE D',s,'AE'
depart,'D IH P AA R T',s,'IH AA'
withal,'W IH DH AA L',s,'IH AA'
and,'AH N D',s,''
the,'DH AH',s,''
by,'B AY',s,'AY'
our,'OW R',s,''
lent,'L EH N T',s,''
than,'DH AE N',s,'AE'
so,'S OW',s,''
as,'AE Z',s,'AE'
it,'IH T',s,'IH'
is,'IH Z',s,'IH'
dear,'D IY R',s,'IY'
princess,'P R IH N S EH S',s,'IH'
wre,'W ER',s,''
not,'N AA T',s,'AA'
his,'HH IH Z',s,'IH'
so,'S OW',s,''
far,'F AA R',s,'AA'
from,'F R AH M',s,''
your,'Y AO R',s,'AO'
fair,'F EH R',s,''
self,'S EH L F',s,''
a,'AH',s,''
reason,'r EH Z ǝ N',s,''
in,'IH N',s,'IH'
my,'M AY',s,'AY'
breast,'B R EH S T',s,''
and,'AH N D',s,''
go,'G OW',s,''
well,'W EH L',s,''
satisfied,'S AE T AH S F AY D',s,'AE AY'
to,'T UW',s,'UW'
again,'ǝ ɡ EH N',s,''
i,'AY',s,'AY'
do,'D OW',s,''
protest,'P R OW T EH S T',s,''
i,'AY',s,'AY'
never,'N e V ǝ R',s,''
of,'AH V',s,''
it,'IH T',s,'IH'
and,'AH N D',s,''
if,'IH F',s,'IH'
you,'Y UW',s,'UW'
it,'IH T',s,'IH'
it,'IH T',s,'IH'
back,'B AE K',s,'AE'
or,'AO R',s,'AO'
yield,'Y IY L D',s,'IY'
up,'AH P',s,''
me,'M IY',s,'IY'
so,'S OW',s,''
it,'IH T',s,'IH'
shall,'SH AE L',s,'AE'
me,'M IY',s,'IY'
at,'AE T',s,'AE'
all,'AA L',s,'AA'
reason,'r EH Z ǝ N',s,''
i,'AY',s,'AY'
will,'W IH L',s,'IH'
yield,'Y IY L D',s,'IY'
unto,'AH N T UW',s,'UW'
at,'AE T',s,'AE'
my,'M AY',s,'AY'
as,'AE Z',s,'AE'
breach,'B R IY CH',s,'IY'
of,'AH V',s,''
tender,'T e N D ǝ R',s,''
of,'AH V',s,''
to,'T UW',s,'UW'
true,'T R UW',s,'UW'
you,'Y UW',s,'UW'
not,'N AA T',s,'AA'
fair,'F EH R',s,''
princess,'P R IH N S EH S',s,'IH'
within,'W IH DH IH N',s,'IH IH'
my,'M AY',s,'AY'
but,'B AH T',s,''
you,'Y UW',s,'UW'
shall,'SH AE L',s,'AE'
be,'B IY',s,'IY'
so,'S OW',s,''
as,'AE Z',s,'AE'
you,'Y UW',s,'UW'
shall,'SH AE L',s,'AE'
deem,'D IY M',s,'IY'
in,'IH N',s,'IH'
my,'M AY',s,'AY'
heart,'HH AA R T',s,'AA'
so,'S OW',s,''
fair,'F EH R',s,''
in,'IH N',s,'IH'
my,'M AY',s,'AY'
your,'Y AO R',s,'AO'
good,'G UH D',s,'UH'
me,'M IY',s,'IY'
and,'AH N D',s,''
shall,'SH AE L',s,'AE'
we,'W IY',s,'IY'
visit,'V IH Z AH T',s,'IH'
you,'Y UW',s,'UW'
again,'ǝ ɡ EH N',s,''
wish,'W IH SH',s,'IH'
wish,'W IH SH',s,'IH'
i,'AY',s,'AY'
thee,'DH IY',s,'IY'
in,'IH N',s,'IH'
every,'e V r ǝ IH',s,'IH'
me,'M IY',s,'IY'
so,'S OW',s,''
sweet,'S W IY T',s,'IY'
a,'AH',s,''
kiss,'K IH S',s,'IH'
the,'DH AH',s,''
golden,'G OW L D ǝ N',s,''
sun,'S AH N',s,''
not,'N AA T',s,'AA'
to,'T UW',s,'UW'
fresh,'F R EH SH',s,''
drops,'D R AA P S',s,'AA'
upon,'AH P AA N',s,'AA'
the,'DH AH',s,''
as,'AE Z',s,'AE'
when,'ʍ e N',s,''
their,'DH EH R',s,''
fresh,'F R EH SH',s,''
the,'DH AH',s,''
of,'AH V',s,''
dew,'D Y UW',s,'UW'
that,'DH AE T',s,'AE'
on,'AA N',s,'AA'
my,'M AY',s,'AY'
cheeks,'CH IY K S',s,'IY'
down,'D ǝ UH N',s,'UH'
nor,'N AO R',s,'AO'
the,'DH AH',s,''
moon,'M UW N',s,'UW'
so,'S OW',s,''
the,'DH AH',s,''
transparent,'T r AW N S P AW r ǝ N T',s,''
bosom,'B UH Z AH M',s,'UH'
of,'AH V',s,''
the,'DH AH',s,''
deep,'D IY P',s,'IY'
as,'AE Z',s,'AE'
doth,'D AO TH',s,'AO'
tears,'T EH R Z',s,''
of,'AH V',s,''
thou,'DH AW',s,''
in,'IH N',s,'IH'
every,'e V r ǝ IH',s,'IH'
tear,'T IY R',s,'IY'
that,'DH AE T',s,'AE'
i,'AY',s,'AY'
do,'D OW',s,''
weep,'W IY P',s,'IY'
no,'N OW',s,''
drop,'D R AA P',s,'AA'
but,'B AH T',s,''
as,'AE Z',s,'AE'
a,'AH',s,''
coach,'K OW CH',s,''
doth,'D AO TH',s,'AO'
carrry,'K AW r ǝ IH',s,'IH'
thee,'DH IY',s,'IY'
so,'S OW',s,''
ridest,'r ǝ IH D S T',s,'IH'
thou,'DH AW',s,''
in,'IH N',s,'IH'
my,'M AY',s,'AY'
woe,'W OW',s,''
do,'D OW',s,''
but,'B AH T',s,''
behold,'B IH HH OW L D',s,'IH'
the,'DH AH',s,''
tears,'T EH R Z',s,''
that,'DH AE T',s,'AE'
swell,'S W EH L',s,''
in,'IH N',s,'IH'
me,'M IY',s,'IY'
and,'AH N D',s,''
my,'M AY',s,'AY'
grief,'G R IY F',s,'IY'
will,'W IH L',s,'IH'
but,'B AH T',s,''
do,'D OW',s,''
not,'N AA T',s,'AA'
then,'DH EH N',s,''
thou,'DH AW',s,''
wilt,'W IH L T',s,'IH'
keep,'K IY P',s,'IY'
my,'M AY',s,'AY'
tears,'T EH R Z',s,''
for,'F AO R',s,'AO'
glasses,'G L AE S AH Z',s,'AE'
and,'AH N D',s,''
still,'S T IH L',s,'IH'
me,'M IY',s,'IY'
weep,'W IY P',s,'IY'
o,'OW',s,''
of,'AH V',s,''
far,'F AA R',s,'AA'
dost,'D AA S T',s,'AA'
thou,'DH AW',s,''
excel,'IH K S EH L',s,'IH'
no,'N OW',s,''
can,'K AE N',s,'AE'
think,'TH IH NG K',s,'IH'
nor,'N AO R',s,'AO'
of,'AH V',s,''
mortal,'M AO R T AA L',s,'AO AA'
tell,'T EH L',s,''
shall,'SH AE L',s,'AE'
she,'SH IY',s,'IY'
my,'M AY',s,'AY'
drop,'D R AA P',s,'AA'
the,'DH AH',s,''
paper,'P EH P ǝ R',s,''
sweet,'S W IY T',s,'IY'
follly,'F ɒ L ǝ IH',s,'IH'
who,'HH UW',s,'UW'
is,'IH Z',s,'IH'
he,'HH IY',s,'IY'
what,'W AH T',s,''
longaville,'L ɒ NG G ǝ ˌ V IH L',s,'IH'
and,'AH N D',s,''
ear,'IY R',s,'IY'
in,'IH N',s,'IH'
i,'AY',s,'AY'
sweet,'S W IY T',s,'IY'
in,'IH N',s,'IH'
and,'AH N D',s,''
too,'T UW',s,'UW'
good,'G UH D',s,'UH'
lord,'L AO R D',s,'AO'
you,'Y UW',s,'UW'
blush,'B L ɤ SH',s,''
as,'AE Z',s,'AE'
his,'HH IH Z',s,'IH'
your,'Y AO R',s,'AO'
is,'IH Z',s,'IH'
you,'Y UW',s,'UW'
at,'AE T',s,'AE'
him,'HH IH M',s,'IH'
as,'AE Z',s,'AE'
you,'Y UW',s,'UW'
do,'D OW',s,''
not,'N AA T',s,'AA'
longaville,'L ɒ NG G ǝ ˌ V IH L',s,'IH'
did,'D IH D',s,'IH'
never,'N e V ǝ R',s,''
sonnet,'S AA N IH T',s,'AA IH'
for,'F AO R',s,'AO'
nor,'N AO R',s,'AO'
never,'N e V ǝ R',s,''
his,'HH IH Z',s,'IH'
arms,'AA R M Z',s,'AA'
his,'HH IH Z',s,'IH'
bosom,'B UH Z AH M',s,'UH'
to,'T UW',s,'UW'
keep,'K IY P',s,'IY'
down,'D ǝ UH N',s,'UH'
his,'HH IH Z',s,'IH'
heart,'HH AA R T',s,'AA'
i,'AY',s,'AY'
been,'B IH N',s,'IH'
closely,'K L OW S L ǝ IH',s,'IH'
shhrouded,'SH r ǝ UH D IH D',s,'UH IH'
in,'IH N',s,'IH'
this,'DH IH S',s,'IH'
bush,'B UH SH',s,'UH'
and,'AH N D',s,''
you,'Y UW',s,'UW'
both,'B OW TH',s,''
and,'AH N D',s,''
for,'F AO R',s,'AO'
you,'Y UW',s,'UW'
both,'B OW TH',s,''
did,'D IH D',s,'IH'
blush,'B L ɤ SH',s,''
i,'AY',s,'AY'
your,'Y AO R',s,'AO'
guilty,'G IH L T IY',s,'IH IY'
your,'Y AO R',s,'AO'
fashion,'F AE SH AH N',s,'AE'
reek,'R IY K',s,'IY'
from,'F R AH M',s,''
you,'Y UW',s,'UW'
noted,'N OW T AH D',s,''
well,'W EH L',s,''
your,'Y AO R',s,'AO'
passion,'P AE SH AH N',s,'AE'
me,'M IY',s,'IY'
o,'OW',s,''
the,'DH AH',s,''
cries,'K R AY Z',s,'AY'
hairs,'HH EH R Z',s,''
wre,'W ER',s,''
gold,'G OW L D',s,''
crystal,'K R IH S T AH L',s,'IH'
the,'DH AH',s,''
you,'Y UW',s,'UW'
for,'F AO R',s,'AO'
break,'B R EY K',s,'EY'
faith,'F EY TH',s,'EY'
and,'AH N D',s,''
troth,'T R OW TH',s,''
and,'AH N D',s,''
for,'F AO R',s,'AO'
your,'Y AO R',s,'AO'
an,'AE N',s,'AE'
oath,'OW TH',s,''
what,'W AH T',s,''
will,'W IH L',s,'IH'
berone,'B ə r UW N',s,'UW'
when,'ʍ e N',s,''
that,'DH AE T',s,'AE'
he,'HH IY',s,'IY'
shall,'SH AE L',s,'AE'
faith,'F EY TH',s,'EY'
infringed,'IH N F r IH N D ZH D',s,'IH IH'
zeal,'Z IY L',s,'IY'
did,'D IH D',s,'IH'
swear,'S W EH R',s,''
will,'W IH L',s,'IH'
he,'HH IY',s,'IY'
will,'W IH L',s,'IH'
he,'HH IY',s,'IY'
spend,'S P EH N D',s,''
his,'HH IH Z',s,'IH'
wit,'W IH T',s,'IH'
will,'W IH L',s,'IH'
he,'HH IY',s,'IY'
leap,'L IY P',s,'IY'
and,'AH N D',s,''
at,'AE T',s,'AE'
it,'IH T',s,'IH'
for,'F AO R',s,'AO'
all,'AA L',s,'AA'
the,'DH AH',s,''
wealth,'W EH L TH',s,''
that,'DH AE T',s,'AE'
i,'AY',s,'AY'
did,'D IH D',s,'IH'
see,'S IY',s,'IY'
i,'AY',s,'AY'
not,'N AA T',s,'AA'
him,'HH IH M',s,'IH'
so,'S OW',s,''
by,'B AY',s,'AY'
me,'M IY',s,'IY'
too,'T UW',s,'UW'
is,'IH Z',s,'IH'
jest,'JH EH S T',s,''
we,'W IY',s,'IY'
thus,'DH ɤ S',s,''
to,'T UW',s,'UW'
soft,'S AA F T',s,'AA'
so,'S OW',s,''
fast,'F AW S T',s,''
a,'AH',s,''
true,'T R UW',s,'UW'
man,'M AE N',s,'AE'
or,'AO R',s,'AO'
a,'AH',s,''
thief,'TH IY F',s,'IY'
that,'DH AE T',s,'AE'
so,'S OW',s,''
what,'W AH T',s,''
present,'P r IH Z e N T',s,'IH'
hast,'HH AE S T',s,'AE'
thou,'DH AW',s,''
what,'W AH T',s,''
treason,'T R IY Z AH N',s,'IY'
if,'IH F',s,'IH'
it,'IH T',s,'IH'
mar,'M AA R',s,'AA'
neither,'N EH DH ǝ R',s,''
the,'DH AH',s,''
treason,'T R IY Z AH N',s,'IY'
and,'AH N D',s,''
you,'Y UW',s,'UW'
go,'G OW',s,''
in,'IH N',s,'IH'
berone,'B ə r UW N',s,'UW'
read,'r e D',s,''
it,'IH T',s,'IH'
over,'OW V ǝ R',s,''
thou,'DH AW',s,''
it,'IH T',s,'IH'
thou,'DH AW',s,''
it,'IH T',s,'IH'
what,'W AH T',s,''
is,'IH Z',s,'IH'
in,'IH N',s,'IH'
you,'Y UW',s,'UW'
whhy,'ʍ ǝ IH',s,'IH'
dost,'D AA S T',s,'AA'
thou,'DH AW',s,''
tear,'T IY R',s,'IY'
it,'IH T',s,'IH'
what,'W AH T',s,''
what,'W AH T',s,''
did,'D IH D',s,'IH'
rent,'R EH N T',s,''
lines,'L ǝ IH N Z',s,'IH'
of,'AH V',s,''
what,'W AH T',s,''
zeal,'Z IY L',s,'IY'
what,'W AH T',s,''
hath,'HH AE TH',s,'AE'
thee,'DH IY',s,'IY'
my,'M AY',s,'AY'
mistress,'M IH S T R AH S',s,'IH'
is,'IH Z',s,'IH'
a,'AH',s,''
moon,'M UW N',s,'UW'
she,'SH IY',s,'IY'
an,'AE N',s,'AE'
star,'S T AA R',s,'AA'
seen,'S IY N',s,'IY'
a,'AH',s,''
by,'B AY',s,'AY'
heaven,'HH EH V AH N',s,''
is,'IH Z',s,'IH'
black,'B L AE K',s,'AE'
as,'AE Z',s,'AE'
o,'OW',s,''
black,'B L AE K',s,'AE'
is,'IH Z',s,'IH'
the,'DH AH',s,''
bage,'B AE JH',s,'AE'
of,'AH V',s,''
the,'DH AH',s,''
hue,'Y UW',s,'UW'
of,'AH V',s,''
dungeons,'D AH N JH AH N Z',s,''
and,'AH N D',s,''
the,'DH AH',s,''
scchool,'S K UW L',s,'UW'
of,'AH V',s,''
and,'AH N D',s,''
crest,'K R EH S T',s,''
the,'DH AH',s,''
heavens,'HH EH V AH N Z',s,''
well,'W EH L',s,''
and,'AH N D',s,''
of,'AH V',s,''
their,'DH EH R',s,''
sweet,'S W IY T',s,'IY'
crack,'K R AE K',s,'AE'
good,'G UH D',s,'UH'
yours,'Y UH R Z',s,'UH'
did,'D IH D',s,'IH'
for,'F AO R',s,'AO'
to,'T UW',s,'UW'
tell,'T EH L',s,''
you,'Y UW',s,'UW'
plain,'P L EH N',s,''
a,'AH',s,''
fairer,'F EH R ǝ R',s,''
not,'N AA T',s,'AA'
no,'N OW',s,''
devil,'D IH V ǝ L',s,'IH'
will,'W IH L',s,'IH'
thee,'DH IY',s,'IY'
then,'DH EH N',s,''
so,'S OW',s,''
as,'AE Z',s,'AE'
she,'SH IY',s,'IY'
but,'B AH T',s,''
what,'W AH T',s,''
of,'AH V',s,''
this,'DH IH S',s,'IH'
we,'W IY',s,'IY'
not,'N AA T',s,'AA'
all,'AA L',s,'AA'
in,'IH N',s,'IH'
then,'DH EH N',s,''
this,'DH IH S',s,'IH'
chat,'CH AE T',s,'AE'
and,'AH N D',s,''
good,'G UH D',s,'UH'
berone,'B ə r UW N',s,'UW'
our,'OW R',s,''
and,'AH N D',s,''
our,'OW R',s,''
faith,'F EY TH',s,'EY'
not,'N AA T',s,'AA'
torn,'T AO R N',s,'AO'
saint,'S EY N T',s,'EY'
then,'DH EH N',s,''
and,'AH N D',s,''
to,'T UW',s,'UW'
the,'DH AH',s,''
field,'F IY L D',s,'IY'
and,'AH N D',s,''
win,'W IH N',s,'IH'
them,'DH EH M',s,''
too,'T UW',s,'UW'
therefre,'DH EH R F AO R',s,'AO'
let,'L EH T',s,''
us,'AH S',s,''
for,'F AO R',s,'AO'
them,'DH EH M',s,''
in,'IH N',s,'IH'
their,'DH EH R',s,''
tents,'T EH N T S',s,''
no,'N OW',s,''
shall,'SH AE L',s,'AE'
be,'B IY',s,'IY'
omitted,'ǝ M IH T IH D',s,'IH IH'
that,'DH AE T',s,'AE'
will,'W IH L',s,'IH'
and,'AH N D',s,''
by,'B AY',s,'AY'
us,'AH S',s,''
be,'B IY',s,'IY'
fitted,'F IH T AH D',s,'IH'
to,'T UW',s,'UW'
we,'W IY',s,'IY'
to,'T UW',s,'UW'
tread,'T R EH D',s,''
a,'AH',s,''
with,'W IH DH',s,'IH'
on,'AA N',s,'AA'
this,'DH IH S',s,'IH'
grass,'G R AE S',s,'AE'
clouds,'K L AW D Z',s,''
to,'T UW',s,'UW'
do,'D OW',s,''
as,'AE Z',s,'AE'
clouds,'K L AW D Z',s,''
do,'D OW',s,''
moon,'M UW N',s,'UW'
and,'AH N D',s,''
stars,'S T AA R Z',s,'AA'
to,'T UW',s,'UW'
clouds,'K L AW D Z',s,''
removed,'r IH M ɤ V IH D',s,'IH IH'
upon,'AH P AA N',s,'AA'
our,'OW R',s,''
watery,'W AA T r ǝ IH',s,'AA IH'
then,'DH EH N',s,''
in,'IH N',s,'IH'
our,'OW R',s,''
do,'D OW',s,''
but,'B AH T',s,''
thou,'DH AW',s,''
me,'M IY',s,'IY'
beg,'B EH G',s,''
this,'DH IH S',s,'IH'
is,'IH Z',s,'IH'
not,'N AA T',s,'AA'
will,'W IH L',s,'IH'
you,'Y UW',s,'UW'
not,'N AA T',s,'AA'
you,'Y UW',s,'UW'
thus,'DH ɤ S',s,''
estranged,'IH S T r EH N D ZH D',s,'IH'
yet,'Y EH T',s,''
still,'S T IH L',s,'IH'
she,'SH IY',s,'IY'
is,'IH Z',s,'IH'
the,'DH AH',s,''
moon,'M UW N',s,'UW'
and,'AH N D',s,''
i,'AY',s,'AY'
the,'DH AH',s,''
man,'M AE N',s,'AE'
the,'DH AH',s,''
to,'T UW',s,'UW'
it,'IH T',s,'IH'
but,'B AH T',s,''
your,'Y AO R',s,'AO'
legs,'L EH G Z',s,''
do,'D OW',s,''
it,'IH T',s,'IH'
whhy,'ʍ ǝ IH',s,'IH'
we,'W IY',s,'IY'
then,'DH EH N',s,''
of,'AH V',s,''
this,'DH IH S',s,'IH'
be,'B IY',s,'IY'
not,'N AA T',s,'AA'
you,'Y UW',s,'UW'
what,'W AH T',s,''
buys,'B ə IH Z',s,'IH'
your,'Y AO R',s,'AO'
company,'K AH M P AH N IY',s,'IY'
that,'DH AE T',s,'AE'
can,'K AE N',s,'AE'
never,'N e V ǝ R',s,''
be,'B IY',s,'IY'
if,'IH F',s,'IH'
you,'Y UW',s,'UW'
to,'T UW',s,'UW'
chat,'CH AE T',s,'AE'
i,'AY',s,'AY'
am,'AE M',s,'AE'
best,'B EH S T',s,''
with,'W IH DH',s,'IH'
that,'DH AE T',s,'AE'
mad,'M AE D',s,'AE'
wenches,'W EH N CH IH Z',s,'IH'
you,'Y UW',s,'UW'
wits,'W IH T S',s,'IH'
fair,'F EH R',s,''
god,'G AA D',s,'AA'
sve,'EH V',s,''
you,'Y UW',s,'UW'
the,'DH AH',s,''
princess,'P R IH N S EH S',s,'IH'
that,'DH AE T',s,'AE'
she,'SH IY',s,'IY'
me,'M IY',s,'IY'
for,'F AO R',s,'AO'
a,'AH',s,''
blister,'B L IH S T ə R',s,'IH'
on,'AA N',s,'AA'
his,'HH IH Z',s,'IH'
sweet,'S W IY T',s,'IY'
with,'W IH DH',s,'IH'
my,'M AY',s,'AY'
heart,'HH AA R T',s,'AA'
that,'DH AE T',s,'AE'
put,'P UH T',s,'UH'
out,'AW T',s,''
of,'AH V',s,''
his,'HH IH Z',s,'IH'
part,'P AA R T',s,'AA'
all,'AA L',s,'AA'
hail,'HH EY L',s,'EY'
sweet,'S W IY T',s,'IY'
madam,'M AE D AH M',s,'AE'
and,'AH N D',s,''
fair,'F EH R',s,''
of,'AH V',s,''
construe,'K AH N S T R UW',s,'UW'
my,'M AY',s,'AY'
speeches,'S P IY CH AH Z',s,'IY'
better,'B e T ə R',s,''
if,'IH F',s,'IH'
you,'Y UW',s,'UW'
we,'W IY',s,'IY'
to,'T UW',s,'UW'
visit,'V IH Z AH T',s,'IH'
you,'Y UW',s,'UW'
and,'AH N D',s,''
to,'T UW',s,'UW'
lead,'L EH D',s,''
you,'Y UW',s,'UW'
to,'T UW',s,'UW'
our,'OW R',s,''
court,'K AO R T',s,'AO'
it,'IH T',s,'IH'
then,'DH EH N',s,''
me,'M IY',s,'IY'
not,'N AA T',s,'AA'
for,'F AO R',s,'AO'
that,'DH AE T',s,'AE'
you,'Y UW',s,'UW'
the,'DH AH',s,''
of,'AH V',s,''
your,'Y AO R',s,'AO'
must,'M AH S T',s,''
break,'B R EY K',s,'EY'
my,'M AY',s,'AY'
oath,'OW TH',s,''
o,'OW',s,''
you,'Y UW',s,'UW'
in,'IH N',s,'IH'
desolation,'D EH S AH L EY SH AH N',s,'EY'
unseen,'AH N S IY N',s,'IY'
to,'T UW',s,'UW'
our,'OW R',s,''
madam,'M AE D AH M',s,'AE'
we,'W IY',s,'IY'
wre,'W ER',s,''
mock,'M AA K',s,'AA'
us,'AH S',s,''
teach,'T IY CH',s,'IY'
us,'AH S',s,''
sweet,'S W IY T',s,'IY'
madam,'M AE D AH M',s,'AE'
for,'F AO R',s,'AO'
our,'OW R',s,''
transgression,'T R AE N Z G R EH SH AH N',s,'AE'
fair,'F EH R',s,''
madam,'M AE D AH M',s,'AE'
i,'AY',s,'AY'
was,'W AA Z',s,'AA'
i,'AY',s,'AY'
was,'W AA Z',s,'AA'
fair,'F EH R',s,''
madam,'M AE D AH M',s,'AE'
that,'DH AE T',s,'AE'
than,'DH AE N',s,'AE'
all,'AA L',s,'AA'
the,'DH AH',s,''
i,'AY',s,'AY'
did,'D IH D',s,'IH'
respect,'R IH S P EH K T',s,'IH'
upon,'AH P AA N',s,'AA'
no,'N OW',s,''
me,'M IY',s,'IY'
when,'ʍ e N',s,''
i,'AY',s,'AY'
break,'B R EY K',s,'EY'
this,'DH IH S',s,'IH'
oath,'OW TH',s,''
of,'AH V',s,''
what,'W AH T',s,''
mean,'M IY N',s,'IY'
you,'Y UW',s,'UW'
madam,'M AE D AH M',s,'AE'
by,'B AY',s,'AY'
my,'M AY',s,'AY'
my,'M AY',s,'AY'
troth,'T R OW TH',s,''
i,'AY',s,'AY'
never,'N e V ǝ R',s,''
this,'DH IH S',s,'IH'
lady,'L EY D IY',s,'EY IY'
an,'AE N',s,'AE'
oath,'OW TH',s,''
my,'M AY',s,'AY'
faith,'F EY TH',s,'EY'
and,'AH N D',s,''
this,'DH IH S',s,'IH'
the,'DH AH',s,''
princess,'P R IH N S EH S',s,'IH'
i,'AY',s,'AY'
did,'D IH D',s,'IH'
i,'AY',s,'AY'
by,'B AY',s,'AY'
this,'DH IH S',s,'IH'
on,'AA N',s,'AA'
berone,'B ə r UW N',s,'UW'
will,'W IH L',s,'IH'
us,'AH S',s,''
let,'L EH T',s,''
them,'DH EH M',s,''
not,'N AA T',s,'AA'
appproach,'ǝ P r OW T SH',s,''
i,'AY',s,'AY'
shall,'SH AE L',s,'AE'
not,'N AA T',s,'AA'
is,'IH Z',s,'IH'
to,'T UW',s,'UW'
be,'B IY',s,'IY'
a,'AH',s,''
good,'G UH D',s,'UH'
of,'AH V',s,''
he,'HH IY',s,'IY'
presents,'P r IH Z e N T S',s,'IH'
of,'AH V',s,''
troy,'T r ǝ IH',s,'IH'
the,'DH AH',s,''
swain,'S W EY N',s,'EY'
the,'DH AH',s,''
great,'G r e T',s,''
the,'DH AH',s,''
parish,'P AE R IH SH',s,'AE IH'
alexander,'AE L AH G Z AE N D ER',s,'AE AE'
the,'DH AH',s,''
judas,'JH UW D AH S',s,'UW'
and,'AH N D',s,''
if,'IH F',s,'IH'
four,'F AO R',s,'AO'
in,'IH N',s,'IH'
their,'DH EH R',s,''
thhrve,'TH R AY V',s,'AY'
four,'F AO R',s,'AO'
will,'W IH L',s,'IH'
habits,'HH AE B AH T S',s,'AE'
and,'AH N D',s,''
present,'P r IH Z e N T',s,'IH'
the,'DH AH',s,''
you,'Y UW',s,'UW'
not,'N AA T',s,'AA'
so,'S OW',s,''
the,'DH AH',s,''
ship,'SH IH P',s,'IH'
is,'IH Z',s,'IH'
under,'ɤ N D ǝ R',s,''
sail,'S EH L',s,''
and,'AH N D',s,''
she,'SH IY',s,'IY'
was,'W AA Z',s,'AA'
but,'B AH T',s,''
a,'AH',s,''
in,'IH N',s,'IH'
respect,'R IH S P EH K T',s,'IH'
of,'AH V',s,''
this,'DH IH S',s,'IH'
i,'AY',s,'AY'
think,'TH IH NG K',s,'IH'
was,'W AA Z',s,'AA'
not,'N AA T',s,'AA'
so,'S OW',s,''
your,'Y AO R',s,'AO'
majesty,'M AE JH AH S T IY',s,'AE IY'
madam,'M AE D AH M',s,'AE'
not,'N AA T',s,'AA'
so,'S OW',s,''
i,'AY',s,'AY'
do,'D OW',s,''
beseech,'B IY S IY CH',s,'IY IY'
you,'Y UW',s,'UW'
the,'DH AH',s,''
parts,'P AA R T S',s,'AA'
of,'AH V',s,''
extremely,'IH K S T R IY M L IY',s,'IH IY IY'
forms,'F AO R M Z',s,'AO'
all,'AA L',s,'AA'
causes,'K AA Z AH Z',s,'AA'
to,'T UW',s,'UW'
the,'DH AH',s,''
of,'AH V',s,''
his,'HH IH Z',s,'IH'
speed,'S P IY D',s,'IY'
and,'AH N D',s,''
at,'AE T',s,'AE'
his,'HH IH Z',s,'IH'
very,'V EH R IY',s,'IY'
that,'DH AE T',s,'AE'
process,'P r OW S e S',s,''
not,'N AA T',s,'AA'
and,'AH N D',s,''
the,'DH AH',s,''
brow,'B r ə UH',s,'UH'
of,'AH V',s,''
forbid,'F ǝ R B IH D',s,'IH'
the,'DH AH',s,''
smiling,'S M ǝ IH L IH N',s,'IH IH'
of,'AH V',s,''
the,'DH AH',s,''
holy,'HH OW L IY',s,'IY'
suit,'SH UW T',s,'UW'
fain,'F EH N',s,''
it,'IH T',s,'IH'
yet,'Y EH T',s,''
was,'W AA Z',s,'AA'
on,'AA N',s,'AA'
foot,'F UH T',s,'UH'
let,'L EH T',s,''
not,'N AA T',s,'AA'
the,'DH AH',s,''
of,'AH V',s,''
it,'IH T',s,'IH'
from,'F R AH M',s,''
what,'W AH T',s,''
it,'IH T',s,'IH'
to,'T UW',s,'UW'
wail,'W EH L',s,''
friends,'F R EH N D Z',s,''
lost,'L AO S T',s,'AO'
is,'IH Z',s,'IH'
not,'N AA T',s,'AA'
by,'B AY',s,'AY'
so,'S OW',s,''
as,'AE Z',s,'AE'
to,'T UW',s,'UW'
at,'AE T',s,'AE'
friends,'F R EH N D Z',s,''
but,'B AH T',s,''
at,'AE T',s,'AE'
the,'DH AH',s,''
latest,'L EY T AH S T',s,'EY'
of,'AH V',s,''
the,'DH AH',s,''
grant,'G r AO N T',s,'AO'
us,'AH S',s,''
your,'Y AO R',s,'AO'
if,'IH F',s,'IH'
this,'DH IH S',s,'IH'
or,'AO R',s,'AO'
than,'DH AE N',s,'AE'
this,'DH IH S',s,'IH'
i,'AY',s,'AY'
to,'T UW',s,'UW'
up,'AH P',s,''
of,'AH V',s,''
with,'W IH DH',s,'IH'
rest,'R EH S T',s,''
the,'DH AH',s,''
sudden,'S AH D AH N',s,''
of,'AH V',s,''
death,'D EH TH',s,''
up,'AH P',s,''
then,'DH EH N',s,''
my,'M AY',s,'AY'
heart,'HH AA R T',s,'AA'
is,'IH Z',s,'IH'
in,'IH N',s,'IH'
breast,'B R EH S T',s,''
no,'N OW',s,''
madam,'M AE D AH M',s,'AE'
we,'W IY',s,'IY'
will,'W IH L',s,'IH'
you,'Y UW',s,'UW'
on,'AA N',s,'AA'
your,'Y AO R',s,'AO'
it,'IH T',s,'IH'
wants,'W AA N T S',s,'AA'
a,'AH',s,''
and,'AH N D',s,''
a,'AH',s,''
and,'AH N D',s,''
then,'DH EH N',s,''
end,'EH N D',s,''
call,'K AO L',s,'AO'
them,'DH EH M',s,''
forth,'F AO R TH',s,'AO'
we,'W IY',s,'IY'
will,'W IH L',s,'IH'
do,'D OW',s,''
so,'S OW',s,''
