very,'V EH R IY',s,'IY'
sport,'S P AO R T',s,'AO'
and,'AH N D',s,''
in,'IH N',s,'IH'
the,'DH AH',s,''
of,'AH V',s,''
a,'AH',s,''
good,'G UH D',s,'UH'
master,'M AW S T ǝ R',s,''
holofernes,'ɒ L ǝ ˌ F ɐ R N IY Z',s,'IY'
the,'DH AH',s,''
epithets,'EH P AH TH EH T S',s,''
a,'AH',s,''
at,'AE T',s,'AE'
the,'DH AH',s,''
least,'L IY S T',s,'IY'
but,'B AH T',s,''
i,'AY',s,'AY'
you,'Y UW',s,'UW'
it,'IH T',s,'IH'
was,'W AA Z',s,'AA'
a,'AH',s,''
buck,'B AH K',s,''
of,'AH V',s,''
the,'DH AH',s,''
he,'HH IY',s,'IY'
hath,'HH AE TH',s,'AE'
never,'N e V ǝ R',s,''
fed,'F EH D',s,''
of,'AH V',s,''
the,'DH AH',s,''
that,'DH AE T',s,'AE'
bred,'B R EH D',s,''
in,'IH N',s,'IH'
a,'AH',s,''
book,'B UH K',s,'UH'
he,'HH IY',s,'IY'
hath,'HH AE TH',s,'AE'
not,'N AA T',s,'AA'
eat,'IY T',s,'IY'
paper,'P EH P ǝ R',s,''
as,'AE Z',s,'AE'
it,'IH T',s,'IH'
wre,'W ER',s,''
he,'HH IY',s,'IY'
hath,'HH AE TH',s,'AE'
not,'N AA T',s,'AA'
drunk,'D R AH NG K',s,''
ink,'IH NG K',s,'IH'
his,'HH IH Z',s,'IH'
intellect,'IH N T AH L EH K T',s,'IH'
is,'IH Z',s,'IH'
not,'N AA T',s,'AA'
he,'HH IY',s,'IY'
is,'IH Z',s,'IH'
only,'OW N L IY',s,'IY'
an,'AE N',s,'AE'
animal,'AE N AH M AH L',s,'AE'
only,'OW N L IY',s,'IY'
in,'IH N',s,'IH'
the,'DH AH',s,''
parts,'P AA R T S',s,'AA'
and,'AH N D',s,''
barren,'B AE R AH N',s,'AE'
plants,'P L AW N T S',s,''
set,'S EH T',s,''
us,'AH S',s,''
that,'DH AE T',s,'AE'
we,'W IY',s,'IY'
thankful,'TH AE NG K F AH L',s,'AE'
be,'B IY',s,'IY'
we,'W IY',s,'IY'
of,'AH V',s,''
and,'AH N D',s,''
parts,'P AA R T S',s,'AA'
that,'DH AE T',s,'AE'
do,'D OW',s,''
in,'IH N',s,'IH'
us,'AH S',s,''
than,'DH AE N',s,'AE'
he,'HH IY',s,'IY'
for,'F AO R',s,'AO'
as,'AE Z',s,'AE'
it,'IH T',s,'IH'
ill,'IH L',s,'IH'
me,'M IY',s,'IY'
to,'T UW',s,'UW'
be,'B IY',s,'IY'
vain,'V EY N',s,'EY'
indisccreet,'IH N D IH S K R IY T',s,'IH IH IY'
or,'AO R',s,'AO'
a,'AH',s,''
fool,'F UH L',s,'UH'
so,'S OW',s,''
wre,'W ER',s,''
a,'AH',s,''
set,'S EH T',s,''
on,'AA N',s,'AA'
to,'T UW',s,'UW'
see,'S IY',s,'IY'
him,'HH IH M',s,'IH'
in,'IH N',s,'IH'
a,'AH',s,''
scchool,'S K UW L',s,'UW'
but,'B AH T',s,''
i,'AY',s,'AY'
being,'B IY IH NG',s,'IY IH'
of,'AH V',s,''
an,'AE N',s,'AE'
old,'OW L D',s,''
can,'K AE N',s,'AE'
brook,'B R UH K',s,'UH'
the,'DH AH',s,''
that,'DH AE T',s,'AE'
not,'N AA T',s,'AA'
the,'DH AH',s,''
a,'AH',s,''
to,'T UW',s,'UW'
to,'T UW',s,'UW'
luna,'L UW N ǝ',s,'UW'
to,'T UW',s,'UW'
the,'DH AH',s,''
moon,'M UW N',s,'UW'
good,'G UH D',s,'UH'
master,'M AW S T ǝ R',s,''
holofernes,'ɒ L ǝ ˌ F ɐ R N IY Z',s,'IY'
so,'S OW',s,''
it,'IH T',s,'IH'
shall,'SH AE L',s,'AE'
you,'Y UW',s,'UW'
to,'T UW',s,'UW'
a,'AH',s,''
talent,'T AE L AH N T',s,'AE'
i,'AY',s,'AY'
the,'DH AH',s,''
lord,'L AO R D',s,'AO'
for,'F AO R',s,'AO'
you,'Y UW',s,'UW'
and,'AH N D',s,''
so,'S OW',s,''
my,'M AY',s,'AY'
for,'F AO R',s,'AO'
their,'DH EH R',s,''
sons,'S AH N Z',s,''
well,'W EH L',s,''
tutored,'T Y UW T ǝ R D',s,'UW'
by,'B AY',s,'AY'
you,'Y UW',s,'UW'
and,'AH N D',s,''
their,'DH EH R',s,''
profit,'P R AA F AH T',s,'AA'
very,'V EH R IY',s,'IY'
greatly,'G R EY T L IY',s,'EY IY'
under,'ɤ N D ǝ R',s,''
you,'Y UW',s,'UW'
you,'Y UW',s,'UW'
a,'AH',s,''
good,'G UH D',s,'UH'
member,'M e M B ǝ R',s,''
of,'AH V',s,''
the,'DH AH',s,''
commonwealth,'K AA M AH N W EH L TH',s,'AA'
and,'AH N D',s,''
very,'V EH R IY',s,'IY'
if,'IH F',s,'IH'
me,'M IY',s,'IY'
forsworn,'F AO R S W AO R N',s,'AO AO'
shall,'SH AE L',s,'AE'
i,'AY',s,'AY'
swear,'S W EH R',s,''
to,'T UW',s,'UW'
never,'N e V ǝ R',s,''
faith,'F EY TH',s,'EY'
if,'IH F',s,'IH'
not,'N AA T',s,'AA'
to,'T UW',s,'UW'
vowed,'V ǝ UH IH D',s,'UH IH'
to,'T UW',s,'UW'
myself,'M AY S EH L F',s,'AY'
forsworn,'F AO R S W AO R N',s,'AO AO'
to,'T UW',s,'UW'
thee,'DH IY',s,'IY'
to,'T UW',s,'UW'
me,'M IY',s,'IY'
wre,'W ER',s,''
oaks,'OW K S',s,''
to,'T UW',s,'UW'
thee,'DH IY',s,'IY'
study,'S T AH D IY',s,'IY'
his,'HH IH Z',s,'IH'
and,'AH N D',s,''
his,'HH IH Z',s,'IH'
book,'B UH K',s,'UH'
all,'AA L',s,'AA'
that,'DH AE T',s,'AE'
art,'AA R T',s,'AA'
comprehend,'K AA M P R IY HH EH N D',s,'AA IY'
if,'IH F',s,'IH'
be,'B IY',s,'IY'
the,'DH AH',s,''
mark,'M AA R K',s,'AA'
to,'T UW',s,'UW'
thee,'DH IY',s,'IY'
shall,'SH AE L',s,'AE'
is,'IH Z',s,'IH'
that,'DH AE T',s,'AE'
that,'DH AE T',s,'AE'
well,'W EH L',s,''
can,'K AE N',s,'AE'
thee,'DH IY',s,'IY'
commend,'K AH M EH N D',s,''
all,'AA L',s,'AA'
ignorant,'IH G N ǝ r ǝ N T',s,'IH'
that,'DH AE T',s,'AE'
soul,'S OW L',s,''
that,'DH AE T',s,'AE'
sees,'S IY Z',s,'IY'
thee,'DH IY',s,'IY'
wonder,'W ɤ N D ǝ R',s,''
is,'IH Z',s,'IH'
to,'T UW',s,'UW'
me,'M IY',s,'IY'
that,'DH AE T',s,'AE'
i,'AY',s,'AY'
parts,'P AA R T S',s,'AA'
bears,'B EH R Z',s,''
his,'HH IH Z',s,'IH'
dreadful,'D R EH D F AH L',s,''
not,'N AA T',s,'AA'
to,'T UW',s,'UW'
anger,'AW NG ɡ ǝ R',s,''
bent,'B EH N T',s,''
is,'IH Z',s,'IH'
and,'AH N D',s,''
sweet,'S W IY T',s,'IY'
as,'AE Z',s,'AE'
thou,'DH AW',s,''
art,'AA R T',s,'AA'
o,'OW',s,''
pardon,'P AA R D ǝ N',s,'AA'
this,'DH IH S',s,'IH'
that,'DH AE T',s,'AE'
with,'W IH DH',s,'IH'
an,'AE N',s,'AE'
you,'Y UW',s,'UW'
this,'DH IH S',s,'IH'
in,'IH N',s,'IH'
the,'DH AH',s,''
fear,'F IY R',s,'IY'
of,'AH V',s,''
god,'G AA D',s,'AA'
very,'V EH R IY',s,'IY'
religiously,'R IH L IH JH AH S L IY',s,'IH IH IY'
and,'AH N D',s,''
as,'AE Z',s,'AE'
a,'AH',s,''
certain,'S ɐ R T ǝ N',s,''
marvelous,'M AA R V AH L AH S',s,'AA'
well,'W EH L',s,''
for,'F AO R',s,'AO'
the,'DH AH',s,''
pen,'P EH N',s,''
and,'AH N D',s,''
thank,'TH AE NG K',s,'AE'
you,'Y UW',s,'UW'
too,'T UW',s,'UW'
for,'F AO R',s,'AO'
the,'DH AH',s,''
is,'IH Z',s,'IH'
the,'DH AH',s,''
happiness,'HH AE P IY N AH S',s,'AE IY'
of,'AH V',s,''
i,'AY',s,'AY'
god,'G AA D',s,'AA'
for,'F AO R',s,'AO'
you,'Y UW',s,'UW'
your,'Y AO R',s,'AO'
reasons,'r EH Z ǝ N Z',s,''
at,'AE T',s,'AE'
been,'B IH N',s,'IH'
sharp,'SH AA R P',s,'AA'
and,'AH N D',s,''
pleasant,'P L EH Z AH N T',s,''
affection,'AH F EH K SH AH N',s,''
and,'AH N D',s,''
i,'AY',s,'AY'
did,'D IH D',s,'IH'
this,'DH IH S',s,'IH'
with,'W IH DH',s,'IH'
a,'AH',s,''
of,'AH V',s,''
the,'DH AH',s,''
who,'HH UW',s,'UW'
is,'IH Z',s,'IH'
nominated,'N AA M AH N EY T AH D',s,'AA EY'
or,'AO R',s,'AO'
don,'D AA N',s,'AA'
de,'D e',s,''
armado,'ɐ R M AA D OW',s,'AA'
a,'AH',s,''
most,'M OW S T',s,''
singular,'S IH NG G Y AH L ER',s,'IH'
and,'AH N D',s,''
epithet,'EH P AH TH EH T',s,''
intelligo,'IH N T e L IH G OW',s,'IH IH'
will,'W IH L',s,'IH'
you,'Y UW',s,'UW'
men,'M EH N',s,''
to,'T UW',s,'UW'
present,'P r IH Z e N T',s,'IH'
them,'DH EH M',s,''
when,'ʍ e N',s,''
in,'IH N',s,'IH'
the,'DH AH',s,''
i,'AY',s,'AY'
i,'AY',s,'AY'
was,'W AA Z',s,'AA'
the,'DH AH',s,''
commander,'K ǝ M AW N D ǝ R',s,''
by,'B AY',s,'AY'
east,'e S T',s,''
west,'W EH S T',s,''
north,'N AO R TH',s,'AO'
and,'AH N D',s,''
i,'AY',s,'AY'
spread,'S P R EH D',s,''
my,'M AY',s,'AY'
my,'M AY',s,'AY'
plain,'P L EH N',s,''
that,'DH AE T',s,'AE'
i,'AY',s,'AY'
am,'AE M',s,'AE'
when,'ʍ e N',s,''
in,'IH N',s,'IH'
the,'DH AH',s,''
i,'AY',s,'AY'
i,'AY',s,'AY'
was,'W AA Z',s,'AA'
the,'DH AH',s,''
commander,'K ǝ M AW N D ǝ R',s,''
