to,'T UW',s,'UW'
your,'Y AO R',s,'AO'
will,'W IH L',s,'IH'
i,'AY',s,'AY'
to,'T UW',s,'UW'
your,'Y AO R',s,'AO'
pleasre,'P L EH ZH ER',s,''
good,'G UH D',s,'UH'
my,'M AY',s,'AY'
lord,'L AO R D',s,'AO'
let,'L EH T',s,''
be,'B IY',s,'IY'
test,'T EH S T',s,''
of,'AH V',s,''
my,'M AY',s,'AY'
so,'S OW',s,''
and,'AH N D',s,''
so,'S OW',s,''
great,'G r e T',s,''
a,'AH',s,''
be,'B IY',s,'IY'
stamped,'S T AW M P IH D',s,'IH'
upon,'AH P AA N',s,'AA'
it,'IH T',s,'IH'
yet,'Y EH T',s,''
my,'M AY',s,'AY'
lord,'L AO R D',s,'AO'
that,'DH AE T',s,'AE'
we,'W IY',s,'IY'
you,'Y UW',s,'UW'
on,'AA N',s,'AA'
the,'DH AH',s,''
the,'DH AH',s,''
heavens,'HH EH V AH N Z',s,''
safety,'S EH F T ǝ IH',s,'IH'
to,'T UW',s,'UW'
your,'Y AO R',s,'AO'
purposes,'P ɐ R P ǝ S IH Z',s,'IH'
so,'S OW',s,''
with,'W IH DH',s,'IH'
me,'M IY',s,'IY'
let,'L EH T',s,''
us,'AH S',s,''
and,'AH N D',s,''
we,'W IY',s,'IY'
soon,'S UW N',s,'UW'
our,'OW R',s,''
satisfaction,'S AE T AH S F AE K SH AH N',s,'AE AE'
touching,'T ɤ T SH IH N',s,'IH'
that,'DH AE T',s,'AE'
we,'W IY',s,'IY'
must,'M AH S T',s,''
not,'N AA T',s,'AA'
a,'AH',s,''
of,'AH V',s,''
the,'DH AH',s,''
it,'IH T',s,'IH'
up,'AH P',s,''
to,'T UW',s,'UW'
fear,'F IY R',s,'IY'
the,'DH AH',s,''
birds,'B ɐ R D Z',s,''
of,'AH V',s,''
and,'AH N D',s,''
let,'L EH T',s,''
it,'IH T',s,'IH'
keep,'K IY P',s,'IY'
till,'T IH L',s,'IH'
custom,'K AH S T AH M',s,''
it,'IH T',s,'IH'
their,'DH EH R',s,''
and,'AH N D',s,''
not,'N AA T',s,'AA'
their,'DH EH R',s,''
terror,'T e r ǝ R',s,''
to,'T UW',s,'UW'
be,'B IY',s,'IY'
tempted,'T EH M P T AH D',s,''
another,'ǝ N ɤ DH ǝ R',s,''
to,'T UW',s,'UW'
fall,'F AA L',s,'AA'
i,'AY',s,'AY'
not,'N AA T',s,'AA'
the,'DH AH',s,''
jury,'JH UH R IY',s,'UH IY'
on,'AA N',s,'AA'
the,'DH AH',s,''
in,'IH N',s,'IH'
the,'DH AH',s,''
sworn,'S W AO R N',s,'AO'
a,'AH',s,''
thief,'TH IY F',s,'IY'
or,'AO R',s,'AO'
than,'DH AE N',s,'AE'
him,'HH IH M',s,'IH'
open,'OW P ǝ N',s,''
to,'T UW',s,'UW'
that,'DH AE T',s,'AE'
seizes,'S IY Z IH Z',s,'IY IH'
what,'W AH T',s,''
the,'DH AH',s,''
that,'DH AE T',s,'AE'
do,'D OW',s,''
pass,'P AE S',s,'AE'
on,'AA N',s,'AA'
very,'V EH R IY',s,'IY'
pregnant,'P R EH G N AH N T',s,''
the,'DH AH',s,''
that,'DH AE T',s,'AE'
we,'W IY',s,'IY'
we,'W IY',s,'IY'
stoop,'S T UW P',s,'UW'
and,'AH N D',s,''
we,'W IY',s,'IY'
see,'S IY',s,'IY'
it,'IH T',s,'IH'
but,'B AH T',s,''
what,'W AH T',s,''
we,'W IY',s,'IY'
do,'D OW',s,''
not,'N AA T',s,'AA'
see,'S IY',s,'IY'
we,'W IY',s,'IY'
tread,'T R EH D',s,''
upon,'AH P AA N',s,'AA'
and,'AH N D',s,''
never,'N e V ǝ R',s,''
think,'TH IH NG K',s,'IH'
of,'AH V',s,''
it,'IH T',s,'IH'
you,'Y UW',s,'UW'
not,'N AA T',s,'AA'
so,'S OW',s,''
his,'HH IH Z',s,'IH'
for,'F AO R',s,'AO'
i,'AY',s,'AY'
had,'HH AE D',s,'AE'
faults,'F AO L T S',s,'AO'
but,'B AH T',s,''
tell,'T EH L',s,''
me,'M IY',s,'IY'
when,'ʍ e N',s,''
i,'AY',s,'AY'
that,'DH AE T',s,'AE'
him,'HH IH M',s,'IH'
do,'D OW',s,''
so,'S OW',s,''
offend,'AH F EH N D',s,''
let,'L EH T',s,''
pattern,'P AW T ǝ R N',s,''
out,'AW T',s,''
my,'M AY',s,'AY'
death,'D EH TH',s,''
and,'AH N D',s,''
in,'IH N',s,'IH'
he,'HH IY',s,'IY'
must,'M AH S T',s,''
is,'IH Z',s,'IH'
the,'DH AH',s,''
provost,'P R OW V OW S T',s,''
see,'S IY',s,'IY'
that,'DH AE T',s,'AE'
be,'B IY',s,'IY'
by,'B AY',s,'AY'
him,'HH IH M',s,'IH'
his,'HH IH Z',s,'IH'
let,'L EH T',s,''
him,'HH IH M',s,'IH'
be,'B IY',s,'IY'
for,'F AO R',s,'AO'
the,'DH AH',s,''
utmost,'AH T M OW S T',s,''
of,'AH V',s,''
his,'HH IH Z',s,'IH'
your,'Y AO R',s,'AO'
and,'AH N D',s,''
the,'DH AH',s,''
matter,'M AW T ǝ R',s,''
well,'W EH L',s,''
what,'W AH T',s,''
not,'N AA T',s,'AA'
go,'G OW',s,''
to,'T UW',s,'UW'
what,'W AH T',s,''
of,'AH V',s,''
is,'IH Z',s,'IH'
your,'Y AO R',s,'AO'
whhy,'ʍ ǝ IH',s,'IH'
dost,'D AA S T',s,'AA'
thou,'DH AW',s,''
not,'N AA T',s,'AA'
speak,'S P IY K',s,'IY'
what,'W AH T',s,''
you,'Y UW',s,'UW'
this,'DH IH S',s,'IH'
will,'W IH L',s,'IH'
last,'L AE S T',s,'AE'
out,'AW T',s,''
a,'AH',s,''
in,'IH N',s,'IH'
when,'ʍ e N',s,''
longest,'L AO NG G AH S T',s,'AO'
my,'M AY',s,'AY'
and,'AH N D',s,''
you,'Y UW',s,'UW'
to,'T UW',s,'UW'
the,'DH AH',s,''
of,'AH V',s,''
the,'DH AH',s,''
good,'G UH D',s,'UH'
to,'T UW',s,'UW'
whip,'ʍ IH P',s,'IH'
them,'DH EH M',s,''
all,'AA L',s,'AA'
the,'DH AH',s,''
matter,'M AW T ǝ R',s,''
provost,'P R OW V OW S T',s,''
did,'D IH D',s,'IH'
not,'N AA T',s,'AA'
i,'AY',s,'AY'
tell,'T EH L',s,''
thee,'DH IY',s,'IY'
yea,'Y EH',s,''
thou,'DH AW',s,''
not,'N AA T',s,'AA'
order,'AO R D ǝ R',s,'AO'
whhy,'ʍ ǝ IH',s,'IH'
dost,'D AA S T',s,'AA'
thou,'DH AW',s,''
ask,'AW S K',s,''
again,'ǝ ɡ EH N',s,''
go,'G OW',s,''
to,'T UW',s,'UW'
let,'L EH T',s,''
that,'DH AE T',s,'AE'
be,'B IY',s,'IY'
do,'D OW',s,''
you,'Y UW',s,'UW'
your,'Y AO R',s,'AO'
or,'AO R',s,'AO'
up,'AH P',s,''
your,'Y AO R',s,'AO'
and,'AH N D',s,''
you,'Y UW',s,'UW'
shall,'SH AE L',s,'AE'
well,'W EH L',s,''
be,'B IY',s,'IY'
of,'AH V',s,''
to,'T UW',s,'UW'
and,'AH N D',s,''
that,'DH AE T',s,'AE'
with,'W IH DH',s,'IH'
speed,'S P IY D',s,'IY'
hath,'HH AE TH',s,'AE'
he,'HH IY',s,'IY'
a,'AH',s,''
well,'W EH L',s,''
let,'L EH T',s,''
be,'B IY',s,'IY'
admitted,'AH D M IH T AH D',s,'IH'
see,'S IY',s,'IY'
you,'Y UW',s,'UW'
the,'DH AH',s,''
be,'B IY',s,'IY'
removed,'r IH M ɤ V IH D',s,'IH IH'
let,'L EH T',s,''
needful,'N IY D F AH L',s,'IY'
but,'B AH T',s,''
not,'N AA T',s,'AA'
lavish,'L AE V IH SH',s,'AE IH'
means,'M IY N Z',s,'IY'
shall,'SH AE L',s,'AE'
be,'B IY',s,'IY'
order,'AO R D ǝ R',s,'AO'
for,'F AO R',s,'AO'
a,'AH',s,''
youre,'Y UH R',s,'UH'
your,'Y AO R',s,'AO'
will,'W IH L',s,'IH'
well,'W EH L',s,''
your,'Y AO R',s,'AO'
suit,'SH UW T',s,'UW'
well,'W EH L',s,''
the,'DH AH',s,''
matter,'M AW T ǝ R',s,''
the,'DH AH',s,''
fault,'F AO L T',s,'AO'
and,'AH N D',s,''
not,'N AA T',s,'AA'
the,'DH AH',s,''
of,'AH V',s,''
it,'IH T',s,'IH'
whhy,'ʍ ǝ IH',s,'IH'
every,'e V r ǝ IH',s,'IH'
it,'IH T',s,'IH'
be,'B IY',s,'IY'
wre,'W ER',s,''
the,'DH AH',s,''
very,'V EH R IY',s,'IY'
cipher,'S ǝ IH F ǝ R',s,'IH'
of,'AH V',s,''
a,'AH',s,''
function,'F AH NG K SH AH N',s,''
to,'T UW',s,'UW'
the,'DH AH',s,''
faults,'F AO L T S',s,'AO'
stands,'S T AE N D Z',s,'AE'
in,'IH N',s,'IH'
record,'r IH K AO R D',s,'IH AO'
and,'AH N D',s,''
let,'L EH T',s,''
go,'G OW',s,''
by,'B AY',s,'AY'
the,'DH AH',s,''
maiden,'M EY D AH N',s,'EY'
no,'N OW',s,''
i,'AY',s,'AY'
will,'W IH L',s,'IH'
not,'N AA T',s,'AA'
do,'D OW',s,''
look,'L UH K',s,'UH'
what,'W AH T',s,''
i,'AY',s,'AY'
will,'W IH L',s,'IH'
not,'N AA T',s,'AA'
that,'DH AE T',s,'AE'
i,'AY',s,'AY'
cannot,'K AE N AA T',s,'AE AA'
do,'D OW',s,''
too,'T UW',s,'UW'
you,'Y UW',s,'UW'
your,'Y AO R',s,'AO'
is,'IH Z',s,'IH'
a,'AH',s,''
forfeit,'F AO R F IH T',s,'AO IH'
of,'AH V',s,''
the,'DH AH',s,''
and,'AH N D',s,''
you,'Y UW',s,'UW'
but,'B AH T',s,''
your,'Y AO R',s,'AO'
be,'B IY',s,'IY'
you,'Y UW',s,'UW'
content,'K ǝ N T e N T',s,''
fair,'F EH R',s,''
maid,'M EY D',s,'EY'
it,'IH T',s,'IH'
is,'IH Z',s,'IH'
the,'DH AH',s,''
not,'N AA T',s,'AA'
i,'AY',s,'AY'
your,'Y AO R',s,'AO'
wre,'W ER',s,''
he,'HH IY',s,'IY'
my,'M AY',s,'AY'
kinsman,'K IH N Z M AE N',s,'IH AE'
or,'AO R',s,'AO'
my,'M AY',s,'AY'
son,'S AO ̃',s,'AO'
it,'IH T',s,'IH'
be,'B IY',s,'IY'
thus,'DH ɤ S',s,''
with,'W IH DH',s,'IH'
him,'HH IH M',s,'IH'
he,'HH IY',s,'IY'
must,'M AH S T',s,''
the,'DH AH',s,''
hath,'HH AE TH',s,'AE'
not,'N AA T',s,'AA'
been,'B IH N',s,'IH'
dead,'D EH D',s,''
it,'IH T',s,'IH'
hath,'HH AE TH',s,'AE'
slept,'S L EH P T',s,''
had,'HH AE D',s,'AE'
not,'N AA T',s,'AA'
to,'T UW',s,'UW'
do,'D OW',s,''
that,'DH AE T',s,'AE'
evil,'e V IH L',s,'IH'
if,'IH F',s,'IH'
the,'DH AH',s,''
that,'DH AE T',s,'AE'
did,'D IH D',s,'IH'
edict,'e D IH K T',s,'IH'
had,'HH AE D',s,'AE'
for,'F AO R',s,'AO'
his,'HH IH Z',s,'IH'
deed,'D IY D',s,'IY'
of,'AH V',s,''
what,'W AH T',s,''
is,'IH Z',s,'IH'
and,'AH N D',s,''
a,'AH',s,''
looks,'L UH K S',s,'UH'
in,'IH N',s,'IH'
a,'AH',s,''
glass,'G L AW S',s,''
that,'DH AE T',s,'AE'
what,'W AH T',s,''
evils,'IY V AH L Z',s,'IY'
either,'EH DH ǝ R',s,''
or,'AO R',s,'AO'
by,'B AY',s,'AY'
and,'AH N D',s,''
so,'S OW',s,''
in,'IH N',s,'IH'
progress,'P r OW G r e S',s,''
to,'T UW',s,'UW'
be,'B IY',s,'IY'
and,'AH N D',s,''
born,'B AO R N',s,'AO'
to,'T UW',s,'UW'
no,'N OW',s,''
degrees,'D IH G R IY Z',s,'IH IY'
but,'B AH T',s,''
to,'T UW',s,'UW'
end,'EH N D',s,''
i,'AY',s,'AY'
it,'IH T',s,'IH'
most,'M OW S T',s,''
of,'AH V',s,''
all,'AA L',s,'AA'
when,'ʍ e N',s,''
i,'AY',s,'AY'
for,'F AO R',s,'AO'
then,'DH EH N',s,''
i,'AY',s,'AY'
i,'AY',s,'AY'
do,'D OW',s,''
not,'N AA T',s,'AA'
a,'AH',s,''
after,'AW F T ǝ R',s,''
gall,'G AA L',s,'AA'
and,'AH N D',s,''
do,'D OW',s,''
him,'HH IH M',s,'IH'
that,'DH AE T',s,'AE'
not,'N AA T',s,'AA'
to,'T UW',s,'UW'
act,'AE K T',s,'AE'
another,'ǝ N ɤ DH ǝ R',s,''
be,'B IY',s,'IY'
satisfied,'S AE T AH S F AY D',s,'AE AY'
your,'Y AO R',s,'AO'
be,'B IY',s,'IY'
content,'K ǝ N T e N T',s,''
whhy,'ʍ ǝ IH',s,'IH'
do,'D OW',s,''
you,'Y UW',s,'UW'
put,'P UH T',s,'UH'
upon,'AH P AA N',s,'AA'
me,'M IY',s,'IY'
she,'SH IY',s,'IY'
speaks,'S P IY K S',s,'IY'
and,'AH N D',s,''
that,'DH AE T',s,'AE'
my,'M AY',s,'AY'
breeds,'B R IY D Z',s,'IY'
with,'W IH DH',s,'IH'
it,'IH T',s,'IH'
you,'Y UW',s,'UW'
well,'W EH L',s,''
i,'AY',s,'AY'
will,'W IH L',s,'IH'
bethink,'B IH TH IH NG K',s,'IH IH'
me,'M IY',s,'IY'
again,'ǝ ɡ EH N',s,''
me,'M IY',s,'IY'
well,'W EH L',s,''
to,'T UW',s,'UW'
me,'M IY',s,'IY'
amen,'EY M EH N',s,'EY'
for,'F AO R',s,'AO'
i,'AY',s,'AY'
am,'AE M',s,'AE'
that,'DH AE T',s,'AE'
going,'G OW IH N',s,'IH'
to,'T UW',s,'UW'
temptation,'T e M T EH S IH ǝ N',s,'IH'
cross,'K R AO S',s,'AO'
at,'AE T',s,'AE'
noon,'N UW N',s,'UW'
from,'F R AH M',s,''
thee,'DH IY',s,'IY'
even,'IY V IH N',s,'IY IH'
from,'F R AH M',s,''
this,'DH IH S',s,'IH'
this,'DH IH S',s,'IH'
is,'IH Z',s,'IH'
this,'DH IH S',s,'IH'
fault,'F AO L T',s,'AO'
or,'AO R',s,'AO'
the,'DH AH',s,''
or,'AO R',s,'AO'
the,'DH AH',s,''
tempted,'T EH M P T AH D',s,''
who,'HH UW',s,'UW'
sins,'S IH N Z',s,'IH'
most,'M OW S T',s,''
not,'N AA T',s,'AA'
she,'SH IY',s,'IY'
nor,'N AO R',s,'AO'
doth,'D AO TH',s,'AO'
she,'SH IY',s,'IY'
tempt,'T EH M P T',s,''
but,'B AH T',s,''
it,'IH T',s,'IH'
is,'IH Z',s,'IH'
i,'AY',s,'AY'
that,'DH AE T',s,'AE'
lying,'L ǝ IH IH N',s,'IH IH'
by,'B AY',s,'AY'
the,'DH AH',s,''
in,'IH N',s,'IH'
the,'DH AH',s,''
sun,'S AH N',s,''
do,'D OW',s,''
as,'AE Z',s,'AE'
the,'DH AH',s,''
does,'D AH Z',s,''
not,'N AA T',s,'AA'
as,'AE Z',s,'AE'
the,'DH AH',s,''
corrupt,'K ǝ r ɤ P T',s,''
with,'W IH DH',s,'IH'
virtuous,'V ER CH UW AH S',s,'UW'
season,'S IY Z AH N',s,'IY'
can,'K AE N',s,'AE'
it,'IH T',s,'IH'
be,'B IY',s,'IY'
that,'DH AE T',s,'AE'
modesty,'M AA D AH S T IY',s,'AA IY'
our,'OW R',s,''
than,'DH AE N',s,'AE'
shall,'SH AE L',s,'AE'
we,'W IY',s,'IY'
to,'T UW',s,'UW'
the,'DH AH',s,''
and,'AH N D',s,''
our,'OW R',s,''
evils,'IY V AH L Z',s,'IY'
o,'OW',s,''
what,'W AH T',s,''
dost,'D AA S T',s,'AA'
thou,'DH AW',s,''
or,'AO R',s,'AO'
what,'W AH T',s,''
art,'AA R T',s,'AA'
thou,'DH AW',s,''
dost,'D AA S T',s,'AA'
thou,'DH AW',s,''
for,'F AO R',s,'AO'
that,'DH AE T',s,'AE'
good,'G UH D',s,'UH'
o,'OW',s,''
let,'L EH T',s,''
for,'F AO R',s,'AO'
their,'DH EH R',s,''
robbery,'r ɒ B r ǝ IH',s,'IH'
when,'ʍ e N',s,''
steal,'S T IY L',s,'IY'
what,'W AH T',s,''
do,'D OW',s,''
i,'AY',s,'AY'
that,'DH AE T',s,'AE'
i,'AY',s,'AY'
to,'T UW',s,'UW'
speak,'S P IY K',s,'IY'
again,'ǝ ɡ EH N',s,''
and,'AH N D',s,''
feast,'F e S T',s,''
upon,'AH P AA N',s,'AA'
what,'W AH T',s,''
is,'IH Z',s,'IH'
i,'AY',s,'AY'
dream,'D R IY M',s,'IY'
on,'AA N',s,'AA'
o,'OW',s,''
enemy,'EH N AH M IY',s,'IY'
that,'DH AE T',s,'AE'
to,'T UW',s,'UW'
a,'AH',s,''
saint,'S EY N T',s,'EY'
with,'W IH DH',s,'IH'
saints,'S EY N T S',s,'EY'
dost,'D AA S T',s,'AA'
bait,'B EH T',s,''
most,'M OW S T',s,''
is,'IH Z',s,'IH'
that,'DH AE T',s,'AE'
temptation,'T e M T EH S IH ǝ N',s,'IH'
that,'DH AE T',s,'AE'
doth,'D AO TH',s,'AO'
goad,'G OW D',s,''
us,'AH S',s,''
on,'AA N',s,'AA'
to,'T UW',s,'UW'
sin,'S IH N',s,'IH'
in,'IH N',s,'IH'
never,'N e V ǝ R',s,''
the,'DH AH',s,''
with,'W IH DH',s,'IH'
all,'AA L',s,'AA'
art,'AA R T',s,'AA'
and,'AH N D',s,''
natre,'N EY CH ER',s,'EY'
stir,'S T ɐ R',s,''
my,'M AY',s,'AY'
but,'B AH T',s,''
this,'DH IH S',s,'IH'
virtuous,'V ER CH UW AH S',s,'UW'
maid,'M EY D',s,'EY'
me,'M IY',s,'IY'
till,'T IH L',s,'IH'
when,'ʍ e N',s,''
men,'M EH N',s,''
wre,'W ER',s,''
fond,'F AA N D',s,'AA'
i,'AY',s,'AY'
smiled,'S M ǝ IH L D',s,'IH'
and,'AH N D',s,''
when,'ʍ e N',s,''
i,'AY',s,'AY'
and,'AH N D',s,''
think,'TH IH NG K',s,'IH'
i,'AY',s,'AY'
think,'TH IH NG K',s,'IH'
and,'AH N D',s,''
to,'T UW',s,'UW'
subjects,'S AH B JH IH K T S',s,'IH'
heaven,'HH EH V AH N',s,''
hath,'HH AE TH',s,'AE'
my,'M AY',s,'AY'
empty,'e M T ǝ IH',s,'IH'
my,'M AY',s,'AY'
not,'N AA T',s,'AA'
my,'M AY',s,'AY'
anchors,'AW NG K ǝ R Z',s,''
on,'AA N',s,'AA'
god,'G AA D',s,'AA'
in,'IH N',s,'IH'
my,'M AY',s,'AY'
as,'AE Z',s,'AE'
if,'IH F',s,'IH'
i,'AY',s,'AY'
did,'D IH D',s,'IH'
but,'B AH T',s,''
only,'OW N L IY',s,'IY'
his,'HH IH Z',s,'IH'
and,'AH N D',s,''
in,'IH N',s,'IH'
my,'M AY',s,'AY'
heart,'HH AA R T',s,'AA'
the,'DH AH',s,''
and,'AH N D',s,''
evil,'e V IH L',s,'IH'
of,'AH V',s,''
my,'M AY',s,'AY'
conception,'K AH N S EH P SH AH N',s,''
the,'DH AH',s,''
i,'AY',s,'AY'
is,'IH Z',s,'IH'
a,'AH',s,''
good,'G UH D',s,'UH'
being,'B IY IH NG',s,'IY IH'
read,'r e D',s,''
and,'AH N D',s,''
yea,'Y EH',s,''
my,'M AY',s,'AY'
gravity,'G R AE V AH T IY',s,'AE IY'
no,'N OW',s,''
man,'M AE N',s,'AE'
mei,'M AY',s,'AY'
i,'AY',s,'AY'
with,'W IH DH',s,'IH'
boot,'B UW T',s,'UW'
for,'F AO R',s,'AO'
an,'AE N',s,'AE'
the,'DH AH',s,''
air,'EH R',s,''
beats,'B IY T S',s,'IY'
for,'F AO R',s,'AO'
vain,'V EY N',s,'EY'
o,'OW',s,''
o,'OW',s,''
form,'F AO R M',s,'AO'
dost,'D AA S T',s,'AA'
thou,'DH AW',s,''
with,'W IH DH',s,'IH'
habit,'HH AE B AH T',s,'AE'
wrench,'R EH N CH',s,''
we,'AA',s,'AA'
from,'F R AH M',s,''
fools,'F UW L Z',s,'UW'
and,'AH N D',s,''
the,'DH AH',s,''
souls,'S OW L Z',s,''
to,'T UW',s,'UW'
blood,'B L AH D',s,''
thou,'DH AW',s,''
art,'AA R T',s,'AA'
blood,'B L AH D',s,''
good,'G UH D',s,'UH'
angel,'EY N JH AH L',s,'EY'
on,'AA N',s,'AA'
the,'DH AH',s,''
horn,'HH AO R N',s,'AO'
not,'N AA T',s,'AA'
the,'DH AH',s,''
crest,'K R EH S T',s,''
teach,'T IY CH',s,'IY'
the,'DH AH',s,''
o,'OW',s,''
heavens,'HH EH V AH N Z',s,''
whhy,'ʍ ǝ IH',s,'IH'
does,'D AH Z',s,''
my,'M AY',s,'AY'
blood,'B L AH D',s,''
thus,'DH ɤ S',s,''
muster,'M ɤ S T ǝ R',s,''
to,'T UW',s,'UW'
my,'M AY',s,'AY'
heart,'HH AA R T',s,'AA'
both,'B OW TH',s,''
it,'IH T',s,'IH'
for,'F AO R',s,'AO'
itself,'IH T S EH L F',s,'IH'
and,'AH N D',s,''
dispossessing,'ˌ D IH S P ǝ Z e S IH N',s,'IH IH'
all,'AA L',s,'AA'
my,'M AY',s,'AY'
parts,'P AA R T S',s,'AA'
of,'AH V',s,''
necessary,'N EH S AH S EH R IY',s,'IY'
fitness,'F IH T N AH S',s,'IH'
so,'S OW',s,''
the,'DH AH',s,''
foolish,'F UW L IH SH',s,'UW IH'
with,'W IH DH',s,'IH'
that,'DH AE T',s,'AE'
all,'AA L',s,'AA'
to,'T UW',s,'UW'
him,'HH IH M',s,'IH'
and,'AH N D',s,''
so,'S OW',s,''
stop,'S T AA P',s,'AA'
the,'DH AH',s,''
air,'EH R',s,''
by,'B AY',s,'AY'
he,'HH IY',s,'IY'
and,'AH N D',s,''
even,'IY V IH N',s,'IY IH'
so,'S OW',s,''
the,'DH AH',s,''
subject,'S AH B JH EH K T',s,''
to,'T UW',s,'UW'
a,'AH',s,''
their,'DH EH R',s,''
part,'P AA R T',s,'AA'
and,'AH N D',s,''
in,'IH N',s,'IH'
fondness,'F AA N D N AH S',s,'AA'
crowd,'K r ǝ UH D',s,'UH'
to,'T UW',s,'UW'
his,'HH IH Z',s,'IH'
their,'DH EH R',s,''
must,'M AH S T',s,''
needs,'N IY D Z',s,'IY'
appear,'ǝ P IY R',s,'IY'
fair,'F EH R',s,''
maid,'M EY D',s,'EY'
that,'DH AE T',s,'AE'
you,'Y UW',s,'UW'
it,'IH T',s,'IH'
better,'B e T ə R',s,''
me,'M IY',s,'IY'
than,'DH AE N',s,'AE'
to,'T UW',s,'UW'
demand,'D IH M AW N D',s,'IH'
what,'W AH T',s,''
your,'Y AO R',s,'AO'
cannot,'K AE N AA T',s,'AE AA'
yet,'Y EH T',s,''
he,'HH IY',s,'IY'
a,'AH',s,''
and,'AH N D',s,''
it,'IH T',s,'IH'
be,'B IY',s,'IY'
as,'AE Z',s,'AE'
as,'AE Z',s,'AE'
you,'Y UW',s,'UW'
or,'AO R',s,'AO'
i,'AY',s,'AY'
yet,'Y EH T',s,''
he,'HH IY',s,'IY'
must,'M AH S T',s,''
yea,'Y EH',s,''
filthhy,'F IH L TH ǝ IH',s,'IH IH'
vices,'V AY S AH Z',s,'AY'
it,'IH T',s,'IH'
wre,'W ER',s,''
as,'AE Z',s,'AE'
good,'G UH D',s,'UH'
to,'T UW',s,'UW'
pardon,'P AA R D ǝ N',s,'AA'
him,'HH IH M',s,'IH'
that,'DH AE T',s,'AE'
hath,'HH AE TH',s,'AE'
from,'F R AH M',s,''
natre,'N EY CH ER',s,'EY'
a,'AH',s,''
man,'M AE N',s,'AE'
as,'AE Z',s,'AE'
to,'T UW',s,'UW'
remit,'R IY M IH T',s,'IY IH'
their,'DH EH R',s,''
sweetness,'S W IY T N AH S',s,'IY'
that,'DH AE T',s,'AE'
do,'D OW',s,''
in,'IH N',s,'IH'
stamps,'S T AE M P S',s,'AE'
that,'DH AE T',s,'AE'
forbid,'F ǝ R B IH D',s,'IH'
all,'AA L',s,'AA'
as,'AE Z',s,'AE'
falsely,'F AA L S L ǝ IH',s,'AA IH'
to,'T UW',s,'UW'
a,'AH',s,''
true,'T R UW',s,'UW'
as,'AE Z',s,'AE'
to,'T UW',s,'UW'
put,'P UH T',s,'UH'
metal,'M EH T AH L',s,''
in,'IH N',s,'IH'
means,'M IY N Z',s,'IY'
to,'T UW',s,'UW'
a,'AH',s,''
you,'Y UW',s,'UW'
so,'S OW',s,''
then,'DH EH N',s,''
i,'AY',s,'AY'
shall,'SH AE L',s,'AE'
you,'Y UW',s,'UW'
had,'HH AE D',s,'AE'
you,'Y UW',s,'UW'
that,'DH AE T',s,'AE'
the,'DH AH',s,''
most,'M OW S T',s,''
took,'T UH K',s,'UH'
your,'Y AO R',s,'AO'
or,'AO R',s,'AO'
to,'T UW',s,'UW'
redeem,'R IH D IY M',s,'IH IY'
him,'HH IH M',s,'IH'
up,'AH P',s,''
your,'Y AO R',s,'AO'
body,'B AA D IY',s,'AA IY'
to,'T UW',s,'UW'
sweet,'S W IY T',s,'IY'
uncleanness,'ɤ N K L e N ǝ S',s,''
as,'AE Z',s,'AE'
she,'SH IY',s,'IY'
that,'DH AE T',s,'AE'
he,'HH IY',s,'IY'
hath,'HH AE TH',s,'AE'
i,'AY',s,'AY'
not,'N AA T',s,'AA'
of,'AH V',s,''
your,'Y AO R',s,'AO'
soul,'S OW L',s,''
our,'OW R',s,''
sins,'S IH N Z',s,'IH'
stand,'S T AE N D',s,'AE'
for,'F AO R',s,'AO'
than,'DH AE N',s,'AE'
for,'F AO R',s,'AO'
not,'N AA T',s,'AA'
warrant,'W AA r ǝ N T',s,'AA'
that,'DH AE T',s,'AE'
for,'F AO R',s,'AO'
i,'AY',s,'AY'
can,'K AE N',s,'AE'
speak,'S P IY K',s,'IY'
against,'AH G EH N S T',s,''
the,'DH AH',s,''
i,'AY',s,'AY'
to,'T UW',s,'UW'
this,'DH IH S',s,'IH'
i,'AY',s,'AY'
the,'DH AH',s,''
of,'AH V',s,''
the,'DH AH',s,''
recorded,'R AH K AO R D AH D',s,'AO'
a,'AH',s,''
on,'AA N',s,'AA'
your,'Y AO R',s,'AO'
not,'N AA T',s,'AA'
be,'B IY',s,'IY'
a,'AH',s,''
charity,'CH EH R IH T IY',s,'IH IY'
in,'IH N',s,'IH'
sin,'S IH N',s,'IH'
to,'T UW',s,'UW'
sve,'EH V',s,''
this,'DH IH S',s,'IH'
you,'Y UW',s,'UW'
to,'T UW',s,'UW'
do,'D OW',s,''
at,'AE T',s,'AE'
peril,'P EH R AH L',s,''
of,'AH V',s,''
your,'Y AO R',s,'AO'
soul,'S OW L',s,''
wre,'W ER',s,''
of,'AH V',s,''
sin,'S IH N',s,'IH'
and,'AH N D',s,''
charity,'CH EH R IH T IY',s,'IH IY'
but,'B AH T',s,''
me,'M IY',s,'IY'
your,'Y AO R',s,'AO'
not,'N AA T',s,'AA'
either,'EH DH ǝ R',s,''
you,'Y UW',s,'UW'
ignorant,'IH G N ǝ r ǝ N T',s,'IH'
or,'AO R',s,'AO'
seem,'S IY M',s,'IY'
so,'S OW',s,''
crafty,'K R AE F T IY',s,'AE IY'
and,'AH N D',s,''
not,'N AA T',s,'AA'
good,'G UH D',s,'UH'
thus,'DH ɤ S',s,''
wisdom,'W IH Z D AH M',s,'IH'
wishes,'W IH SH IH Z',s,'IH IH'
to,'T UW',s,'UW'
appear,'ǝ P IY R',s,'IY'
most,'M OW S T',s,''
when,'ʍ e N',s,''
it,'IH T',s,'IH'
doth,'D AO TH',s,'AO'
itself,'IH T S EH L F',s,'IH'
as,'AE Z',s,'AE'
black,'B L AE K',s,'AE'
masks,'M AE S K S',s,'AE'
proclaim,'P R OW K L EY M',s,'EY'
an,'AE N',s,'AE'
enshield,'e N SH IY L D',s,'IY'
ten,'T EH N',s,''
than,'DH AE N',s,'AE'
but,'B AH T',s,''
mark,'M AA R K',s,'AA'
me,'M IY',s,'IY'
to,'T UW',s,'UW'
be,'B IY',s,'IY'
plain,'P L EH N',s,''
speak,'S P IY K',s,'IY'
gross,'G r OW S',s,''
your,'Y AO R',s,'AO'
is,'IH Z',s,'IH'
to,'T UW',s,'UW'
and,'AH N D',s,''
his,'HH IH Z',s,'IH'
is,'IH Z',s,'IH'
so,'S OW',s,''
as,'AE Z',s,'AE'
it,'IH T',s,'IH'
appears,'ǝ P IY R Z',s,'IY'
to,'T UW',s,'UW'
the,'DH AH',s,''
upon,'AH P AA N',s,'AA'
that,'DH AE T',s,'AE'
pain,'P EH N',s,''
admit,'AH D M IH T',s,'IH'
no,'N OW',s,''
to,'T UW',s,'UW'
sve,'EH V',s,''
his,'HH IH Z',s,'IH'
as,'AE Z',s,'AE'
i,'AY',s,'AY'
not,'N AA T',s,'AA'
that,'DH AE T',s,'AE'
nor,'N AO R',s,'AO'
but,'B AH T',s,''
in,'IH N',s,'IH'
the,'DH AH',s,''
loss,'L AO S',s,'AO'
of,'AH V',s,''
that,'DH AE T',s,'AE'
you,'Y UW',s,'UW'
his,'HH IH Z',s,'IH'
finding,'F ǝ IH N D IH N',s,'IH IH'
desired,'D IH Z ǝ IH R D',s,'IH IH'
of,'AH V',s,''
a,'AH',s,''
credit,'K R EH D AH T',s,''
with,'W IH DH',s,'IH'
the,'DH AH',s,''
juge,'JH AH JH',s,''
or,'AO R',s,'AO'
great,'G r e T',s,''
your,'Y AO R',s,'AO'
from,'F R AH M',s,''
the,'DH AH',s,''
of,'AH V',s,''
the,'DH AH',s,''
and,'AH N D',s,''
that,'DH AE T',s,'AE'
wre,'W ER',s,''
no,'N OW',s,''
mean,'M IY N',s,'IY'
to,'T UW',s,'UW'
sve,'EH V',s,''
him,'HH IH M',s,'IH'
but,'B AH T',s,''
that,'DH AE T',s,'AE'
either,'EH DH ǝ R',s,''
you,'Y UW',s,'UW'
must,'M AH S T',s,''
down,'D ǝ UH N',s,'UH'
the,'DH AH',s,''
of,'AH V',s,''
your,'Y AO R',s,'AO'
body,'B AA D IY',s,'AA IY'
to,'T UW',s,'UW'
this,'DH IH S',s,'IH'
or,'AO R',s,'AO'
to,'T UW',s,'UW'
let,'L EH T',s,''
him,'HH IH M',s,'IH'
suffer,'S ɤ F ǝ R',s,''
what,'W AH T',s,''
you,'Y UW',s,'UW'
do,'D OW',s,''
then,'DH EH N',s,''
must,'M AH S T',s,''
your,'Y AO R',s,'AO'
wre,'W ER',s,''
not,'N AA T',s,'AA'
you,'Y UW',s,'UW'
then,'DH EH N',s,''
as,'AE Z',s,'AE'
as,'AE Z',s,'AE'
the,'DH AH',s,''
that,'DH AE T',s,'AE'
you,'Y UW',s,'UW'
so,'S OW',s,''
you,'Y UW',s,'UW'
of,'AH V',s,''
to,'T UW',s,'UW'
the,'DH AH',s,''
a,'AH',s,''
tyrant,'T AY R AH N T',s,'AY'
and,'AH N D',s,''
the,'DH AH',s,''
of,'AH V',s,''
your,'Y AO R',s,'AO'
a,'AH',s,''
than,'DH AE N',s,'AE'
a,'AH',s,''
we,'W IY',s,'IY'
all,'AA L',s,'AA'
frail,'F r EH L',s,''
women,'W IH M AH N',s,'IH'
frail,'F r EH L',s,''
too,'T UW',s,'UW'
i,'AY',s,'AY'
think,'TH IH NG K',s,'IH'
it,'IH T',s,'IH'
well,'W EH L',s,''
and,'AH N D',s,''
from,'F R AH M',s,''
this,'DH IH S',s,'IH'
of,'AH V',s,''
your,'Y AO R',s,'AO'
i,'AY',s,'AY'
we,'W IY',s,'IY'
to,'T UW',s,'UW'
be,'B IY',s,'IY'
no,'N OW',s,''
stronger,'S T r ɒ NG G ǝ R',s,''
than,'DH AE N',s,'AE'
faults,'F AO L T S',s,'AO'
our,'OW R',s,''
let,'L EH T',s,''
me,'M IY',s,'IY'
be,'B IY',s,'IY'
bold,'B OW L D',s,''
i,'AY',s,'AY'
do,'D OW',s,''
your,'Y AO R',s,'AO'
be,'B IY',s,'IY'
that,'DH AE T',s,'AE'
you,'Y UW',s,'UW'
that,'DH AE T',s,'AE'
is,'IH Z',s,'IH'
a,'AH',s,''
woman,'W UH M AH N',s,'UH'
if,'IH F',s,'IH'
you,'Y UW',s,'UW'
be,'B IY',s,'IY'
youre,'Y UH R',s,'UH'
if,'IH F',s,'IH'
you,'Y UW',s,'UW'
be,'B IY',s,'IY'
as,'AE Z',s,'AE'
you,'Y UW',s,'UW'
well,'W EH L',s,''
expressed,'IH K S P R EH S T',s,'IH'
by,'B AY',s,'AY'
all,'AA L',s,'AA'
warrants,'W AA r ǝ N T S',s,'AA'
it,'IH T',s,'IH'
by,'B AY',s,'AY'
on,'AA N',s,'AA'
the,'DH AH',s,''
livery,'L IH V r ǝ IH',s,'IH IH'
i,'AY',s,'AY'
you,'Y UW',s,'UW'
he,'HH IY',s,'IY'
shall,'SH AE L',s,'AE'
not,'N AA T',s,'AA'
if,'IH F',s,'IH'
you,'Y UW',s,'UW'
me,'M IY',s,'IY'
me,'M IY',s,'IY'
on,'AA N',s,'AA'
my,'M AY',s,'AY'
my,'M AY',s,'AY'
who,'HH UW',s,'UW'
will,'W IH L',s,'IH'
thee,'DH IY',s,'IY'
my,'M AY',s,'AY'
of,'AH V',s,''
my,'M AY',s,'AY'
my,'M AY',s,'AY'
against,'AH G EH N S T',s,''
you,'Y UW',s,'UW'
and,'AH N D',s,''
my,'M AY',s,'AY'
will,'W IH L',s,'IH'
so,'S OW',s,''
your,'Y AO R',s,'AO'
that,'DH AE T',s,'AE'
you,'Y UW',s,'UW'
shall,'SH AE L',s,'AE'
in,'IH N',s,'IH'
your,'Y AO R',s,'AO'
report,'r IH P AO R T',s,'IH AO'
and,'AH N D',s,''
smell,'S M EH L',s,''
of,'AH V',s,''
calumny,'K AE L AH M N IY',s,'AE IY'
i,'AY',s,'AY'
begun,'B IH G AH N',s,'IH'
and,'AH N D',s,''
i,'AY',s,'AY'
my,'M AY',s,'AY'
the,'DH AH',s,''
rein,'r EH N',s,''
fit,'F IH T',s,'IH'
consent,'K AH N S EH N T',s,''
to,'T UW',s,'UW'
my,'M AY',s,'AY'
sharp,'SH AA R P',s,'AA'
by,'B AY',s,'AY'
all,'AA L',s,'AA'
and,'AH N D',s,''
blushes,'B L ɤ SH IH Z',s,'IH'
that,'DH AE T',s,'AE'
banish,'B AE N IH SH',s,'AE IH'
what,'W AH T',s,''
sue,'S UW',s,'UW'
for,'F AO R',s,'AO'
redeem,'R IH D IY M',s,'IH IY'
by,'B AY',s,'AY'
up,'AH P',s,''
body,'B AA D IY',s,'AA IY'
to,'T UW',s,'UW'
my,'M AY',s,'AY'
will,'W IH L',s,'IH'
or,'AO R',s,'AO'
he,'HH IY',s,'IY'
must,'M AH S T',s,''
not,'N AA T',s,'AA'
only,'OW N L IY',s,'IY'
the,'DH AH',s,''
death,'D EH TH',s,''
but,'B AH T',s,''
shall,'SH AE L',s,'AE'
his,'HH IH Z',s,'IH'
death,'D EH TH',s,''
out,'AW T',s,''
to,'T UW',s,'UW'
me,'M IY',s,'IY'
or,'AO R',s,'AO'
by,'B AY',s,'AY'
the,'DH AH',s,''
affection,'AH F EH K SH AH N',s,''
that,'DH AE T',s,'AE'
guides,'G ǝ IH D Z',s,'IH'
me,'M IY',s,'IY'
most,'M OW S T',s,''
a,'AH',s,''
tyrant,'T AY R AH N T',s,'AY'
to,'T UW',s,'UW'
him,'HH IH M',s,'IH'
as,'AE Z',s,'AE'
for,'F AO R',s,'AO'
you,'Y UW',s,'UW'
what,'W AH T',s,''
you,'Y UW',s,'UW'
can,'K AE N',s,'AE'
my,'M AY',s,'AY'
your,'Y AO R',s,'AO'
true,'T R UW',s,'UW'
in,'IH N',s,'IH'
most,'M OW S T',s,''
uneven,'AH N IY V AH N',s,'IY'
and,'AH N D',s,''
distracted,'D IH S T R AE K T AH D',s,'IH AE'
his,'HH IH Z',s,'IH'
actions,'AE K SH AH N Z',s,'AE'
to,'T UW',s,'UW'
madness,'M AE D N AH S',s,'AE'
heaven,'HH EH V AH N',s,''
his,'HH IH Z',s,'IH'
wisdom,'W IH Z D AH M',s,'IH'
be,'B IY',s,'IY'
not,'N AA T',s,'AA'
tainted,'T EH N T IH D',s,'IH'
and,'AH N D',s,''
whhy,'ʍ ǝ IH',s,'IH'
meet,'M IY T',s,'IY'
him,'HH IH M',s,'IH'
at,'AE T',s,'AE'
the,'DH AH',s,''
and,'AH N D',s,''
deliver,'D IH L IH V ǝ R',s,'IH IH'
our,'OW R',s,''
and,'AH N D',s,''
whhy,'ʍ ǝ IH',s,'IH'
we,'W IY',s,'IY'
proclaim,'P R OW K L EY M',s,'EY'
it,'IH T',s,'IH'
in,'IH N',s,'IH'
an,'AE N',s,'AE'
his,'HH IH Z',s,'IH'
that,'DH AE T',s,'AE'
if,'IH F',s,'IH'
redress,'R IH D R EH S',s,'IH'
of,'AH V',s,''
exhibit,'IH G Z IH B IH T',s,'IH IH IH'
their,'DH EH R',s,''
petitions,'P AH T IH SH AH N Z',s,'IH'
in,'IH N',s,'IH'
the,'DH AH',s,''
street,'S T R IY T',s,'IY'
well,'W EH L',s,''
i,'AY',s,'AY'
beseech,'B IY S IY CH',s,'IY IY'
you,'Y UW',s,'UW'
let,'L EH T',s,''
it,'IH T',s,'IH'
be,'B IY',s,'IY'
betimes,'B IH T ə IH M Z',s,'IH IH'
morn,'M AO R N',s,'AO'
call,'K AO L',s,'AO'
you,'Y UW',s,'UW'
at,'AE T',s,'AE'
your,'Y AO R',s,'AO'
to,'T UW',s,'UW'
men,'M EH N',s,''
of,'AH V',s,''
sort,'S AO R T',s,'AO'
and,'AH N D',s,''
suit,'SH UW T',s,'UW'
as,'AE Z',s,'AE'
to,'T UW',s,'UW'
meet,'M IY T',s,'IY'
him,'HH IH M',s,'IH'
good,'G UH D',s,'UH'
this,'DH IH S',s,'IH'
deed,'D IY D',s,'IY'
me,'M IY',s,'IY'
me,'M IY',s,'IY'
and,'AH N D',s,''
dull,'D ɤ L',s,''
to,'T UW',s,'UW'
all,'AA L',s,'AA'
a,'AH',s,''
maid,'M EY D',s,'EY'
and,'AH N D',s,''
by,'B AY',s,'AY'
an,'AE N',s,'AE'
body,'B AA D IY',s,'AA IY'
that,'DH AE T',s,'AE'
the,'DH AH',s,''
against,'AH G EH N S T',s,''
it,'IH T',s,'IH'
but,'B AH T',s,''
that,'DH AE T',s,'AE'
tender,'T e N D ǝ R',s,''
will,'W IH L',s,'IH'
not,'N AA T',s,'AA'
proclaim,'P R OW K L EY M',s,'EY'
against,'AH G EH N S T',s,''
maiden,'M EY D AH N',s,'EY'
loss,'L AO S',s,'AO'
she,'SH IY',s,'IY'
me,'M IY',s,'IY'
yet,'Y EH T',s,''
reason,'r EH Z ǝ N',s,''
no,'N OW',s,''
for,'F AO R',s,'AO'
my,'M AY',s,'AY'
bears,'B EH R Z',s,''
of,'AH V',s,''
a,'AH',s,''
bulk,'B ɤ L K',s,''
that,'DH AE T',s,'AE'
no,'N OW',s,''
can,'K AE N',s,'AE'
but,'B AH T',s,''
it,'IH T',s,'IH'
confounds,'K AH N F AW N D Z',s,''
the,'DH AH',s,''
he,'HH IY',s,'IY'
sve,'EH V',s,''
that,'DH AE T',s,'AE'
his,'HH IH Z',s,'IH'
youth,'Y UW TH',s,'UW'
with,'W IH DH',s,'IH'
in,'IH N',s,'IH'
the,'DH AH',s,''
to,'T UW',s,'UW'
by,'B AY',s,'AY'
so,'S OW',s,''
a,'AH',s,''
with,'W IH DH',s,'IH'
ransom,'R AE N S AH M',s,'AE'
of,'AH V',s,''
yet,'Y EH T',s,''
he,'HH IY',s,'IY'
had,'HH AE D',s,'AE'
when,'ʍ e N',s,''
our,'OW R',s,''
we,'W IY',s,'IY'
forgot,'F ǝ R G ɒ T',s,''
goes,'G OW Z',s,''
we,'W IY',s,'IY'
and,'AH N D',s,''
we,'W IY',s,'IY'
not,'N AA T',s,'AA'
return,'r IH T ɐ R N',s,'IH'
be,'B IY',s,'IY'
to,'T UW',s,'UW'
your,'Y AO R',s,'AO'
you,'Y UW',s,'UW'
my,'M AY',s,'AY'
bonds,'B AA N D Z',s,'AA'
still,'S T IH L',s,'IH'
greater,'G r e T ǝ R',s,''
my,'M AY',s,'AY'
lord,'L AO R D',s,'AO'
wits,'W IH T S',s,'IH'
i,'AY',s,'AY'
fear,'F IY R',s,'IY'
me,'M IY',s,'IY'
not,'N AA T',s,'AA'
firm,'F ɐ R M',s,''
she,'SH IY',s,'IY'
hath,'HH AE TH',s,'AE'
been,'B IH N',s,'IH'
a,'AH',s,''
suitor,'SH UW T ǝ R',s,'UW'
to,'T UW',s,'UW'
me,'M IY',s,'IY'
for,'F AO R',s,'AO'
cut,'K ɤ T',s,''
off,'AO F',s,'AO'
by,'B AY',s,'AY'
of,'AH V',s,''
and,'AH N D',s,''
she,'SH IY',s,'IY'
will,'W IH L',s,'IH'
speak,'S P IY K',s,'IY'
most,'M OW S T',s,''
and,'AH N D',s,''
charges,'CH AA R JH AH Z',s,'AA'
she,'SH IY',s,'IY'
than,'DH AE N',s,'AE'
me,'M IY',s,'IY'
this,'DH IH S',s,'IH'
is,'IH Z',s,'IH'
a,'AH',s,''
see,'S IY',s,'IY'
my,'M AY',s,'AY'
lord,'L AO R D',s,'AO'
i,'AY',s,'AY'
must,'M AH S T',s,''
confess,'K AH N F EH S',s,''
i,'AY',s,'AY'
this,'DH IH S',s,'IH'
woman,'W UH M AH N',s,'UH'
and,'AH N D',s,''
years,'Y IH R Z',s,'IH'
was,'W AA Z',s,'AA'
speech,'S P IY CH',s,'IY'
of,'AH V',s,''
myself,'M AY S EH L F',s,'AY'
and,'AH N D',s,''
was,'W AA Z',s,'AA'
off,'AO F',s,'AO'
partly,'P AA R T L IY',s,'AA IY'
for,'F AO R',s,'AO'
that,'DH AE T',s,'AE'
short,'SH AO R T',s,'AO'
of,'AH V',s,''
composition,'K AA M P AH Z IH SH AH N',s,'AA IH'
but,'B AH T',s,''
in,'IH N',s,'IH'
chief,'CH IY F',s,'IY'
for,'F AO R',s,'AO'
that,'DH AE T',s,'AE'
was,'W AA Z',s,'AA'
in,'IH N',s,'IH'
levity,'L EH V IH T IY',s,'IH IY'
of,'AH V',s,''
years,'Y IH R Z',s,'IH'
i,'AY',s,'AY'
never,'N e V ǝ R',s,''
with,'W IH DH',s,'IH'
nor,'N AO R',s,'AO'
from,'F R AH M',s,''
upon,'AH P AA N',s,'AA'
my,'M AY',s,'AY'
faith,'F EY TH',s,'EY'
and,'AH N D',s,''
i,'AY',s,'AY'
did,'D IH D',s,'IH'
but,'B AH T',s,''
till,'T IH L',s,'IH'
good,'G UH D',s,'UH'
my,'M AY',s,'AY'
lord,'L AO R D',s,'AO'
me,'M IY',s,'IY'
the,'DH AH',s,''
of,'AH V',s,''
my,'M AY',s,'AY'
is,'IH Z',s,'IH'
i,'AY',s,'AY'
do,'D OW',s,''
percve,'P ER S IY V',s,'IY'
poor,'P UH R',s,'UH'
informal,'IH N F AO R M AH L',s,'IH AO'
women,'W IH M AH N',s,'IH'
no,'N OW',s,''
but,'B AH T',s,''
of,'AH V',s,''
member,'M e M B ǝ R',s,''
that,'DH AE T',s,'AE'
sets,'S EH T S',s,''
them,'DH EH M',s,''
on,'AA N',s,'AA'
let,'L EH T',s,''
me,'M IY',s,'IY'
my,'M AY',s,'AY'
lord,'L AO R D',s,'AO'
to,'T UW',s,'UW'
this,'DH IH S',s,'IH'
out,'AW T',s,''
what,'W AH T',s,''
can,'K AE N',s,'AE'
you,'Y UW',s,'UW'
against,'AH G EH N S T',s,''
him,'HH IH M',s,'IH'
is,'IH Z',s,'IH'
this,'DH IH S',s,'IH'
the,'DH AH',s,''
man,'M AE N',s,'AE'
that,'DH AE T',s,'AE'
you,'Y UW',s,'UW'
did,'D IH D',s,'IH'
tell,'T EH L',s,''
us,'AH S',s,''
of,'AH V',s,''
the,'DH AH',s,''
villain,'V IH L AH N',s,'IH'
after,'AW F T ǝ R',s,''
his,'HH IH Z',s,'IH'
what,'W AH T',s,''
resists,'r IH S IH S T S',s,'IH IH'
him,'HH IH M',s,'IH'
o,'OW',s,''
my,'M AY',s,'AY'
dread,'D R EH D',s,''
lord,'L AO R D',s,'AO'
i,'AY',s,'AY'
be,'B IY',s,'IY'
than,'DH AE N',s,'AE'
my,'M AY',s,'AY'
to,'T UW',s,'UW'
think,'TH IH NG K',s,'IH'
i,'AY',s,'AY'
can,'K AE N',s,'AE'
be,'B IY',s,'IY'
when,'ʍ e N',s,''
i,'AY',s,'AY'
percve,'P ER S IY V',s,'IY'
your,'Y AO R',s,'AO'
hath,'HH AE TH',s,'AE'
upon,'AH P AA N',s,'AA'
my,'M AY',s,'AY'
passes,'P AE S AH Z',s,'AE'
then,'DH EH N',s,''
good,'G UH D',s,'UH'
no,'N OW',s,''
longer,'L ɒ NG G ǝ R',s,''
session,'S EH SH AH N',s,''
upon,'AH P AA N',s,'AA'
my,'M AY',s,'AY'
but,'B AH T',s,''
let,'L EH T',s,''
my,'M AY',s,'AY'
be,'B IY',s,'IY'
then,'DH EH N',s,''
and,'AH N D',s,''
death,'D EH TH',s,''
is,'IH Z',s,'IH'
all,'AA L',s,'AA'
the,'DH AH',s,''
i,'AY',s,'AY'
beg,'B EH G',s,''
i,'AY',s,'AY'
was,'W AA Z',s,'AA'
my,'M AY',s,'AY'
lord,'L AO R D',s,'AO'
i,'AY',s,'AY'
am,'AE M',s,'AE'
that,'DH AE T',s,'AE'
i,'AY',s,'AY'
and,'AH N D',s,''
so,'S OW',s,''
deep,'D IY P',s,'IY'
it,'IH T',s,'IH'
in,'IH N',s,'IH'
my,'M AY',s,'AY'
heart,'HH AA R T',s,'AA'
that,'DH AE T',s,'AE'
i,'AY',s,'AY'
death,'D EH TH',s,''
than,'DH AE N',s,'AE'
my,'M AY',s,'AY'
and,'AH N D',s,''
i,'AY',s,'AY'
do,'D OW',s,''
it,'IH T',s,'IH'
