of,'AH V',s,''
the,'DH AH',s,''
to,'T UW',s,'UW'
unfold,'ɤ N F OW L D',s,''
seem,'S IY M',s,'IY'
in,'IH N',s,'IH'
me,'M IY',s,'IY'
affect,'ǝ F e K T',s,''
speech,'S P IY CH',s,'IY'
and,'AH N D',s,''
i,'AY',s,'AY'
am,'AE M',s,'AE'
put,'P UH T',s,'UH'
to,'T UW',s,'UW'
that,'DH AE T',s,'AE'
your,'Y AO R',s,'AO'
exceeds,'IH K S IY D Z',s,'IH IY'
in,'IH N',s,'IH'
that,'DH AE T',s,'AE'
the,'DH AH',s,''
lists,'L IH S T S',s,'IH'
of,'AH V',s,''
all,'AA L',s,'AA'
my,'M AY',s,'AY'
strength,'S T R EH NG K TH',s,''
can,'K AE N',s,'AE'
you,'Y UW',s,'UW'
then,'DH EH N',s,''
no,'N OW',s,''
remains,'r IH M EH N Z',s,'IH'
but,'B AH T',s,''
that,'DH AE T',s,'AE'
to,'T UW',s,'UW'
your,'Y AO R',s,'AO'
sufficiency,'S AH F IH SH AH N S IY',s,'IH IY'
as,'AE Z',s,'AE'
your,'Y AO R',s,'AO'
worth,'W AO R TH',s,'AO'
is,'IH Z',s,'IH'
and,'AH N D',s,''
let,'L EH T',s,''
them,'DH EH M',s,''
work,'W AO R K',s,'AO'
the,'DH AH',s,''
natre,'N EY CH ER',s,'EY'
of,'AH V',s,''
our,'OW R',s,''
our,'OW R',s,''
institutions,'IH N S T IH T UW SH AH N Z',s,'IH IH UW'
and,'AH N D',s,''
the,'DH AH',s,''
terms,'T ɐ R M Z',s,''
for,'F AO R',s,'AO'
common,'K AA M AH N',s,'AA'
youre,'Y UH R',s,'UH'
as,'AE Z',s,'AE'
pregnant,'P R EH G N AH N T',s,''
in,'IH N',s,'IH'
as,'AE Z',s,'AE'
art,'AA R T',s,'AA'
and,'AH N D',s,''
hath,'HH AE TH',s,'AE'
that,'DH AE T',s,'AE'
we,'W IY',s,'IY'
is,'IH Z',s,'IH'
our,'OW R',s,''
commission,'K AH M IH SH AH N',s,'IH'
from,'F R AH M',s,''
we,'W IY',s,'IY'
not,'N AA T',s,'AA'
you,'Y UW',s,'UW'
i,'AY',s,'AY'
bid,'B IH D',s,'IH'
us,'AH S',s,''
what,'W AH T',s,''
of,'AH V',s,''
us,'AH S',s,''
think,'TH IH NG K',s,'IH'
you,'Y UW',s,'UW'
he,'HH IY',s,'IY'
will,'W IH L',s,'IH'
bear,'B EH R',s,''
for,'F AO R',s,'AO'
you,'Y UW',s,'UW'
must,'M AH S T',s,''
we,'W IY',s,'IY'
with,'W IH DH',s,'IH'
soul,'S OW L',s,''
elected,'IH L EH K T AH D',s,'IH'
him,'HH IH M',s,'IH'
our,'OW R',s,''
to,'T UW',s,'UW'
suppply,'S ǝ P L ǝ IH',s,'IH'
lent,'L EH N T',s,''
him,'HH IH M',s,'IH'
our,'OW R',s,''
terror,'T e r ǝ R',s,''
him,'HH IH M',s,'IH'
with,'W IH DH',s,'IH'
our,'OW R',s,''
and,'AH N D',s,''
given,'G IH V AH N',s,'IH'
his,'HH IH Z',s,'IH'
all,'AA L',s,'AA'
the,'DH AH',s,''
organs,'AO R G AH N Z',s,'AO'
of,'AH V',s,''
our,'OW R',s,''
what,'W AH T',s,''
think,'TH IH NG K',s,'IH'
you,'Y UW',s,'UW'
of,'AH V',s,''
it,'IH T',s,'IH'
look,'L UH K',s,'UH'
he,'HH IY',s,'IY'
is,'IH Z',s,'IH'
a,'AH',s,''
of,'AH V',s,''
in,'IH N',s,'IH'
that,'DH AE T',s,'AE'
to,'T UW',s,'UW'
doth,'D AO TH',s,'AO'
fullly,'F UH L ǝ IH',s,'UH IH'
unfold,'ɤ N F OW L D',s,''
and,'AH N D',s,''
not,'N AA T',s,'AA'
so,'S OW',s,''
as,'AE Z',s,'AE'
to,'T UW',s,'UW'
upon,'AH P AA N',s,'AA'
on,'AA N',s,'AA'
thee,'DH IY',s,'IY'
heaven,'HH EH V AH N',s,''
doth,'D AO TH',s,'AO'
with,'W IH DH',s,'IH'
us,'AH S',s,''
as,'AE Z',s,'AE'
we,'W IY',s,'IY'
with,'W IH DH',s,'IH'
torches,'T AO R CH IH Z',s,'AO IH'
do,'D OW',s,''
not,'N AA T',s,'AA'
them,'DH EH M',s,''
for,'F AO R',s,'AO'
for,'F AO R',s,'AO'
if,'IH F',s,'IH'
our,'OW R',s,''
did,'D IH D',s,'IH'
not,'N AA T',s,'AA'
go,'G OW',s,''
forth,'F AO R TH',s,'AO'
of,'AH V',s,''
us,'AH S',s,''
all,'AA L',s,'AA'
as,'AE Z',s,'AE'
if,'IH F',s,'IH'
we,'W IY',s,'IY'
had,'HH AE D',s,'AE'
them,'DH EH M',s,''
not,'N AA T',s,'AA'
spirits,'S P IH R AH T S',s,'IH'
not,'N AA T',s,'AA'
but,'B AH T',s,''
to,'T UW',s,'UW'
nor,'N AO R',s,'AO'
natre,'N EY CH ER',s,'EY'
never,'N e V ǝ R',s,''
lends,'L EH N D Z',s,''
the,'DH AH',s,''
smallest,'S M AA L ǝ S T',s,'AA'
of,'AH V',s,''
but,'B AH T',s,''
a,'AH',s,''
thhrifty,'TH r IH F T ǝ IH',s,'IH IH'
goddess,'G ɒ D e S',s,''
she,'SH IY',s,'IY'
the,'DH AH',s,''
of,'AH V',s,''
a,'AH',s,''
creditor,'K r e D IH T ǝ R',s,'IH'
both,'B OW TH',s,''
thanks,'TH AE NG K S',s,'AE'
and,'AH N D',s,''
but,'B AH T',s,''
i,'AY',s,'AY'
do,'D OW',s,''
bend,'B EH N D',s,''
my,'M AY',s,'AY'
speech,'S P IY CH',s,'IY'
to,'T UW',s,'UW'
that,'DH AE T',s,'AE'
can,'K AE N',s,'AE'
my,'M AY',s,'AY'
part,'P AA R T',s,'AA'
in,'IH N',s,'IH'
him,'HH IH M',s,'IH'
advertse,'AE D V ER T AY Z',s,'AE AY'
therefre,'DH EH R F AO R',s,'AO'
in,'IH N',s,'IH'
our,'OW R',s,''
be,'B IY',s,'IY'
thou,'DH AW',s,''
at,'AE T',s,'AE'
full,'F UH L',s,'UH'
ourself,'AW ER S EH L F',s,''
and,'AH N D',s,''
in,'IH N',s,'IH'
in,'IH N',s,'IH'
and,'AH N D',s,''
heart,'HH AA R T',s,'AA'
old,'OW L D',s,''
in,'IH N',s,'IH'
is,'IH Z',s,'IH'
secondary,'S EH K AH N D EH R IY',s,'IY'
commission,'K AH M IH SH AH N',s,'IH'
no,'N OW',s,''
we,'W IY',s,'IY'
with,'W IH DH',s,'IH'
a,'AH',s,''
and,'AH N D',s,''
proceeded,'P R AH S IY D AH D',s,'IY'
to,'T UW',s,'UW'
you,'Y UW',s,'UW'
therefre,'DH EH R F AO R',s,'AO'
your,'Y AO R',s,'AO'
our,'OW R',s,''
hate,'AW S T',s,''
from,'F R AH M',s,''
is,'IH Z',s,'IH'
of,'AH V',s,''
so,'S OW',s,''
condition,'K AH N D IH SH AH N',s,'IH'
that,'DH AE T',s,'AE'
it,'IH T',s,'IH'
prefers,'P r IH F ɐ R Z',s,'IH'
itself,'IH T S EH L F',s,'IH'
and,'AH N D',s,''
unquestioned,'AH N K W EH S CH AH N D',s,''
matters,'M AW T ǝ R Z',s,''
of,'AH V',s,''
needful,'N IY D F AH L',s,'IY'
we,'W IY',s,'IY'
shall,'SH AE L',s,'AE'
to,'T UW',s,'UW'
you,'Y UW',s,'UW'
as,'AE Z',s,'AE'
and,'AH N D',s,''
our,'OW R',s,''
shall,'SH AE L',s,'AE'
it,'IH T',s,'IH'
goes,'G OW Z',s,''
with,'W IH DH',s,'IH'
us,'AH S',s,''
and,'AH N D',s,''
do,'D OW',s,''
look,'L UH K',s,'UH'
to,'T UW',s,'UW'
what,'W AH T',s,''
doth,'D AO TH',s,'AO'
befall,'B IH F AO L',s,'IH AO'
you,'Y UW',s,'UW'
so,'S OW',s,''
you,'Y UW',s,'UW'
well,'W EH L',s,''
to,'T UW',s,'UW'
do,'D OW',s,''
i,'AY',s,'AY'
you,'Y UW',s,'UW'
of,'AH V',s,''
your,'Y AO R',s,'AO'
commissions,'K AH M IH SH AH N Z',s,'IH'
my,'M AY',s,'AY'
hate,'AW S T',s,''
not,'N AA T',s,'AA'
admit,'AH D M IH T',s,'IH'
it,'IH T',s,'IH'
nor,'N AO R',s,'AO'
need,'N IY D',s,'IY'
you,'Y UW',s,'UW'
on,'AA N',s,'AA'
to,'T UW',s,'UW'
do,'D OW',s,''
with,'W IH DH',s,'IH'
your,'Y AO R',s,'AO'
is,'IH Z',s,'IH'
as,'AE Z',s,'AE'
so,'S OW',s,''
to,'T UW',s,'UW'
or,'AO R',s,'AO'
the,'DH AH',s,''
as,'AE Z',s,'AE'
to,'T UW',s,'UW'
your,'Y AO R',s,'AO'
soul,'S OW L',s,''
seems,'S IY M Z',s,'IY'
good,'G UH D',s,'UH'
me,'M IY',s,'IY'
your,'Y AO R',s,'AO'
i,'AY',s,'AY'
the,'DH AH',s,''
but,'B AH T',s,''
do,'D OW',s,''
not,'N AA T',s,'AA'
to,'T UW',s,'UW'
me,'M IY',s,'IY'
to,'T UW',s,'UW'
their,'DH EH R',s,''
it,'IH T',s,'IH'
do,'D OW',s,''
well,'W EH L',s,''
i,'AY',s,'AY'
do,'D OW',s,''
not,'N AA T',s,'AA'
relish,'R EH L IH SH',s,'IH'
well,'W EH L',s,''
their,'DH EH R',s,''
appplse,'AH P L AO Z',s,'AO'
and,'AH N D',s,''
nor,'N AO R',s,'AO'
do,'D OW',s,''
i,'AY',s,'AY'
think,'TH IH NG K',s,'IH'
the,'DH AH',s,''
man,'M AE N',s,'AE'
of,'AH V',s,''
that,'DH AE T',s,'AE'
does,'D AH Z',s,''
affect,'ǝ F e K T',s,''
it,'IH T',s,'IH'
you,'Y UW',s,'UW'
well,'W EH L',s,''
i,'AY',s,'AY'
thank,'TH AE NG K',s,'AE'
you,'Y UW',s,'UW'
you,'Y UW',s,'UW'
well,'W EH L',s,''
no,'N OW',s,''
holy,'HH OW L IY',s,'IY'
that,'DH AE T',s,'AE'
not,'N AA T',s,'AA'
that,'DH AE T',s,'AE'
the,'DH AH',s,''
dart,'D AA R T',s,'AA'
of,'AH V',s,''
can,'K AE N',s,'AE'
a,'AH',s,''
bosom,'B UH Z AH M',s,'UH'
whhy,'ʍ ǝ IH',s,'IH'
i,'AY',s,'AY'
thee,'DH IY',s,'IY'
to,'T UW',s,'UW'
me,'M IY',s,'IY'
secret,'S IY K R AH T',s,'IY'
hath,'HH AE TH',s,'AE'
a,'AH',s,''
and,'AH N D',s,''
wrinkled,'R IH NG K AH L D',s,'IH'
than,'DH AE N',s,'AE'
the,'DH AH',s,''
aims,'EH M Z',s,''
and,'AH N D',s,''
ends,'EH N D Z',s,''
of,'AH V',s,''
youth,'Y UW TH',s,'UW'
my,'M AY',s,'AY'
holy,'HH OW L IY',s,'IY'
better,'B e T ə R',s,''
than,'DH AE N',s,'AE'
you,'Y UW',s,'UW'
i,'AY',s,'AY'
the,'DH AH',s,''
removed,'r IH M ɤ V IH D',s,'IH IH'
and,'AH N D',s,''
held,'HH EH L D',s,''
in,'IH N',s,'IH'
to,'T UW',s,'UW'
youth,'Y UW TH',s,'UW'
and,'AH N D',s,''
cost,'K AA S T',s,'AA'
witless,'W IH T L AH S',s,'IH'
bravery,'B r EH V r ə IH',s,'IH'
keeps,'K IY P S',s,'IY'
i,'AY',s,'AY'
to,'T UW',s,'UW'
lord,'L AO R D',s,'AO'
a,'AH',s,''
man,'M AE N',s,'AE'
of,'AH V',s,''
and,'AH N D',s,''
firm,'F ɐ R M',s,''
my,'M AY',s,'AY'
and,'AH N D',s,''
in,'IH N',s,'IH'
and,'AH N D',s,''
he,'HH IY',s,'IY'
supposes,'S ǝ P OW Z IH Z',s,'IH'
me,'M IY',s,'IY'
to,'T UW',s,'UW'
poland,'P OW L AH N D',s,''
for,'F AO R',s,'AO'
so,'S OW',s,''
i,'AY',s,'AY'
it,'IH T',s,'IH'
in,'IH N',s,'IH'
the,'DH AH',s,''
common,'K AA M AH N',s,'AA'
ear,'IY R',s,'IY'
and,'AH N D',s,''
so,'S OW',s,''
it,'IH T',s,'IH'
is,'IH Z',s,'IH'
you,'Y UW',s,'UW'
will,'W IH L',s,'IH'
demand,'D IH M AW N D',s,'IH'
of,'AH V',s,''
me,'M IY',s,'IY'
whhy,'ʍ ǝ IH',s,'IH'
i,'AY',s,'AY'
do,'D OW',s,''
this,'DH IH S',s,'IH'
we,'W IY',s,'IY'
strict,'S T R IH K T',s,'IH'
statutes,'S T AW T Y UW T S',s,'UW'
and,'AH N D',s,''
most,'M OW S T',s,''
the,'DH AH',s,''
needful,'N IY D F AH L',s,'IY'
bits,'B IH T S',s,'IH'
and,'AH N D',s,''
curbs,'K ɐ R B Z',s,''
to,'T UW',s,'UW'
weeds,'W IY D Z',s,'IY'
for,'F AO R',s,'AO'
this,'DH IH S',s,'IH'
fourteen,'F AO R T IY N',s,'AO IY'
years,'Y IH R Z',s,'IH'
we,'W IY',s,'IY'
let,'L EH T',s,''
slip,'S L IH P',s,'IH'
even,'IY V IH N',s,'IY IH'
an,'AE N',s,'AE'
in,'IH N',s,'IH'
a,'AH',s,''
that,'DH AE T',s,'AE'
goes,'G OW Z',s,''
not,'N AA T',s,'AA'
out,'AW T',s,''
to,'T UW',s,'UW'
as,'AE Z',s,'AE'
fond,'F AA N D',s,'AA'
up,'AH P',s,''
the,'DH AH',s,''
twigs,'T W IH G Z',s,'IH'
of,'AH V',s,''
only,'OW N L IY',s,'IY'
to,'T UW',s,'UW'
stick,'S T IH K',s,'IH'
it,'IH T',s,'IH'
in,'IH N',s,'IH'
their,'DH EH R',s,''
for,'F AO R',s,'AO'
terror,'T e r ǝ R',s,''
not,'N AA T',s,'AA'
to,'T UW',s,'UW'
the,'DH AH',s,''
rod,'R AA D',s,'AA'
than,'DH AE N',s,'AE'
our,'OW R',s,''
decrees,'D IH K R IY Z',s,'IH IY'
dead,'D EH D',s,''
to,'T UW',s,'UW'
to,'T UW',s,'UW'
dead,'D EH D',s,''
and,'AH N D',s,''
by,'B AY',s,'AY'
the,'DH AH',s,''
the,'DH AH',s,''
baby,'B EY B IY',s,'EY IY'
beats,'B IY T S',s,'IY'
the,'DH AH',s,''
nuse,'N ER S',s,''
and,'AH N D',s,''
goes,'G OW Z',s,''
all,'AA L',s,'AA'
decorum,'D IH K AO R AH M',s,'IH AO'
i,'AY',s,'AY'
do,'D OW',s,''
fear,'F IY R',s,'IY'
too,'T UW',s,'UW'
dreadful,'D R EH D F AH L',s,''
my,'M AY',s,'AY'
fault,'F AO L T',s,'AO'
to,'T UW',s,'UW'
the,'DH AH',s,''
be,'B IY',s,'IY'
my,'M AY',s,'AY'
tyrannny,'T IH r ǝ N ǝ IH',s,'IH IH'
to,'T UW',s,'UW'
and,'AH N D',s,''
gall,'G AA L',s,'AA'
them,'DH EH M',s,''
for,'F AO R',s,'AO'
what,'W AH T',s,''
i,'AY',s,'AY'
bid,'B IH D',s,'IH'
them,'DH EH M',s,''
do,'D OW',s,''
for,'F AO R',s,'AO'
we,'W IY',s,'IY'
bid,'B IH D',s,'IH'
this,'DH IH S',s,'IH'
be,'B IY',s,'IY'
when,'ʍ e N',s,''
evil,'e V IH L',s,'IH'
deeds,'D IY D Z',s,'IY'
their,'DH EH R',s,''
permissve,'P ER M IH S IH V',s,'IH IH'
pass,'P AE S',s,'AE'
and,'AH N D',s,''
not,'N AA T',s,'AA'
the,'DH AH',s,''
punishhment,'P ɤ N IH SH ˌ M e N T',s,'IH'
therefre,'DH EH R F AO R',s,'AO'
indeed,'IH N D IY D',s,'IH IY'
my,'M AY',s,'AY'
i,'AY',s,'AY'
on,'AA N',s,'AA'
the,'DH AH',s,''
who,'HH UW',s,'UW'
in,'IH N',s,'IH'
ambush,'AE M B UH SH',s,'AE UH'
of,'AH V',s,''
my,'M AY',s,'AY'
hme,'OW M',s,''
and,'AH N D',s,''
yet,'Y EH T',s,''
my,'M AY',s,'AY'
natre,'N EY CH ER',s,'EY'
never,'N e V ǝ R',s,''
in,'IH N',s,'IH'
the,'DH AH',s,''
to,'T UW',s,'UW'
do,'D OW',s,''
in,'IH N',s,'IH'
slander,'S L AO N D ǝ R',s,'AO'
and,'AH N D',s,''
to,'T UW',s,'UW'
behold,'B IH HH OW L D',s,'IH'
his,'HH IH Z',s,'IH'
i,'AY',s,'AY'
will,'W IH L',s,'IH'
as,'AE Z',s,'AE'
a,'AH',s,''
of,'AH V',s,''
your,'Y AO R',s,'AO'
order,'AO R D ǝ R',s,'AO'
visit,'V IH Z AH T',s,'IH'
both,'B OW TH',s,''
and,'AH N D',s,''
therefre,'DH EH R F AO R',s,'AO'
i,'AY',s,'AY'
prithee,'P r e DH IY',s,'IY'
suppply,'S ǝ P L ǝ IH',s,'IH'
me,'M IY',s,'IY'
with,'W IH DH',s,'IH'
the,'DH AH',s,''
habit,'HH AE B AH T',s,'AE'
and,'AH N D',s,''
instruct,'IH N S T R AH K T',s,'IH'
me,'M IY',s,'IY'
i,'AY',s,'AY'
in,'IH N',s,'IH'
bear,'B EH R',s,''
a,'AH',s,''
true,'T R UW',s,'UW'
friar,'F R AY ER',s,'AY'
reasons,'r EH Z ǝ N Z',s,''
for,'F AO R',s,'AO'
this,'DH IH S',s,'IH'
action,'AE K SH AH N',s,'AE'
at,'AE T',s,'AE'
our,'OW R',s,''
shall,'SH AE L',s,'AE'
i,'AY',s,'AY'
render,'r e N D ǝ R',s,''
you,'Y UW',s,'UW'
only,'OW N L IY',s,'IY'
this,'DH IH S',s,'IH'
lord,'L AO R D',s,'AO'
is,'IH Z',s,'IH'
stands,'S T AE N D Z',s,'AE'
at,'AE T',s,'AE'
a,'AH',s,''
guard,'G AA R D',s,'AA'
with,'W IH DH',s,'IH'
confesses,'K AH N F EH S IH Z',s,'IH'
that,'DH AE T',s,'AE'
his,'HH IH Z',s,'IH'
blood,'B L AH D',s,''
or,'AO R',s,'AO'
that,'DH AE T',s,'AE'
his,'HH IH Z',s,'IH'
is,'IH Z',s,'IH'
to,'T UW',s,'UW'
bread,'B R EH D',s,''
than,'DH AE N',s,'AE'
shall,'SH AE L',s,'AE'
we,'W IY',s,'IY'
see,'S IY',s,'IY'
if,'IH F',s,'IH'
what,'W AH T',s,''
our,'OW R',s,''
be,'B IY',s,'IY'
hail,'HH EY L',s,'EY'
to,'T UW',s,'UW'
you,'Y UW',s,'UW'
provost,'P R OW V OW S T',s,''
so,'S OW',s,''
i,'AY',s,'AY'
think,'TH IH NG K',s,'IH'
you,'Y UW',s,'UW'
by,'B AY',s,'AY'
my,'M AY',s,'AY'
charity,'CH EH R IH T IY',s,'IH IY'
and,'AH N D',s,''
my,'M AY',s,'AY'
blest,'B L EH S T',s,''
order,'AO R D ǝ R',s,'AO'
i,'AY',s,'AY'
to,'T UW',s,'UW'
visit,'V IH Z AH T',s,'IH'
the,'DH AH',s,''
spirits,'S P IH R AH T S',s,'IH'
in,'IH N',s,'IH'
the,'DH AH',s,''
prison,'P R IH Z AH N',s,'IH'
do,'D OW',s,''
me,'M IY',s,'IY'
the,'DH AH',s,''
common,'K AA M AH N',s,'AA'
to,'T UW',s,'UW'
let,'L EH T',s,''
me,'M IY',s,'IY'
see,'S IY',s,'IY'
them,'DH EH M',s,''
and,'AH N D',s,''
to,'T UW',s,'UW'
me,'M IY',s,'IY'
the,'DH AH',s,''
natre,'N EY CH ER',s,'EY'
of,'AH V',s,''
their,'DH EH R',s,''
that,'DH AE T',s,'AE'
i,'AY',s,'AY'
minister,'M IH N IH S T ǝ R',s,'IH IH'
to,'T UW',s,'UW'
them,'DH EH M',s,''
when,'ʍ e N',s,''
must,'M AH S T',s,''
he,'HH IY',s,'IY'
repent,'R IH P EH N T',s,'IH'
you,'Y UW',s,'UW'
fair,'F EH R',s,''
of,'AH V',s,''
the,'DH AH',s,''
sin,'S IH N',s,'IH'
you,'Y UW',s,'UW'
carrry,'K AW r ǝ IH',s,'IH'
teach,'T IY CH',s,'IY'
you,'Y UW',s,'UW'
you,'Y UW',s,'UW'
shall,'SH AE L',s,'AE'
your,'Y AO R',s,'AO'
and,'AH N D',s,''
your,'Y AO R',s,'AO'
if,'IH F',s,'IH'
it,'IH T',s,'IH'
be,'B IY',s,'IY'
or,'AO R',s,'AO'
put,'P UH T',s,'UH'
on,'AA N',s,'AA'
you,'Y UW',s,'UW'
the,'DH AH',s,''
man,'M AE N',s,'AE'
that,'DH AE T',s,'AE'
you,'Y UW',s,'UW'
so,'S OW',s,''
then,'DH EH N',s,''
it,'IH T',s,'IH'
seems,'S IY M Z',s,'IY'
your,'Y AO R',s,'AO'
most,'M OW S T',s,''
act,'AE K T',s,'AE'
was,'W AA Z',s,'AA'
committed,'K AH M IH T AH D',s,'IH'
then,'DH EH N',s,''
was,'W AA Z',s,'AA'
your,'Y AO R',s,'AO'
sin,'S IH N',s,'IH'
of,'AH V',s,''
than,'DH AE N',s,'AE'
his,'HH IH Z',s,'IH'
meet,'M IY T',s,'IY'
so,'S OW',s,''
but,'B AH T',s,''
lest,'L EH S T',s,''
you,'Y UW',s,'UW'
do,'D OW',s,''
repent,'R IH P EH N T',s,'IH'
as,'AE Z',s,'AE'
that,'DH AE T',s,'AE'
the,'DH AH',s,''
sin,'S IH N',s,'IH'
hath,'HH AE TH',s,'AE'
you,'Y UW',s,'UW'
to,'T UW',s,'UW'
this,'DH IH S',s,'IH'
is,'IH Z',s,'IH'
not,'N AA T',s,'AA'
heaven,'HH EH V AH N',s,''
we,'W IY',s,'IY'
not,'N AA T',s,'AA'
heaven,'HH EH V AH N',s,''
as,'AE Z',s,'AE'
we,'W IY',s,'IY'
it,'IH T',s,'IH'
but,'B AH T',s,''
as,'AE Z',s,'AE'
we,'W IY',s,'IY'
stand,'S T AE N D',s,'AE'
in,'IH N',s,'IH'
fear,'F IY R',s,'IY'
rest,'R EH S T',s,''
your,'Y AO R',s,'AO'
partner,'P AA R T N ǝ R',s,'AA'
as,'AE Z',s,'AE'
i,'AY',s,'AY'
must,'M AH S T',s,''
and,'AH N D',s,''
i,'AY',s,'AY'
am,'AE M',s,'AE'
going,'G OW IH N',s,'IH'
with,'W IH DH',s,'IH'
instruction,'IH N S T R AH K SH AH N',s,'IH'
to,'T UW',s,'UW'
him,'HH IH M',s,'IH'
go,'G OW',s,''
with,'W IH DH',s,'IH'
you,'Y UW',s,'UW'
so,'S OW',s,''
then,'DH EH N',s,''
you,'Y UW',s,'UW'
of,'AH V',s,''
pardon,'P AA R D ǝ N',s,'AA'
from,'F R AH M',s,''
lord,'L AO R D',s,'AO'
be,'B IY',s,'IY'
for,'F AO R',s,'AO'
death,'D EH TH',s,''
either,'EH DH ǝ R',s,''
death,'D EH TH',s,''
or,'AO R',s,'AO'
shall,'SH AE L',s,'AE'
thereby,'DH EH R B ǝ IH',s,'IH'
be,'B IY',s,'IY'
the,'DH AH',s,''
sweeter,'S W IY T ǝ R',s,'IY'
reason,'r EH Z ǝ N',s,''
thus,'DH ɤ S',s,''
with,'W IH DH',s,'IH'
if,'IH F',s,'IH'
i,'AY',s,'AY'
do,'D OW',s,''
thee,'DH IY',s,'IY'
i,'AY',s,'AY'
do,'D OW',s,''
a,'AH',s,''
that,'DH AE T',s,'AE'
but,'B AH T',s,''
fools,'F UW L Z',s,'UW'
keep,'K IY P',s,'IY'
a,'AH',s,''
breath,'B R EH TH',s,''
thou,'DH AW',s,''
art,'AA R T',s,'AA'
to,'T UW',s,'UW'
all,'AA L',s,'AA'
the,'DH AH',s,''
that,'DH AE T',s,'AE'
doth,'D AO TH',s,'AO'
this,'DH IH S',s,'IH'
habitation,'HH AE B AH T EY SH AH N',s,'AE EY'
thou,'DH AW',s,''
merely,'M IY R L ǝ IH',s,'IY IH'
thou,'DH AW',s,''
art,'AA R T',s,'AA'
fool,'F UH L',s,'UH'
for,'F AO R',s,'AO'
him,'HH IH M',s,'IH'
thou,'DH AW',s,''
by,'B AY',s,'AY'
to,'T UW',s,'UW'
shun,'SH ɤ N',s,''
and,'AH N D',s,''
yet,'Y EH T',s,''
him,'HH IH M',s,'IH'
still,'S T IH L',s,'IH'
thou,'DH AW',s,''
art,'AA R T',s,'AA'
not,'N AA T',s,'AA'
for,'F AO R',s,'AO'
all,'AA L',s,'AA'
accommodations,'AH K AA M AH D EY SH AH N Z',s,'AA EY'
that,'DH AE T',s,'AE'
thou,'DH AW',s,''
by,'B AY',s,'AY'
thou,'DH AW',s,''
by,'B AY',s,'AY'
no,'N OW',s,''
means,'M IY N Z',s,'IY'
for,'F AO R',s,'AO'
thou,'DH AW',s,''
dost,'D AA S T',s,'AA'
fear,'F IY R',s,'IY'
the,'DH AH',s,''
soft,'S AA F T',s,'AA'
and,'AH N D',s,''
tender,'T e N D ǝ R',s,''
fork,'F AO R K',s,'AO'
of,'AH V',s,''
a,'AH',s,''
poor,'P UH R',s,'UH'
best,'B EH S T',s,''
of,'AH V',s,''
rest,'R EH S T',s,''
is,'IH Z',s,'IH'
sleep,'S L IY P',s,'IY'
and,'AH N D',s,''
that,'DH AE T',s,'AE'
thou,'DH AW',s,''
oft,'AO F T',s,'AO'
yet,'Y EH T',s,''
grosssly,'G r OW S L ǝ IH',s,'IH'
death,'D EH TH',s,''
is,'IH Z',s,'IH'
no,'N OW',s,''
thou,'DH AW',s,''
art,'AA R T',s,'AA'
not,'N AA T',s,'AA'
for,'F AO R',s,'AO'
thou,'DH AW',s,''
on,'AA N',s,'AA'
a,'AH',s,''
grains,'G r EH N Z',s,''
that,'DH AE T',s,'AE'
out,'AW T',s,''
of,'AH V',s,''
dust,'D AH S T',s,''
thou,'DH AW',s,''
art,'AA R T',s,'AA'
not,'N AA T',s,'AA'
for,'F AO R',s,'AO'
what,'W AH T',s,''
thou,'DH AW',s,''
hast,'HH AE S T',s,'AE'
not,'N AA T',s,'AA'
still,'S T IH L',s,'IH'
thou,'DH AW',s,''
to,'T UW',s,'UW'
get,'G EH T',s,''
and,'AH N D',s,''
what,'W AH T',s,''
thou,'DH AW',s,''
hast,'HH AE S T',s,'AE'
thou,'DH AW',s,''
art,'AA R T',s,'AA'
not,'N AA T',s,'AA'
certain,'S ɐ R T ǝ N',s,''
for,'F AO R',s,'AO'
shifts,'SH IH F T S',s,'IH'
to,'T UW',s,'UW'
effects,'IH F EH K T S',s,'IH'
after,'AW F T ǝ R',s,''
the,'DH AH',s,''
moon,'M UW N',s,'UW'
if,'IH F',s,'IH'
thou,'DH AW',s,''
art,'AA R T',s,'AA'
rich,'R IH CH',s,'IH'
thou,'DH AW',s,''
poor,'P UH R',s,'UH'
for,'F AO R',s,'AO'
an,'AE N',s,'AE'
ass,'AE S',s,'AE'
back,'B AE K',s,'AE'
with,'W IH DH',s,'IH'
ingots,'IH NG G AH T S',s,'IH'
thou,'DH AW',s,''
heavy,'e V ǝ IH',s,'IH'
riches,'R IH CH AH Z',s,'IH'
but,'B AH T',s,''
a,'AH',s,''
and,'AH N D',s,''
death,'D EH TH',s,''
unloads,'ɤ N L OW D Z',s,''
thee,'DH IY',s,'IY'
friend,'F R EH N D',s,''
hast,'HH AE S T',s,'AE'
thou,'DH AW',s,''
for,'F AO R',s,'AO'
bowels,'B ə UH ə L Z',s,'UH'
do,'D OW',s,''
call,'K AO L',s,'AO'
thee,'DH IY',s,'IY'
the,'DH AH',s,''
of,'AH V',s,''
do,'D OW',s,''
the,'DH AH',s,''
gout,'G AW T',s,''
and,'AH N D',s,''
the,'DH AH',s,''
for,'F AO R',s,'AO'
thee,'DH IY',s,'IY'
no,'N OW',s,''
sooner,'S UW N ǝ R',s,'UW'
thou,'DH AW',s,''
hast,'HH AE S T',s,'AE'
nor,'N AO R',s,'AO'
youth,'Y UW TH',s,'UW'
nor,'N AO R',s,'AO'
but,'B AH T',s,''
as,'AE Z',s,'AE'
it,'IH T',s,'IH'
wre,'W ER',s,''
an,'AE N',s,'AE'
sleep,'S L IY P',s,'IY'
on,'AA N',s,'AA'
both,'B OW TH',s,''
for,'F AO R',s,'AO'
all,'AA L',s,'AA'
youth,'Y UW TH',s,'UW'
as,'AE Z',s,'AE'
and,'AH N D',s,''
doth,'D AO TH',s,'AO'
beg,'B EH G',s,''
the,'DH AH',s,''
alms,'AA L M Z',s,'AA'
of,'AH V',s,''
and,'AH N D',s,''
when,'ʍ e N',s,''
thou,'DH AW',s,''
art,'AA R T',s,'AA'
old,'OW L D',s,''
and,'AH N D',s,''
rich,'R IH CH',s,'IH'
thou,'DH AW',s,''
hast,'HH AE S T',s,'AE'
neither,'N EH DH ǝ R',s,''
affection,'AH F EH K SH AH N',s,''
nor,'N AO R',s,'AO'
to,'T UW',s,'UW'
riches,'R IH CH AH Z',s,'IH'
pleasant,'P L EH Z AH N T',s,''
yet,'Y EH T',s,''
in,'IH N',s,'IH'
this,'DH IH S',s,'IH'
that,'DH AE T',s,'AE'
bears,'B EH R Z',s,''
the,'DH AH',s,''
of,'AH V',s,''
yet,'Y EH T',s,''
in,'IH N',s,'IH'
this,'DH IH S',s,'IH'
hid,'HH IH D',s,'IH'
yet,'Y EH T',s,''
death,'D EH TH',s,''
we,'W IY',s,'IY'
fear,'F IY R',s,'IY'
that,'DH AE T',s,'AE'
all,'AA L',s,'AA'
even,'IY V IH N',s,'IY IH'
dear,'D IY R',s,'IY'
visit,'V IH Z AH T',s,'IH'
you,'Y UW',s,'UW'
again,'ǝ ɡ EH N',s,''
provost,'P R OW V OW S T',s,''
a,'AH',s,''
with,'W IH DH',s,'IH'
you,'Y UW',s,'UW'
me,'M IY',s,'IY'
to,'T UW',s,'UW'
them,'DH EH M',s,''
speak,'S P IY K',s,'IY'
i,'AY',s,'AY'
be,'B IY',s,'IY'
a,'AH',s,''
but,'B AH T',s,''
you,'Y UW',s,'UW'
with,'W IH DH',s,'IH'
your,'Y AO R',s,'AO'
i,'AY',s,'AY'
by,'B AY',s,'AY'
and,'AH N D',s,''
by,'B AY',s,'AY'
speech,'S P IY CH',s,'IY'
with,'W IH DH',s,'IH'
you,'Y UW',s,'UW'
the,'DH AH',s,''
satisfaction,'S AE T AH S F AE K SH AH N',s,'AE AE'
i,'AY',s,'AY'
is,'IH Z',s,'IH'
likewse,'L AY K W AY Z',s,'AY AY'
your,'Y AO R',s,'AO'
son,'S AO ̃',s,'AO'
i,'AY',s,'AY'
what,'W AH T',s,''
hath,'HH AE TH',s,'AE'
passed,'P AW S IH D',s,'IH'
between,'B IH T W IY N',s,'IH IY'
you,'Y UW',s,'UW'
and,'AH N D',s,''
your,'Y AO R',s,'AO'
had,'HH AE D',s,'AE'
never,'N e V ǝ R',s,''
the,'DH AH',s,''
to,'T UW',s,'UW'
corrupt,'K ǝ r ɤ P T',s,''
only,'OW N L IY',s,'IY'
he,'HH IY',s,'IY'
hath,'HH AE TH',s,'AE'
an,'AE N',s,'AE'
of,'AH V',s,''
to,'T UW',s,'UW'
his,'HH IH Z',s,'IH'
with,'W IH DH',s,'IH'
the,'DH AH',s,''
disposition,'D IH S P AH Z IH SH AH N',s,'IH IH'
of,'AH V',s,''
she,'SH IY',s,'IY'
the,'DH AH',s,''
truth,'T R UW TH',s,'UW'
of,'AH V',s,''
in,'IH N',s,'IH'
hath,'HH AE TH',s,'AE'
him,'HH IH M',s,'IH'
that,'DH AE T',s,'AE'
he,'HH IY',s,'IY'
is,'IH Z',s,'IH'
most,'M OW S T',s,''
glad,'G L AE D',s,'AE'
to,'T UW',s,'UW'
i,'AY',s,'AY'
am,'AE M',s,'AE'
to,'T UW',s,'UW'
and,'AH N D',s,''
i,'AY',s,'AY'
this,'DH IH S',s,'IH'
to,'T UW',s,'UW'
be,'B IY',s,'IY'
true,'T R UW',s,'UW'
therefre,'DH EH R F AO R',s,'AO'
to,'T UW',s,'UW'
death,'D EH TH',s,''
do,'D OW',s,''
not,'N AA T',s,'AA'
your,'Y AO R',s,'AO'
with,'W IH DH',s,'IH'
that,'DH AE T',s,'AE'
you,'Y UW',s,'UW'
must,'M AH S T',s,''
go,'G OW',s,''
to,'T UW',s,'UW'
your,'Y AO R',s,'AO'
and,'AH N D',s,''
ready,'R EH D IY',s,'IY'
you,'Y UW',s,'UW'
a,'AH',s,''
with,'W IH DH',s,'IH'
you,'Y UW',s,'UW'
that,'DH AE T',s,'AE'
you,'Y UW',s,'UW'
you,'Y UW',s,'UW'
will,'W IH L',s,'IH'
be,'B IY',s,'IY'
me,'M IY',s,'IY'
with,'W IH DH',s,'IH'
the,'DH AH',s,''
maid,'M EY D',s,'EY'
my,'M AY',s,'AY'
promises,'P R AA M AH S AH Z',s,'AA'
with,'W IH DH',s,'IH'
my,'M AY',s,'AY'
habit,'HH AE B AH T',s,'AE'
no,'N OW',s,''
loss,'L AO S',s,'AO'
shall,'SH AE L',s,'AE'
by,'B AY',s,'AY'
my,'M AY',s,'AY'
company,'K AH M P AH N IY',s,'IY'
the,'DH AH',s,''
that,'DH AE T',s,'AE'
hath,'HH AE TH',s,'AE'
you,'Y UW',s,'UW'
fair,'F EH R',s,''
hath,'HH AE TH',s,'AE'
you,'Y UW',s,'UW'
good,'G UH D',s,'UH'
the,'DH AH',s,''
goodness,'G UH D N AH S',s,'UH'
that,'DH AE T',s,'AE'
is,'IH Z',s,'IH'
cheap,'CH IY P',s,'IY'
in,'IH N',s,'IH'
brief,'B R IY F',s,'IY'
in,'IH N',s,'IH'
goodness,'G UH D N AH S',s,'UH'
but,'B AH T',s,''
being,'B IY IH NG',s,'IY IH'
the,'DH AH',s,''
soul,'S OW L',s,''
of,'AH V',s,''
your,'Y AO R',s,'AO'
shall,'SH AE L',s,'AE'
keep,'K IY P',s,'IY'
the,'DH AH',s,''
body,'B AA D IY',s,'AA IY'
of,'AH V',s,''
it,'IH T',s,'IH'
fair,'F EH R',s,''
the,'DH AH',s,''
that,'DH AE T',s,'AE'
hath,'HH AE TH',s,'AE'
to,'T UW',s,'UW'
you,'Y UW',s,'UW'
hath,'HH AE TH',s,'AE'
to,'T UW',s,'UW'
my,'M AY',s,'AY'
understanding,'ˌ ɤ N D ǝ R S T AW N D IH N',s,'IH'
and,'AH N D',s,''
but,'B AH T',s,''
that,'DH AE T',s,'AE'
frailty,'F R EY L T IY',s,'EY IY'
hath,'HH AE TH',s,'AE'
examples,'IH G Z AW M P L Z',s,'IH'
for,'F AO R',s,'AO'
his,'HH IH Z',s,'IH'
i,'AY',s,'AY'
wonder,'W ɤ N D ǝ R',s,''
at,'AE T',s,'AE'
will,'W IH L',s,'IH'
you,'Y UW',s,'UW'
do,'D OW',s,''
to,'T UW',s,'UW'
content,'K ǝ N T e N T',s,''
this,'DH IH S',s,'IH'
and,'AH N D',s,''
to,'T UW',s,'UW'
sve,'EH V',s,''
your,'Y AO R',s,'AO'
that,'DH AE T',s,'AE'
shall,'SH AE L',s,'AE'
not,'N AA T',s,'AA'
be,'B IY',s,'IY'
amiss,'ǝ M IH S',s,'IH'
yet,'Y EH T',s,''
as,'AE Z',s,'AE'
the,'DH AH',s,''
matter,'M AW T ǝ R',s,''
stands,'S T AE N D Z',s,'AE'
he,'HH IY',s,'IY'
will,'W IH L',s,'IH'
your,'Y AO R',s,'AO'
he,'HH IY',s,'IY'
of,'AH V',s,''
you,'Y UW',s,'UW'
only,'OW N L IY',s,'IY'
therefre,'DH EH R F AO R',s,'AO'
your,'Y AO R',s,'AO'
ear,'IY R',s,'IY'
on,'AA N',s,'AA'
my,'M AY',s,'AY'
to,'T UW',s,'UW'
the,'DH AH',s,''
i,'AY',s,'AY'
in,'IH N',s,'IH'
doing,'D UW IH N',s,'UW IH'
good,'G UH D',s,'UH'
a,'AH',s,''
presents,'P r IH Z e N T S',s,'IH'
itself,'IH T S EH L F',s,'IH'
i,'AY',s,'AY'
do,'D OW',s,''
myself,'M AY S EH L F',s,'AY'
that,'DH AE T',s,'AE'
you,'Y UW',s,'UW'
most,'M OW S T',s,''
do,'D OW',s,''
a,'AH',s,''
poor,'P UH R',s,'UH'
lady,'L EY D IY',s,'EY IY'
a,'AH',s,''
merited,'M EH R IH T IH D',s,'IH IH'
redeem,'R IH D IY M',s,'IH IY'
your,'Y AO R',s,'AO'
from,'F R AH M',s,''
the,'DH AH',s,''
angry,'AE NG G R IY',s,'AE IY'
do,'D OW',s,''
no,'N OW',s,''
stain,'S T EH N',s,''
to,'T UW',s,'UW'
your,'Y AO R',s,'AO'
and,'AH N D',s,''
the,'DH AH',s,''
absent,'AE B S AH N T',s,'AE'
if,'IH F',s,'IH'
he,'HH IY',s,'IY'
shall,'SH AE L',s,'AE'
return,'r IH T ɐ R N',s,'IH'
to,'T UW',s,'UW'
of,'AH V',s,''
this,'DH IH S',s,'IH'
is,'IH Z',s,'IH'
bold,'B OW L D',s,''
and,'AH N D',s,''
goodness,'G UH D N AH S',s,'UH'
never,'N e V ǝ R',s,''
fearful,'F IH R F AH L',s,'IH'
you,'Y UW',s,'UW'
not,'N AA T',s,'AA'
speak,'S P IY K',s,'IY'
of,'AH V',s,''
the,'DH AH',s,''
of,'AH V',s,''
the,'DH AH',s,''
great,'G r e T',s,''
who,'HH UW',s,'UW'
at,'AE T',s,'AE'
sea,'S IY',s,'IY'
she,'SH IY',s,'IY'
this,'DH IH S',s,'IH'
was,'W AA Z',s,'AA'
to,'T UW',s,'UW'
oath,'OW TH',s,''
and,'AH N D',s,''
the,'DH AH',s,''
nuptial,'N AH P CH AH L',s,''
appointed,'P ǝ IH N T IH D',s,'IH IH'
between,'B IH T W IY N',s,'IH IY'
of,'AH V',s,''
the,'DH AH',s,''
contract,'K ǝ N T r AW K T',s,''
and,'AH N D',s,''
limit,'L IH M AH T',s,'IH'
of,'AH V',s,''
the,'DH AH',s,''
was,'W AA Z',s,'AA'
at,'AE T',s,'AE'
sea,'S IY',s,'IY'
in,'IH N',s,'IH'
that,'DH AE T',s,'AE'
vessel,'V EH S AH L',s,''
the,'DH AH',s,''
of,'AH V',s,''
his,'HH IH Z',s,'IH'
but,'B AH T',s,''
mark,'M AA R K',s,'AA'
heavily,'e V IH L ǝ IH',s,'IH IH'
this,'DH IH S',s,'IH'
befell,'B IH F EH L',s,'IH'
to,'T UW',s,'UW'
the,'DH AH',s,''
poor,'P UH R',s,'UH'
gentlewoman,'JH EH N T AH L W UH M AH N',s,'UH'
she,'SH IY',s,'IY'
lost,'L AO S T',s,'AO'
a,'AH',s,''
and,'AH N D',s,''
in,'IH N',s,'IH'
his,'HH IH Z',s,'IH'
most,'M OW S T',s,''
and,'AH N D',s,''
with,'W IH DH',s,'IH'
him,'HH IH M',s,'IH'
the,'DH AH',s,''
portion,'P AO R SH AH N',s,'AO'
and,'AH N D',s,''
of,'AH V',s,''
with,'W IH DH',s,'IH'
both,'B OW TH',s,''
this,'DH IH S',s,'IH'
left,'L EH F T',s,''
in,'IH N',s,'IH'
tears,'T EH R Z',s,''
and,'AH N D',s,''
dried,'D R AY D',s,'AY'
not,'N AA T',s,'AA'
of,'AH V',s,''
them,'DH EH M',s,''
with,'W IH DH',s,'IH'
his,'HH IH Z',s,'IH'
comfort,'K ɤ M F ǝ R T',s,''
his,'HH IH Z',s,'IH'
vows,'V ǝ UH Z',s,'UH'
in,'IH N',s,'IH'
discoveries,'D IH S K AH V ER IY Z',s,'IH IY'
of,'AH V',s,''
in,'IH N',s,'IH'
few,'F Y UW',s,'UW'
on,'AA N',s,'AA'
she,'SH IY',s,'IY'
yet,'Y EH T',s,''
wears,'W EH R Z',s,''
for,'F AO R',s,'AO'
his,'HH IH Z',s,'IH'
and,'AH N D',s,''
he,'HH IY',s,'IY'
a,'AH',s,''
to,'T UW',s,'UW'
tears,'T EH R Z',s,''
is,'IH Z',s,'IH'
with,'W IH DH',s,'IH'
them,'DH EH M',s,''
but,'B AH T',s,''
not,'N AA T',s,'AA'
it,'IH T',s,'IH'
is,'IH Z',s,'IH'
a,'AH',s,''
ruptre,'R AH P CH ER',s,''
that,'DH AE T',s,'AE'
you,'Y UW',s,'UW'
easily,'IY Z L ǝ IH',s,'IY IH'
and,'AH N D',s,''
the,'DH AH',s,''
of,'AH V',s,''
it,'IH T',s,'IH'
not,'N AA T',s,'AA'
only,'OW N L IY',s,'IY'
your,'Y AO R',s,'AO'
but,'B AH T',s,''
keeps,'K IY P S',s,'IY'
you,'Y UW',s,'UW'
from,'F R AH M',s,''
in,'IH N',s,'IH'
doing,'D UW IH N',s,'UW IH'
it,'IH T',s,'IH'
this,'DH IH S',s,'IH'
maid,'M EY D',s,'EY'
hath,'HH AE TH',s,'AE'
yet,'Y EH T',s,''
in,'IH N',s,'IH'
the,'DH AH',s,''
of,'AH V',s,''
affection,'AH F EH K SH AH N',s,''
his,'HH IH Z',s,'IH'
unjust,'AH N JH AH S T',s,''
that,'DH AE T',s,'AE'
in,'IH N',s,'IH'
all,'AA L',s,'AA'
reason,'r EH Z ǝ N',s,''
hath,'HH AE TH',s,'AE'
an,'AE N',s,'AE'
impediment,'IH M P EH D AH M AH N T',s,'IH'
in,'IH N',s,'IH'
the,'DH AH',s,''
it,'IH T',s,'IH'
and,'AH N D',s,''
go,'G OW',s,''
you,'Y UW',s,'UW'
to,'T UW',s,'UW'
his,'HH IH Z',s,'IH'
requiring,'R IY K W AY ER IH NG',s,'IY AY IH'
with,'W IH DH',s,'IH'
a,'AH',s,''
agree,'ǝ ɡ r IY',s,'IY'
with,'W IH DH',s,'IH'
his,'HH IH Z',s,'IH'
demands,'D IH M AW N D Z',s,'IH'
to,'T UW',s,'UW'
the,'DH AH',s,''
only,'OW N L IY',s,'IY'
refer,'r IH F ɐ R',s,'IH'
to,'T UW',s,'UW'
this,'DH IH S',s,'IH'
that,'DH AE T',s,'AE'
your,'Y AO R',s,'AO'
with,'W IH DH',s,'IH'
him,'HH IH M',s,'IH'
not,'N AA T',s,'AA'
be,'B IY',s,'IY'
that,'DH AE T',s,'AE'
the,'DH AH',s,''
all,'AA L',s,'AA'
and,'AH N D',s,''
in,'IH N',s,'IH'
it,'IH T',s,'IH'
and,'AH N D',s,''
the,'DH AH',s,''
to,'T UW',s,'UW'
this,'DH IH S',s,'IH'
being,'B IY IH NG',s,'IY IH'
granted,'G R AE N T AH D',s,'AE'
in,'IH N',s,'IH'
and,'AH N D',s,''
all,'AA L',s,'AA'
we,'W IY',s,'IY'
shall,'SH AE L',s,'AE'
this,'DH IH S',s,'IH'
maid,'M EY D',s,'EY'
to,'T UW',s,'UW'
stead,'S T EH D',s,''
up,'AH P',s,''
your,'Y AO R',s,'AO'
appointment,'AH P OY N T M AH N T',s,''
go,'G OW',s,''
in,'IH N',s,'IH'
your,'Y AO R',s,'AO'
if,'IH F',s,'IH'
the,'DH AH',s,''
itself,'IH T S EH L F',s,'IH'
it,'IH T',s,'IH'
compel,'K AH M P EH L',s,''
him,'HH IH M',s,'IH'
to,'T UW',s,'UW'
and,'AH N D',s,''
by,'B AY',s,'AY'
this,'DH IH S',s,'IH'
is,'IH Z',s,'IH'
your,'Y AO R',s,'AO'
your,'Y AO R',s,'AO'
untainted,'AH N T EY N T IH D',s,'EY IH'
the,'DH AH',s,''
poor,'P UH R',s,'UH'
advantaged,'ǝ D V AW N T IH D ZH D',s,'IH'
and,'AH N D',s,''
the,'DH AH',s,''
corrupt,'K ǝ r ɤ P T',s,''
scaled,'S K EH L D',s,''
the,'DH AH',s,''
maid,'M EY D',s,'EY'
will,'W IH L',s,'IH'
i,'AY',s,'AY'
and,'AH N D',s,''
fit,'F IH T',s,'IH'
for,'F AO R',s,'AO'
his,'HH IH Z',s,'IH'
if,'IH F',s,'IH'
you,'Y UW',s,'UW'
think,'TH IH NG K',s,'IH'
well,'W EH L',s,''
to,'T UW',s,'UW'
carrry,'K AW r ǝ IH',s,'IH'
this,'DH IH S',s,'IH'
as,'AE Z',s,'AE'
you,'Y UW',s,'UW'
the,'DH AH',s,''
of,'AH V',s,''
the,'DH AH',s,''
defends,'D IH F EH N D Z',s,'IH'
the,'DH AH',s,''
deceit,'D AH S IY T',s,'IY'
from,'F R AH M',s,''
reproof,'r IH P r ɤ F',s,'IH'
what,'W AH T',s,''
think,'TH IH NG K',s,'IH'
you,'Y UW',s,'UW'
of,'AH V',s,''
it,'IH T',s,'IH'
it,'IH T',s,'IH'
in,'IH N',s,'IH'
your,'Y AO R',s,'AO'
up,'AH P',s,''
hate,'AW S T',s,''
you,'Y UW',s,'UW'
speedily,'S P IY D AH L IY',s,'IY IY'
to,'T UW',s,'UW'
if,'IH F',s,'IH'
for,'F AO R',s,'AO'
this,'DH IH S',s,'IH'
he,'HH IY',s,'IY'
you,'Y UW',s,'UW'
to,'T UW',s,'UW'
his,'HH IH Z',s,'IH'
bed,'B EH D',s,''
him,'HH IH M',s,'IH'
of,'AH V',s,''
satisfaction,'S AE T AH S F AE K SH AH N',s,'AE AE'
i,'AY',s,'AY'
will,'W IH L',s,'IH'
presently,'P R EH Z AH N T L IY',s,'IY'
to,'T UW',s,'UW'
saint,'S EY N T',s,'EY'
at,'AE T',s,'AE'
the,'DH AH',s,''
moated,'M OW T IH D',s,'IH'
this,'DH IH S',s,'IH'
dejected,'D IH JH EH K T IH D',s,'IH IH'
at,'AE T',s,'AE'
that,'DH AE T',s,'AE'
call,'K AO L',s,'AO'
upon,'AH P AA N',s,'AA'
me,'M IY',s,'IY'
and,'AH N D',s,''
with,'W IH DH',s,'IH'
that,'DH AE T',s,'AE'
it,'IH T',s,'IH'
be,'B IY',s,'IY'
o,'OW',s,''
heavens,'HH EH V AH N Z',s,''
what,'W AH T',s,''
stuff,'S T ɤ F',s,''
is,'IH Z',s,'IH'
and,'AH N D',s,''
you,'Y UW',s,'UW'
good,'G UH D',s,'UH'
what,'W AH T',s,''
hath,'HH AE TH',s,'AE'
this,'DH IH S',s,'IH'
man,'M AE N',s,'AE'
you,'Y UW',s,'UW'
a,'AH',s,''
a,'AH',s,''
wicked,'W IH K AH D',s,'IH'
the,'DH AH',s,''
evil,'e V IH L',s,'IH'
that,'DH AE T',s,'AE'
thou,'DH AW',s,''
to,'T UW',s,'UW'
be,'B IY',s,'IY'
that,'DH AE T',s,'AE'
is,'IH Z',s,'IH'
means,'M IY N Z',s,'IY'
to,'T UW',s,'UW'
do,'D OW',s,''
thou,'DH AW',s,''
but,'B AH T',s,''
think,'TH IH NG K',s,'IH'
what,'W AH T',s,''
to,'T UW',s,'UW'
cram,'K R AE M',s,'AE'
a,'AH',s,''
or,'AO R',s,'AO'
a,'AH',s,''
back,'B AE K',s,'AE'
from,'F R AH M',s,''
a,'AH',s,''
filthhy,'F IH L TH ǝ IH',s,'IH IH'
to,'T UW',s,'UW'
from,'F R AH M',s,''
their,'DH EH R',s,''
and,'AH N D',s,''
i,'AY',s,'AY'
drink,'D R IH NG K',s,'IH'
i,'AY',s,'AY'
eat,'IY T',s,'IY'
myself,'M AY S EH L F',s,'AY'
and,'AH N D',s,''
thou,'DH AW',s,''
is,'IH Z',s,'IH'
a,'AH',s,''
so,'S OW',s,''
go,'G OW',s,''
mend,'M EH N D',s,''
go,'G OW',s,''
mend,'M EH N D',s,''
if,'IH F',s,'IH'
the,'DH AH',s,''
devil,'D IH V ǝ L',s,'IH'
given,'G IH V AH N',s,'IH'
thee,'DH IY',s,'IY'
proofs,'P R UW F S',s,'UW'
for,'F AO R',s,'AO'
sin,'S IH N',s,'IH'
thou,'DH AW',s,''
wilt,'W IH L T',s,'IH'
him,'HH IH M',s,'IH'
to,'T UW',s,'UW'
prison,'P R IH Z AH N',s,'IH'
and,'AH N D',s,''
instruction,'IH N S T R AH K SH AH N',s,'IH'
must,'M AH S T',s,''
both,'B OW TH',s,''
work,'W AO R K',s,'AO'
this,'DH IH S',s,'IH'
beast,'B e S T',s,''
will,'W IH L',s,'IH'
profit,'P R AA F AH T',s,'AA'
that,'DH AE T',s,'AE'
we,'W IY',s,'IY'
wre,'W ER',s,''
all,'AA L',s,'AA'
as,'AE Z',s,'AE'
seem,'S IY M',s,'IY'
to,'T UW',s,'UW'
be,'B IY',s,'IY'
from,'F R AH M',s,''
our,'OW R',s,''
faults,'F AO L T S',s,'AO'
as,'AE Z',s,'AE'
faults,'F AO L T S',s,'AO'
from,'F R AH M',s,''
free,'F R IY',s,'IY'
still,'S T IH L',s,'IH'
thus,'DH ɤ S',s,''
and,'AH N D',s,''
thus,'DH ɤ S',s,''
still,'S T IH L',s,'IH'
and,'AH N D',s,''
you,'Y UW',s,'UW'
i,'AY',s,'AY'
can,'K AE N',s,'AE'
you,'Y UW',s,'UW'
tell,'T EH L',s,''
me,'M IY',s,'IY'
of,'AH V',s,''
i,'AY',s,'AY'
not,'N AA T',s,'AA'
but,'B AH T',s,''
i,'AY',s,'AY'
wish,'W IH SH',s,'IH'
him,'HH IH M',s,'IH'
well,'W EH L',s,''
he,'HH IY',s,'IY'
does,'D AH Z',s,''
well,'W EH L',s,''
in,'IH N',s,'IH'
it,'IH T',s,'IH'
is,'IH Z',s,'IH'
too,'T UW',s,'UW'
a,'AH',s,''
and,'AH N D',s,''
severity,'S IH V EH R IH T IY',s,'IH IH IY'
must,'M AH S T',s,''
it,'IH T',s,'IH'
he,'HH IY',s,'IY'
be,'B IY',s,'IY'
then,'DH EH N',s,''
you,'Y UW',s,'UW'
pleasant,'P L EH Z AH N T',s,''
and,'AH N D',s,''
speak,'S P IY K',s,'IY'
i,'AY',s,'AY'
never,'N e V ǝ R',s,''
the,'DH AH',s,''
absent,'AE B S AH N T',s,'AE'
detected,'D IH T EH K T AH D',s,'IH'
for,'F AO R',s,'AO'
women,'W IH M AH N',s,'IH'
he,'HH IY',s,'IY'
was,'W AA Z',s,'AA'
not,'N AA T',s,'AA'
that,'DH AE T',s,'AE'
not,'N AA T',s,'AA'
you,'Y UW',s,'UW'
do,'D OW',s,''
him,'HH IH M',s,'IH'
what,'W AH T',s,''
i,'AY',s,'AY'
prithee,'P r e DH IY',s,'IY'
be,'B IY',s,'IY'
the,'DH AH',s,''
whhy,'ʍ ǝ IH',s,'IH'
no,'N OW',s,''
but,'B AH T',s,''
he,'HH IY',s,'IY'
was,'W AA Z',s,'AA'
either,'EH DH ǝ R',s,''
this,'DH IH S',s,'IH'
is,'IH Z',s,'IH'
in,'IH N',s,'IH'
you,'Y UW',s,'UW'
follly,'F ɒ L ǝ IH',s,'IH'
or,'AO R',s,'AO'
the,'DH AH',s,''
very,'V EH R IY',s,'IY'
stream,'S T R IY M',s,'IY'
of,'AH V',s,''
his,'HH IH Z',s,'IH'
and,'AH N D',s,''
the,'DH AH',s,''
he,'HH IY',s,'IY'
hath,'HH AE TH',s,'AE'
must,'M AH S T',s,''
upon,'AH P AA N',s,'AA'
a,'AH',s,''
warranted,'W AA r ǝ N T IH D',s,'AA IH'
need,'N IY D',s,'IY'
him,'HH IH M',s,'IH'
a,'AH',s,''
better,'B e T ə R',s,''
proclamation,'P R AA K L AH M EY SH AH N',s,'AA EY'
let,'L EH T',s,''
him,'HH IH M',s,'IH'
be,'B IY',s,'IY'
but,'B AH T',s,''
in,'IH N',s,'IH'
his,'HH IH Z',s,'IH'
and,'AH N D',s,''
he,'HH IY',s,'IY'
shall,'SH AE L',s,'AE'
appear,'ǝ P IY R',s,'IY'
to,'T UW',s,'UW'
the,'DH AH',s,''
a,'AH',s,''
a,'AH',s,''
and,'AH N D',s,''
a,'AH',s,''
therefre,'DH EH R F AO R',s,'AO'
you,'Y UW',s,'UW'
speak,'S P IY K',s,'IY'
or,'AO R',s,'AO'
if,'IH F',s,'IH'
your,'Y AO R',s,'AO'
be,'B IY',s,'IY'
it,'IH T',s,'IH'
is,'IH Z',s,'IH'
in,'IH N',s,'IH'
your,'Y AO R',s,'AO'
with,'W IH DH',s,'IH'
better,'B e T ə R',s,''
and,'AH N D',s,''
with,'W IH DH',s,'IH'
dearer,'D IY r ǝ R',s,'IY'
i,'AY',s,'AY'
can,'K AE N',s,'AE'
hardly,'HH AA R D L IY',s,'AA IY'
that,'DH AE T',s,'AE'
you,'Y UW',s,'UW'
not,'N AA T',s,'AA'
what,'W AH T',s,''
you,'Y UW',s,'UW'
speak,'S P IY K',s,'IY'
but,'B AH T',s,''
if,'IH F',s,'IH'
the,'DH AH',s,''
return,'r IH T ɐ R N',s,'IH'
as,'AE Z',s,'AE'
our,'OW R',s,''
he,'HH IY',s,'IY'
let,'L EH T',s,''
me,'M IY',s,'IY'
you,'Y UW',s,'UW'
to,'T UW',s,'UW'
your,'Y AO R',s,'AO'
him,'HH IH M',s,'IH'
if,'IH F',s,'IH'
it,'IH T',s,'IH'
be,'B IY',s,'IY'
you,'Y UW',s,'UW'
you,'Y UW',s,'UW'
to,'T UW',s,'UW'
maintain,'M EY N T EY N',s,'EY EY'
it,'IH T',s,'IH'
i,'AY',s,'AY'
am,'AE M',s,'AE'
to,'T UW',s,'UW'
call,'K AO L',s,'AO'
upon,'AH P AA N',s,'AA'
you,'Y UW',s,'UW'
and,'AH N D',s,''
i,'AY',s,'AY'
you,'Y UW',s,'UW'
your,'Y AO R',s,'AO'
he,'HH IY',s,'IY'
shall,'SH AE L',s,'AE'
you,'Y UW',s,'UW'
better,'B e T ə R',s,''
if,'IH F',s,'IH'
i,'AY',s,'AY'
to,'T UW',s,'UW'
report,'r IH P AO R T',s,'IH AO'
you,'Y UW',s,'UW'
o,'OW',s,''
you,'Y UW',s,'UW'
the,'DH AH',s,''
will,'W IH L',s,'IH'
return,'r IH T ɐ R N',s,'IH'
no,'N OW',s,''
or,'AO R',s,'AO'
you,'Y UW',s,'UW'
me,'M IY',s,'IY'
too,'T UW',s,'UW'
an,'AE N',s,'AE'
but,'B AH T',s,''
indeed,'IH N D IY D',s,'IH IY'
i,'AY',s,'AY'
can,'K AE N',s,'AE'
do,'D OW',s,''
you,'Y UW',s,'UW'
forswear,'F AO R S W EH R',s,'AO'
this,'DH IH S',s,'IH'
again,'ǝ ɡ EH N',s,''
whhy,'ʍ ǝ IH',s,'IH'
he,'HH IY',s,'IY'
no,'N OW',s,''
nor,'N AO R',s,'AO'
greatness,'G r e T N ǝ S',s,''
in,'IH N',s,'IH'
can,'K AE N',s,'AE'
calumny,'K AE L AH M N IY',s,'AE IY'
the,'DH AH',s,''
what,'W AH T',s,''
so,'S OW',s,''
can,'K AE N',s,'AE'
the,'DH AH',s,''
gall,'G AA L',s,'AA'
up,'AH P',s,''
in,'IH N',s,'IH'
the,'DH AH',s,''
but,'B AH T',s,''
who,'HH UW',s,'UW'
bliss,'B L IH S',s,'IH'
and,'AH N D',s,''
goodness,'G UH D N AH S',s,'UH'
on,'AA N',s,'AA'
you,'Y UW',s,'UW'
not,'N AA T',s,'AA'
of,'AH V',s,''
this,'DH IH S',s,'IH'
country,'K AH N T R IY',s,'IY'
my,'M AY',s,'AY'
is,'IH Z',s,'IH'
to,'T UW',s,'UW'
it,'IH T',s,'IH'
for,'F AO R',s,'AO'
my,'M AY',s,'AY'
i,'AY',s,'AY'
am,'AE M',s,'AE'
a,'AH',s,''
of,'AH V',s,''
order,'AO R D ǝ R',s,'AO'
from,'F R AH M',s,''
the,'DH AH',s,''
see,'S IY',s,'IY'
in,'IH N',s,'IH'
from,'F R AH M',s,''
his,'HH IH Z',s,'IH'
but,'B AH T',s,''
that,'DH AE T',s,'AE'
is,'IH Z',s,'IH'
so,'S OW',s,''
great,'G r e T',s,''
a,'AH',s,''
fever,'F EH V ǝ R',s,''
on,'AA N',s,'AA'
goodness,'G UH D N AH S',s,'UH'
that,'DH AE T',s,'AE'
the,'DH AH',s,''
of,'AH V',s,''
it,'IH T',s,'IH'
must,'M AH S T',s,''
it,'IH T',s,'IH'
novelty,'N AA V AH L T IY',s,'AA IY'
is,'IH Z',s,'IH'
only,'OW N L IY',s,'IY'
in,'IH N',s,'IH'
and,'AH N D',s,''
it,'IH T',s,'IH'
is,'IH Z',s,'IH'
as,'AE Z',s,'AE'
to,'T UW',s,'UW'
be,'B IY',s,'IY'
in,'IH N',s,'IH'
of,'AH V',s,''
as,'AE Z',s,'AE'
it,'IH T',s,'IH'
is,'IH Z',s,'IH'
virtuous,'V ER CH UW AH S',s,'UW'
to,'T UW',s,'UW'
be,'B IY',s,'IY'
constant,'K AA N S T AH N T',s,'AA'
in,'IH N',s,'IH'
undertaking,'ˌ ɤ N D ǝ R T EH K IH N',s,'IH'
is,'IH Z',s,'IH'
truth,'T R UW TH',s,'UW'
to,'T UW',s,'UW'
but,'B AH T',s,''
to,'T UW',s,'UW'
accursed,'ǝ K ɐ R S IH D',s,'IH'
upon,'AH P AA N',s,'AA'
this,'DH IH S',s,'IH'
runs,'R AH N Z',s,''
the,'DH AH',s,''
wisdom,'W IH Z D AH M',s,'IH'
of,'AH V',s,''
the,'DH AH',s,''
this,'DH IH S',s,'IH'
is,'IH Z',s,'IH'
old,'OW L D',s,''
yet,'Y EH T',s,''
it,'IH T',s,'IH'
is,'IH Z',s,'IH'
every,'e V r ǝ IH',s,'IH'
i,'AY',s,'AY'
you,'Y UW',s,'UW'
of,'AH V',s,''
what,'W AH T',s,''
disposition,'D IH S P AH Z IH SH AH N',s,'IH IH'
was,'W AA Z',s,'AA'
the,'DH AH',s,''
what,'W AH T',s,''
pleasre,'P L EH ZH ER',s,''
was,'W AA Z',s,'AA'
he,'HH IY',s,'IY'
given,'G IH V AH N',s,'IH'
to,'T UW',s,'UW'
he,'HH IY',s,'IY'
professes,'P R AH F EH S IH Z',s,'IH'
to,'T UW',s,'UW'
no,'N OW',s,''
sinister,'S IH N IH S T ǝ R',s,'IH IH'
from,'F R AH M',s,''
his,'HH IH Z',s,'IH'
juge,'JH AH JH',s,''
but,'B AH T',s,''
most,'M OW S T',s,''
humbles,'HH AH M B AH L Z',s,''
himself,'HH IH M S EH L F',s,'IH'
to,'T UW',s,'UW'
the,'DH AH',s,''
of,'AH V',s,''
yet,'Y EH T',s,''
had,'HH AE D',s,'AE'
he,'HH IY',s,'IY'
to,'T UW',s,'UW'
himself,'HH IH M S EH L F',s,'IH'
by,'B AY',s,'AY'
the,'DH AH',s,''
instruction,'IH N S T R AH K SH AH N',s,'IH'
of,'AH V',s,''
his,'HH IH Z',s,'IH'
frailty,'F R EY L T IY',s,'EY IY'
promises,'P R AA M AH S AH Z',s,'AA'
of,'AH V',s,''
i,'AY',s,'AY'
by,'B AY',s,'AY'
my,'M AY',s,'AY'
good,'G UH D',s,'UH'
disccredited,'D IH S K R EH D IH T IH D',s,'IH IH IH'
to,'T UW',s,'UW'
him,'HH IH M',s,'IH'
and,'AH N D',s,''
is,'IH Z',s,'IH'
he,'HH IY',s,'IY'
to,'T UW',s,'UW'
if,'IH F',s,'IH'
his,'HH IH Z',s,'IH'
the,'DH AH',s,''
of,'AH V',s,''
his,'HH IH Z',s,'IH'
it,'IH T',s,'IH'
shall,'SH AE L',s,'AE'
him,'HH IH M',s,'IH'
well,'W EH L',s,''
wherein,'ʍ EH R IH N',s,'IH'
if,'IH F',s,'IH'
he,'HH IY',s,'IY'
to,'T UW',s,'UW'
fail,'F EH L',s,''
he,'HH IY',s,'IY'
hath,'HH AE TH',s,'AE'
himself,'HH IH M S EH L F',s,'IH'
be,'B IY',s,'IY'
with,'W IH DH',s,'IH'
you,'Y UW',s,'UW'
he,'HH IY',s,'IY'
who,'HH UW',s,'UW'
the,'DH AH',s,''
of,'AH V',s,''
heaven,'HH EH V AH N',s,''
will,'W IH L',s,'IH'
bear,'B EH R',s,''
be,'B IY',s,'IY'
as,'AE Z',s,'AE'
holy,'HH OW L IY',s,'IY'
as,'AE Z',s,'AE'
pattern,'P AW T ǝ R N',s,''
in,'IH N',s,'IH'
himself,'HH IH M S EH L F',s,'IH'
to,'T UW',s,'UW'
to,'T UW',s,'UW'
stand,'S T AE N D',s,'AE'
and,'AH N D',s,''
go,'G OW',s,''
nor,'N AO R',s,'AO'
less,'L EH S',s,''
to,'T UW',s,'UW'
than,'DH AE N',s,'AE'
by,'B AY',s,'AY'
to,'T UW',s,'UW'
him,'HH IH M',s,'IH'
striking,'S T r ǝ IH K IH N',s,'IH IH'
for,'F AO R',s,'AO'
faults,'F AO L T S',s,'AO'
of,'AH V',s,''
his,'HH IH Z',s,'IH'
liking,'L ǝ IH K IH N',s,'IH IH'
on,'AA N',s,'AA'
to,'T UW',s,'UW'
weed,'W IY D',s,'IY'
my,'M AY',s,'AY'
and,'AH N D',s,''
let,'L EH T',s,''
his,'HH IH Z',s,'IH'
o,'OW',s,''
what,'W AH T',s,''
man,'M AE N',s,'AE'
within,'W IH DH IH N',s,'IH IH'
him,'HH IH M',s,'IH'
angel,'EY N JH AH L',s,'EY'
on,'AA N',s,'AA'
the,'DH AH',s,''
in,'IH N',s,'IH'
on,'AA N',s,'AA'
the,'DH AH',s,''
to,'T UW',s,'UW'
with,'W IH DH',s,'IH'
most,'M OW S T',s,''
and,'AH N D',s,''
craft,'K r AW F T',s,''
against,'AH G EH N S T',s,''
i,'AY',s,'AY'
must,'M AH S T',s,''
with,'W IH DH',s,'IH'
shall,'SH AE L',s,'AE'
his,'HH IH Z',s,'IH'
old,'OW L D',s,''
but,'B AH T',s,''
so,'S OW',s,''
shall,'SH AE L',s,'AE'
by,'B AY',s,'AY'
with,'W IH DH',s,'IH'
exacting,'IH G Z AE K T IH NG',s,'IH AE IH'
and,'AH N D',s,''
perform,'P ǝ R F AO R M',s,'AO'
an,'AE N',s,'AE'
old,'OW L D',s,''
good,'G UH D',s,'UH'
oft,'AO F T',s,'AO'
hath,'HH AE TH',s,'AE'
a,'AH',s,''
to,'T UW',s,'UW'
bad,'B AE D',s,'AE'
good,'G UH D',s,'UH'
and,'AH N D',s,''
good,'G UH D',s,'UH'
to,'T UW',s,'UW'
i,'AY',s,'AY'
you,'Y UW',s,'UW'
tell,'T EH L',s,''
me,'M IY',s,'IY'
hath,'HH AE TH',s,'AE'
anybody,'EH N IY B AH D IY',s,'IY IY'
inquired,'IH N K W AY ER D',s,'IH AY'
for,'F AO R',s,'AO'
me,'M IY',s,'IY'
upon,'AH P AA N',s,'AA'
this,'DH IH S',s,'IH'
i,'AY',s,'AY'
to,'T UW',s,'UW'
meet,'M IY T',s,'IY'
i,'AY',s,'AY'
do,'D OW',s,''
you,'Y UW',s,'UW'
the,'DH AH',s,''
is,'IH Z',s,'IH'
even,'IY V IH N',s,'IY IH'
i,'AY',s,'AY'
shall,'SH AE L',s,'AE'
your,'Y AO R',s,'AO'
a,'AH',s,''
i,'AY',s,'AY'
will,'W IH L',s,'IH'
call,'K AO L',s,'AO'
upon,'AH P AA N',s,'AA'
you,'Y UW',s,'UW'
for,'F AO R',s,'AO'
to,'T UW',s,'UW'
very,'V EH R IY',s,'IY'
well,'W EH L',s,''
met,'M EH T',s,''
and,'AH N D',s,''
what,'W AH T',s,''
is,'IH Z',s,'IH'
the,'DH AH',s,''
from,'F R AH M',s,''
this,'DH IH S',s,'IH'
good,'G UH D',s,'UH'
but,'B AH T',s,''
shall,'SH AE L',s,'AE'
you,'Y UW',s,'UW'
on,'AA N',s,'AA'
your,'Y AO R',s,'AO'
this,'DH IH S',s,'IH'
no,'N OW',s,''
tokens,'T OW K ǝ N Z',s,''
between,'B IH T W IY N',s,'IH IY'
you,'Y UW',s,'UW'
well,'W EH L',s,''
up,'AH P',s,''
i,'AY',s,'AY'
not,'N AA T',s,'AA'
yet,'Y EH T',s,''
to,'T UW',s,'UW'
a,'AH',s,''
of,'AH V',s,''
ho,'HH OW',s,''
within,'W IH DH IH N',s,'IH IH'
forth,'F AO R TH',s,'AO'
i,'AY',s,'AY'
you,'Y UW',s,'UW'
be,'B IY',s,'IY'
acquainted,'AH K W EY N T IH D',s,'EY IH'
with,'W IH DH',s,'IH'
this,'DH IH S',s,'IH'
maid,'M EY D',s,'EY'
she,'SH IY',s,'IY'
to,'T UW',s,'UW'
do,'D OW',s,''
you,'Y UW',s,'UW'
good,'G UH D',s,'UH'
do,'D OW',s,''
you,'Y UW',s,'UW'
that,'DH AE T',s,'AE'
i,'AY',s,'AY'
respect,'R IH S P EH K T',s,'IH'
you,'Y UW',s,'UW'
then,'DH EH N',s,''
this,'DH IH S',s,'IH'
your,'Y AO R',s,'AO'
by,'B AY',s,'AY'
the,'DH AH',s,''
who,'HH UW',s,'UW'
hath,'HH AE TH',s,'AE'
a,'AH',s,''
story,'S T AO R IY',s,'AO IY'
ready,'R EH D IY',s,'IY'
for,'F AO R',s,'AO'
your,'Y AO R',s,'AO'
ear,'IY R',s,'IY'
i,'AY',s,'AY'
shall,'SH AE L',s,'AE'
attend,'AH T EH N D',s,''
your,'Y AO R',s,'AO'
but,'B AH T',s,''
hate,'AW S T',s,''
the,'DH AH',s,''
appproaches,'ǝ P r OW T SH IH Z',s,'IH'
o,'OW',s,''
and,'AH N D',s,''
greatness,'G r e T N ǝ S',s,''
of,'AH V',s,''
stuck,'S T ɤ K',s,''
upon,'AH P AA N',s,'AA'
thee,'DH IY',s,'IY'
volumes,'V AA L Y UW M Z',s,'AA UW'
of,'AH V',s,''
report,'r IH P AO R T',s,'IH AO'
run,'r ɤ N',s,''
with,'W IH DH',s,'IH'
and,'AH N D',s,''
most,'M OW S T',s,''
upon,'AH P AA N',s,'AA'
doings,'D UW IH N Z',s,'UW IH'
escapes,'IH S K EH P S',s,'IH'
of,'AH V',s,''
wit,'W IH T',s,'IH'
thee,'DH IY',s,'IY'
the,'DH AH',s,''
of,'AH V',s,''
their,'DH EH R',s,''
dream,'D R IY M',s,'IY'
and,'AH N D',s,''
rack,'R AE K',s,'AE'
thee,'DH IY',s,'IY'
in,'IH N',s,'IH'
their,'DH EH R',s,''
fancies,'F AE N S IY Z',s,'AE IY'
agreed,'ǝ ɡ r IY D',s,'IY'
it,'IH T',s,'IH'
is,'IH Z',s,'IH'
not,'N AA T',s,'AA'
my,'M AY',s,'AY'
consent,'K AH N S EH N T',s,''
but,'B AH T',s,''
my,'M AY',s,'AY'
entreaty,'EH N T R IY T IY',s,'IY IY'
too,'T UW',s,'UW'
nor,'N AO R',s,'AO'
fear,'F IY R',s,'IY'
you,'Y UW',s,'UW'
not,'N AA T',s,'AA'
at,'AE T',s,'AE'
all,'AA L',s,'AA'
he,'HH IY',s,'IY'
is,'IH Z',s,'IH'
your,'Y AO R',s,'AO'
on,'AA N',s,'AA'
a,'AH',s,''
to,'T UW',s,'UW'
you,'Y UW',s,'UW'
thus,'DH ɤ S',s,''
no,'N OW',s,''
sin,'S IH N',s,'IH'
that,'DH AE T',s,'AE'
the,'DH AH',s,''
of,'AH V',s,''
your,'Y AO R',s,'AO'
to,'T UW',s,'UW'
him,'HH IH M',s,'IH'
doth,'D AO TH',s,'AO'
flourish,'F L ɤ r IH SH',s,'IH'
the,'DH AH',s,''
deceit,'D AH S IY T',s,'IY'
let,'L EH T',s,''
us,'AH S',s,''
go,'G OW',s,''
our,'OW R',s,''
to,'T UW',s,'UW'
reap,'R IY P',s,'IY'
for,'F AO R',s,'AO'
yet,'Y EH T',s,''
our,'OW R',s,''
to,'T UW',s,'UW'
sow,'S ǝ UH',s,'UH'
the,'DH AH',s,''
best,'B EH S T',s,''
and,'AH N D',s,''
spirits,'S P IH R AH T S',s,'IH'
of,'AH V',s,''
the,'DH AH',s,''
envelop,'IH N V EH L AH P',s,'IH'
you,'Y UW',s,'UW'
good,'G UH D',s,'UH'
provost,'P R OW V OW S T',s,''
who,'HH UW',s,'UW'
of,'AH V',s,''
not,'N AA T',s,'AA'
will,'W IH L',s,'IH'
then,'DH EH N',s,''
be,'B IY',s,'IY'
in,'IH N',s,'IH'
not,'N AA T',s,'AA'
so,'S OW',s,''
not,'N AA T',s,'AA'
so,'S OW',s,''
his,'HH IH Z',s,'IH'
is,'IH Z',s,'IH'
even,'IY V IH N',s,'IY IH'
with,'W IH DH',s,'IH'
the,'DH AH',s,''
and,'AH N D',s,''
of,'AH V',s,''
his,'HH IH Z',s,'IH'
great,'G r e T',s,''
he,'HH IY',s,'IY'
doth,'D AO TH',s,'AO'
with,'W IH DH',s,'IH'
holy,'HH OW L IY',s,'IY'
subdue,'S AH B D UW',s,'UW'
that,'DH AE T',s,'AE'
in,'IH N',s,'IH'
himself,'HH IH M S EH L F',s,'IH'
he,'HH IY',s,'IY'
spurs,'S P ɐ R Z',s,''
on,'AA N',s,'AA'
his,'HH IH Z',s,'IH'
to,'T UW',s,'UW'
in,'IH N',s,'IH'
wre,'W ER',s,''
he,'HH IY',s,'IY'
with,'W IH DH',s,'IH'
that,'DH AE T',s,'AE'
he,'HH IY',s,'IY'
then,'DH EH N',s,''
wre,'W ER',s,''
he,'HH IY',s,'IY'
but,'B AH T',s,''
this,'DH IH S',s,'IH'
being,'B IY IH NG',s,'IY IH'
so,'S OW',s,''
this,'DH IH S',s,'IH'
is,'IH Z',s,'IH'
a,'AH',s,''
provost,'P R OW V OW S T',s,''
seldom,'S EH L D AH M',s,''
when,'ʍ e N',s,''
the,'DH AH',s,''
is,'IH Z',s,'IH'
the,'DH AH',s,''
friend,'F R EH N D',s,''
of,'AH V',s,''
men,'M EH N',s,''
what,'W AH T',s,''
that,'DH AE T',s,'AE'
with,'W IH DH',s,'IH'
hate,'AW S T',s,''
that,'DH AE T',s,'AE'
wounds,'W UW N D Z',s,'UW'
postern,'P ɒ S T ǝ R N',s,''
with,'W IH DH',s,'IH'
you,'Y UW',s,'UW'
no,'N OW',s,''
for,'F AO R',s,'AO'
yet,'Y EH T',s,''
but,'B AH T',s,''
he,'HH IY',s,'IY'
must,'M AH S T',s,''
as,'AE Z',s,'AE'
near,'N IY R',s,'IY'
the,'DH AH',s,''
provost,'P R OW V OW S T',s,''
as,'AE Z',s,'AE'
it,'IH T',s,'IH'
is,'IH Z',s,'IH'
you,'Y UW',s,'UW'
shall,'SH AE L',s,'AE'
and,'AH N D',s,''
pardon,'P AA R D ǝ N',s,'AA'
this,'DH IH S',s,'IH'
is,'IH Z',s,'IH'
his,'HH IH Z',s,'IH'
pardon,'P AA R D ǝ N',s,'AA'
purchased,'P ɐ R T SH IH S T',s,'IH'
by,'B AY',s,'AY'
sin,'S IH N',s,'IH'
for,'F AO R',s,'AO'
the,'DH AH',s,''
himself,'HH IH M S EH L F',s,'IH'
is,'IH Z',s,'IH'
in,'IH N',s,'IH'
hath,'HH AE TH',s,'AE'
his,'HH IH Z',s,'IH'
celerity,'S AH L EH R AH T IY',s,'IY'
when,'ʍ e N',s,''
it,'IH T',s,'IH'
is,'IH Z',s,'IH'
in,'IH N',s,'IH'
when,'ʍ e N',s,''
so,'S OW',s,''
that,'DH AE T',s,'AE'
for,'F AO R',s,'AO'
the,'DH AH',s,''
is,'IH Z',s,'IH'
offender,'ǝ F e N D ǝ R',s,''
what,'W AH T',s,''
you,'Y UW',s,'UW'
what,'W AH T',s,''
is,'IH Z',s,'IH'
that,'DH AE T',s,'AE'
who,'HH UW',s,'UW'
is,'IH Z',s,'IH'
to,'T UW',s,'UW'
be,'B IY',s,'IY'
in,'IH N',s,'IH'
it,'IH T',s,'IH'
that,'DH AE T',s,'AE'
the,'DH AH',s,''
absent,'AE B S AH N T',s,'AE'
had,'HH AE D',s,'AE'
not,'N AA T',s,'AA'
either,'EH DH ǝ R',s,''
him,'HH IH M',s,'IH'
to,'T UW',s,'UW'
his,'HH IH Z',s,'IH'
or,'AO R',s,'AO'
him,'HH IH M',s,'IH'
i,'AY',s,'AY'
it,'IH T',s,'IH'
was,'W AA Z',s,'AA'
his,'HH IH Z',s,'IH'
to,'T UW',s,'UW'
do,'D OW',s,''
so,'S OW',s,''
it,'IH T',s,'IH'
is,'IH Z',s,'IH'
apparent,'AH P EH R AH N T',s,''
hath,'HH AE TH',s,'AE'
he,'HH IY',s,'IY'
himself,'HH IH M S EH L F',s,'IH'
in,'IH N',s,'IH'
prison,'P R IH Z AH N',s,'IH'
seems,'S IY M Z',s,'IY'
he,'HH IY',s,'IY'
to,'T UW',s,'UW'
be,'B IY',s,'IY'
he,'HH IY',s,'IY'
wants,'W AA N T S',s,'AA'
of,'AH V',s,''
him,'HH IH M',s,'IH'
is,'IH Z',s,'IH'
written,'R IH T AH N',s,'IH'
in,'IH N',s,'IH'
your,'Y AO R',s,'AO'
brow,'B r ə UH',s,'UH'
provost,'P R OW V OW S T',s,''
and,'AH N D',s,''
if,'IH F',s,'IH'
i,'AY',s,'AY'
read,'r e D',s,''
it,'IH T',s,'IH'
not,'N AA T',s,'AA'
my,'M AY',s,'AY'
ancient,'EY N CH AH N T',s,'EY'
skill,'S K IH L',s,'IH'
me,'M IY',s,'IY'
but,'B AH T',s,''
in,'IH N',s,'IH'
the,'DH AH',s,''
boldness,'B OW L D N ə S',s,''
of,'AH V',s,''
my,'M AY',s,'AY'
i,'AY',s,'AY'
will,'W IH L',s,'IH'
myself,'M AY S EH L F',s,'AY'
in,'IH N',s,'IH'
whom,'HH UW M',s,'UW'
you,'Y UW',s,'UW'
warrant,'W AA r ǝ N T',s,'AA'
to,'T UW',s,'UW'
is,'IH Z',s,'IH'
no,'N OW',s,''
greater,'G r e T ǝ R',s,''
forfeit,'F AO R F IH T',s,'AO IH'
to,'T UW',s,'UW'
the,'DH AH',s,''
than,'DH AE N',s,'AE'
who,'HH UW',s,'UW'
hath,'HH AE TH',s,'AE'
him,'HH IH M',s,'IH'
to,'T UW',s,'UW'
you,'Y UW',s,'UW'
this,'DH IH S',s,'IH'
in,'IH N',s,'IH'
a,'AH',s,''
manifested,'M AE N AH F EH S T AH D',s,'AE'
effect,'IH F EH K T',s,'IH'
i,'AY',s,'AY'
but,'B AH T',s,''
four,'F AO R',s,'AO'
for,'F AO R',s,'AO'
the,'DH AH',s,''
you,'Y UW',s,'UW'
to,'T UW',s,'UW'
do,'D OW',s,''
me,'M IY',s,'IY'
both,'B OW TH',s,''
a,'AH',s,''
present,'P r IH Z e N T',s,'IH'
and,'AH N D',s,''
a,'AH',s,''
in,'IH N',s,'IH'
the,'DH AH',s,''
death,'D EH TH',s,''
by,'B AY',s,'AY'
the,'DH AH',s,''
vow,'V ǝ UH',s,'UH'
of,'AH V',s,''
order,'AO R D ǝ R',s,'AO'
i,'AY',s,'AY'
warrant,'W AA r ǝ N T',s,'AA'
you,'Y UW',s,'UW'
if,'IH F',s,'IH'
my,'M AY',s,'AY'
instructions,'IH N S T R AH K SH AH N Z',s,'IH'
be,'B IY',s,'IY'
your,'Y AO R',s,'AO'
let,'L EH T',s,''
this,'DH IH S',s,'IH'
be,'B IY',s,'IY'
this,'DH IH S',s,'IH'
and,'AH N D',s,''
his,'HH IH Z',s,'IH'
to,'T UW',s,'UW'
o,'OW',s,''
a,'AH',s,''
great,'G r e T',s,''
and,'AH N D',s,''
you,'Y UW',s,'UW'
add,'AE D',s,'AE'
to,'T UW',s,'UW'
it,'IH T',s,'IH'
the,'DH AH',s,''
and,'AH N D',s,''
the,'DH AH',s,''
beard,'B EH R D',s,''
and,'AH N D',s,''
it,'IH T',s,'IH'
was,'W AA Z',s,'AA'
the,'DH AH',s,''
of,'AH V',s,''
the,'DH AH',s,''
to,'T UW',s,'UW'
be,'B IY',s,'IY'
so,'S OW',s,''
his,'HH IH Z',s,'IH'
death,'D EH TH',s,''
you,'Y UW',s,'UW'
the,'DH AH',s,''
is,'IH Z',s,'IH'
common,'K AA M AH N',s,'AA'
if,'IH F',s,'IH'
fall,'F AA L',s,'AA'
to,'T UW',s,'UW'
you,'Y UW',s,'UW'
upon,'AH P AA N',s,'AA'
this,'DH IH S',s,'IH'
than,'DH AE N',s,'AE'
thanks,'TH AE NG K S',s,'AE'
and,'AH N D',s,''
good,'G UH D',s,'UH'
by,'B AY',s,'AY'
the,'DH AH',s,''
saint,'S EY N T',s,'EY'
whom,'HH UW M',s,'UW'
i,'AY',s,'AY'
profess,'P R AH F EH S',s,''
i,'AY',s,'AY'
will,'W IH L',s,'IH'
plead,'P L IY D',s,'IY'
against,'AH G EH N S T',s,''
it,'IH T',s,'IH'
with,'W IH DH',s,'IH'
my,'M AY',s,'AY'
wre,'W ER',s,''
you,'Y UW',s,'UW'
sworn,'S W AO R N',s,'AO'
to,'T UW',s,'UW'
the,'DH AH',s,''
or,'AO R',s,'AO'
to,'T UW',s,'UW'
the,'DH AH',s,''
you,'Y UW',s,'UW'
will,'W IH L',s,'IH'
think,'TH IH NG K',s,'IH'
you,'Y UW',s,'UW'
no,'N OW',s,''
if,'IH F',s,'IH'
the,'DH AH',s,''
the,'DH AH',s,''
of,'AH V',s,''
your,'Y AO R',s,'AO'
not,'N AA T',s,'AA'
a,'AH',s,''
but,'B AH T',s,''
a,'AH',s,''
yet,'Y EH T',s,''
i,'AY',s,'AY'
see,'S IY',s,'IY'
you,'Y UW',s,'UW'
fearful,'F IH R F AH L',s,'IH'
that,'DH AE T',s,'AE'
neither,'N EH DH ǝ R',s,''
my,'M AY',s,'AY'
coat,'K OW T',s,''
integrity,'IH N T EH G R AH T IY',s,'IH IY'
nor,'N AO R',s,'AO'
persuasion,'P ER S W EY ZH AH N',s,'EY'
can,'K AE N',s,'AE'
with,'W IH DH',s,'IH'
you,'Y UW',s,'UW'
i,'AY',s,'AY'
will,'W IH L',s,'IH'
go,'G OW',s,''
than,'DH AE N',s,'AE'
i,'AY',s,'AY'
meant,'M EH N T',s,''
to,'T UW',s,'UW'
pluck,'P L ɤ K',s,''
all,'AA L',s,'AA'
fears,'F IY R Z',s,'IY'
out,'AW T',s,''
of,'AH V',s,''
you,'Y UW',s,'UW'
look,'L UH K',s,'UH'
you,'Y UW',s,'UW'
is,'IH Z',s,'IH'
the,'DH AH',s,''
and,'AH N D',s,''
seal,'S IY L',s,'IY'
of,'AH V',s,''
the,'DH AH',s,''
you,'Y UW',s,'UW'
the,'DH AH',s,''
i,'AY',s,'AY'
doubt,'D ǝ UH T',s,'UH'
not,'N AA T',s,'AA'
and,'AH N D',s,''
the,'DH AH',s,''
signet,'S IH G N IH T',s,'IH IH'
is,'IH Z',s,'IH'
not,'N AA T',s,'AA'
to,'T UW',s,'UW'
you,'Y UW',s,'UW'
the,'DH AH',s,''
contents,'K ǝ N T e N T S',s,''
of,'AH V',s,''
this,'DH IH S',s,'IH'
is,'IH Z',s,'IH'
the,'DH AH',s,''
return,'r IH T ɐ R N',s,'IH'
of,'AH V',s,''
the,'DH AH',s,''
you,'Y UW',s,'UW'
shall,'SH AE L',s,'AE'
it,'IH T',s,'IH'
at,'AE T',s,'AE'
your,'Y AO R',s,'AO'
pleasre,'P L EH ZH ER',s,''
you,'Y UW',s,'UW'
shall,'SH AE L',s,'AE'
within,'W IH DH IH N',s,'IH IH'
he,'HH IY',s,'IY'
will,'W IH L',s,'IH'
be,'B IY',s,'IY'
this,'DH IH S',s,'IH'
is,'IH Z',s,'IH'
a,'AH',s,''
that,'DH AE T',s,'AE'
not,'N AA T',s,'AA'
for,'F AO R',s,'AO'
he,'HH IY',s,'IY'
this,'DH IH S',s,'IH'
very,'V EH R IY',s,'IY'
of,'AH V',s,''
tenor,'T e N ǝ R',s,''
perchace,'P ER CH AE N S',s,'AE'
of,'AH V',s,''
the,'DH AH',s,''
death,'D EH TH',s,''
perchace,'P ER CH AE N S',s,'AE'
into,'IH N T UW',s,'IH UW'
monastery,'M AA N AH S T EH R IY',s,'AA IY'
but,'B AH T',s,''
by,'B AY',s,'AY'
of,'AH V',s,''
what,'W AH T',s,''
is,'IH Z',s,'IH'
writ,'R IH T',s,'IH'
look,'L UH K',s,'UH'
star,'S T AA R',s,'AA'
up,'AH P',s,''
the,'DH AH',s,''
put,'P UH T',s,'UH'
not,'N AA T',s,'AA'
into,'IH N T UW',s,'IH UW'
be,'B IY',s,'IY'
all,'AA L',s,'AA'
difficulties,'D IH F K ǝ L T ǝ IH Z',s,'IH IH'
but,'B AH T',s,''
when,'ʍ e N',s,''
call,'K AO L',s,'AO'
your,'Y AO R',s,'AO'
and,'AH N D',s,''
off,'AO F',s,'AO'
with,'W IH DH',s,'IH'
i,'AY',s,'AY'
will,'W IH L',s,'IH'
him,'HH IH M',s,'IH'
a,'AH',s,''
present,'P r IH Z e N T',s,'IH'
and,'AH N D',s,''
him,'HH IH M',s,'IH'
for,'F AO R',s,'AO'
a,'AH',s,''
better,'B e T ə R',s,''
yet,'Y EH T',s,''
you,'Y UW',s,'UW'
but,'B AH T',s,''
this,'DH IH S',s,'IH'
shall,'SH AE L',s,'AE'
you,'Y UW',s,'UW'
it,'IH T',s,'IH'
is,'IH Z',s,'IH'
almost,'AA L M OW S T',s,'AA'
clear,'K L IY R',s,'IY'
by,'B AY',s,'AY'
my,'M AY',s,'AY'
charity,'CH EH R IH T IY',s,'IH IY'
and,'AH N D',s,''
hastily,'HH EY S T AH L IY',s,'EY IY'
you,'Y UW',s,'UW'
to,'T UW',s,'UW'
depart,'D IH P AA R T',s,'IH AA'
i,'AY',s,'AY'
am,'AE M',s,'AE'
to,'T UW',s,'UW'
you,'Y UW',s,'UW'
comfort,'K ɤ M F ǝ R T',s,''
you,'Y UW',s,'UW'
and,'AH N D',s,''
with,'W IH DH',s,'IH'
you,'Y UW',s,'UW'
o,'OW',s,''
you,'Y UW',s,'UW'
must,'M AH S T',s,''
and,'AH N D',s,''
therefre,'DH EH R F AO R',s,'AO'
i,'AY',s,'AY'
beseech,'B IY S IY CH',s,'IY IY'
you,'Y UW',s,'UW'
look,'L UH K',s,'UH'
on,'AA N',s,'AA'
the,'DH AH',s,''
you,'Y UW',s,'UW'
shall,'SH AE L',s,'AE'
go,'G OW',s,''
but,'B AH T',s,''
you,'Y UW',s,'UW'
unfit,'ɤ N F IH T',s,'IH'
to,'T UW',s,'UW'
or,'AO R',s,'AO'
o,'OW',s,''
gravel,'G R AE V AH L',s,'AE'
heart,'HH AA R T',s,'AA'
after,'AW F T ǝ R',s,''
him,'HH IH M',s,'IH'
him,'HH IH M',s,'IH'
to,'T UW',s,'UW'
the,'DH AH',s,''
block,'B L AA K',s,'AA'
a,'AH',s,''
creatre,'K R IY CH ER',s,'IY'
unmeet,'ɤ N M IY T',s,'IY'
for,'F AO R',s,'AO'
death,'D EH TH',s,''
and,'AH N D',s,''
to,'T UW',s,'UW'
transport,'T R AE N S P AO R T',s,'AE AO'
him,'HH IH M',s,'IH'
in,'IH N',s,'IH'
the,'DH AH',s,''
he,'HH IY',s,'IY'
is,'IH Z',s,'IH'
wre,'W ER',s,''
o,'OW',s,''
an,'AE N',s,'AE'
that,'DH AE T',s,'AE'
heaven,'HH EH V AH N',s,''
provides,'P r ǝ V ǝ IH D Z',s,'IH'
it,'IH T',s,'IH'
presently,'P R EH Z AH N T L IY',s,'IY'
the,'DH AH',s,''
on,'AA N',s,'AA'
by,'B AY',s,'AY'
see,'S IY',s,'IY'
this,'DH IH S',s,'IH'
be,'B IY',s,'IY'
and,'AH N D',s,''
sent,'S EH N T',s,''
to,'T UW',s,'UW'
command,'K ǝ M AW N D',s,''
i,'AY',s,'AY'
this,'DH IH S',s,'IH'
to,'T UW',s,'UW'
let,'L EH T',s,''
this,'DH IH S',s,'IH'
be,'B IY',s,'IY'
put,'P UH T',s,'UH'
them,'DH EH M',s,''
in,'IH N',s,'IH'
secret,'S IY K R AH T',s,'IY'
both,'B OW TH',s,''
and,'AH N D',s,''
the,'DH AH',s,''
sun,'S AH N',s,''
hath,'HH AE TH',s,'AE'
his,'HH IH Z',s,'IH'
to,'T UW',s,'UW'
you,'Y UW',s,'UW'
shall,'SH AE L',s,'AE'
your,'Y AO R',s,'AO'
safety,'S EH F T ǝ IH',s,'IH'
manifested,'M AE N AH F EH S T AH D',s,'AE'
and,'AH N D',s,''
send,'S EH N D',s,''
the,'DH AH',s,''
to,'T UW',s,'UW'
will,'W IH L',s,'IH'
i,'AY',s,'AY'
to,'T UW',s,'UW'
the,'DH AH',s,''
provost,'P R OW V OW S T',s,''
he,'HH IY',s,'IY'
shall,'SH AE L',s,'AE'
bear,'B EH R',s,''
contents,'K ǝ N T e N T S',s,''
shall,'SH AE L',s,'AE'
witness,'W IH T N AH S',s,'IH'
to,'T UW',s,'UW'
him,'HH IH M',s,'IH'
i,'AY',s,'AY'
am,'AE M',s,'AE'
near,'N IY R',s,'IY'
at,'AE T',s,'AE'
hme,'OW M',s,''
and,'AH N D',s,''
that,'DH AE T',s,'AE'
by,'B AY',s,'AY'
great,'G r e T',s,''
i,'AY',s,'AY'
am,'AE M',s,'AE'
to,'T UW',s,'UW'
enter,'e N T ǝ R',s,''
publicly,'P AH B L IH K L IY',s,'IH IY'
him,'HH IH M',s,'IH'
to,'T UW',s,'UW'
meet,'M IY T',s,'IY'
me,'M IY',s,'IY'
at,'AE T',s,'AE'
the,'DH AH',s,''
consecrated,'K AA N S AH K R EY T AH D',s,'AA EY'
a,'AH',s,''
the,'DH AH',s,''
and,'AH N D',s,''
from,'F R AH M',s,''
by,'B AY',s,'AY'
cold,'K OW L D',s,''
and,'AH N D',s,''
form,'F AO R M',s,'AO'
we,'W IY',s,'IY'
shall,'SH AE L',s,'AE'
proceed,'P R AH S IY D',s,'IY'
with,'W IH DH',s,'IH'
is,'IH Z',s,'IH'
it,'IH T',s,'IH'
a,'AH',s,''
swift,'S W IH F T',s,'IH'
return,'r IH T ɐ R N',s,'IH'
for,'F AO R',s,'AO'
i,'AY',s,'AY'
with,'W IH DH',s,'IH'
you,'Y UW',s,'UW'
of,'AH V',s,''
that,'DH AE T',s,'AE'
want,'W AA N T',s,'AA'
no,'N OW',s,''
ear,'IY R',s,'IY'
but,'B AH T',s,''
yours,'Y UH R Z',s,'UH'
the,'DH AH',s,''
of,'AH V',s,''
to,'T UW',s,'UW'
if,'IH F',s,'IH'
yet,'Y EH T',s,''
pardon,'P AA R D ǝ N',s,'AA'
be,'B IY',s,'IY'
but,'B AH T',s,''
i,'AY',s,'AY'
will,'W IH L',s,'IH'
keep,'K IY P',s,'IY'
ignorant,'IH G N ǝ r ǝ N T',s,'IH'
of,'AH V',s,''
good,'G UH D',s,'UH'
to,'T UW',s,'UW'
comforts,'K ɤ M F ǝ R T S',s,''
of,'AH V',s,''
despair,'D IH S P EH R',s,'IH'
when,'ʍ e N',s,''
it,'IH T',s,'IH'
is,'IH Z',s,'IH'
least,'L IY S T',s,'IY'
good,'G UH D',s,'UH'
to,'T UW',s,'UW'
you,'Y UW',s,'UW'
fair,'F EH R',s,''
and,'AH N D',s,''
he,'HH IY',s,'IY'
hath,'HH AE TH',s,'AE'
him,'HH IH M',s,'IH'
from,'F R AH M',s,''
the,'DH AH',s,''
his,'HH IH Z',s,'IH'
is,'IH Z',s,'IH'
off,'AO F',s,'AO'
and,'AH N D',s,''
sent,'S EH N T',s,''
to,'T UW',s,'UW'
it,'IH T',s,'IH'
is,'IH Z',s,'IH'
no,'N OW',s,''
your,'Y AO R',s,'AO'
wisdom,'W IH Z D AH M',s,'IH'
in,'IH N',s,'IH'
your,'Y AO R',s,'AO'
you,'Y UW',s,'UW'
shall,'SH AE L',s,'AE'
not,'N AA T',s,'AA'
be,'B IY',s,'IY'
admitted,'AH D M IH T AH D',s,'IH'
to,'T UW',s,'UW'
his,'HH IH Z',s,'IH'
this,'DH IH S',s,'IH'
nor,'N AO R',s,'AO'
him,'HH IH M',s,'IH'
nor,'N AO R',s,'AO'
profits,'P R AA F IH T S',s,'AA IH'
you,'Y UW',s,'UW'
a,'AH',s,''
jot,'JH AA T',s,'AA'
forbear,'F ǝ R B EH R',s,''
it,'IH T',s,'IH'
therefre,'DH EH R F AO R',s,'AO'
your,'Y AO R',s,'AO'
to,'T UW',s,'UW'
heaven,'HH EH V AH N',s,''
mark,'M AA R K',s,'AA'
what,'W AH T',s,''
i,'AY',s,'AY'
you,'Y UW',s,'UW'
shall,'SH AE L',s,'AE'
by,'B AY',s,'AY'
every,'e V r ǝ IH',s,'IH'
a,'AH',s,''
the,'DH AH',s,''
hme,'OW M',s,''
your,'Y AO R',s,'AO'
of,'AH V',s,''
our,'OW R',s,''
convent,'K AA N V AH N T',s,'AA'
and,'AH N D',s,''
his,'HH IH Z',s,'IH'
me,'M IY',s,'IY'
this,'DH IH S',s,'IH'
he,'HH IY',s,'IY'
hath,'HH AE TH',s,'AE'
to,'T UW',s,'UW'
and,'AH N D',s,''
who,'HH UW',s,'UW'
do,'D OW',s,''
to,'T UW',s,'UW'
meet,'M IY T',s,'IY'
him,'HH IH M',s,'IH'
at,'AE T',s,'AE'
the,'DH AH',s,''
to,'T UW',s,'UW'
up,'AH P',s,''
their,'DH EH R',s,''
if,'IH F',s,'IH'
you,'Y UW',s,'UW'
can,'K AE N',s,'AE'
your,'Y AO R',s,'AO'
wisdom,'W IH Z D AH M',s,'IH'
in,'IH N',s,'IH'
that,'DH AE T',s,'AE'
good,'G UH D',s,'UH'
path,'P AW TH',s,''
that,'DH AE T',s,'AE'
i,'AY',s,'AY'
wish,'W IH SH',s,'IH'
it,'IH T',s,'IH'
go,'G OW',s,''
and,'AH N D',s,''
you,'Y UW',s,'UW'
shall,'SH AE L',s,'AE'
your,'Y AO R',s,'AO'
bosom,'B UH Z AH M',s,'UH'
on,'AA N',s,'AA'
this,'DH IH S',s,'IH'
of,'AH V',s,''
the,'DH AH',s,''
to,'T UW',s,'UW'
your,'Y AO R',s,'AO'
heart,'HH AA R T',s,'AA'
and,'AH N D',s,''
this,'DH IH S',s,'IH'
then,'DH EH N',s,''
to,'T UW',s,'UW'
friar,'F R AY ER',s,'AY'
that,'DH AE T',s,'AE'
he,'HH IY',s,'IY'
sent,'S EH N T',s,''
me,'M IY',s,'IY'
of,'AH V',s,''
the,'DH AH',s,''
return,'r IH T ɐ R N',s,'IH'
by,'B AY',s,'AY'
this,'DH IH S',s,'IH'
token,'T OW K ǝ N',s,''
i,'AY',s,'AY'
his,'HH IH Z',s,'IH'
company,'K AH M P AH N IY',s,'IY'
at,'AE T',s,'AE'
and,'AH N D',s,''
yours,'Y UH R Z',s,'UH'
him,'HH IH M',s,'IH'
withal,'W IH DH AA L',s,'IH AA'
and,'AH N D',s,''
he,'HH IY',s,'IY'
shall,'SH AE L',s,'AE'
you,'Y UW',s,'UW'
the,'DH AH',s,''
and,'AH N D',s,''
to,'T UW',s,'UW'
the,'DH AH',s,''
of,'AH V',s,''
him,'HH IH M',s,'IH'
hme,'OW M',s,''
and,'AH N D',s,''
hme,'OW M',s,''
for,'F AO R',s,'AO'
my,'M AY',s,'AY'
poor,'P UH R',s,'UH'
self,'S EH L F',s,''
i,'AY',s,'AY'
am,'AE M',s,'AE'
by,'B AY',s,'AY'
a,'AH',s,''
sacred,'S EY K R AH D',s,'EY'
vow,'V ǝ UH',s,'UH'
and,'AH N D',s,''
shall,'SH AE L',s,'AE'
be,'B IY',s,'IY'
absent,'AE B S AH N T',s,'AE'
wend,'W EH N D',s,''
you,'Y UW',s,'UW'
with,'W IH DH',s,'IH'
this,'DH IH S',s,'IH'
command,'K ǝ M AW N D',s,''
waters,'W AA T ǝ R Z',s,'AA'
from,'F R AH M',s,''
your,'Y AO R',s,'AO'
with,'W IH DH',s,'IH'
a,'AH',s,''
heart,'HH AA R T',s,'AA'
trust,'T r ɤ S T',s,''
not,'N AA T',s,'AA'
my,'M AY',s,'AY'
holy,'HH OW L IY',s,'IY'
order,'AO R D ǝ R',s,'AO'
if,'IH F',s,'IH'
i,'AY',s,'AY'
your,'Y AO R',s,'AO'
not,'N AA T',s,'AA'
within,'W IH DH IH N',s,'IH IH'
the,'DH AH',s,''
is,'IH Z',s,'IH'
marvelous,'M AA R V AH L AH S',s,'AA'
to,'T UW',s,'UW'
your,'Y AO R',s,'AO'
reports,'r IH P AO R T S',s,'IH AO'
but,'B AH T',s,''
the,'DH AH',s,''
best,'B EH S T',s,''
is,'IH Z',s,'IH'
he,'HH IY',s,'IY'
not,'N AA T',s,'AA'
in,'IH N',s,'IH'
them,'DH EH M',s,''
well,'W EH L',s,''
this,'DH IH S',s,'IH'
you,'Y UW',s,'UW'
well,'W EH L',s,''
you,'Y UW',s,'UW'
told,'T OW L D',s,''
me,'M IY',s,'IY'
too,'T UW',s,'UW'
of,'AH V',s,''
him,'HH IH M',s,'IH'
if,'IH F',s,'IH'
be,'B IY',s,'IY'
true,'T R UW',s,'UW'
if,'IH F',s,'IH'
not,'N AA T',s,'AA'
true,'T R UW',s,'UW'
wre,'W ER',s,''
did,'D IH D',s,'IH'
you,'Y UW',s,'UW'
a,'AH',s,''
your,'Y AO R',s,'AO'
company,'K AH M P AH N IY',s,'IY'
is,'IH Z',s,'IH'
fairer,'F EH R ǝ R',s,''
than,'DH AE N',s,'AE'
rest,'R EH S T',s,''
you,'Y UW',s,'UW'
well,'W EH L',s,''
at,'AE T',s,'AE'
fit,'F IH T',s,'IH'
deliver,'D IH L IH V ǝ R',s,'IH IH'
me,'M IY',s,'IY'
the,'DH AH',s,''
provost,'P R OW V OW S T',s,''
our,'OW R',s,''
and,'AH N D',s,''
our,'OW R',s,''
plot,'P L AA T',s,'AA'
the,'DH AH',s,''
matter,'M AW T ǝ R',s,''
being,'B IY IH NG',s,'IY IH'
afoot,'AH F UH T',s,'UH'
keep,'K IY P',s,'IY'
your,'Y AO R',s,'AO'
instruction,'IH N S T R AH K SH AH N',s,'IH'
and,'AH N D',s,''
you,'Y UW',s,'UW'
to,'T UW',s,'UW'
our,'OW R',s,''
drift,'D R IH F T',s,'IH'
you,'Y UW',s,'UW'
do,'D OW',s,''
from,'F R AH M',s,''
this,'DH IH S',s,'IH'
to,'T UW',s,'UW'
that,'DH AE T',s,'AE'
as,'AE Z',s,'AE'
doth,'D AO TH',s,'AO'
minister,'M IH N IH S T ǝ R',s,'IH IH'
go,'G OW',s,''
call,'K AO L',s,'AO'
at,'AE T',s,'AE'
and,'AH N D',s,''
tell,'T EH L',s,''
him,'HH IH M',s,'IH'
i,'AY',s,'AY'
the,'DH AH',s,''
to,'T UW',s,'UW'
and,'AH N D',s,''
to,'T UW',s,'UW'
and,'AH N D',s,''
bid,'B IH D',s,'IH'
them,'DH EH M',s,''
the,'DH AH',s,''
trumpets,'T R AH M P AH T S',s,''
to,'T UW',s,'UW'
the,'DH AH',s,''
but,'B AH T',s,''
send,'S EH N D',s,''
me,'M IY',s,'IY'
i,'AY',s,'AY'
thank,'TH AE NG K',s,'AE'
thee,'DH IY',s,'IY'
thou,'DH AW',s,''
hast,'HH AE S T',s,'AE'
good,'G UH D',s,'UH'
hate,'AW S T',s,''
we,'W IY',s,'IY'
will,'W IH L',s,'IH'
of,'AH V',s,''
our,'OW R',s,''
friends,'F R EH N D Z',s,''
will,'W IH L',s,'IH'
greet,'G R IY T',s,'IY'
us,'AH S',s,''
my,'M AY',s,'AY'
my,'M AY',s,'AY'
very,'V EH R IY',s,'IY'
cousin,'K AH Z AH N',s,''
fairly,'F EH R L IY',s,'IY'
met,'M EH T',s,''
our,'OW R',s,''
old,'OW L D',s,''
and,'AH N D',s,''
friend,'F R EH N D',s,''
we,'W IY',s,'IY'
glad,'G L AE D',s,'AE'
to,'T UW',s,'UW'
see,'S IY',s,'IY'
you,'Y UW',s,'UW'
and,'AH N D',s,''
hearty,'HH AA R T IY',s,'AA IY'
to,'T UW',s,'UW'
you,'Y UW',s,'UW'
both,'B OW TH',s,''
we,'W IY',s,'IY'
of,'AH V',s,''
you,'Y UW',s,'UW'
and,'AH N D',s,''
we,'W IY',s,'IY'
goodness,'G UH D N AH S',s,'UH'
of,'AH V',s,''
your,'Y AO R',s,'AO'
that,'DH AE T',s,'AE'
our,'OW R',s,''
soul,'S OW L',s,''
cannot,'K AE N AA T',s,'AE AA'
but,'B AH T',s,''
yield,'Y IY L D',s,'IY'
you,'Y UW',s,'UW'
forth,'F AO R TH',s,'AO'
to,'T UW',s,'UW'
public,'P ɤ B L IH K',s,'IH'
thanks,'TH AE NG K S',s,'AE'
o,'OW',s,''
your,'Y AO R',s,'AO'
desert,'D e Z ǝ R T',s,''
speaks,'S P IY K S',s,'IY'
and,'AH N D',s,''
i,'AY',s,'AY'
it,'IH T',s,'IH'
to,'T UW',s,'UW'
lock,'L AA K',s,'AA'
it,'IH T',s,'IH'
in,'IH N',s,'IH'
the,'DH AH',s,''
wards,'W AA R D Z',s,'AA'
of,'AH V',s,''
covert,'K ɤ V ǝ R T',s,''
bosom,'B UH Z AH M',s,'UH'
when,'ʍ e N',s,''
it,'IH T',s,'IH'
with,'W IH DH',s,'IH'
of,'AH V',s,''
brass,'B r AW S',s,''
a,'AH',s,''
the,'DH AH',s,''
tooth,'T UH TH',s,'UH'
of,'AH V',s,''
and,'AH N D',s,''
of,'AH V',s,''
me,'M IY',s,'IY'
your,'Y AO R',s,'AO'
and,'AH N D',s,''
let,'L EH T',s,''
the,'DH AH',s,''
subject,'S AH B JH EH K T',s,''
see,'S IY',s,'IY'
to,'T UW',s,'UW'
them,'DH EH M',s,''
that,'DH AE T',s,'AE'
fain,'F EH N',s,''
proclaim,'P R OW K L EY M',s,'EY'
that,'DH AE T',s,'AE'
keep,'K IY P',s,'IY'
you,'Y UW',s,'UW'
must,'M AH S T',s,''
by,'B AY',s,'AY'
us,'AH S',s,''
on,'AA N',s,'AA'
our,'OW R',s,''
and,'AH N D',s,''
good,'G UH D',s,'UH'
you,'Y UW',s,'UW'
your,'Y AO R',s,'AO'
in,'IH N',s,'IH'
what,'W AH T',s,''
by,'B AY',s,'AY'
whom,'HH UW M',s,'UW'
be,'B IY',s,'IY'
brief,'B R IY F',s,'IY'
is,'IH Z',s,'IH'
lord,'L AO R D',s,'AO'
shall,'SH AE L',s,'AE'
you,'Y UW',s,'UW'
reveal,'R IH V IY L',s,'IH IY'
to,'T UW',s,'UW'
him,'HH IH M',s,'IH'
it,'IH T',s,'IH'
is,'IH Z',s,'IH'
ten,'T EH N',s,''
with,'W IH DH',s,'IH'
poor,'P UH R',s,'UH'
soul,'S OW L',s,''
she,'SH IY',s,'IY'
speaks,'S P IY K S',s,'IY'
this,'DH IH S',s,'IH'
in,'IH N',s,'IH'
of,'AH V',s,''
by,'B AY',s,'AY'
if,'IH F',s,'IH'
she,'SH IY',s,'IY'
be,'B IY',s,'IY'
i,'AY',s,'AY'
no,'N OW',s,''
madness,'M AE D N AH S',s,'AE'
hath,'HH AE TH',s,'AE'
the,'DH AH',s,''
oddest,'AA D AH S T',s,'AA'
of,'AH V',s,''
a,'AH',s,''
of,'AH V',s,''
on,'AA N',s,'AA'
as,'AE Z',s,'AE'
i,'AY',s,'AY'
in,'IH N',s,'IH'
madness,'M AE D N AH S',s,'AE'
that,'DH AE T',s,'AE'
not,'N AA T',s,'AA'
mad,'M AE D',s,'AE'
lack,'L AE K',s,'AE'
of,'AH V',s,''
reason,'r EH Z ǝ N',s,''
what,'W AH T',s,''
you,'Y UW',s,'UW'
you,'Y UW',s,'UW'
wre,'W ER',s,''
not,'N AA T',s,'AA'
bid,'B IH D',s,'IH'
to,'T UW',s,'UW'
speak,'S P IY K',s,'IY'
i,'AY',s,'AY'
wish,'W IH SH',s,'IH'
you,'Y UW',s,'UW'
then,'DH EH N',s,''
you,'Y UW',s,'UW'
of,'AH V',s,''
it,'IH T',s,'IH'
and,'AH N D',s,''
when,'ʍ e N',s,''
you,'Y UW',s,'UW'
a,'AH',s,''
for,'F AO R',s,'AO'
heaven,'HH EH V AH N',s,''
you,'Y UW',s,'UW'
then,'DH EH N',s,''
be,'B IY',s,'IY'
the,'DH AH',s,''
for,'F AO R',s,'AO'
to,'T UW',s,'UW'
it,'IH T',s,'IH'
be,'B IY',s,'IY'
but,'B AH T',s,''
you,'Y UW',s,'UW'
the,'DH AH',s,''
to,'T UW',s,'UW'
speak,'S P IY K',s,'IY'
your,'Y AO R',s,'AO'
spoken,'S P IY K ǝ N',s,'IY'
mended,'M EH N D IH D',s,'IH'
again,'ǝ ɡ EH N',s,''
the,'DH AH',s,''
matter,'M AW T ǝ R',s,''
proceed,'P R AH S IY D',s,'IY'
this,'DH IH S',s,'IH'
is,'IH Z',s,'IH'
most,'M OW S T',s,''
by,'B AY',s,'AY'
heaven,'HH EH V AH N',s,''
fond,'F AA N D',s,'AA'
thou,'DH AW',s,''
not,'N AA T',s,'AA'
what,'W AH T',s,''
thou,'DH AW',s,''
or,'AO R',s,'AO'
thou,'DH AW',s,''
art,'AA R T',s,'AA'
against,'AH G EH N S T',s,''
his,'HH IH Z',s,'IH'
in,'IH N',s,'IH'
his,'HH IH Z',s,'IH'
integrity,'IH N T EH G R AH T IY',s,'IH IY'
stands,'S T AE N D Z',s,'AE'
blemish,'B L EH M IH SH',s,'IH'
it,'IH T',s,'IH'
imports,'IH M P AO R T S',s,'IH AO'
no,'N OW',s,''
reason,'r EH Z ǝ N',s,''
that,'DH AE T',s,'AE'
with,'W IH DH',s,'IH'
he,'HH IY',s,'IY'
faults,'F AO L T S',s,'AO'
to,'T UW',s,'UW'
himself,'HH IH M S EH L F',s,'IH'
if,'IH F',s,'IH'
he,'HH IY',s,'IY'
had,'HH AE D',s,'AE'
so,'S OW',s,''
offended,'AH F EH N D AH D',s,''
he,'HH IY',s,'IY'
by,'B AY',s,'AY'
himself,'HH IH M S EH L F',s,'IH'
and,'AH N D',s,''
not,'N AA T',s,'AA'
cut,'K ɤ T',s,''
him,'HH IH M',s,'IH'
off,'AO F',s,'AO'
hath,'HH AE TH',s,'AE'
set,'S EH T',s,''
you,'Y UW',s,'UW'
on,'AA N',s,'AA'
confess,'K AH N F EH S',s,''
the,'DH AH',s,''
truth,'T R UW TH',s,'UW'
and,'AH N D',s,''
by,'B AY',s,'AY'
thou,'DH AW',s,''
to,'T UW',s,'UW'
complain,'K ǝ M P L EH N',s,''
i,'AY',s,'AY'
fain,'F EH N',s,''
be,'B IY',s,'IY'
to,'T UW',s,'UW'
prison,'P R IH Z AH N',s,'IH'
with,'W IH DH',s,'IH'
shall,'SH AE L',s,'AE'
we,'W IY',s,'IY'
thus,'DH ɤ S',s,''
permit,'P ǝ R M IH T',s,'IH'
a,'AH',s,''
and,'AH N D',s,''
a,'AH',s,''
scandalous,'S K AW N D L ǝ S',s,''
breath,'B R EH TH',s,''
to,'T UW',s,'UW'
fall,'F AA L',s,'AA'
on,'AA N',s,'AA'
him,'HH IH M',s,'IH'
so,'S OW',s,''
near,'N IY R',s,'IY'
us,'AH S',s,''
this,'DH IH S',s,'IH'
needs,'N IY D Z',s,'IY'
must,'M AH S T',s,''
be,'B IY',s,'IY'
a,'AH',s,''
who,'HH UW',s,'UW'
of,'AH V',s,''
your,'Y AO R',s,'AO'
intent,'IH N T EH N T',s,'IH'
and,'AH N D',s,''
a,'AH',s,''
ghostly,'G OW S T L ǝ IH',s,'IH'
who,'HH UW',s,'UW'
that,'DH AE T',s,'AE'
against,'AH G EH N S T',s,''
me,'M IY',s,'IY'
a,'AH',s,''
good,'G UH D',s,'UH'
friar,'F R AY ER',s,'AY'
and,'AH N D',s,''
to,'T UW',s,'UW'
set,'S EH T',s,''
on,'AA N',s,'AA'
this,'DH IH S',s,'IH'
woman,'W UH M AH N',s,'UH'
against,'AH G EH N S T',s,''
our,'OW R',s,''
let,'L EH T',s,''
this,'DH IH S',s,'IH'
friar,'F R AY ER',s,'AY'
be,'B IY',s,'IY'
we,'W IY',s,'IY'
did,'D IH D',s,'IH'
no,'N OW',s,''
less,'L EH S',s,''
you,'Y UW',s,'UW'
that,'DH AE T',s,'AE'
friar,'F R AY ER',s,'AY'
that,'DH AE T',s,'AE'
she,'SH IY',s,'IY'
speaks,'S P IY K S',s,'IY'
of,'AH V',s,''
good,'G UH D',s,'UH'
friar,'F R AY ER',s,'AY'
it,'IH T',s,'IH'
do,'D OW',s,''
you,'Y UW',s,'UW'
not,'N AA T',s,'AA'
at,'AE T',s,'AE'
this,'DH IH S',s,'IH'
lord,'L AO R D',s,'AO'
o,'OW',s,''
heaven,'HH EH V AH N',s,''
the,'DH AH',s,''
vanity,'V AE N AH T IY',s,'AE IY'
of,'AH V',s,''
fools,'F UW L Z',s,'UW'
us,'AH S',s,''
cousin,'K AH Z AH N',s,''
in,'IH N',s,'IH'
this,'DH IH S',s,'IH'
be,'B IY',s,'IY'
be,'B IY',s,'IY'
you,'Y UW',s,'UW'
juge,'JH AH JH',s,''
of,'AH V',s,''
your,'Y AO R',s,'AO'
is,'IH Z',s,'IH'
this,'DH IH S',s,'IH'
the,'DH AH',s,''
witness,'W IH T N AH S',s,'IH'
friar,'F R AY ER',s,'AY'
let,'L EH T',s,''
and,'AH N D',s,''
after,'AW F T ǝ R',s,''
speak,'S P IY K',s,'IY'
what,'W AH T',s,''
you,'Y UW',s,'UW'
you,'Y UW',s,'UW'
a,'AH',s,''
maid,'M EY D',s,'EY'
a,'AH',s,''
then,'DH EH N',s,''
whhy,'ʍ ǝ IH',s,'IH'
you,'Y UW',s,'UW'
then,'DH EH N',s,''
neither,'N EH DH ǝ R',s,''
maid,'M EY D',s,'EY'
nor,'N AO R',s,'AO'
that,'DH AE T',s,'AE'
i,'AY',s,'AY'
he,'HH IY',s,'IY'
had,'HH AE D',s,'AE'
to,'T UW',s,'UW'
for,'F AO R',s,'AO'
himself,'HH IH M S EH L F',s,'IH'
for,'F AO R',s,'AO'
the,'DH AH',s,''
of,'AH V',s,''
thou,'DH AW',s,''
so,'S OW',s,''
too,'T UW',s,'UW'
this,'DH IH S',s,'IH'
is,'IH Z',s,'IH'
no,'N OW',s,''
witness,'W IH T N AH S',s,'IH'
for,'F AO R',s,'AO'
lord,'L AO R D',s,'AO'
no,'N OW',s,''
you,'Y UW',s,'UW'
your,'Y AO R',s,'AO'
you,'Y UW',s,'UW'
this,'DH IH S',s,'IH'
woman,'W UH M AH N',s,'UH'
no,'N OW',s,''
with,'W IH DH',s,'IH'
my,'M AY',s,'AY'
heart,'HH AA R T',s,'AA'
and,'AH N D',s,''
punish,'P ɤ N IH SH',s,'IH'
them,'DH EH M',s,''
to,'T UW',s,'UW'
your,'Y AO R',s,'AO'
of,'AH V',s,''
pleasre,'P L EH ZH ER',s,''
thou,'DH AW',s,''
foolish,'F UW L IH SH',s,'UW IH'
friar,'F R AY ER',s,'AY'
and,'AH N D',s,''
thou,'DH AW',s,''
woman,'W UH M AH N',s,'UH'
compact,'K ǝ M P AW K T',s,''
with,'W IH DH',s,'IH'
thou,'DH AW',s,''
swear,'S W EH R',s,''
down,'D ǝ UH N',s,'UH'
each,'IY CH',s,'IY'
saint,'S EY N T',s,'EY'
wre,'W ER',s,''
against,'AH G EH N S T',s,''
his,'HH IH Z',s,'IH'
worth,'W AO R TH',s,'AO'
and,'AH N D',s,''
credit,'K R EH D AH T',s,''
in,'IH N',s,'IH'
lord,'L AO R D',s,'AO'
sit,'S IH T',s,'IH'
with,'W IH DH',s,'IH'
my,'M AY',s,'AY'
cousin,'K AH Z AH N',s,''
lend,'L EH N D',s,''
him,'HH IH M',s,'IH'
your,'Y AO R',s,'AO'
pains,'P EH N Z',s,''
to,'T UW',s,'UW'
out,'AW T',s,''
this,'DH IH S',s,'IH'
derived,'D IH r ǝ IH V D',s,'IH IH'
is,'IH Z',s,'IH'
another,'ǝ N ɤ DH ǝ R',s,''
friar,'F R AY ER',s,'AY'
that,'DH AE T',s,'AE'
set,'S EH T',s,''
them,'DH EH M',s,''
on,'AA N',s,'AA'
let,'L EH T',s,''
him,'HH IH M',s,'IH'
be,'B IY',s,'IY'
sent,'S EH N T',s,''
for,'F AO R',s,'AO'
go,'G OW',s,''
do,'D OW',s,''
it,'IH T',s,'IH'
instantly,'IH N S T AH N T L IY',s,'IH IY'
and,'AH N D',s,''
you,'Y UW',s,'UW'
my,'M AY',s,'AY'
and,'AH N D',s,''
cousin,'K AH Z AH N',s,''
whom,'HH UW M',s,'UW'
it,'IH T',s,'IH'
to,'T UW',s,'UW'
this,'DH IH S',s,'IH'
matter,'M AW T ǝ R',s,''
forth,'F AO R TH',s,'AO'
do,'D OW',s,''
with,'W IH DH',s,'IH'
your,'Y AO R',s,'AO'
as,'AE Z',s,'AE'
seems,'S IY M Z',s,'IY'
you,'Y UW',s,'UW'
best,'B EH S T',s,''
in,'IH N',s,'IH'
i,'AY',s,'AY'
for,'F AO R',s,'AO'
a,'AH',s,''
will,'W IH L',s,'IH'
you,'Y UW',s,'UW'
but,'B AH T',s,''
stir,'S T ɐ R',s,''
not,'N AA T',s,'AA'
you,'Y UW',s,'UW'
till,'T IH L',s,'IH'
you,'Y UW',s,'UW'
well,'W EH L',s,''
upon,'AH P AA N',s,'AA'
respect,'R IH S P EH K T',s,'IH'
to,'T UW',s,'UW'
your,'Y AO R',s,'AO'
great,'G r e T',s,''
and,'AH N D',s,''
let,'L EH T',s,''
the,'DH AH',s,''
devil,'D IH V ǝ L',s,'IH'
be,'B IY',s,'IY'
sometme,'S AH M T AY M',s,'AY'
for,'F AO R',s,'AO'
his,'HH IH Z',s,'IH'
thhrne,'TH r OW N',s,''
is,'IH Z',s,'IH'
the,'DH AH',s,''
he,'HH IY',s,'IY'
me,'M IY',s,'IY'
speak,'S P IY K',s,'IY'
boldly,'B OW L D L IY',s,'IY'
at,'AE T',s,'AE'
o,'OW',s,''
poor,'P UH R',s,'UH'
souls,'S OW L Z',s,''
you,'Y UW',s,'UW'
to,'T UW',s,'UW'
seek,'S IY K',s,'IY'
the,'DH AH',s,''
of,'AH V',s,''
the,'DH AH',s,''
good,'G UH D',s,'UH'
to,'T UW',s,'UW'
your,'Y AO R',s,'AO'
redress,'R IH D R EH S',s,'IH'
is,'IH Z',s,'IH'
the,'DH AH',s,''
then,'DH EH N',s,''
is,'IH Z',s,'IH'
your,'Y AO R',s,'AO'
too,'T UW',s,'UW'
the,'DH AH',s,''
unjust,'AH N JH AH S T',s,''
thus,'DH ɤ S',s,''
to,'T UW',s,'UW'
retort,'r IH T AO R T',s,'IH AO'
your,'Y AO R',s,'AO'
manifest,'M AE N AH F EH S T',s,'AE'
appeal,'ǝ P IY L',s,'IY'
and,'AH N D',s,''
put,'P UH T',s,'UH'
your,'Y AO R',s,'AO'
in,'IH N',s,'IH'
the,'DH AH',s,''
you,'Y UW',s,'UW'
to,'T UW',s,'UW'
be,'B IY',s,'IY'
not,'N AA T',s,'AA'
so,'S OW',s,''
hot,'HH AA T',s,'AA'
the,'DH AH',s,''
no,'N OW',s,''
this,'DH IH S',s,'IH'
of,'AH V',s,''
than,'DH AE N',s,'AE'
he,'HH IY',s,'IY'
rack,'R AE K',s,'AE'
his,'HH IH Z',s,'IH'
his,'HH IH Z',s,'IH'
subject,'S AH B JH EH K T',s,''
am,'AE M',s,'AE'
i,'AY',s,'AY'
not,'N AA T',s,'AA'
nor,'N AO R',s,'AO'
provincial,'P R AH V IH N SH AH L',s,'IH'
my,'M AY',s,'AY'
in,'IH N',s,'IH'
this,'DH IH S',s,'IH'
me,'M IY',s,'IY'
a,'AH',s,''
in,'IH N',s,'IH'
i,'AY',s,'AY'
seen,'S IY N',s,'IY'
and,'AH N D',s,''
till,'T IH L',s,'IH'
it,'IH T',s,'IH'
the,'DH AH',s,''
for,'F AO R',s,'AO'
all,'AA L',s,'AA'
faults,'F AO L T S',s,'AO'
but,'B AH T',s,''
faults,'F AO L T S',s,'AO'
so,'S OW',s,''
that,'DH AE T',s,'AE'
the,'DH AH',s,''
statutes,'S T AW T Y UW T S',s,'UW'
stand,'S T AE N D',s,'AE'
the,'DH AH',s,''
forfeits,'F AO R F IH T S',s,'AO IH'
in,'IH N',s,'IH'
a,'AH',s,''
shop,'SH AA P',s,'AA'
as,'AE Z',s,'AE'
in,'IH N',s,'IH'
mock,'M AA K',s,'AA'
as,'AE Z',s,'AE'
mark,'M AA R K',s,'AA'
i,'AY',s,'AY'
you,'Y UW',s,'UW'
by,'B AY',s,'AY'
the,'DH AH',s,''
of,'AH V',s,''
your,'Y AO R',s,'AO'
i,'AY',s,'AY'
met,'M EH T',s,''
you,'Y UW',s,'UW'
at,'AE T',s,'AE'
the,'DH AH',s,''
prison,'P R IH Z AH N',s,'IH'
in,'IH N',s,'IH'
the,'DH AH',s,''
of,'AH V',s,''
the,'DH AH',s,''
most,'M OW S T',s,''
you,'Y UW',s,'UW'
must,'M AH S T',s,''
with,'W IH DH',s,'IH'
me,'M IY',s,'IY'
you,'Y UW',s,'UW'
that,'DH AE T',s,'AE'
my,'M AY',s,'AY'
report,'r IH P AO R T',s,'IH AO'
you,'Y UW',s,'UW'
indeed,'IH N D IY D',s,'IH IY'
so,'S OW',s,''
of,'AH V',s,''
him,'HH IH M',s,'IH'
and,'AH N D',s,''
i,'AY',s,'AY'
protest,'P R OW T EH S T',s,''
i,'AY',s,'AY'
the,'DH AH',s,''
as,'AE Z',s,'AE'
i,'AY',s,'AY'
myself,'M AY S EH L F',s,'AY'
thou,'DH AW',s,''
art,'AA R T',s,'AA'
the,'DH AH',s,''
knve,'N EY V',s,'EY'
that,'DH AE T',s,'AE'
a,'AH',s,''
provost,'P R OW V OW S T',s,''
let,'L EH T',s,''
me,'M IY',s,'IY'
bail,'B EY L',s,'EY'
sneak,'S N IY K',s,'IY'
not,'N AA T',s,'AA'
for,'F AO R',s,'AO'
the,'DH AH',s,''
friar,'F R AY ER',s,'AY'
and,'AH N D',s,''
you,'Y UW',s,'UW'
must,'M AH S T',s,''
a,'AH',s,''
on,'AA N',s,'AA'
him,'HH IH M',s,'IH'
what,'W AH T',s,''
you,'Y UW',s,'UW'
i,'AY',s,'AY'
pardon,'P AA R D ǝ N',s,'AA'
sit,'S IH T',s,'IH'
you,'Y UW',s,'UW'
down,'D ǝ UH N',s,'UH'
of,'AH V',s,''
him,'HH IH M',s,'IH'
by,'B AY',s,'AY'
your,'Y AO R',s,'AO'
hast,'HH AE S T',s,'AE'
thou,'DH AW',s,''
or,'AO R',s,'AO'
or,'AO R',s,'AO'
wit,'W IH T',s,'IH'
or,'AO R',s,'AO'
that,'DH AE T',s,'AE'
yet,'Y EH T',s,''
can,'K AE N',s,'AE'
do,'D OW',s,''
thee,'DH IY',s,'IY'
if,'IH F',s,'IH'
thou,'DH AW',s,''
hast,'HH AE S T',s,'AE'
rely,'R IH L AY',s,'IH AY'
upon,'AH P AA N',s,'AA'
it,'IH T',s,'IH'
till,'T IH L',s,'IH'
my,'M AY',s,'AY'
be,'B IY',s,'IY'
and,'AH N D',s,''
no,'N OW',s,''
longer,'L ɒ NG G ǝ R',s,''
out,'AW T',s,''
thou,'DH AW',s,''
contracted,'K AA N T R AE K T AH D',s,'AA AE'
to,'T UW',s,'UW'
this,'DH IH S',s,'IH'
woman,'W UH M AH N',s,'UH'
go,'G OW',s,''
and,'AH N D',s,''
marrry,'M AW r ǝ IH',s,'IH'
instantly,'IH N S T AH N T L IY',s,'IH IY'
do,'D OW',s,''
you,'Y UW',s,'UW'
the,'DH AH',s,''
friar,'F R AY ER',s,'AY'
return,'r IH T ɐ R N',s,'IH'
him,'HH IH M',s,'IH'
with,'W IH DH',s,'IH'
him,'HH IH M',s,'IH'
provost,'P R OW V OW S T',s,''
your,'Y AO R',s,'AO'
friar,'F R AY ER',s,'AY'
is,'IH Z',s,'IH'
your,'Y AO R',s,'AO'
as,'AE Z',s,'AE'
i,'AY',s,'AY'
was,'W AA Z',s,'AA'
then,'DH EH N',s,''
and,'AH N D',s,''
holy,'HH OW L IY',s,'IY'
to,'T UW',s,'UW'
your,'Y AO R',s,'AO'
not,'N AA T',s,'AA'
heart,'HH AA R T',s,'AA'
with,'W IH DH',s,'IH'
habit,'HH AE B AH T',s,'AE'
i,'AY',s,'AY'
am,'AE M',s,'AE'
still,'S T IH L',s,'IH'
at,'AE T',s,'AE'
your,'Y AO R',s,'AO'
you,'Y UW',s,'UW'
and,'AH N D',s,''
dear,'D IY R',s,'IY'
maid,'M EY D',s,'EY'
be,'B IY',s,'IY'
you,'Y UW',s,'UW'
as,'AE Z',s,'AE'
free,'F R IY',s,'IY'
to,'T UW',s,'UW'
us,'AH S',s,''
your,'Y AO R',s,'AO'
death,'D EH TH',s,''
i,'AY',s,'AY'
sits,'S IH T S',s,'IH'
at,'AE T',s,'AE'
your,'Y AO R',s,'AO'
heart,'HH AA R T',s,'AA'
and,'AH N D',s,''
you,'Y UW',s,'UW'
marvel,'M AA R V ǝ L',s,'AA'
whhy,'ʍ ǝ IH',s,'IH'
i,'AY',s,'AY'
myself,'M AY S EH L F',s,'AY'
to,'T UW',s,'UW'
sve,'EH V',s,''
his,'HH IH Z',s,'IH'
and,'AH N D',s,''
not,'N AA T',s,'AA'
rash,'R AE SH',s,'AE'
of,'AH V',s,''
my,'M AY',s,'AY'
hidden,'HH IH D AH N',s,'IH'
than,'DH AE N',s,'AE'
let,'L EH T',s,''
him,'HH IH M',s,'IH'
so,'S OW',s,''
be,'B IY',s,'IY'
lost,'L AO S T',s,'AO'
o,'OW',s,''
most,'M OW S T',s,''
maid,'M EY D',s,'EY'
it,'IH T',s,'IH'
was,'W AA Z',s,'AA'
the,'DH AH',s,''
swift,'S W IH F T',s,'IH'
celerity,'S AH L EH R AH T IY',s,'IY'
of,'AH V',s,''
his,'HH IH Z',s,'IH'
death,'D EH TH',s,''
i,'AY',s,'AY'
did,'D IH D',s,'IH'
think,'TH IH NG K',s,'IH'
with,'W IH DH',s,'IH'
foot,'F UH T',s,'UH'
on,'AA N',s,'AA'
that,'DH AE T',s,'AE'
my,'M AY',s,'AY'
but,'B AH T',s,''
be,'B IY',s,'IY'
with,'W IH DH',s,'IH'
him,'HH IH M',s,'IH'
that,'DH AE T',s,'AE'
is,'IH Z',s,'IH'
better,'B e T ə R',s,''
past,'P AW S T',s,''
death,'D EH TH',s,''
than,'DH AE N',s,'AE'
that,'DH AE T',s,'AE'
to,'T UW',s,'UW'
fear,'F IY R',s,'IY'
it,'IH T',s,'IH'
your,'Y AO R',s,'AO'
comfort,'K ɤ M F ǝ R T',s,''
so,'S OW',s,''
is,'IH Z',s,'IH'
your,'Y AO R',s,'AO'
for,'F AO R',s,'AO'
this,'DH IH S',s,'IH'
man,'M AE N',s,'AE'
salt,'S AO L T',s,'AO'
imagination,'IH M AE JH AH N EY SH AH N',s,'IH AE EY'
yet,'Y EH T',s,''
hath,'HH AE TH',s,'AE'
your,'Y AO R',s,'AO'
you,'Y UW',s,'UW'
must,'M AH S T',s,''
pardon,'P AA R D ǝ N',s,'AA'
for,'F AO R',s,'AO'
but,'B AH T',s,''
as,'AE Z',s,'AE'
he,'HH IY',s,'IY'
your,'Y AO R',s,'AO'
being,'B IY IH NG',s,'IY IH'
in,'IH N',s,'IH'
of,'AH V',s,''
sacred,'S EY K R AH D',s,'EY'
chastity,'CH AE S T AH T IY',s,'AE IY'
and,'AH N D',s,''
of,'AH V',s,''
thereon,'DH EH R ɒ N',s,''
dependent,'D IH P EH N D AH N T',s,'IH'
for,'F AO R',s,'AO'
your,'Y AO R',s,'AO'
the,'DH AH',s,''
very,'V EH R IY',s,'IY'
of,'AH V',s,''
the,'DH AH',s,''
cries,'K R AY Z',s,'AY'
out,'AW T',s,''
most,'M OW S T',s,''
even,'IY V IH N',s,'IY IH'
from,'F R AH M',s,''
his,'HH IH Z',s,'IH'
an,'AE N',s,'AE'
for,'F AO R',s,'AO'
death,'D EH TH',s,''
for,'F AO R',s,'AO'
death,'D EH TH',s,''
hate,'AW S T',s,''
still,'S T IH L',s,'IH'
hate,'AW S T',s,''
and,'AH N D',s,''
doth,'D AO TH',s,'AO'
and,'AH N D',s,''
still,'S T IH L',s,'IH'
for,'F AO R',s,'AO'
then,'DH EH N',s,''
thus,'DH ɤ S',s,''
manifested,'M AE N AH F EH S T AH D',s,'AE'
thou,'DH AW',s,''
thee,'DH IY',s,'IY'
we,'W IY',s,'IY'
do,'D OW',s,''
thee,'DH IY',s,'IY'
to,'T UW',s,'UW'
the,'DH AH',s,''
very,'V EH R IY',s,'IY'
block,'B L AA K',s,'AA'
to,'T UW',s,'UW'
death,'D EH TH',s,''
and,'AH N D',s,''
with,'W IH DH',s,'IH'
hate,'AW S T',s,''
with,'W IH DH',s,'IH'
him,'HH IH M',s,'IH'
it,'IH T',s,'IH'
is,'IH Z',s,'IH'
your,'Y AO R',s,'AO'
you,'Y UW',s,'UW'
with,'W IH DH',s,'IH'
a,'AH',s,''
to,'T UW',s,'UW'
the,'DH AH',s,''
of,'AH V',s,''
your,'Y AO R',s,'AO'
i,'AY',s,'AY'
your,'Y AO R',s,'AO'
fit,'F IH T',s,'IH'
for,'F AO R',s,'AO'
that,'DH AE T',s,'AE'
he,'HH IY',s,'IY'
you,'Y UW',s,'UW'
your,'Y AO R',s,'AO'
and,'AH N D',s,''
your,'Y AO R',s,'AO'
good,'G UH D',s,'UH'
to,'T UW',s,'UW'
for,'F AO R',s,'AO'
his,'HH IH Z',s,'IH'
by,'B AY',s,'AY'
ours,'OW R Z',s,''
we,'W IY',s,'IY'
do,'D OW',s,''
and,'AH N D',s,''
you,'Y UW',s,'UW'
with,'W IH DH',s,'IH'
all,'AA L',s,'AA'
to,'T UW',s,'UW'
buy,'B ə IH',s,'IH'
you,'Y UW',s,'UW'
a,'AH',s,''
better,'B e T ə R',s,''
never,'N e V ǝ R',s,''
him,'HH IH M',s,'IH'
we,'W IY',s,'IY'
you,'Y UW',s,'UW'
do,'D OW',s,''
but,'B AH T',s,''
your,'Y AO R',s,'AO'
with,'W IH DH',s,'IH'
him,'HH IH M',s,'IH'
to,'T UW',s,'UW'
death,'D EH TH',s,''
to,'T UW',s,'UW'
you,'Y UW',s,'UW'
against,'AH G EH N S T',s,''
all,'AA L',s,'AA'
you,'Y UW',s,'UW'
do,'D OW',s,''
she,'SH IY',s,'IY'
down,'D ǝ UH N',s,'UH'
in,'IH N',s,'IH'
of,'AH V',s,''
this,'DH IH S',s,'IH'
fact,'F AE K T',s,'AE'
his,'HH IH Z',s,'IH'
bed,'B EH D',s,''
break,'B R EY K',s,'EY'
and,'AH N D',s,''
in,'IH N',s,'IH'
he,'HH IY',s,'IY'
for,'F AO R',s,'AO'
death,'D EH TH',s,''
your,'Y AO R',s,'AO'
stand,'S T AE N D',s,'AE'
up,'AH P',s,''
i,'AY',s,'AY'
i,'AY',s,'AY'
me,'M IY',s,'IY'
of,'AH V',s,''
another,'ǝ N ɤ DH ǝ R',s,''
fault,'F AO L T',s,'AO'
provost,'P R OW V OW S T',s,''
it,'IH T',s,'IH'
was,'W AA Z',s,'AA'
at,'AE T',s,'AE'
an,'AE N',s,'AE'
had,'HH AE D',s,'AE'
you,'Y UW',s,'UW'
a,'AH',s,''
warrant,'W AA r ǝ N T',s,'AA'
for,'F AO R',s,'AO'
the,'DH AH',s,''
deed,'D IY D',s,'IY'
for,'F AO R',s,'AO'
i,'AY',s,'AY'
do,'D OW',s,''
you,'Y UW',s,'UW'
of,'AH V',s,''
your,'Y AO R',s,'AO'
up,'AH P',s,''
your,'Y AO R',s,'AO'
he,'HH IY',s,'IY'
i,'AY',s,'AY'
thou,'DH AW',s,''
so,'S OW',s,''
by,'B AY',s,'AY'
go,'G OW',s,''
him,'HH IH M',s,'IH'
let,'L EH T',s,''
me,'M IY',s,'IY'
look,'L UH K',s,'UH'
upon,'AH P AA N',s,'AA'
him,'HH IH M',s,'IH'
is,'IH Z',s,'IH'
that,'DH AE T',s,'AE'
was,'W AA Z',s,'AA'
a,'AH',s,''
friar,'F R AY ER',s,'AY'
told,'T OW L D',s,''
me,'M IY',s,'IY'
of,'AH V',s,''
this,'DH IH S',s,'IH'
man,'M AE N',s,'AE'
thou,'DH AW',s,''
art,'AA R T',s,'AA'
said,'S EH D',s,''
to,'T UW',s,'UW'
a,'AH',s,''
stubborn,'S T ɤ B ǝ R N',s,''
soul,'S OW L',s,''
that,'DH AE T',s,'AE'
no,'N OW',s,''
than,'DH AE N',s,'AE'
this,'DH IH S',s,'IH'
and,'AH N D',s,''
thou,'DH AW',s,''
but,'B AH T',s,''
for,'F AO R',s,'AO'
faults,'F AO L T S',s,'AO'
i,'AY',s,'AY'
them,'DH EH M',s,''
all,'AA L',s,'AA'
and,'AH N D',s,''
thee,'DH IY',s,'IY'
this,'DH IH S',s,'IH'
to,'T UW',s,'UW'
for,'F AO R',s,'AO'
better,'B e T ə R',s,''
to,'T UW',s,'UW'
him,'HH IH M',s,'IH'
i,'AY',s,'AY'
him,'HH IH M',s,'IH'
to,'T UW',s,'UW'
your,'Y AO R',s,'AO'
that,'DH AE T',s,'AE'
if,'IH F',s,'IH'
he,'HH IY',s,'IY'
be,'B IY',s,'IY'
your,'Y AO R',s,'AO'
for,'F AO R',s,'AO'
his,'HH IH Z',s,'IH'
is,'IH Z',s,'IH'
he,'HH IY',s,'IY'
and,'AH N D',s,''
for,'F AO R',s,'AO'
your,'Y AO R',s,'AO'
lovely,'L ɤ V L ǝ IH',s,'IH'
me,'M IY',s,'IY'
your,'Y AO R',s,'AO'
and,'AH N D',s,''
you,'Y UW',s,'UW'
will,'W IH L',s,'IH'
be,'B IY',s,'IY'
he,'HH IY',s,'IY'
is,'IH Z',s,'IH'
my,'M AY',s,'AY'
too,'T UW',s,'UW'
but,'B AH T',s,''
for,'F AO R',s,'AO'
that,'DH AE T',s,'AE'
by,'B AY',s,'AY'
this,'DH IH S',s,'IH'
lord,'L AO R D',s,'AO'
methinks,'M IH TH IH NG K S',s,'IH IH'
i,'AY',s,'AY'
see,'S IY',s,'IY'
a,'AH',s,''
in,'IH N',s,'IH'
his,'HH IH Z',s,'IH'
well,'W EH L',s,''
your,'Y AO R',s,'AO'
evil,'e V IH L',s,'IH'
you,'Y UW',s,'UW'
well,'W EH L',s,''
look,'L UH K',s,'UH'
that,'DH AE T',s,'AE'
you,'Y UW',s,'UW'
your,'Y AO R',s,'AO'
worth,'W AO R TH',s,'AO'
worth,'W AO R TH',s,'AO'
yours,'Y UH R Z',s,'UH'
i,'AY',s,'AY'
an,'AE N',s,'AE'
apt,'AE P T',s,'AE'
in,'IH N',s,'IH'
myself,'M AY S EH L F',s,'AY'
and,'AH N D',s,''
yet,'Y EH T',s,''
in,'IH N',s,'IH'
i,'AY',s,'AY'
cannot,'K AE N AA T',s,'AE AA'
pardon,'P AA R D ǝ N',s,'AA'
you,'Y UW',s,'UW'
that,'DH AE T',s,'AE'
me,'M IY',s,'IY'
for,'F AO R',s,'AO'
a,'AH',s,''
fool,'F UH L',s,'UH'
a,'AH',s,''
all,'AA L',s,'AA'
of,'AH V',s,''
an,'AE N',s,'AE'
ass,'AE S',s,'AE'
a,'AH',s,''
madman,'M AE D M AE N',s,'AE AE'
wherein,'ʍ EH R IH N',s,'IH'
i,'AY',s,'AY'
so,'S OW',s,''
deserved,'D IH Z ɐ R V IH D',s,'IH IH'
of,'AH V',s,''
you,'Y UW',s,'UW'
that,'DH AE T',s,'AE'
you,'Y UW',s,'UW'
me,'M IY',s,'IY'
thus,'DH ɤ S',s,''
and,'AH N D',s,''
after,'AW F T ǝ R',s,''
proclaim,'P R OW K L EY M',s,'EY'
it,'IH T',s,'IH'
provost,'P R OW V OW S T',s,''
the,'DH AH',s,''
if,'IH F',s,'IH'
woman,'W UH M AH N',s,'UH'
by,'B AY',s,'AY'
this,'DH IH S',s,'IH'
as,'AE Z',s,'AE'
i,'AY',s,'AY'
him,'HH IH M',s,'IH'
swear,'S W EH R',s,''
himself,'HH IH M S EH L F',s,'IH'
whom,'HH UW M',s,'UW'
he,'HH IY',s,'IY'
begot,'B IY G AO T',s,'IY AO'
with,'W IH DH',s,'IH'
appear,'ǝ P IY R',s,'IY'
and,'AH N D',s,''
he,'HH IY',s,'IY'
shall,'SH AE L',s,'AE'
marrry,'M AW r ǝ IH',s,'IH'
the,'DH AH',s,''
nuptial,'N AH P CH AH L',s,''
let,'L EH T',s,''
him,'HH IH M',s,'IH'
be,'B IY',s,'IY'
and,'AH N D',s,''
upon,'AH P AA N',s,'AA'
thou,'DH AW',s,''
shalt,'SH AE L T',s,'AE'
marrry,'M AW r ǝ IH',s,'IH'
slanders,'S L AO N D ǝ R Z',s,'AO'
i,'AY',s,'AY'
forgve,'F ER G IH V',s,'IH'
and,'AH N D',s,''
remit,'R IY M IH T',s,'IY IH'
him,'HH IH M',s,'IH'
to,'T UW',s,'UW'
prison,'P R IH Z AH N',s,'IH'
and,'AH N D',s,''
see,'S IY',s,'IY'
our,'OW R',s,''
pleasre,'P L EH ZH ER',s,''
herein,'ˌ IY R IH N',s,'IY IH'
a,'AH',s,''
it,'IH T',s,'IH'
she,'SH IY',s,'IY'
that,'DH AE T',s,'AE'
you,'Y UW',s,'UW'
look,'L UH K',s,'UH'
you,'Y UW',s,'UW'
to,'T UW',s,'UW'
you,'Y UW',s,'UW'
i,'AY',s,'AY'
and,'AH N D',s,''
i,'AY',s,'AY'
thanks,'TH AE NG K S',s,'AE'
good,'G UH D',s,'UH'
friend,'F R EH N D',s,''
for,'F AO R',s,'AO'
goodness,'G UH D N AH S',s,'UH'
behind,'B IH ə IH N D',s,'IH IH'
that,'DH AE T',s,'AE'
is,'IH Z',s,'IH'
thanks,'TH AE NG K S',s,'AE'
provost,'P R OW V OW S T',s,''
for,'F AO R',s,'AO'
and,'AH N D',s,''
we,'W IY',s,'IY'
shall,'SH AE L',s,'AE'
employ,'e M P L ǝ IH',s,'IH'
thee,'DH IY',s,'IY'
in,'IH N',s,'IH'
a,'AH',s,''
forgve,'F ER G IH V',s,'IH'
him,'HH IH M',s,'IH'
that,'DH AE T',s,'AE'
you,'Y UW',s,'UW'
hme,'OW M',s,''
the,'DH AH',s,''
of,'AH V',s,''
for,'F AO R',s,'AO'
pardons,'P AA R D ǝ N Z',s,'AA'
i,'AY',s,'AY'
a,'AH',s,''
imports,'IH M P AO R T S',s,'IH AO'
your,'Y AO R',s,'AO'
good,'G UH D',s,'UH'
if,'IH F',s,'IH'
a,'AH',s,''
ear,'IY R',s,'IY'
is,'IH Z',s,'IH'
yours,'Y UH R Z',s,'UH'
and,'AH N D',s,''
what,'W AH T',s,''
is,'IH Z',s,'IH'
yours,'Y UH R Z',s,'UH'
is,'IH Z',s,'IH'
so,'S OW',s,''
us,'AH S',s,''
to,'T UW',s,'UW'
our,'OW R',s,''
yet,'Y EH T',s,''
behind,'B IH ə IH N D',s,'IH IH'
meet,'M IY T',s,'IY'
you,'Y UW',s,'UW'
all,'AA L',s,'AA'
