ill,'IH L',s,'IH'
met,'M EH T',s,''
by,'B AY',s,'AY'
tarrry,'T AW r ǝ IH',s,'IH'
rash,'R AE SH',s,'AE'
wanton,'W AA N T ǝ N',s,'AA'
am,'AE M',s,'AE'
not,'N AA T',s,'AA'
i,'AY',s,'AY'
lord,'L AO R D',s,'AO'
thou,'DH AW',s,''
thus,'DH ɤ S',s,''
for,'F AO R',s,'AO'
at,'AE T',s,'AE'
my,'M AY',s,'AY'
credit,'K R EH D AH T',s,''
with,'W IH DH',s,'IH'
i,'AY',s,'AY'
to,'T UW',s,'UW'
not,'N AA T',s,'AA'
thou,'DH AW',s,''
lead,'L EH D',s,''
him,'HH IH M',s,'IH'
the,'DH AH',s,''
from,'F R AH M',s,''
whom,'HH UW M',s,'UW'
he,'HH IY',s,'IY'
and,'AH N D',s,''
him,'HH IH M',s,'IH'
with,'W IH DH',s,'IH'
fair,'F EH R',s,''
aegles,'IY ɡ L IY Z',s,'IY IY'
break,'B R EY K',s,'EY'
his,'HH IH Z',s,'IH'
faith,'F EY TH',s,'EY'
with,'W IH DH',s,'IH'
and,'AH N D',s,''
do,'D OW',s,''
you,'Y UW',s,'UW'
amend,'AH M EH N D',s,''
it,'IH T',s,'IH'
then,'DH EH N',s,''
it,'IH T',s,'IH'
in,'IH N',s,'IH'
you,'Y UW',s,'UW'
whhy,'ʍ ǝ IH',s,'IH'
cross,'K R AO S',s,'AO'
i,'AY',s,'AY'
do,'D OW',s,''
but,'B AH T',s,''
beg,'B EH G',s,''
a,'AH',s,''
to,'T UW',s,'UW'
be,'B IY',s,'IY'
my,'M AY',s,'AY'
within,'W IH DH IH N',s,'IH IH'
this,'DH IH S',s,'IH'
wood,'W UH D',s,'UH'
intend,'IH N T EH N D',s,'IH'
you,'Y UW',s,'UW'
me,'M IY',s,'IY'
that,'DH AE T',s,'AE'
and,'AH N D',s,''
i,'AY',s,'AY'
will,'W IH L',s,'IH'
go,'G OW',s,''
with,'W IH DH',s,'IH'
thee,'DH IY',s,'IY'
well,'W EH L',s,''
go,'G OW',s,''
thou,'DH AW',s,''
shalt,'SH AE L T',s,'AE'
not,'N AA T',s,'AA'
from,'F R AH M',s,''
this,'DH IH S',s,'IH'
till,'T IH L',s,'IH'
i,'AY',s,'AY'
torment,'T AO R M e N T',s,'AO'
thee,'DH IY',s,'IY'
for,'F AO R',s,'AO'
this,'DH IH S',s,'IH'
my,'M AY',s,'AY'
puck,'P ɤ K',s,''
thou,'DH AW',s,''
i,'AY',s,'AY'
sat,'S AE T',s,'AE'
upon,'AH P AA N',s,'AA'
a,'AH',s,''
promontory,'P r ɒ M ǝ N T r ǝ IH',s,'IH'
and,'AH N D',s,''
a,'AH',s,''
on,'AA N',s,'AA'
a,'AH',s,''
back,'B AE K',s,'AE'
dulcet,'D AH L S AH T',s,''
and,'AH N D',s,''
harmonious,'AA R M OW N IH ǝ S',s,'AA IH'
breath,'B R EH TH',s,''
that,'DH AE T',s,'AE'
the,'DH AH',s,''
sea,'S IY',s,'IY'
civil,'S IH V AH L',s,'IH'
at,'AE T',s,'AE'
and,'AH N D',s,''
certain,'S ɐ R T ǝ N',s,''
stars,'S T AA R Z',s,'AA'
shot,'SH AA T',s,'AA'
from,'F R AH M',s,''
their,'DH EH R',s,''
to,'T UW',s,'UW'
the,'DH AH',s,''
that,'DH AE T',s,'AE'
very,'V EH R IY',s,'IY'
i,'AY',s,'AY'
but,'B AH T',s,''
thou,'DH AW',s,''
not,'N AA T',s,'AA'
flying,'F L ǝ IH IH N',s,'IH IH'
between,'B IH T W IY N',s,'IH IY'
the,'DH AH',s,''
cold,'K OW L D',s,''
moon,'M UW N',s,'UW'
and,'AH N D',s,''
the,'DH AH',s,''
all,'AA L',s,'AA'
a,'AH',s,''
certain,'S ɐ R T ǝ N',s,''
aim,'EH M',s,''
he,'HH IY',s,'IY'
took,'T UH K',s,'UH'
at,'AE T',s,'AE'
a,'AH',s,''
fair,'F EH R',s,''
vestal,'V e S T AA L',s,'AA'
by,'B AY',s,'AY'
the,'DH AH',s,''
west,'W EH S T',s,''
and,'AH N D',s,''
his,'HH IH Z',s,'IH'
smartly,'S M AA R T L IY',s,'AA IY'
from,'F R AH M',s,''
his,'HH IH Z',s,'IH'
as,'AE Z',s,'AE'
it,'IH T',s,'IH'
a,'AH',s,''
hearts,'HH AA R T S',s,'AA'
but,'B AH T',s,''
i,'AY',s,'AY'
see,'S IY',s,'IY'
shaft,'SH AE F T',s,'AE'
in,'IH N',s,'IH'
the,'DH AH',s,''
beams,'B IY M Z',s,'IY'
of,'AH V',s,''
the,'DH AH',s,''
moon,'M UW N',s,'UW'
and,'AH N D',s,''
the,'DH AH',s,''
on,'AA N',s,'AA'
in,'IH N',s,'IH'
maiden,'M EY D AH N',s,'EY'
yet,'Y EH T',s,''
i,'AY',s,'AY'
the,'DH AH',s,''
bolt,'B OW L T',s,''
of,'AH V',s,''
fell,'F EH L',s,''
it,'IH T',s,'IH'
fell,'F EH L',s,''
upon,'AH P AA N',s,'AA'
a,'AH',s,''
western,'W e S T ǝ R N',s,''
with,'W IH DH',s,'IH'
and,'AH N D',s,''
maidens,'M EY D AH N Z',s,'EY'
call,'K AO L',s,'AO'
it,'IH T',s,'IH'
me,'M IY',s,'IY'
that,'DH AE T',s,'AE'
the,'DH AH',s,''
i,'AY',s,'AY'
thee,'DH IY',s,'IY'
the,'DH AH',s,''
of,'AH V',s,''
it,'IH T',s,'IH'
on,'AA N',s,'AA'
laid,'L EH D',s,''
will,'W IH L',s,'IH'
or,'AO R',s,'AO'
man,'M AE N',s,'AE'
or,'AO R',s,'AO'
woman,'W UH M AH N',s,'UH'
upon,'AH P AA N',s,'AA'
the,'DH AH',s,''
creatre,'K R IY CH ER',s,'IY'
that,'DH AE T',s,'AE'
it,'IH T',s,'IH'
sees,'S IY Z',s,'IY'
me,'M IY',s,'IY'
this,'DH IH S',s,'IH'
and,'AH N D',s,''
be,'B IY',s,'IY'
thou,'DH AW',s,''
again,'ǝ ɡ EH N',s,''
the,'DH AH',s,''
can,'K AE N',s,'AE'
swim,'S W IH M',s,'IH'
a,'AH',s,''
this,'DH IH S',s,'IH'
watch,'W AA T SH',s,'AA'
when,'ʍ e N',s,''
she,'SH IY',s,'IY'
is,'IH Z',s,'IH'
asleep,'AH S L IY P',s,'IY'
and,'AH N D',s,''
drop,'D R AA P',s,'AA'
the,'DH AH',s,''
liquor,'L IH K ǝ R',s,'IH'
of,'AH V',s,''
it,'IH T',s,'IH'
in,'IH N',s,'IH'
the,'DH AH',s,''
then,'DH EH N',s,''
she,'SH IY',s,'IY'
looks,'L UH K S',s,'UH'
upon,'AH P AA N',s,'AA'
be,'B IY',s,'IY'
it,'IH T',s,'IH'
on,'AA N',s,'AA'
bear,'B EH R',s,''
or,'AO R',s,'AO'
wolf,'W UH L F',s,'UH'
or,'AO R',s,'AO'
bull,'B UH L',s,'UH'
on,'AA N',s,'AA'
or,'AO R',s,'AO'
on,'AA N',s,'AA'
she,'SH IY',s,'IY'
shall,'SH AE L',s,'AE'
it,'IH T',s,'IH'
with,'W IH DH',s,'IH'
the,'DH AH',s,''
soul,'S OW L',s,''
of,'AH V',s,''
and,'AH N D',s,''
i,'AY',s,'AY'
this,'DH IH S',s,'IH'
from,'F R AH M',s,''
off,'AO F',s,'AO'
as,'AE Z',s,'AE'
i,'AY',s,'AY'
can,'K AE N',s,'AE'
it,'IH T',s,'IH'
with,'W IH DH',s,'IH'
another,'ǝ N ɤ DH ǝ R',s,''
render,'r e N D ǝ R',s,''
up,'AH P',s,''
to,'T UW',s,'UW'
me,'M IY',s,'IY'
but,'B AH T',s,''
who,'HH UW',s,'UW'
i,'AY',s,'AY'
am,'AE M',s,'AE'
and,'AH N D',s,''
i,'AY',s,'AY'
will,'W IH L',s,'IH'
their,'DH EH R',s,''
conferece,'K AA N F ER AH N S',s,'AA'
thee,'DH IY',s,'IY'
well,'W EH L',s,''
he,'HH IY',s,'IY'
do,'D OW',s,''
this,'DH IH S',s,'IH'
thou,'DH AW',s,''
shalt,'SH AE L T',s,'AE'
him,'HH IH M',s,'IH'
and,'AH N D',s,''
he,'HH IY',s,'IY'
shall,'SH AE L',s,'AE'
seek,'S IY K',s,'IY'
hast,'HH AE S T',s,'AE'
thou,'DH AW',s,''
the,'DH AH',s,''
i,'AY',s,'AY'
thee,'DH IY',s,'IY'
it,'IH T',s,'IH'
me,'M IY',s,'IY'
i,'AY',s,'AY'
a,'AH',s,''
bank,'B AE NG K',s,'AE'
the,'DH AH',s,''
thhme,'TH AY M',s,'AY'
and,'AH N D',s,''
the,'DH AH',s,''
nodding,'N ɒ D - IH N',s,'IH'
with,'W IH DH',s,'IH'
luscious,'L AH SH IH S',s,'IH'
with,'W IH DH',s,'IH'
sweet,'S W IY T',s,'IY'
and,'AH N D',s,''
with,'W IH DH',s,'IH'
sleeps,'S L IY P S',s,'IY'
sometme,'S AH M T AY M',s,'AY'
of,'AH V',s,''
the,'DH AH',s,''
in,'IH N',s,'IH'
with,'W IH DH',s,'IH'
dances,'D AW N S IH Z',s,'IH'
and,'AH N D',s,''
and,'AH N D',s,''
the,'DH AH',s,''
skin,'S K IH N',s,'IH'
weed,'W IY D',s,'IY'
to,'T UW',s,'UW'
wrap,'R AE P',s,'AE'
a,'AH',s,''
fairy,'F EH R IY',s,'IY'
in,'IH N',s,'IH'
and,'AH N D',s,''
with,'W IH DH',s,'IH'
the,'DH AH',s,''
of,'AH V',s,''
this,'DH IH S',s,'IH'
streak,'S T R IY K',s,'IY'
and,'AH N D',s,''
full,'F UH L',s,'UH'
of,'AH V',s,''
thou,'DH AW',s,''
of,'AH V',s,''
it,'IH T',s,'IH'
and,'AH N D',s,''
seek,'S IY K',s,'IY'
this,'DH IH S',s,'IH'
a,'AH',s,''
sweet,'S W IY T',s,'IY'
lady,'L EY D IY',s,'EY IY'
is,'IH Z',s,'IH'
in,'IH N',s,'IH'
with,'W IH DH',s,'IH'
a,'AH',s,''
disdainful,'D IH S D EY N F AH L',s,'IH EY'
youth,'Y UW TH',s,'UW'
anoint,'AH N OY N T',s,''
his,'HH IH Z',s,'IH'
but,'B AH T',s,''
do,'D OW',s,''
it,'IH T',s,'IH'
when,'ʍ e N',s,''
the,'DH AH',s,''
he,'HH IY',s,'IY'
be,'B IY',s,'IY'
the,'DH AH',s,''
lady,'L EY D IY',s,'EY IY'
thou,'DH AW',s,''
shalt,'SH AE L T',s,'AE'
the,'DH AH',s,''
man,'M AE N',s,'AE'
by,'B AY',s,'AY'
the,'DH AH',s,''
garments,'G AA R M AH N T S',s,'AA'
he,'HH IY',s,'IY'
hath,'HH AE TH',s,'AE'
on,'AA N',s,'AA'
effect,'IH F EH K T',s,'IH'
it,'IH T',s,'IH'
with,'W IH DH',s,'IH'
that,'DH AE T',s,'AE'
he,'HH IY',s,'IY'
fond,'F AA N D',s,'AA'
on,'AA N',s,'AA'
than,'DH AE N',s,'AE'
she,'SH IY',s,'IY'
upon,'AH P AA N',s,'AA'
and,'AH N D',s,''
look,'L UH K',s,'UH'
thou,'DH AW',s,''
meet,'M IY T',s,'IY'
me,'M IY',s,'IY'
the,'DH AH',s,''
cock,'K AA K',s,'AA'
what,'W AH T',s,''
thou,'DH AW',s,''
when,'ʍ e N',s,''
thou,'DH AW',s,''
dost,'D AA S T',s,'AA'
do,'D OW',s,''
it,'IH T',s,'IH'
for,'F AO R',s,'AO'
true,'T R UW',s,'UW'
and,'AH N D',s,''
for,'F AO R',s,'AO'
his,'HH IH Z',s,'IH'
be,'B IY',s,'IY'
it,'IH T',s,'IH'
or,'AO R',s,'AO'
cat,'K AE T',s,'AE'
or,'AO R',s,'AO'
bear,'B EH R',s,''
or,'AO R',s,'AO'
boar,'B AO R',s,'AO'
with,'W IH DH',s,'IH'
hair,'HH EH R',s,''
in,'IH N',s,'IH'
that,'DH AE T',s,'AE'
shall,'SH AE L',s,'AE'
appear,'ǝ P IY R',s,'IY'
when,'ʍ e N',s,''
thou,'DH AW',s,''
it,'IH T',s,'IH'
is,'IH Z',s,'IH'
dear,'D IY R',s,'IY'
when,'ʍ e N',s,''
is,'IH Z',s,'IH'
near,'N IY R',s,'IY'
i,'AY',s,'AY'
wonder,'W ɤ N D ǝ R',s,''
if,'IH F',s,'IH'
be,'B IY',s,'IY'
then,'DH EH N',s,''
what,'W AH T',s,''
it,'IH T',s,'IH'
was,'W AA Z',s,'AA'
that,'DH AE T',s,'AE'
in,'IH N',s,'IH'
she,'SH IY',s,'IY'
must,'M AH S T',s,''
on,'AA N',s,'AA'
in,'IH N',s,'IH'
my,'M AY',s,'AY'
mad,'M AE D',s,'AE'
spirit,'S P IH R AH T',s,'IH'
what,'W AH T',s,''
this,'DH IH S',s,'IH'
this,'DH IH S',s,'IH'
out,'AW T',s,''
better,'B e T ə R',s,''
than,'DH AE N',s,'AE'
i,'AY',s,'AY'
but,'B AH T',s,''
hast,'HH AE S T',s,'AE'
thou,'DH AW',s,''
yet,'Y EH T',s,''
the,'DH AH',s,''
with,'W IH DH',s,'IH'
the,'DH AH',s,''
as,'AE Z',s,'AE'
i,'AY',s,'AY'
did,'D IH D',s,'IH'
bid,'B IH D',s,'IH'
thee,'DH IY',s,'IY'
do,'D OW',s,''
stand,'S T AE N D',s,'AE'
this,'DH IH S',s,'IH'
is,'IH Z',s,'IH'
the,'DH AH',s,''
what,'W AH T',s,''
hast,'HH AE S T',s,'AE'
thou,'DH AW',s,''
thou,'DH AW',s,''
hast,'HH AE S T',s,'AE'
mistaken,'M IH S T EY K AH N',s,'IH EY'
and,'AH N D',s,''
laid,'L EH D',s,''
the,'DH AH',s,''
on,'AA N',s,'AA'
of,'AH V',s,''
misprision,'M IH S P R IH ZH AH N',s,'IH IH'
must,'M AH S T',s,''
perfoce,'P ER F AO R S',s,'AO'
ensue,'IH N S UW',s,'IH UW'
turned,'T ɐ R N IH D',s,'IH'
and,'AH N D',s,''
not,'N AA T',s,'AA'
a,'AH',s,''
turned,'T ɐ R N IH D',s,'IH'
true,'T R UW',s,'UW'
the,'DH AH',s,''
wood,'W UH D',s,'UH'
go,'G OW',s,''
swifter,'S W IH F T ǝ R',s,'IH'
than,'DH AE N',s,'AE'
the,'DH AH',s,''
and,'AH N D',s,''
of,'AH V',s,''
athens,'AW T ǝ N Z',s,''
look,'L UH K',s,'UH'
thou,'DH AW',s,''
all,'AA L',s,'AA'
she,'SH IY',s,'IY'
is,'IH Z',s,'IH'
and,'AH N D',s,''
of,'AH V',s,''
with,'W IH DH',s,'IH'
of,'AH V',s,''
that,'DH AE T',s,'AE'
costs,'K AA S T S',s,'AA'
the,'DH AH',s,''
fresh,'F R EH SH',s,''
blood,'B L AH D',s,''
dear,'D IY R',s,'IY'
by,'B AY',s,'AY'
illusion,'IH L UW ZH AH N',s,'IH UW'
see,'S IY',s,'IY'
thou,'DH AW',s,''
his,'HH IH Z',s,'IH'
against,'AH G EH N S T',s,''
she,'SH IY',s,'IY'
do,'D OW',s,''
appear,'ǝ P IY R',s,'IY'
of,'AH V',s,''
this,'DH IH S',s,'IH'
with,'W IH DH',s,'IH'
sink,'S IH NG K',s,'IH'
in,'IH N',s,'IH'
of,'AH V',s,''
his,'HH IH Z',s,'IH'
when,'ʍ e N',s,''
his,'HH IH Z',s,'IH'
he,'HH IY',s,'IY'
doth,'D AO TH',s,'AO'
let,'L EH T',s,''
as,'AE Z',s,'AE'
as,'AE Z',s,'AE'
the,'DH AH',s,''
venus,'V IY N AH S',s,'IY'
of,'AH V',s,''
the,'DH AH',s,''
sky,'S K AY',s,'AY'
when,'ʍ e N',s,''
thou,'DH AW',s,''
if,'IH F',s,'IH'
she,'SH IY',s,'IY'
be,'B IY',s,'IY'
by,'B AY',s,'AY'
beg,'B EH G',s,''
of,'AH V',s,''
for,'F AO R',s,'AO'
stand,'S T AE N D',s,'AE'
the,'DH AH',s,''
will,'W IH L',s,'IH'
to,'T UW',s,'UW'
this,'DH IH S',s,'IH'
is,'IH Z',s,'IH'
still,'S T IH L',s,'IH'
thou,'DH AW',s,''
or,'AO R',s,'AO'
thou,'DH AW',s,''
seek,'S IY K',s,'IY'
a,'AH',s,''
to,'T UW',s,'UW'
hie,'ǝ IH',s,'IH'
therefre,'DH EH R F AO R',s,'AO'
robin,'R AA B AH N',s,'AA'
overcast,'OW V ǝ R K AW S T',s,''
the,'DH AH',s,''
the,'DH AH',s,''
cover,'K ɤ V ǝ R',s,''
thou,'DH AW',s,''
with,'W IH DH',s,'IH'
fog,'F AA G',s,'AA'
as,'AE Z',s,'AE'
black,'B L AE K',s,'AE'
as,'AE Z',s,'AE'
and,'AH N D',s,''
lead,'L EH D',s,''
so,'S OW',s,''
as,'AE Z',s,'AE'
not,'N AA T',s,'AA'
within,'W IH DH IH N',s,'IH IH'
to,'T UW',s,'UW'
sometme,'S AH M T AY M',s,'AY'
then,'DH EH N',s,''
stir,'S T ɐ R',s,''
up,'AH P',s,''
with,'W IH DH',s,'IH'
and,'AH N D',s,''
sometme,'S AH M T AY M',s,'AY'
rail,'r EH L',s,''
thou,'DH AW',s,''
and,'AH N D',s,''
from,'F R AH M',s,''
each,'IY CH',s,'IY'
look,'L UH K',s,'UH'
thou,'DH AW',s,''
lead,'L EH D',s,''
them,'DH EH M',s,''
thus,'DH ɤ S',s,''
till,'T IH L',s,'IH'
their,'DH EH R',s,''
brows,'B r ə UH Z',s,'UH'
sleep,'S L IY P',s,'IY'
with,'W IH DH',s,'IH'
leaden,'L EH D AH N',s,''
legs,'L EH G Z',s,''
and,'AH N D',s,''
doth,'D AO TH',s,'AO'
creep,'K R IY P',s,'IY'
then,'DH EH N',s,''
crush,'K r ɤ SH',s,''
this,'DH IH S',s,'IH'
into,'IH N T UW',s,'IH UW'
liquor,'L IH K ǝ R',s,'IH'
hath,'HH AE TH',s,'AE'
this,'DH IH S',s,'IH'
virtuous,'V ER CH UW AH S',s,'UW'
to,'T UW',s,'UW'
from,'F R AH M',s,''
all,'AA L',s,'AA'
error,'e r ǝ R',s,''
with,'W IH DH',s,'IH'
his,'HH IH Z',s,'IH'
and,'AH N D',s,''
his,'HH IH Z',s,'IH'
roll,'r OW L',s,''
with,'W IH DH',s,'IH'
wonted,'W OW N T IH D',s,'IH'
when,'ʍ e N',s,''
all,'AA L',s,'AA'
this,'DH IH S',s,'IH'
shall,'SH AE L',s,'AE'
seem,'S IY M',s,'IY'
a,'AH',s,''
dream,'D R IY M',s,'IY'
and,'AH N D',s,''
fruitless,'F R UW T L AH S',s,'UW'
vision,'V IH ZH AH N',s,'IH'
and,'AH N D',s,''
back,'B AE K',s,'AE'
to,'T UW',s,'UW'
athens,'AW T ǝ N Z',s,''
shall,'SH AE L',s,'AE'
the,'DH AH',s,''
wend,'W EH N D',s,''
with,'W IH DH',s,'IH'
till,'T IH L',s,'IH'
death,'D EH TH',s,''
shall,'SH AE L',s,'AE'
never,'N e V ǝ R',s,''
end,'EH N D',s,''
i,'AY',s,'AY'
in,'IH N',s,'IH'
this,'DH IH S',s,'IH'
affair,'AH F EH R',s,''
do,'D OW',s,''
thee,'DH IY',s,'IY'
employ,'e M P L ǝ IH',s,'IH'
to,'T UW',s,'UW'
my,'M AY',s,'AY'
and,'AH N D',s,''
beg,'B EH G',s,''
and,'AH N D',s,''
then,'DH EH N',s,''
i,'AY',s,'AY'
will,'W IH L',s,'IH'
from,'F R AH M',s,''
view,'V Y UW',s,'UW'
and,'AH N D',s,''
all,'AA L',s,'AA'
shall,'SH AE L',s,'AE'
be,'B IY',s,'IY'
but,'B AH T',s,''
we,'W IY',s,'IY'
spirits,'S P IH R AH T S',s,'IH'
of,'AH V',s,''
another,'ǝ N ɤ DH ǝ R',s,''
sort,'S AO R T',s,'AO'
i,'AY',s,'AY'
with,'W IH DH',s,'IH'
the,'DH AH',s,''
oft,'AO F T',s,'AO'
sport,'S P AO R T',s,'AO'
and,'AH N D',s,''
a,'AH',s,''
forester,'F ɒ r IH S T ǝ R',s,'IH'
the,'DH AH',s,''
tread,'T R EH D',s,''
even,'IY V IH N',s,'IY IH'
till,'T IH L',s,'IH'
the,'DH AH',s,''
all,'AA L',s,'AA'
red,'R EH D',s,''
on,'AA N',s,'AA'
with,'W IH DH',s,'IH'
fair,'F EH R',s,''
beams,'B IY M Z',s,'IY'
turns,'T ɐ R N Z',s,''
into,'IH N T UW',s,'IH UW'
gold,'G OW L D',s,''
his,'HH IH Z',s,'IH'
streams,'S T R IY M Z',s,'IY'
but,'B AH T',s,''
hate,'AW S T',s,''
no,'N OW',s,''
we,'W IY',s,'IY'
effect,'IH F EH K T',s,'IH'
this,'DH IH S',s,'IH'
yet,'Y EH T',s,''
good,'G UH D',s,'UH'
robin,'R AA B AH N',s,'AA'
thou,'DH AW',s,''
this,'DH IH S',s,'IH'
sweet,'S W IY T',s,'IY'
i,'AY',s,'AY'
do,'D OW',s,''
begin,'B IH G IH N',s,'IH IH'
to,'T UW',s,'UW'
for,'F AO R',s,'AO'
of,'AH V',s,''
behind,'B IH ə IH N D',s,'IH IH'
the,'DH AH',s,''
wood,'W UH D',s,'UH'
sweet,'S W IY T',s,'IY'
for,'F AO R',s,'AO'
this,'DH IH S',s,'IH'
fool,'F UH L',s,'UH'
i,'AY',s,'AY'
did,'D IH D',s,'IH'
upbraid,'ɤ P B r EH D',s,''
and,'AH N D',s,''
fall,'F AA L',s,'AA'
out,'AW T',s,''
with,'W IH DH',s,'IH'
for,'F AO R',s,'AO'
she,'SH IY',s,'IY'
his,'HH IH Z',s,'IH'
hairy,'HH EH R IY',s,'IY'
temples,'T EH M P AH L Z',s,''
then,'DH EH N',s,''
had,'HH AE D',s,'AE'
rounded,'R AW N D AH D',s,''
with,'W IH DH',s,'IH'
of,'AH V',s,''
fresh,'F R EH SH',s,''
and,'AH N D',s,''
fragrant,'F R EY G R AH N T',s,'EY'
and,'AH N D',s,''
that,'DH AE T',s,'AE'
dew,'D Y UW',s,'UW'
sometme,'S AH M T AY M',s,'AY'
on,'AA N',s,'AA'
the,'DH AH',s,''
buds,'B ɤ D Z',s,''
was,'W AA Z',s,'AA'
wont,'W OW N T',s,''
to,'T UW',s,'UW'
swell,'S W EH L',s,''
and,'AH N D',s,''
pearls,'P ɐ R L Z',s,''
stood,'S T UH D',s,'UH'
within,'W IH DH IH N',s,'IH IH'
the,'DH AH',s,''
prettty,'P r IH T ǝ IH',s,'IH IH'
tears,'T EH R Z',s,''
that,'DH AE T',s,'AE'
did,'D IH D',s,'IH'
their,'DH EH R',s,''
bewail,'B IH W EH L',s,'IH'
when,'ʍ e N',s,''
i,'AY',s,'AY'
had,'HH AE D',s,'AE'
at,'AE T',s,'AE'
my,'M AY',s,'AY'
pleasre,'P L EH ZH ER',s,''
taunted,'T AO N T IH D',s,'AO IH'
and,'AH N D',s,''
she,'SH IY',s,'IY'
in,'IH N',s,'IH'
terms,'T ɐ R M Z',s,''
my,'M AY',s,'AY'
i,'AY',s,'AY'
then,'DH EH N',s,''
did,'D IH D',s,'IH'
ask,'AW S K',s,''
of,'AH V',s,''
child,'CH AY L D',s,'AY'
she,'SH IY',s,'IY'
me,'M IY',s,'IY'
and,'AH N D',s,''
fairy,'F EH R IY',s,'IY'
sent,'S EH N T',s,''
to,'T UW',s,'UW'
bear,'B EH R',s,''
him,'HH IH M',s,'IH'
to,'T UW',s,'UW'
my,'M AY',s,'AY'
in,'IH N',s,'IH'
fairyland,'F EH R IY L AE N D',s,'IY AE'
and,'AH N D',s,''
i,'AY',s,'AY'
the,'DH AH',s,''
i,'AY',s,'AY'
will,'W IH L',s,'IH'
undo,'AH N D UW',s,'UW'
this,'DH IH S',s,'IH'
of,'AH V',s,''
and,'AH N D',s,''
puck,'P ɤ K',s,''
this,'DH IH S',s,'IH'
from,'F R AH M',s,''
off,'AO F',s,'AO'
the,'DH AH',s,''
of,'AH V',s,''
this,'DH IH S',s,'IH'
swain,'S W EY N',s,'EY'
that,'DH AE T',s,'AE'
he,'HH IY',s,'IY'
when,'ʍ e N',s,''
the,'DH AH',s,''
do,'D OW',s,''
all,'AA L',s,'AA'
to,'T UW',s,'UW'
athens,'AW T ǝ N Z',s,''
back,'B AE K',s,'AE'
again,'ǝ ɡ EH N',s,''
repair,'r IH P EH R',s,'IH'
and,'AH N D',s,''
think,'TH IH NG K',s,'IH'
no,'N OW',s,''
of,'AH V',s,''
this,'DH IH S',s,'IH'
but,'B AH T',s,''
as,'AE Z',s,'AE'
the,'DH AH',s,''
of,'AH V',s,''
a,'AH',s,''
dream,'D R IY M',s,'IY'
but,'B AH T',s,''
i,'AY',s,'AY'
will,'W IH L',s,'IH'
the,'DH AH',s,''
fairy,'F EH R IY',s,'IY'
be,'B IY',s,'IY'
as,'AE Z',s,'AE'
thou,'DH AW',s,''
wont,'W OW N T',s,''
to,'T UW',s,'UW'
be,'B IY',s,'IY'
see,'S IY',s,'IY'
as,'AE Z',s,'AE'
thou,'DH AW',s,''
wont,'W OW N T',s,''
to,'T UW',s,'UW'
see,'S IY',s,'IY'
bud,'B ɤ D',s,''
hath,'HH AE TH',s,'AE'
and,'AH N D',s,''
my,'M AY',s,'AY'
you,'Y UW',s,'UW'
my,'M AY',s,'AY'
sweet,'S W IY T',s,'IY'
your,'Y AO R',s,'AO'
off,'AO F',s,'AO'
this,'DH IH S',s,'IH'
call,'K AO L',s,'AO'
and,'AH N D',s,''
dead,'D EH D',s,''
than,'DH AE N',s,'AE'
common,'K AA M AH N',s,'AA'
sleep,'S L IY P',s,'IY'
of,'AH V',s,''
all,'AA L',s,'AA'
the,'DH AH',s,''
my,'M AY',s,'AY'
with,'W IH DH',s,'IH'
me,'M IY',s,'IY'
and,'AH N D',s,''
rock,'R AA K',s,'AA'
the,'DH AH',s,''
sleepers,'S L IY P ǝ R Z',s,'IY'
be,'B IY',s,'IY'
thou,'DH AW',s,''
and,'AH N D',s,''
i,'AY',s,'AY'
in,'IH N',s,'IH'
amity,'AE M IH T IY',s,'AE IH IY'
and,'AH N D',s,''
will,'W IH L',s,'IH'
in,'IH N',s,'IH'
and,'AH N D',s,''
bless,'B L EH S',s,''
it,'IH T',s,'IH'
to,'T UW',s,'UW'
all,'AA L',s,'AA'
fair,'F EH R',s,''
prosperity,'P R AA S P EH R AH T IY',s,'AA IY'
shall,'SH AE L',s,'AE'
the,'DH AH',s,''
pairs,'P EH R Z',s,''
of,'AH V',s,''
be,'B IY',s,'IY'
wedded,'W EH D AH D',s,''
with,'W IH DH',s,'IH'
all,'AA L',s,'AA'
in,'IH N',s,'IH'
then,'DH EH N',s,''
my,'M AY',s,'AY'
in,'IH N',s,'IH'
sad,'S AE D',s,'AE'
trip,'T R IH P',s,'IH'
we,'W IY',s,'IY'
after,'AW F T ǝ R',s,''
we,'W IY',s,'IY'
the,'DH AH',s,''
can,'K AE N',s,'AE'
compass,'K ɤ M P ǝ S',s,''
soon,'S UW N',s,'UW'
swifter,'S W IH F T ǝ R',s,'IH'
than,'DH AE N',s,'AE'
the,'DH AH',s,''
moon,'M UW N',s,'UW'
the,'DH AH',s,''
by,'B AY',s,'AY'
the,'DH AH',s,''
dead,'D EH D',s,''
and,'AH N D',s,''
every,'e V r ǝ IH',s,'IH'
elf,'EH L F',s,''
and,'AH N D',s,''
fairy,'F EH R IY',s,'IY'
hop,'HH AA P',s,'AA'
as,'AE Z',s,'AE'
as,'AE Z',s,'AE'
bird,'B ɐ R D',s,''
from,'F R AH M',s,''
brier,'B R AY ER',s,'AY'
and,'AH N D',s,''
this,'DH IH S',s,'IH'
after,'AW F T ǝ R',s,''
me,'M IY',s,'IY'
and,'AH N D',s,''
it,'IH T',s,'IH'
trippingly,'T r IH P IH N L ǝ IH',s,'IH IH IH'
until,'AH N T IH L',s,'IH'
the,'DH AH',s,''
break,'B R EY K',s,'EY'
of,'AH V',s,''
this,'DH IH S',s,'IH'
each,'IY CH',s,'IY'
fairy,'F EH R IY',s,'IY'
to,'T UW',s,'UW'
the,'DH AH',s,''
best,'B EH S T',s,''
will,'W IH L',s,'IH'
we,'W IY',s,'IY'
by,'B AY',s,'AY'
us,'AH S',s,''
shall,'SH AE L',s,'AE'
be,'B IY',s,'IY'
and,'AH N D',s,''
the,'DH AH',s,''
shall,'SH AE L',s,'AE'
be,'B IY',s,'IY'
so,'S OW',s,''
shall,'SH AE L',s,'AE'
all,'AA L',s,'AA'
the,'DH AH',s,''
couples,'K ɤ P ǝ L Z',s,''
true,'T R UW',s,'UW'
in,'IH N',s,'IH'
be,'B IY',s,'IY'
and,'AH N D',s,''
the,'DH AH',s,''
blots,'B L AA T S',s,'AA'
of,'AH V',s,''
shall,'SH AE L',s,'AE'
not,'N AA T',s,'AA'
in,'IH N',s,'IH'
their,'DH EH R',s,''
stand,'S T AE N D',s,'AE'
never,'N e V ǝ R',s,''
harelip,'EH R - ˌ L IH P',s,'IH'
nor,'N AO R',s,'AO'
nor,'N AO R',s,'AO'
mark,'M AA R K',s,'AA'
as,'AE Z',s,'AE'
in,'IH N',s,'IH'
nativity,'N AH T IH V AH T IY',s,'IH IY'
shall,'SH AE L',s,'AE'
upon,'AH P AA N',s,'AA'
their,'DH EH R',s,''
children,'CH IH L D R AH N',s,'IH'
be,'B IY',s,'IY'
with,'W IH DH',s,'IH'
this,'DH IH S',s,'IH'
every,'e V r ǝ IH',s,'IH'
fairy,'F EH R IY',s,'IY'
his,'HH IH Z',s,'IH'
gait,'G EH T',s,''
and,'AH N D',s,''
each,'IY CH',s,'IY'
bless,'B L EH S',s,''
this,'DH IH S',s,'IH'
with,'W IH DH',s,'IH'
sweet,'S W IY T',s,'IY'
and,'AH N D',s,''
the,'DH AH',s,''
of,'AH V',s,''
it,'IH T',s,'IH'
blest,'B L EH S T',s,''
shall,'SH AE L',s,'AE'
in,'IH N',s,'IH'
safety,'S EH F T ǝ IH',s,'IH'
rest,'R EH S T',s,''
trip,'T R IH P',s,'IH'
no,'N OW',s,''
meet,'M IY T',s,'IY'
me,'M IY',s,'IY'
all,'AA L',s,'AA'
by,'B AY',s,'AY'
break,'B R EY K',s,'EY'
of,'AH V',s,''
