what,'W AH T',s,''
is,'IH Z',s,'IH'
faith,'F EY TH',s,'EY'
let,'L EH T',s,''
not,'N AA T',s,'AA'
me,'M IY',s,'IY'
a,'AH',s,''
woman,'W UH M AH N',s,'UH'
i,'AY',s,'AY'
a,'AH',s,''
beard,'B EH R D',s,''
that,'DH AE T',s,'AE'
us,'AH S',s,''
every,'e V r ǝ IH',s,'IH'
son,'S AO ̃',s,'AO'
must,'M AH S T',s,''
i,'AY',s,'AY'
speak,'S P IY K',s,'IY'
most,'M OW S T',s,''
most,'M OW S T',s,''
of,'AH V',s,''
hue,'Y UW',s,'UW'
of,'AH V',s,''
the,'DH AH',s,''
red,'R EH D',s,''
on,'AA N',s,'AA'
triumphant,'T R AY AH M F AH N T',s,'AY'
brier,'B R AY ER',s,'AY'
most,'M OW S T',s,''
brisky,'B R IH S K IY',s,'IH IY'
and,'AH N D',s,''
most,'M OW S T',s,''
lovely,'L ɤ V L ǝ IH',s,'IH'
as,'AE Z',s,'AE'
true,'T R UW',s,'UW'
as,'AE Z',s,'AE'
that,'DH AE T',s,'AE'
yet,'Y EH T',s,''
never,'N e V ǝ R',s,''
meet,'M IY T',s,'IY'
thee,'DH IY',s,'IY'
at,'AE T',s,'AE'
o,'OW',s,''
as,'AE Z',s,'AE'
true,'T R UW',s,'UW'
as,'AE Z',s,'AE'
that,'DH AE T',s,'AE'
yet,'Y EH T',s,''
never,'N e V ǝ R',s,''
if,'IH F',s,'IH'
he,'HH IY',s,'IY'
not,'N AA T',s,'AA'
then,'DH EH N',s,''
the,'DH AH',s,''
is,'IH Z',s,'IH'
it,'IH T',s,'IH'
goes,'G OW Z',s,''
not,'N AA T',s,'AA'
doth,'D AO TH',s,'AO'
it,'IH T',s,'IH'
no,'N OW',s,''
he,'HH IY',s,'IY'
hath,'HH AE TH',s,'AE'
simply,'S IH M P L IY',s,'IH IY'
the,'DH AH',s,''
best,'B EH S T',s,''
wit,'W IH T',s,'IH'
of,'AH V',s,''
in,'IH N',s,'IH'
athens,'AW T ǝ N Z',s,''
you,'Y UW',s,'UW'
must,'M AH S T',s,''
a,'AH',s,''
is,'IH Z',s,'IH'
god,'G AA D',s,'AA'
bless,'B L EH S',s,''
us,'AH S',s,''
a,'AH',s,''
of,'AH V',s,''
o,'OW',s,''
sweet,'S W IY T',s,'IY'
bullly,'B UH L ə IH',s,'UH IH'
bottom,'B AA T AH M',s,'AA'
thus,'DH ɤ S',s,''
hath,'HH AE TH',s,'AE'
he,'HH IY',s,'IY'
lost,'L AO S T',s,'AO'
a,'AH',s,''
his,'HH IH Z',s,'IH'
he,'HH IY',s,'IY'
not,'N AA T',s,'AA'
a,'AH',s,''
an,'AE N',s,'AE'
the,'DH AH',s,''
had,'HH AE D',s,'AE'
not,'N AA T',s,'AA'
given,'G IH V AH N',s,'IH'
him,'HH IH M',s,'IH'
a,'AH',s,''
for,'F AO R',s,'AO'
be,'B IY',s,'IY'
he,'HH IY',s,'IY'
deserved,'D IH Z ɐ R V IH D',s,'IH IH'
it,'IH T',s,'IH'
a,'AH',s,''
in,'IH N',s,'IH'
or,'AO R',s,'AO'
o,'OW',s,''
wall,'W AO L',s,'AO'
full,'F UH L',s,'UH'
hast,'HH AE S T',s,'AE'
thou,'DH AW',s,''
my,'M AY',s,'AY'
moans,'M OW N Z',s,''
for,'F AO R',s,'AO'
parting,'P AA R T · IH N',s,'AA IH'
my,'M AY',s,'AY'
fair,'F EH R',s,''
and,'AH N D',s,''
me,'M IY',s,'IY'
my,'M AY',s,'AY'
lips,'L IH P S',s,'IH'
with,'W IH DH',s,'IH'
and,'AH N D',s,''
hair,'HH EH R',s,''
up,'AH P',s,''
in,'IH N',s,'IH'
thee,'DH IY',s,'IY'
my,'M AY',s,'AY'
thou,'DH AW',s,''
art,'AA R T',s,'AA'
my,'M AY',s,'AY'
i,'AY',s,'AY'
think,'TH IH NG K',s,'IH'
and,'AH N D',s,''
i,'AY',s,'AY'
helen,'HH EH L AH N',s,''
till,'T IH L',s,'IH'
the,'DH AH',s,''
me,'M IY',s,'IY'
kill,'K IH L',s,'IH'
as,'AE Z',s,'AE'
shafalus,'SH AW F ǝ L ǝ S',s,''
to,'T UW',s,'UW'
i,'AY',s,'AY'
to,'T UW',s,'UW'
you,'Y UW',s,'UW'
i,'AY',s,'AY'
kiss,'K IH S',s,'IH'
the,'DH AH',s,''
hle,'OW L',s,''
not,'N AA T',s,'AA'
your,'Y AO R',s,'AO'
lips,'L IH P S',s,'IH'
at,'AE T',s,'AE'
all,'AA L',s,'AA'
death,'D EH TH',s,''
i,'AY',s,'AY'
this,'DH IH S',s,'IH'
is,'IH Z',s,'IH'
old,'OW L D',s,''
is,'IH Z',s,'IH'
my,'M AY',s,'AY'
asleep,'AH S L IY P',s,'IY'
my,'M AY',s,'AY'
what,'W AH T',s,''
dead,'D EH D',s,''
my,'M AY',s,'AY'
o,'OW',s,''
arse,'ER AY Z',s,'AY'
speak,'S P IY K',s,'IY'
speak,'S P IY K',s,'IY'
dead,'D EH D',s,''
dead,'D EH D',s,''
a,'AH',s,''
must,'M AH S T',s,''
cover,'K ɤ V ǝ R',s,''
sweet,'S W IY T',s,'IY'
lily,'L IH L IY',s,'IH IY'
lips,'L IH P S',s,'IH'
this,'DH IH S',s,'IH'
cheeks,'CH IY K S',s,'IY'
moan,'M OW N',s,''
his,'HH IH Z',s,'IH'
wre,'W ER',s,''
green,'G R IY N',s,'IY'
as,'AE Z',s,'AE'
leeks,'L IY K S',s,'IY'
o,'OW',s,''
to,'T UW',s,'UW'
me,'M IY',s,'IY'
with,'W IH DH',s,'IH'
as,'AE Z',s,'AE'
as,'AE Z',s,'AE'
milk,'M IH L K',s,'IH'
them,'DH EH M',s,''
in,'IH N',s,'IH'
you,'Y UW',s,'UW'
with,'W IH DH',s,'IH'
shears,'SH IY R Z',s,'IY'
his,'HH IH Z',s,'IH'
of,'AH V',s,''
silk,'S IH L K',s,'IH'
not,'N AA T',s,'AA'
a,'AH',s,''
my,'M AY',s,'AY'
breast,'B R EH S T',s,''
imbrue,'IH M B r UW',s,'IH UW'
and,'AH N D',s,''
friends,'F R EH N D Z',s,''
thus,'DH ɤ S',s,''
ends,'EH N D Z',s,''
adieu,'AH D UW',s,'UW'
adieu,'AH D UW',s,'UW'
adieu,'AH D UW',s,'UW'
