you,'Y UW',s,'UW'
wre,'W ER',s,''
best,'B EH S T',s,''
to,'T UW',s,'UW'
call,'K AO L',s,'AO'
them,'DH EH M',s,''
man,'M AE N',s,'AE'
by,'B AY',s,'AY'
man,'M AE N',s,'AE'
to,'T UW',s,'UW'
the,'DH AH',s,''
sccrip,'S K R IH P',s,'IH'
good,'G UH D',s,'UH'
what,'W AH T',s,''
the,'DH AH',s,''
treats,'T R IY T S',s,'IY'
on,'AA N',s,'AA'
then,'DH EH N',s,''
read,'r e D',s,''
the,'DH AH',s,''
of,'AH V',s,''
the,'DH AH',s,''
and,'AH N D',s,''
so,'S OW',s,''
to,'T UW',s,'UW'
a,'AH',s,''
a,'AH',s,''
very,'V EH R IY',s,'IY'
good,'G UH D',s,'UH'
of,'AH V',s,''
work,'W AO R K',s,'AO'
i,'AY',s,'AY'
you,'Y UW',s,'UW'
and,'AH N D',s,''
a,'AH',s,''
merrry,'M e r ǝ IH',s,'IH'
good,'G UH D',s,'UH'
call,'K AO L',s,'AO'
forth,'F AO R TH',s,'AO'
your,'Y AO R',s,'AO'
by,'B AY',s,'AY'
the,'DH AH',s,''
sccroll,'S K R OW L',s,''
masters,'M AW S T ǝ R Z',s,''
spread,'S P R EH D',s,''
ready,'R EH D IY',s,'IY'
what,'W AH T',s,''
part,'P AA R T',s,'AA'
i,'AY',s,'AY'
am,'AE M',s,'AE'
for,'F AO R',s,'AO'
and,'AH N D',s,''
proceed,'P R AH S IY D',s,'IY'
what,'W AH T',s,''
is,'IH Z',s,'IH'
or,'AO R',s,'AO'
a,'AH',s,''
tyrant,'T AY R AH N T',s,'AY'
that,'DH AE T',s,'AE'
will,'W IH L',s,'IH'
ask,'AW S K',s,''
tears,'T EH R Z',s,''
in,'IH N',s,'IH'
the,'DH AH',s,''
true,'T R UW',s,'UW'
of,'AH V',s,''
it,'IH T',s,'IH'
if,'IH F',s,'IH'
i,'AY',s,'AY'
do,'D OW',s,''
it,'IH T',s,'IH'
let,'L EH T',s,''
the,'DH AH',s,''
look,'L UH K',s,'UH'
to,'T UW',s,'UW'
their,'DH EH R',s,''
i,'AY',s,'AY'
will,'W IH L',s,'IH'
storms,'S T AO R M Z',s,'AO'
i,'AY',s,'AY'
will,'W IH L',s,'IH'
in,'IH N',s,'IH'
to,'T UW',s,'UW'
the,'DH AH',s,''
my,'M AY',s,'AY'
chief,'CH IY F',s,'IY'
humor,'HH Y UW M ER',s,'UW'
is,'IH Z',s,'IH'
for,'F AO R',s,'AO'
a,'AH',s,''
tyrant,'T AY R AH N T',s,'AY'
i,'AY',s,'AY'
rarely,'r EH R L ǝ IH',s,'IH'
or,'AO R',s,'AO'
a,'AH',s,''
part,'P AA R T',s,'AA'
to,'T UW',s,'UW'
tear,'T IY R',s,'IY'
a,'AH',s,''
cat,'K AE T',s,'AE'
in,'IH N',s,'IH'
to,'T UW',s,'UW'
all,'AA L',s,'AA'
split,'S P L IH T',s,'IH'
the,'DH AH',s,''
raging,'r EH D ZH IH N',s,'IH'
and,'AH N D',s,''
shall,'SH AE L',s,'AE'
break,'B R EY K',s,'EY'
the,'DH AH',s,''
of,'AH V',s,''
prison,'P R IH Z AH N',s,'IH'
and,'AH N D',s,''
car,'K AW R',s,''
shall,'SH AE L',s,'AE'
from,'F R AH M',s,''
far,'F AA R',s,'AA'
and,'AH N D',s,''
and,'AH N D',s,''
mar,'M AA R',s,'AA'
the,'DH AH',s,''
foolish,'F UW L IH SH',s,'UW IH'
this,'DH IH S',s,'IH'
was,'W AA Z',s,'AA'
the,'DH AH',s,''
rest,'R EH S T',s,''
of,'AH V',s,''
the,'DH AH',s,''
this,'DH IH S',s,'IH'
is,'IH Z',s,'IH'
vein,'V EY N',s,'EY'
a,'AH',s,''
vein,'V EY N',s,'EY'
a,'AH',s,''
is,'IH Z',s,'IH'
an,'AE N',s,'AE'
i,'AY',s,'AY'
my,'M AY',s,'AY'
let,'L EH T',s,''
me,'M IY',s,'IY'
too,'T UW',s,'UW'
speak,'S P IY K',s,'IY'
in,'IH N',s,'IH'
a,'AH',s,''
my,'M AY',s,'AY'
dear,'D IY R',s,'IY'
dear,'D IY R',s,'IY'
and,'AH N D',s,''
lady,'L EY D IY',s,'EY IY'
dear,'D IY R',s,'IY'
well,'W EH L',s,''
proceed,'P R AH S IY D',s,'IY'
let,'L EH T',s,''
me,'M IY',s,'IY'
the,'DH AH',s,''
too,'T UW',s,'UW'
i,'AY',s,'AY'
will,'W IH L',s,'IH'
roar,'r AO R',s,'AO'
that,'DH AE T',s,'AE'
i,'AY',s,'AY'
will,'W IH L',s,'IH'
do,'D OW',s,''
heart,'HH AA R T',s,'AA'
good,'G UH D',s,'UH'
to,'T UW',s,'UW'
me,'M IY',s,'IY'
i,'AY',s,'AY'
will,'W IH L',s,'IH'
roar,'r AO R',s,'AO'
that,'DH AE T',s,'AE'
i,'AY',s,'AY'
will,'W IH L',s,'IH'
the,'DH AH',s,''
let,'L EH T',s,''
him,'HH IH M',s,'IH'
roar,'r AO R',s,'AO'
again,'ǝ ɡ EH N',s,''
let,'L EH T',s,''
him,'HH IH M',s,'IH'
roar,'r AO R',s,'AO'
again,'ǝ ɡ EH N',s,''
that,'DH AE T',s,'AE'
us,'AH S',s,''
every,'e V r ǝ IH',s,'IH'
son,'S AO ̃',s,'AO'
i,'AY',s,'AY'
grant,'G r AO N T',s,'AO'
you,'Y UW',s,'UW'
friends,'F R EH N D Z',s,''
if,'IH F',s,'IH'
you,'Y UW',s,'UW'
the,'DH AH',s,''
ladies,'L EY D IY Z',s,'EY IY'
out,'AW T',s,''
of,'AH V',s,''
their,'DH EH R',s,''
wits,'W IH T S',s,'IH'
no,'N OW',s,''
but,'B AH T',s,''
to,'T UW',s,'UW'
us,'AH S',s,''
but,'B AH T',s,''
i,'AY',s,'AY'
will,'W IH L',s,'IH'
agggravte,'AE G R AH V EY T',s,'AE EY'
my,'M AY',s,'AY'
so,'S OW',s,''
that,'DH AE T',s,'AE'
i,'AY',s,'AY'
will,'W IH L',s,'IH'
roar,'r AO R',s,'AO'
you,'Y UW',s,'UW'
as,'AE Z',s,'AE'
as,'AE Z',s,'AE'
i,'AY',s,'AY'
will,'W IH L',s,'IH'
roar,'r AO R',s,'AO'
you,'Y UW',s,'UW'
an,'AE N',s,'AE'
well,'W EH L',s,''
i,'AY',s,'AY'
will,'W IH L',s,'IH'
it,'IH T',s,'IH'
what,'W AH T',s,''
beard,'B EH R D',s,''
wre,'W ER',s,''
i,'AY',s,'AY'
best,'B EH S T',s,''
to,'T UW',s,'UW'
it,'IH T',s,'IH'
in,'IH N',s,'IH'
i,'AY',s,'AY'
will,'W IH L',s,'IH'
it,'IH T',s,'IH'
in,'IH N',s,'IH'
either,'EH DH ǝ R',s,''
your,'Y AO R',s,'AO'
beard,'B EH R D',s,''
your,'Y AO R',s,'AO'
beard,'B EH R D',s,''
your,'Y AO R',s,'AO'
purple-in-grain,'P ɐ R P ǝ L - IH N - G r EH N',s,'IH'
beard,'B EH R D',s,''
or,'AO R',s,'AO'
your,'Y AO R',s,'AO'
beard,'B EH R D',s,''
your,'Y AO R',s,'AO'
we,'W IY',s,'IY'
will,'W IH L',s,'IH'
meet,'M IY T',s,'IY'
and,'AH N D',s,''
we,'W IY',s,'IY'
rehease,'R IY HH ER S',s,'IY'
most,'M OW S T',s,''
obscenely,'AA B S IY N AH L IY',s,'AA IY IY'
and,'AH N D',s,''
pains,'P EH N Z',s,''
be,'B IY',s,'IY'
adieu,'AH D UW',s,'UW'
or,'AO R',s,'AO'
cut,'K ɤ T',s,''
we,'W IY',s,'IY'
all,'AA L',s,'AA'
met,'M EH T',s,''
in,'IH N',s,'IH'
this,'DH IH S',s,'IH'
of,'AH V',s,''
and,'AH N D',s,''
that,'DH AE T',s,'AE'
will,'W IH L',s,'IH'
never,'N e V ǝ R',s,''
must,'M AH S T',s,''
a,'AH',s,''
to,'T UW',s,'UW'
kill,'K IH L',s,'IH'
himself,'HH IH M S EH L F',s,'IH'
the,'DH AH',s,''
ladies,'L EY D IY Z',s,'EY IY'
cannot,'K AE N AA T',s,'AE AA'
you,'Y UW',s,'UW'
that,'DH AE T',s,'AE'
not,'N AA T',s,'AA'
a,'AH',s,''
whit,'W IH T',s,'IH'
i,'AY',s,'AY'
a,'AH',s,''
to,'T UW',s,'UW'
all,'AA L',s,'AA'
well,'W EH L',s,''
me,'M IY',s,'IY'
a,'AH',s,''
and,'AH N D',s,''
let,'L EH T',s,''
the,'DH AH',s,''
seem,'S IY M',s,'IY'
to,'T UW',s,'UW'
we,'W IY',s,'IY'
will,'W IH L',s,'IH'
do,'D OW',s,''
no,'N OW',s,''
with,'W IH DH',s,'IH'
our,'OW R',s,''
and,'AH N D',s,''
that,'DH AE T',s,'AE'
is,'IH Z',s,'IH'
not,'N AA T',s,'AA'
indeed,'IH N D IY D',s,'IH IY'
and,'AH N D',s,''
for,'F AO R',s,'AO'
the,'DH AH',s,''
better,'B e T ə R',s,''
tell,'T EH L',s,''
them,'DH EH M',s,''
that,'DH AE T',s,'AE'
i,'AY',s,'AY'
am,'AE M',s,'AE'
not,'N AA T',s,'AA'
but,'B AH T',s,''
bottom,'B AA T AH M',s,'AA'
the,'DH AH',s,''
this,'DH IH S',s,'IH'
will,'W IH L',s,'IH'
put,'P UH T',s,'UH'
them,'DH EH M',s,''
out,'AW T',s,''
of,'AH V',s,''
fear,'F IY R',s,'IY'
no,'N OW',s,''
it,'IH T',s,'IH'
let,'L EH T',s,''
it,'IH T',s,'IH'
be,'B IY',s,'IY'
written,'R IH T AH N',s,'IH'
in,'IH N',s,'IH'
and,'AH N D',s,''
masters,'M AW S T ǝ R Z',s,''
you,'Y UW',s,'UW'
to,'T UW',s,'UW'
with,'W IH DH',s,'IH'
to,'T UW',s,'UW'
in,'IH N',s,'IH'
god,'G AA D',s,'AA'
shield,'SH IY L D',s,'IY'
us,'AH S',s,''
a,'AH',s,''
ladies,'L EY D IY Z',s,'EY IY'
is,'IH Z',s,'IH'
a,'AH',s,''
most,'M OW S T',s,''
dreadful,'D R EH D F AH L',s,''
for,'F AO R',s,'AO'
is,'IH Z',s,'IH'
not,'N AA T',s,'AA'
a,'AH',s,''
fearful,'F IH R F AH L',s,'IH'
than,'DH AE N',s,'AE'
your,'Y AO R',s,'AO'
and,'AH N D',s,''
we,'W IY',s,'IY'
to,'T UW',s,'UW'
look,'L UH K',s,'UH'
to,'T UW',s,'UW'
you,'Y UW',s,'UW'
must,'M AH S T',s,''
his,'HH IH Z',s,'IH'
and,'AH N D',s,''
his,'HH IH Z',s,'IH'
must,'M AH S T',s,''
be,'B IY',s,'IY'
seen,'S IY N',s,'IY'
the,'DH AH',s,''
lion's,'L AY AH N Z',s,'AY'
neck,'N EH K',s,''
and,'AH N D',s,''
he,'HH IY',s,'IY'
himself,'HH IH M S EH L F',s,'IH'
must,'M AH S T',s,''
speak,'S P IY K',s,'IY'
thus,'DH ɤ S',s,''
or,'AO R',s,'AO'
to,'T UW',s,'UW'
the,'DH AH',s,''
defect,'D IH F e K T',s,'IH'
ladies,'L EY D IY Z',s,'EY IY'
or,'AO R',s,'AO'
fair,'F EH R',s,''
ladies,'L EY D IY Z',s,'EY IY'
i,'AY',s,'AY'
wish,'W IH SH',s,'IH'
you,'Y UW',s,'UW'
or,'AO R',s,'AO'
i,'AY',s,'AY'
you,'Y UW',s,'UW'
or,'AO R',s,'AO'
i,'AY',s,'AY'
you,'Y UW',s,'UW'
not,'N AA T',s,'AA'
to,'T UW',s,'UW'
fear,'F IY R',s,'IY'
not,'N AA T',s,'AA'
to,'T UW',s,'UW'
my,'M AY',s,'AY'
for,'F AO R',s,'AO'
yours,'Y UH R Z',s,'UH'
if,'IH F',s,'IH'
you,'Y UW',s,'UW'
think,'TH IH NG K',s,'IH'
i,'AY',s,'AY'
as,'AE Z',s,'AE'
a,'AH',s,''
it,'IH T',s,'IH'
wre,'W ER',s,''
of,'AH V',s,''
my,'M AY',s,'AY'
no,'N OW',s,''
i,'AY',s,'AY'
am,'AE M',s,'AE'
no,'N OW',s,''
i,'AY',s,'AY'
am,'AE M',s,'AE'
a,'AH',s,''
man,'M AE N',s,'AE'
as,'AE Z',s,'AE'
men,'M EH N',s,''
and,'AH N D',s,''
indeed,'IH N D IY D',s,'IH IY'
let,'L EH T',s,''
him,'HH IH M',s,'IH'
his,'HH IH Z',s,'IH'
and,'AH N D',s,''
tell,'T EH L',s,''
them,'DH EH M',s,''
he,'HH IY',s,'IY'
is,'IH Z',s,'IH'
snug,'S N AH G',s,''
the,'DH AH',s,''
a,'AH',s,''
calendar,'K AW L ǝ N D ǝ R',s,''
a,'AH',s,''
calendar,'K AW L ǝ N D ǝ R',s,''
look,'L UH K',s,'UH'
in,'IH N',s,'IH'
the,'DH AH',s,''
almanac,'AO L M AH N AE K',s,'AO AE'
out,'AW T',s,''
out,'AW T',s,''
whhy,'ʍ ǝ IH',s,'IH'
then,'DH EH N',s,''
you,'Y UW',s,'UW'
a,'AH',s,''
of,'AH V',s,''
the,'DH AH',s,''
great,'G r e T',s,''
we,'W IY',s,'IY'
open,'OW P ǝ N',s,''
and,'AH N D',s,''
the,'DH AH',s,''
moon,'M UW N',s,'UW'
in,'IH N',s,'IH'
at,'AE T',s,'AE'
the,'DH AH',s,''
man,'M AE N',s,'AE'
or,'AO R',s,'AO'
must,'M AH S T',s,''
present,'P r IH Z e N T',s,'IH'
wall,'W AO L',s,'AO'
and,'AH N D',s,''
let,'L EH T',s,''
him,'HH IH M',s,'IH'
plaster,'P L AW S T ǝ R',s,''
or,'AO R',s,'AO'
loam,'L OW M',s,''
or,'AO R',s,'AO'
roughcast,'r ɤ F ˌ K AW S T',s,''
him,'HH IH M',s,'IH'
to,'T UW',s,'UW'
signify,'S IH G N AH F AY',s,'IH AY'
wall,'W AO L',s,'AO'
or,'AO R',s,'AO'
let,'L EH T',s,''
him,'HH IH M',s,'IH'
his,'HH IH Z',s,'IH'
thus,'DH ɤ S',s,''
and,'AH N D',s,''
that,'DH AE T',s,'AE'
shall,'SH AE L',s,'AE'
and,'AH N D',s,''
whisper,'ʍ IH S P ǝ R',s,'IH'
the,'DH AH',s,''
of,'AH V',s,''
sweet,'S W IY T',s,'IY'
sweet,'S W IY T',s,'IY'
so,'S OW',s,''
hath,'HH AE TH',s,'AE'
breath,'B R EH TH',s,''
my,'M AY',s,'AY'
dearest,'D IY R ǝ S T',s,'IY'
dear,'D IY R',s,'IY'
but,'B AH T',s,''
a,'AH',s,''
thou,'DH AW',s,''
but,'B AH T',s,''
and,'AH N D',s,''
by,'B AY',s,'AY'
and,'AH N D',s,''
by,'B AY',s,'AY'
i,'AY',s,'AY'
will,'W IH L',s,'IH'
to,'T UW',s,'UW'
thee,'DH IY',s,'IY'
appear,'ǝ P IY R',s,'IY'
if,'IH F',s,'IH'
i,'AY',s,'AY'
wre,'W ER',s,''
fair,'F EH R',s,''
fair,'F EH R',s,''
i,'AY',s,'AY'
wre,'W ER',s,''
only,'OW N L IY',s,'IY'
whhy,'ʍ ǝ IH',s,'IH'
do,'D OW',s,''
run,'r ɤ N',s,''
this,'DH IH S',s,'IH'
is,'IH Z',s,'IH'
a,'AH',s,''
of,'AH V',s,''
them,'DH EH M',s,''
to,'T UW',s,'UW'
me,'M IY',s,'IY'
what,'W AH T',s,''
do,'D OW',s,''
you,'Y UW',s,'UW'
see,'S IY',s,'IY'
you,'Y UW',s,'UW'
see,'S IY',s,'IY'
an,'AE N',s,'AE'
of,'AH V',s,''
your,'Y AO R',s,'AO'
do,'D OW',s,''
you,'Y UW',s,'UW'
i,'AY',s,'AY'
see,'S IY',s,'IY'
their,'DH EH R',s,''
this,'DH IH S',s,'IH'
is,'IH Z',s,'IH'
to,'T UW',s,'UW'
an,'AE N',s,'AE'
ass,'AE S',s,'AE'
of,'AH V',s,''
me,'M IY',s,'IY'
to,'T UW',s,'UW'
me,'M IY',s,'IY'
if,'IH F',s,'IH'
but,'B AH T',s,''
i,'AY',s,'AY'
will,'W IH L',s,'IH'
not,'N AA T',s,'AA'
stir,'S T ɐ R',s,''
from,'F R AH M',s,''
this,'DH IH S',s,'IH'
do,'D OW',s,''
what,'W AH T',s,''
can,'K AE N',s,'AE'
i,'AY',s,'AY'
will,'W IH L',s,'IH'
up,'AH P',s,''
and,'AH N D',s,''
down,'D ǝ UH N',s,'UH'
and,'AH N D',s,''
i,'AY',s,'AY'
will,'W IH L',s,'IH'
that,'DH AE T',s,'AE'
shall,'SH AE L',s,'AE'
i,'AY',s,'AY'
am,'AE M',s,'AE'
not,'N AA T',s,'AA'
afraid,'ǝ F r EH D',s,''
the,'DH AH',s,''
ouzel,'UW Z ǝ L',s,'UW'
cock,'K AA K',s,'AA'
so,'S OW',s,''
black,'B L AE K',s,'AE'
of,'AH V',s,''
hue,'Y UW',s,'UW'
with,'W IH DH',s,'IH'
bill,'B IH L',s,'IH'
the,'DH AH',s,''
with,'W IH DH',s,'IH'
his,'HH IH Z',s,'IH'
so,'S OW',s,''
true,'T R UW',s,'UW'
the,'DH AH',s,''
wren,'R EH N',s,''
with,'W IH DH',s,'IH'
the,'DH AH',s,''
finch,'F IH N CH',s,'IH'
the,'DH AH',s,''
and,'AH N D',s,''
the,'DH AH',s,''
lark,'L AA R K',s,'AA'
the,'DH AH',s,''
cuckoo,'K AH K UW',s,'UW'
full,'F UH L',s,'UH'
a,'AH',s,''
man,'M AE N',s,'AE'
doth,'D AO TH',s,'AO'
mark,'M AA R K',s,'AA'
and,'AH N D',s,''
not,'N AA T',s,'AA'
for,'F AO R',s,'AO'
indeed,'IH N D IY D',s,'IH IY'
who,'HH UW',s,'UW'
set,'S EH T',s,''
his,'HH IH Z',s,'IH'
wit,'W IH T',s,'IH'
to,'T UW',s,'UW'
so,'S OW',s,''
foolish,'F UW L IH SH',s,'UW IH'
a,'AH',s,''
bird,'B ɐ R D',s,''
who,'HH UW',s,'UW'
a,'AH',s,''
bird,'B ɐ R D',s,''
the,'DH AH',s,''
he,'HH IY',s,'IY'
cuckoo,'K AH K UW',s,'UW'
never,'N e V ǝ R',s,''
so,'S OW',s,''
methinks,'M IH TH IH NG K S',s,'IH IH'
mistress,'M IH S T R AH S',s,'IH'
you,'Y UW',s,'UW'
reason,'r EH Z ǝ N',s,''
for,'F AO R',s,'AO'
that,'DH AE T',s,'AE'
and,'AH N D',s,''
yet,'Y EH T',s,''
to,'T UW',s,'UW'
the,'DH AH',s,''
truth,'T R UW TH',s,'UW'
reason,'r EH Z ǝ N',s,''
and,'AH N D',s,''
keep,'K IY P',s,'IY'
company,'K AH M P AH N IY',s,'IY'
nowadays,'N ǝ UH ǝ ˌ D EH Z',s,'UH'
the,'DH AH',s,''
the,'DH AH',s,''
that,'DH AE T',s,'AE'
will,'W IH L',s,'IH'
not,'N AA T',s,'AA'
them,'DH EH M',s,''
friends,'F R EH N D Z',s,''
i,'AY',s,'AY'
can,'K AE N',s,'AE'
upon,'AH P AA N',s,'AA'
not,'N AA T',s,'AA'
so,'S OW',s,''
neither,'N EH DH ǝ R',s,''
but,'B AH T',s,''
if,'IH F',s,'IH'
i,'AY',s,'AY'
had,'HH AE D',s,'AE'
wit,'W IH T',s,'IH'
to,'T UW',s,'UW'
get,'G EH T',s,''
out,'AW T',s,''
of,'AH V',s,''
this,'DH IH S',s,'IH'
wood,'W UH D',s,'UH'
i,'AY',s,'AY'
to,'T UW',s,'UW'
seve,'S ER V',s,''
turn,'T ɐ R N',s,''
i,'AY',s,'AY'
your,'Y AO R',s,'AO'
worships,'W AO R SH IH P S',s,'AO IH'
beseech,'B IY S IY CH',s,'IY IY'
your,'Y AO R',s,'AO'
i,'AY',s,'AY'
shall,'SH AE L',s,'AE'
you,'Y UW',s,'UW'
of,'AH V',s,''
good,'G UH D',s,'UH'
master,'M AW S T ǝ R',s,''
cobweb,'K AA B W EH B',s,'AA'
if,'IH F',s,'IH'
i,'AY',s,'AY'
cut,'K ɤ T',s,''
my,'M AY',s,'AY'
i,'AY',s,'AY'
shall,'SH AE L',s,'AE'
bold,'B OW L D',s,''
with,'W IH DH',s,'IH'
gentleman,'JH EH N T AH L M AH N',s,''
i,'AY',s,'AY'
you,'Y UW',s,'UW'
commend,'K AH M EH N D',s,''
me,'M IY',s,'IY'
to,'T UW',s,'UW'
mistress,'M IH S T R AH S',s,'IH'
your,'Y AO R',s,'AO'
and,'AH N D',s,''
to,'T UW',s,'UW'
master,'M AW S T ǝ R',s,''
your,'Y AO R',s,'AO'
good,'G UH D',s,'UH'
master,'M AW S T ǝ R',s,''
i,'AY',s,'AY'
shall,'SH AE L',s,'AE'
you,'Y UW',s,'UW'
of,'AH V',s,''
i,'AY',s,'AY'
beseech,'B IY S IY CH',s,'IY IY'
you,'Y UW',s,'UW'
good,'G UH D',s,'UH'
master,'M AW S T ǝ R',s,''
i,'AY',s,'AY'
your,'Y AO R',s,'AO'
well,'W EH L',s,''
that,'DH AE T',s,'AE'
hath,'HH AE TH',s,'AE'
a,'AH',s,''
gentleman,'JH EH N T AH L M AH N',s,''
of,'AH V',s,''
your,'Y AO R',s,'AO'
i,'AY',s,'AY'
you,'Y UW',s,'UW'
your,'Y AO R',s,'AO'
hath,'HH AE TH',s,'AE'
my,'M AY',s,'AY'
water,'W AA T ǝ R',s,'AA'
i,'AY',s,'AY'
you,'Y UW',s,'UW'
of,'AH V',s,''
good,'G UH D',s,'UH'
master,'M AW S T ǝ R',s,''
my,'M AY',s,'AY'
cobweb,'K AA B W EH B',s,'AA'
cobweb,'K AA B W EH B',s,'AA'
good,'G UH D',s,'UH'
get,'G EH T',s,''
you,'Y UW',s,'UW'
your,'Y AO R',s,'AO'
weapons,'W EH P AH N Z',s,''
in,'IH N',s,'IH'
your,'Y AO R',s,'AO'
and,'AH N D',s,''
kill,'K IH L',s,'IH'
me,'M IY',s,'IY'
a,'AH',s,''
humble-bee,'ɤ M B ǝ L - ˌ B IY',s,'IY'
on,'AA N',s,'AA'
the,'DH AH',s,''
top,'T AA P',s,'AA'
of,'AH V',s,''
a,'AH',s,''
and,'AH N D',s,''
good,'G UH D',s,'UH'
me,'M IY',s,'IY'
the,'DH AH',s,''
honey-bag,'ɤ N ǝ IH - ˌ B AW G',s,'IH'
do,'D OW',s,''
not,'N AA T',s,'AA'
fret,'F R EH T',s,''
too,'T UW',s,'UW'
in,'IH N',s,'IH'
the,'DH AH',s,''
action,'AE K SH AH N',s,'AE'
and,'AH N D',s,''
good,'G UH D',s,'UH'
a,'AH',s,''
the,'DH AH',s,''
honey-bag,'ɤ N ǝ IH - ˌ B AW G',s,'IH'
break,'B R EY K',s,'EY'
not,'N AA T',s,'AA'
i,'AY',s,'AY'
be,'B IY',s,'IY'
loath,'L OW TH',s,''
to,'T UW',s,'UW'
you,'Y UW',s,'UW'
with,'W IH DH',s,'IH'
a,'AH',s,''
honey-bag,'ɤ N ǝ IH - ˌ B AW G',s,'IH'
me,'M IY',s,'IY'
your,'Y AO R',s,'AO'
you,'Y UW',s,'UW'
your,'Y AO R',s,'AO'
good,'G UH D',s,'UH'
good,'G UH D',s,'UH'
but,'B AH T',s,''
to,'T UW',s,'UW'
cobweb,'K AA B W EH B',s,'AA'
to,'T UW',s,'UW'
i,'AY',s,'AY'
must,'M AH S T',s,''
to,'T UW',s,'UW'
the,'DH AH',s,''
for,'F AO R',s,'AO'
methinks,'M IH TH IH NG K S',s,'IH IH'
i,'AY',s,'AY'
am,'AE M',s,'AE'
marvels,'M AA R V ǝ L Z',s,'AA'
hairy,'HH EH R IY',s,'IY'
the,'DH AH',s,''
and,'AH N D',s,''
i,'AY',s,'AY'
am,'AE M',s,'AE'
a,'AH',s,''
tender,'T e N D ǝ R',s,''
ass,'AE S',s,'AE'
if,'IH F',s,'IH'
my,'M AY',s,'AY'
hair,'HH EH R',s,''
do,'D OW',s,''
but,'B AH T',s,''
me,'M IY',s,'IY'
i,'AY',s,'AY'
must,'M AH S T',s,''
i,'AY',s,'AY'
a,'AH',s,''
good,'G UH D',s,'UH'
ear,'IY R',s,'IY'
in,'IH N',s,'IH'
the,'DH AH',s,''
and,'AH N D',s,''
the,'DH AH',s,''
a,'AH',s,''
peck,'P EH K',s,''
of,'AH V',s,''
i,'AY',s,'AY'
munch,'M AH N CH',s,''
your,'Y AO R',s,'AO'
good,'G UH D',s,'UH'
oats,'OW T S',s,''
methinks,'M IH TH IH NG K S',s,'IH IH'
i,'AY',s,'AY'
a,'AH',s,''
great,'G r e T',s,''
to,'T UW',s,'UW'
a,'AH',s,''
of,'AH V',s,''
good,'G UH D',s,'UH'
sweet,'S W IY T',s,'IY'
hath,'HH AE TH',s,'AE'
no,'N OW',s,''
i,'AY',s,'AY'
had,'HH AE D',s,'AE'
a,'AH',s,''
or,'AO R',s,'AO'
of,'AH V',s,''
dried,'D R AY D',s,'AY'
peas,'P IY Z',s,'IY'
but,'B AH T',s,''
i,'AY',s,'AY'
you,'Y UW',s,'UW'
let,'L EH T',s,''
of,'AH V',s,''
your,'Y AO R',s,'AO'
stir,'S T ɐ R',s,''
me,'M IY',s,'IY'
i,'AY',s,'AY'
an,'AE N',s,'AE'
of,'AH V',s,''
sleep,'S L IY P',s,'IY'
upon,'AH P AA N',s,'AA'
me,'M IY',s,'IY'
when,'ʍ e N',s,''
my,'M AY',s,'AY'
call,'K AO L',s,'AO'
me,'M IY',s,'IY'
and,'AH N D',s,''
i,'AY',s,'AY'
will,'W IH L',s,'IH'
my,'M AY',s,'AY'
is,'IH Z',s,'IH'
most,'M OW S T',s,''
fair,'F EH R',s,''
the,'DH AH',s,''
snout,'S N AW T',s,''
the,'DH AH',s,''
my,'M AY',s,'AY'
and,'AH N D',s,''
left,'L EH F T',s,''
me,'M IY',s,'IY'
asleep,'AH S L IY P',s,'IY'
i,'AY',s,'AY'
had,'HH AE D',s,'AE'
a,'AH',s,''
most,'M OW S T',s,''
vision,'V IH ZH AH N',s,'IH'
i,'AY',s,'AY'
had,'HH AE D',s,'AE'
a,'AH',s,''
dream,'D R IY M',s,'IY'
past,'P AW S T',s,''
the,'DH AH',s,''
wit,'W IH T',s,'IH'
of,'AH V',s,''
man,'M AE N',s,'AE'
to,'T UW',s,'UW'
what,'W AH T',s,''
dream,'D R IY M',s,'IY'
it,'IH T',s,'IH'
was,'W AA Z',s,'AA'
man,'M AE N',s,'AE'
is,'IH Z',s,'IH'
but,'B AH T',s,''
an,'AE N',s,'AE'
ass,'AE S',s,'AE'
if,'IH F',s,'IH'
he,'HH IY',s,'IY'
go,'G OW',s,''
to,'T UW',s,'UW'
this,'DH IH S',s,'IH'
dream,'D R IY M',s,'IY'
i,'AY',s,'AY'
is,'IH Z',s,'IH'
no,'N OW',s,''
man,'M AE N',s,'AE'
can,'K AE N',s,'AE'
tell,'T EH L',s,''
what,'W AH T',s,''
i,'AY',s,'AY'
was,'W AA Z',s,'AA'
and,'AH N D',s,''
i,'AY',s,'AY'
man,'M AE N',s,'AE'
is,'IH Z',s,'IH'
but,'B AH T',s,''
a,'AH',s,''
fool,'F UH L',s,'UH'
if,'IH F',s,'IH'
he,'HH IY',s,'IY'
will,'W IH L',s,'IH'
offer,'ɒ F ǝ R',s,''
to,'T UW',s,'UW'
what,'W AH T',s,''
i,'AY',s,'AY'
had,'HH AE D',s,'AE'
the,'DH AH',s,''
of,'AH V',s,''
man,'M AE N',s,'AE'
hath,'HH AE TH',s,'AE'
not,'N AA T',s,'AA'
the,'DH AH',s,''
ear,'IY R',s,'IY'
of,'AH V',s,''
man,'M AE N',s,'AE'
hath,'HH AE TH',s,'AE'
not,'N AA T',s,'AA'
seen,'S IY N',s,'IY'
is,'IH Z',s,'IH'
not,'N AA T',s,'AA'
to,'T UW',s,'UW'
his,'HH IH Z',s,'IH'
to,'T UW',s,'UW'
nor,'N AO R',s,'AO'
his,'HH IH Z',s,'IH'
heart,'HH AA R T',s,'AA'
to,'T UW',s,'UW'
report,'r IH P AO R T',s,'IH AO'
what,'W AH T',s,''
my,'M AY',s,'AY'
dream,'D R IY M',s,'IY'
was,'W AA Z',s,'AA'
i,'AY',s,'AY'
will,'W IH L',s,'IH'
get,'G EH T',s,''
to,'T UW',s,'UW'
a,'AH',s,''
ballad,'B AE L AH D',s,'AE'
of,'AH V',s,''
this,'DH IH S',s,'IH'
dream,'D R IY M',s,'IY'
it,'IH T',s,'IH'
shall,'SH AE L',s,'AE'
be,'B IY',s,'IY'
dream,'D R IY M',s,'IY'
it,'IH T',s,'IH'
hath,'HH AE TH',s,'AE'
no,'N OW',s,''
bottom,'B AA T AH M',s,'AA'
and,'AH N D',s,''
i,'AY',s,'AY'
will,'W IH L',s,'IH'
it,'IH T',s,'IH'
in,'IH N',s,'IH'
the,'DH AH',s,''
end,'EH N D',s,''
of,'AH V',s,''
a,'AH',s,''
the,'DH AH',s,''
to,'T UW',s,'UW'
it,'IH T',s,'IH'
the,'DH AH',s,''
i,'AY',s,'AY'
shall,'SH AE L',s,'AE'
it,'IH T',s,'IH'
at,'AE T',s,'AE'
death,'D EH TH',s,''
lads,'L AE D Z',s,'AE'
hearts,'HH AA R T S',s,'AA'
masters,'M AW S T ǝ R Z',s,''
i,'AY',s,'AY'
am,'AE M',s,'AE'
to,'T UW',s,'UW'
wonders,'W ɤ N D ǝ R Z',s,''
but,'B AH T',s,''
ask,'AW S K',s,''
me,'M IY',s,'IY'
not,'N AA T',s,'AA'
what,'W AH T',s,''
for,'F AO R',s,'AO'
if,'IH F',s,'IH'
i,'AY',s,'AY'
tell,'T EH L',s,''
you,'Y UW',s,'UW'
i,'AY',s,'AY'
am,'AE M',s,'AE'
not,'N AA T',s,'AA'
true,'T R UW',s,'UW'
i,'AY',s,'AY'
will,'W IH L',s,'IH'
tell,'T EH L',s,''
you,'Y UW',s,'UW'
everything,'e V r ǝ IH ˌ TH IH NG',s,'IH IH'
as,'AE Z',s,'AE'
it,'IH T',s,'IH'
fell,'F EH L',s,''
out,'AW T',s,''
not,'N AA T',s,'AA'
a,'AH',s,''
of,'AH V',s,''
me,'M IY',s,'IY'
all,'AA L',s,'AA'
that,'DH AE T',s,'AE'
i,'AY',s,'AY'
will,'W IH L',s,'IH'
tell,'T EH L',s,''
you,'Y UW',s,'UW'
is,'IH Z',s,'IH'
that,'DH AE T',s,'AE'
the,'DH AH',s,''
hath,'HH AE TH',s,'AE'
dined,'D ǝ IH N D',s,'IH'
get,'G EH T',s,''
your,'Y AO R',s,'AO'
apparel,'AH P AE R AH L',s,'AE'
good,'G UH D',s,'UH'
to,'T UW',s,'UW'
your,'Y AO R',s,'AO'
beards,'B IH R D Z',s,'IH'
ribbons,'R IH B AH N Z',s,'IH'
to,'T UW',s,'UW'
your,'Y AO R',s,'AO'
pumps,'P ɤ M P S',s,''
meet,'M IY T',s,'IY'
presently,'P R EH Z AH N T L IY',s,'IY'
at,'AE T',s,'AE'
the,'DH AH',s,''
every,'e V r ǝ IH',s,'IH'
man,'M AE N',s,'AE'
look,'L UH K',s,'UH'
his,'HH IH Z',s,'IH'
part,'P AA R T',s,'AA'
for,'F AO R',s,'AO'
the,'DH AH',s,''
short,'SH AO R T',s,'AO'
and,'AH N D',s,''
the,'DH AH',s,''
is,'IH Z',s,'IH'
our,'OW R',s,''
is,'IH Z',s,'IH'
in,'IH N',s,'IH'
let,'L EH T',s,''
clean,'K L IY N',s,'IY'
linen,'L IH N AH N',s,'IH'
and,'AH N D',s,''
let,'L EH T',s,''
not,'N AA T',s,'AA'
him,'HH IH M',s,'IH'
that,'DH AE T',s,'AE'
the,'DH AH',s,''
his,'HH IH Z',s,'IH'
nails,'N EY L Z',s,'EY'
for,'F AO R',s,'AO'
shall,'SH AE L',s,'AE'
out,'AW T',s,''
for,'F AO R',s,'AO'
the,'DH AH',s,''
lion's,'L AY AH N Z',s,'AY'
and,'AH N D',s,''
most,'M OW S T',s,''
dear,'D IY R',s,'IY'
eat,'IY T',s,'IY'
no,'N OW',s,''
nor,'N AO R',s,'AO'
garlic,'G AA R L IH K',s,'AA IH'
for,'F AO R',s,'AO'
we,'W IY',s,'IY'
to,'T UW',s,'UW'
sweet,'S W IY T',s,'IY'
breath,'B R EH TH',s,''
and,'AH N D',s,''
i,'AY',s,'AY'
do,'D OW',s,''
not,'N AA T',s,'AA'
doubt,'D ǝ UH T',s,'UH'
but,'B AH T',s,''
to,'T UW',s,'UW'
them,'DH EH M',s,''
it,'IH T',s,'IH'
is,'IH Z',s,'IH'
a,'AH',s,''
sweet,'S W IY T',s,'IY'
no,'N OW',s,''
go,'G OW',s,''
o,'OW',s,''
o,'OW',s,''
with,'W IH DH',s,'IH'
hue,'Y UW',s,'UW'
so,'S OW',s,''
black,'B L AE K',s,'AE'
o,'OW',s,''
art,'AA R T',s,'AA'
when,'ʍ e N',s,''
is,'IH Z',s,'IH'
not,'N AA T',s,'AA'
o,'OW',s,''
o,'OW',s,''
i,'AY',s,'AY'
fear,'F IY R',s,'IY'
my,'M AY',s,'AY'
is,'IH Z',s,'IH'
forgot,'F ǝ R G ɒ T',s,''
and,'AH N D',s,''
thou,'DH AW',s,''
o,'OW',s,''
wall,'W AO L',s,'AO'
o,'OW',s,''
sweet,'S W IY T',s,'IY'
o,'OW',s,''
lovely,'L ɤ V L ǝ IH',s,'IH'
wall,'W AO L',s,'AO'
that,'DH AE T',s,'AE'
between,'B IH T W IY N',s,'IH IY'
and,'AH N D',s,''
thou,'DH AW',s,''
wall,'W AO L',s,'AO'
o,'OW',s,''
wall,'W AO L',s,'AO'
o,'OW',s,''
sweet,'S W IY T',s,'IY'
and,'AH N D',s,''
lovely,'L ɤ V L ǝ IH',s,'IH'
wall,'W AO L',s,'AO'
me,'M IY',s,'IY'
chink,'CH IH NG K',s,'IH'
to,'T UW',s,'UW'
blink,'B L IH NG K',s,'IH'
with,'W IH DH',s,'IH'
thanks,'TH AE NG K S',s,'AE'
wall,'W AO L',s,'AO'
shield,'SH IY L D',s,'IY'
thee,'DH IY',s,'IY'
well,'W EH L',s,''
for,'F AO R',s,'AO'
this,'DH IH S',s,'IH'
but,'B AH T',s,''
what,'W AH T',s,''
see,'S IY',s,'IY'
i,'AY',s,'AY'
no,'N OW',s,''
do,'D OW',s,''
i,'AY',s,'AY'
see,'S IY',s,'IY'
o,'OW',s,''
wicked,'W IH K AH D',s,'IH'
wall,'W AO L',s,'AO'
whom,'HH UW M',s,'UW'
i,'AY',s,'AY'
see,'S IY',s,'IY'
no,'N OW',s,''
bliss,'B L IH S',s,'IH'
be,'B IY',s,'IY'
for,'F AO R',s,'AO'
thus,'DH ɤ S',s,''
me,'M IY',s,'IY'
no,'N OW',s,''
in,'IH N',s,'IH'
truth,'T R UW TH',s,'UW'
he,'HH IY',s,'IY'
not,'N AA T',s,'AA'
me,'M IY',s,'IY'
is,'IH Z',s,'IH'
she,'SH IY',s,'IY'
is,'IH Z',s,'IH'
to,'T UW',s,'UW'
enter,'e N T ǝ R',s,''
and,'AH N D',s,''
i,'AY',s,'AY'
am,'AE M',s,'AE'
to,'T UW',s,'UW'
the,'DH AH',s,''
wall,'W AO L',s,'AO'
you,'Y UW',s,'UW'
shall,'SH AE L',s,'AE'
see,'S IY',s,'IY'
it,'IH T',s,'IH'
will,'W IH L',s,'IH'
fall,'F AA L',s,'AA'
pat,'P AE T',s,'AE'
as,'AE Z',s,'AE'
i,'AY',s,'AY'
told,'T OW L D',s,''
you,'Y UW',s,'UW'
she,'SH IY',s,'IY'
i,'AY',s,'AY'
see,'S IY',s,'IY'
a,'AH',s,''
will,'W IH L',s,'IH'
i,'AY',s,'AY'
to,'T UW',s,'UW'
the,'DH AH',s,''
chink,'CH IH NG K',s,'IH'
to,'T UW',s,'UW'
an,'AE N',s,'AE'
i,'AY',s,'AY'
can,'K AE N',s,'AE'
my,'M AY',s,'AY'
think,'TH IH NG K',s,'IH'
what,'W AH T',s,''
thou,'DH AW',s,''
wilt,'W IH L T',s,'IH'
i,'AY',s,'AY'
am,'AE M',s,'AE'
and,'AH N D',s,''
limander,'L IH M AW N D ǝ R',s,'IH'
am,'AE M',s,'AE'
i,'AY',s,'AY'
still,'S T IH L',s,'IH'
not,'N AA T',s,'AA'
shafalus,'SH AW F ǝ L ǝ S',s,''
to,'T UW',s,'UW'
was,'W AA Z',s,'AA'
so,'S OW',s,''
true,'T R UW',s,'UW'
o,'OW',s,''
kiss,'K IH S',s,'IH'
me,'M IY',s,'IY'
the,'DH AH',s,''
hle,'OW L',s,''
of,'AH V',s,''
this,'DH IH S',s,'IH'
wall,'W AO L',s,'AO'
wilt,'W IH L T',s,'IH'
thou,'DH AW',s,''
at,'AE T',s,'AE'
meet,'M IY T',s,'IY'
me,'M IY',s,'IY'
sweet,'S W IY T',s,'IY'
moon,'M UW N',s,'UW'
i,'AY',s,'AY'
thank,'TH AE NG K',s,'AE'
thee,'DH IY',s,'IY'
for,'F AO R',s,'AO'
sunnny,'S ɤ N ǝ IH',s,'IH'
beams,'B IY M Z',s,'IY'
i,'AY',s,'AY'
thank,'TH AE NG K',s,'AE'
thee,'DH IY',s,'IY'
moon,'M UW N',s,'UW'
for,'F AO R',s,'AO'
shining,'SH ǝ IH N IH N',s,'IH IH'
so,'S OW',s,''
for,'F AO R',s,'AO'
by,'B AY',s,'AY'
golden,'G OW L D ǝ N',s,''
gleams,'G L IY M Z',s,'IY'
i,'AY',s,'AY'
trust,'T r ɤ S T',s,''
to,'T UW',s,'UW'
of,'AH V',s,''
but,'B AH T',s,''
o,'OW',s,''
but,'B AH T',s,''
mark,'M AA R K',s,'AA'
poor,'P UH R',s,'UH'
what,'W AH T',s,''
dreadful,'D R EH D F AH L',s,''
is,'IH Z',s,'IH'
do,'D OW',s,''
you,'Y UW',s,'UW'
see,'S IY',s,'IY'
can,'K AE N',s,'AE'
it,'IH T',s,'IH'
be,'B IY',s,'IY'
o,'OW',s,''
duck,'D ɤ K',s,''
o,'OW',s,''
dear,'D IY R',s,'IY'
good,'G UH D',s,'UH'
what,'W AH T',s,''
with,'W IH DH',s,'IH'
blood,'B L AH D',s,''
appproach,'ǝ P r OW T SH',s,''
ye,'Y IY',s,'IY'
fell,'F EH L',s,''
o,'OW',s,''
cut,'K ɤ T',s,''
and,'AH N D',s,''
crush,'K r ɤ SH',s,''
and,'AH N D',s,''
o,'OW',s,''
natre,'N EY CH ER',s,'EY'
thou,'DH AW',s,''
hath,'HH AE TH',s,'AE'
my,'M AY',s,'AY'
dear,'D IY R',s,'IY'
was,'W AA Z',s,'AA'
the,'DH AH',s,''
fairest,'F EH R ǝ S T',s,''
that,'DH AE T',s,'AE'
that,'DH AE T',s,'AE'
that,'DH AE T',s,'AE'
that,'DH AE T',s,'AE'
with,'W IH DH',s,'IH'
tears,'T EH R Z',s,''
confound,'K AA N F AW N D',s,'AA'
out,'AW T',s,''
and,'AH N D',s,''
the,'DH AH',s,''
pap,'P AE P',s,'AE'
of,'AH V',s,''
that,'DH AE T',s,'AE'
left,'L EH F T',s,''
pap,'P AE P',s,'AE'
heart,'HH AA R T',s,'AA'
doth,'D AO TH',s,'AO'
hop,'HH AA P',s,'AA'
thus,'DH ɤ S',s,''
i,'AY',s,'AY'
thus,'DH ɤ S',s,''
thus,'DH ɤ S',s,''
thus,'DH ɤ S',s,''
am,'AE M',s,'AE'
i,'AY',s,'AY'
dead,'D EH D',s,''
am,'AE M',s,'AE'
i,'AY',s,'AY'
fled,'F L EH D',s,''
my,'M AY',s,'AY'
soul,'S OW L',s,''
is,'IH Z',s,'IH'
in,'IH N',s,'IH'
the,'DH AH',s,''
sky,'S K AY',s,'AY'
moon,'M UW N',s,'UW'
no,'N OW',s,''
i,'AY',s,'AY'
you,'Y UW',s,'UW'
the,'DH AH',s,''
wall,'W AO L',s,'AO'
is,'IH Z',s,'IH'
down,'D ǝ UH N',s,'UH'
that,'DH AE T',s,'AE'
parted,'P AA R T IH D',s,'AA IH'
their,'DH EH R',s,''
will,'W IH L',s,'IH'
it,'IH T',s,'IH'
you,'Y UW',s,'UW'
to,'T UW',s,'UW'
see,'S IY',s,'IY'
the,'DH AH',s,''
or,'AO R',s,'AO'
to,'T UW',s,'UW'
a,'AH',s,''
bergomask,'B ɐ R ɡ ə M AW S K',s,''
between,'B IH T W IY N',s,'IH IY'
of,'AH V',s,''
our,'OW R',s,''
company,'K AH M P AH N IY',s,'IY'
