by,'B AY',s,'AY'
my,'M AY',s,'AY'
troth,'T R OW TH',s,''
nerissa,'N ǝ r IH S ǝ',s,'IH'
my,'M AY',s,'AY'
body,'B AA D IY',s,'AA IY'
is,'IH Z',s,'IH'
of,'AH V',s,''
this,'DH IH S',s,'IH'
great,'G r e T',s,''
good,'G UH D',s,'UH'
sentences,'S EH N T AH N S AH Z',s,''
and,'AH N D',s,''
well,'W EH L',s,''
if,'IH F',s,'IH'
to,'T UW',s,'UW'
do,'D OW',s,''
wre,'W ER',s,''
as,'AE Z',s,'AE'
as,'AE Z',s,'AE'
to,'T UW',s,'UW'
what,'W AH T',s,''
wre,'W ER',s,''
good,'G UH D',s,'UH'
to,'T UW',s,'UW'
do,'D OW',s,''
had,'HH AE D',s,'AE'
been,'B IH N',s,'IH'
and,'AH N D',s,''
poor,'P UH R',s,'UH'
cottages,'K AA T IH JH IH Z',s,'AA IH IH'
palaces,'P AE L AH S AH Z',s,'AE'
it,'IH T',s,'IH'
is,'IH Z',s,'IH'
a,'AH',s,''
good,'G UH D',s,'UH'
that,'DH AE T',s,'AE'
his,'HH IH Z',s,'IH'
instructions,'IH N S T R AH K SH AH N Z',s,'IH'
i,'AY',s,'AY'
can,'K AE N',s,'AE'
teach,'T IY CH',s,'IY'
what,'W AH T',s,''
wre,'W ER',s,''
good,'G UH D',s,'UH'
to,'T UW',s,'UW'
be,'B IY',s,'IY'
than,'DH AE N',s,'AE'
to,'T UW',s,'UW'
be,'B IY',s,'IY'
of,'AH V',s,''
the,'DH AH',s,''
to,'T UW',s,'UW'
teaching,'T IY T SH IH N',s,'IY IH'
the,'DH AH',s,''
brain,'B r EH N',s,''
for,'F AO R',s,'AO'
the,'DH AH',s,''
blood,'B L AH D',s,''
but,'B AH T',s,''
a,'AH',s,''
hot,'HH AA T',s,'AA'
leaps,'L IY P S',s,'IY'
a,'AH',s,''
cold,'K OW L D',s,''
decree,'D IH K R IY',s,'IH IY'
a,'AH',s,''
hre,'EH R',s,''
is,'IH Z',s,'IH'
madness,'M AE D N AH S',s,'AE'
the,'DH AH',s,''
youth,'Y UW TH',s,'UW'
to,'T UW',s,'UW'
skip,'S K IH P',s,'IH'
the,'DH AH',s,''
meshes,'M EH SH IH Z',s,'IH'
of,'AH V',s,''
good,'G UH D',s,'UH'
the,'DH AH',s,''
but,'B AH T',s,''
this,'DH IH S',s,'IH'
is,'IH Z',s,'IH'
not,'N AA T',s,'AA'
in,'IH N',s,'IH'
the,'DH AH',s,''
fashion,'F AE SH AH N',s,'AE'
to,'T UW',s,'UW'
me,'M IY',s,'IY'
a,'AH',s,''
o,'OW',s,''
me,'M IY',s,'IY'
the,'DH AH',s,''
i,'AY',s,'AY'
neither,'N EH DH ǝ R',s,''
who,'HH UW',s,'UW'
i,'AY',s,'AY'
nor,'N AO R',s,'AO'
who,'HH UW',s,'UW'
i,'AY',s,'AY'
so,'S OW',s,''
is,'IH Z',s,'IH'
the,'DH AH',s,''
will,'W IH L',s,'IH'
of,'AH V',s,''
a,'AH',s,''
by,'B AY',s,'AY'
the,'DH AH',s,''
will,'W IH L',s,'IH'
of,'AH V',s,''
a,'AH',s,''
dead,'D EH D',s,''
is,'IH Z',s,'IH'
it,'IH T',s,'IH'
not,'N AA T',s,'AA'
nerissa,'N ǝ r IH S ǝ',s,'IH'
that,'DH AE T',s,'AE'
i,'AY',s,'AY'
cannot,'K AE N AA T',s,'AE AA'
nor,'N AO R',s,'AO'
i,'AY',s,'AY'
thee,'DH IY',s,'IY'
them,'DH EH M',s,''
and,'AH N D',s,''
as,'AE Z',s,'AE'
thou,'DH AW',s,''
them,'DH EH M',s,''
i,'AY',s,'AY'
will,'W IH L',s,'IH'
them,'DH EH M',s,''
and,'AH N D',s,''
to,'T UW',s,'UW'
my,'M AY',s,'AY'
level,'L EH V AH L',s,''
at,'AE T',s,'AE'
my,'M AY',s,'AY'
affection,'AH F EH K SH AH N',s,''
a,'AH',s,''
colt,'K OW L T',s,''
indeed,'IH N D IY D',s,'IH IY'
for,'F AO R',s,'AO'
he,'HH IY',s,'IY'
doth,'D AO TH',s,'AO'
but,'B AH T',s,''
of,'AH V',s,''
his,'HH IH Z',s,'IH'
and,'AH N D',s,''
he,'HH IY',s,'IY'
it,'IH T',s,'IH'
a,'AH',s,''
great,'G r e T',s,''
to,'T UW',s,'UW'
his,'HH IH Z',s,'IH'
good,'G UH D',s,'UH'
parts,'P AA R T S',s,'AA'
that,'DH AE T',s,'AE'
he,'HH IY',s,'IY'
can,'K AE N',s,'AE'
shoe,'SH UW',s,'UW'
him,'HH IH M',s,'IH'
himself,'HH IH M S EH L F',s,'IH'
i,'AY',s,'AY'
am,'AE M',s,'AE'
my,'M AY',s,'AY'
lady,'L EY D IY',s,'EY IY'
his,'HH IH Z',s,'IH'
with,'W IH DH',s,'IH'
a,'AH',s,''
smith,'S M IH TH',s,'IH'
he,'HH IY',s,'IY'
doth,'D AO TH',s,'AO'
but,'B AH T',s,''
frown,'F r ǝ UH N',s,'UH'
as,'AE Z',s,'AE'
who,'HH UW',s,'UW'
an,'AE N',s,'AE'
you,'Y UW',s,'UW'
will,'W IH L',s,'IH'
not,'N AA T',s,'AA'
me,'M IY',s,'IY'
he,'HH IY',s,'IY'
merrry,'M e r ǝ IH',s,'IH'
and,'AH N D',s,''
smiles,'S M ǝ IH L Z',s,'IH'
not,'N AA T',s,'AA'
i,'AY',s,'AY'
fear,'F IY R',s,'IY'
he,'HH IY',s,'IY'
will,'W IH L',s,'IH'
the,'DH AH',s,''
when,'ʍ e N',s,''
he,'HH IY',s,'IY'
old,'OW L D',s,''
being,'B IY IH NG',s,'IY IH'
so,'S OW',s,''
full,'F UH L',s,'UH'
of,'AH V',s,''
sadness,'S AE D N AH S',s,'AE'
in,'IH N',s,'IH'
his,'HH IH Z',s,'IH'
youth,'Y UW TH',s,'UW'
i,'AY',s,'AY'
had,'HH AE D',s,'AE'
be,'B IY',s,'IY'
to,'T UW',s,'UW'
a,'AH',s,''
with,'W IH DH',s,'IH'
a,'AH',s,''
in,'IH N',s,'IH'
his,'HH IH Z',s,'IH'
than,'DH AE N',s,'AE'
to,'T UW',s,'UW'
either,'EH DH ǝ R',s,''
of,'AH V',s,''
god,'G AA D',s,'AA'
defend,'D IH F EH N D',s,'IH'
me,'M IY',s,'IY'
from,'F R AH M',s,''
god,'G AA D',s,'AA'
him,'HH IH M',s,'IH'
and,'AH N D',s,''
therefre,'DH EH R F AO R',s,'AO'
let,'L EH T',s,''
him,'HH IH M',s,'IH'
pass,'P AE S',s,'AE'
for,'F AO R',s,'AO'
a,'AH',s,''
man,'M AE N',s,'AE'
in,'IH N',s,'IH'
truth,'T R UW TH',s,'UW'
i,'AY',s,'AY'
it,'IH T',s,'IH'
is,'IH Z',s,'IH'
a,'AH',s,''
sin,'S IH N',s,'IH'
to,'T UW',s,'UW'
be,'B IY',s,'IY'
a,'AH',s,''
but,'B AH T',s,''
he,'HH IY',s,'IY'
hath,'HH AE TH',s,'AE'
a,'AH',s,''
better,'B e T ə R',s,''
than,'DH AE N',s,'AE'
the,'DH AH',s,''
a,'AH',s,''
better,'B e T ə R',s,''
bad,'B AE D',s,'AE'
habit,'HH AE B AH T',s,'AE'
of,'AH V',s,''
than,'DH AE N',s,'AE'
the,'DH AH',s,''
he,'HH IY',s,'IY'
is,'IH Z',s,'IH'
every,'e V r ǝ IH',s,'IH'
man,'M AE N',s,'AE'
in,'IH N',s,'IH'
no,'N OW',s,''
man,'M AE N',s,'AE'
if,'IH F',s,'IH'
a,'AH',s,''
he,'HH IY',s,'IY'
he,'HH IY',s,'IY'
will,'W IH L',s,'IH'
with,'W IH DH',s,'IH'
his,'HH IH Z',s,'IH'
if,'IH F',s,'IH'
i,'AY',s,'AY'
marrry,'M AW r ǝ IH',s,'IH'
him,'HH IH M',s,'IH'
i,'AY',s,'AY'
marrry,'M AW r ǝ IH',s,'IH'
husbands,'HH AH Z B AH N D Z',s,''
if,'IH F',s,'IH'
he,'HH IY',s,'IY'
me,'M IY',s,'IY'
i,'AY',s,'AY'
forgve,'F ER G IH V',s,'IH'
him,'HH IH M',s,'IH'
for,'F AO R',s,'AO'
if,'IH F',s,'IH'
he,'HH IY',s,'IY'
me,'M IY',s,'IY'
to,'T UW',s,'UW'
madness,'M AE D N AH S',s,'AE'
i,'AY',s,'AY'
shall,'SH AE L',s,'AE'
never,'N e V ǝ R',s,''
him,'HH IH M',s,'IH'
you,'Y UW',s,'UW'
i,'AY',s,'AY'
to,'T UW',s,'UW'
him,'HH IH M',s,'IH'
for,'F AO R',s,'AO'
he,'HH IY',s,'IY'
not,'N AA T',s,'AA'
me,'M IY',s,'IY'
nor,'N AO R',s,'AO'
i,'AY',s,'AY'
him,'HH IH M',s,'IH'
he,'HH IY',s,'IY'
hath,'HH AE TH',s,'AE'
neither,'N EH DH ǝ R',s,''
latin,'L AE T AH N',s,'AE'
french,'F R EH N CH',s,''
nor,'N AO R',s,'AO'
and,'AH N D',s,''
you,'Y UW',s,'UW'
will,'W IH L',s,'IH'
into,'IH N T UW',s,'IH UW'
the,'DH AH',s,''
court,'K AO R T',s,'AO'
and,'AH N D',s,''
swear,'S W EH R',s,''
that,'DH AE T',s,'AE'
i,'AY',s,'AY'
a,'AH',s,''
poor,'P UH R',s,'UH'
pennnyworth,'P e N IH ˌ W AO R TH',s,'IH AO'
in,'IH N',s,'IH'
the,'DH AH',s,''
english,'IH NG G L IH SH',s,'IH IH'
he,'HH IY',s,'IY'
is,'IH Z',s,'IH'
a,'AH',s,''
pictre,'P IH K CH ER',s,'IH'
but,'B AH T',s,''
alas,'AH L AE S',s,'AE'
who,'HH UW',s,'UW'
can,'K AE N',s,'AE'
with,'W IH DH',s,'IH'
a,'AH',s,''
he,'HH IY',s,'IY'
is,'IH Z',s,'IH'
suited,'S UW T AH D',s,'UW'
i,'AY',s,'AY'
think,'TH IH NG K',s,'IH'
he,'HH IY',s,'IY'
his,'HH IH Z',s,'IH'
doublet,'D ɤ B L IH T',s,'IH'
in,'IH N',s,'IH'
his,'HH IH Z',s,'IH'
in,'IH N',s,'IH'
his,'HH IH Z',s,'IH'
bonnet,'B AA N AH T',s,'AA'
in,'IH N',s,'IH'
and,'AH N D',s,''
his,'HH IH Z',s,'IH'
behavior,'B IH HH EY V Y ER',s,'IH EY'
everywhre,'EH V R IY W EH R',s,'IY'
that,'DH AE T',s,'AE'
he,'HH IY',s,'IY'
hath,'HH AE TH',s,'AE'
a,'AH',s,''
charity,'CH EH R IH T IY',s,'IH IY'
in,'IH N',s,'IH'
him,'HH IH M',s,'IH'
for,'F AO R',s,'AO'
he,'HH IY',s,'IY'
a,'AH',s,''
of,'AH V',s,''
the,'DH AH',s,''
ear,'IY R',s,'IY'
of,'AH V',s,''
the,'DH AH',s,''
and,'AH N D',s,''
he,'HH IY',s,'IY'
him,'HH IH M',s,'IH'
again,'ǝ ɡ EH N',s,''
when,'ʍ e N',s,''
he,'HH IY',s,'IY'
was,'W AA Z',s,'AA'
i,'AY',s,'AY'
think,'TH IH NG K',s,'IH'
the,'DH AH',s,''
his,'HH IH Z',s,'IH'
surety,'SH UW R T ǝ IH',s,'UW IH'
and,'AH N D',s,''
under,'ɤ N D ǝ R',s,''
for,'F AO R',s,'AO'
another,'ǝ N ɤ DH ǝ R',s,''
very,'V EH R IY',s,'IY'
vilely,'V ǝ IH L ǝ IH',s,'IH IH'
in,'IH N',s,'IH'
the,'DH AH',s,''
when,'ʍ e N',s,''
he,'HH IY',s,'IY'
is,'IH Z',s,'IH'
and,'AH N D',s,''
most,'M OW S T',s,''
vilely,'V ǝ IH L ǝ IH',s,'IH IH'
in,'IH N',s,'IH'
the,'DH AH',s,''
when,'ʍ e N',s,''
he,'HH IY',s,'IY'
is,'IH Z',s,'IH'
drunk,'D R AH NG K',s,''
when,'ʍ e N',s,''
he,'HH IY',s,'IY'
is,'IH Z',s,'IH'
best,'B EH S T',s,''
he,'HH IY',s,'IY'
is,'IH Z',s,'IH'
a,'AH',s,''
than,'DH AE N',s,'AE'
a,'AH',s,''
man,'M AE N',s,'AE'
and,'AH N D',s,''
when,'ʍ e N',s,''
he,'HH IY',s,'IY'
is,'IH Z',s,'IH'
worst,'W AO R S T',s,'AO'
he,'HH IY',s,'IY'
is,'IH Z',s,'IH'
better,'B e T ə R',s,''
than,'DH AE N',s,'AE'
a,'AH',s,''
beast,'B e S T',s,''
an,'AE N',s,'AE'
the,'DH AH',s,''
worst,'W AO R S T',s,'AO'
fall,'F AA L',s,'AA'
that,'DH AE T',s,'AE'
fell,'F EH L',s,''
i,'AY',s,'AY'
i,'AY',s,'AY'
shall,'SH AE L',s,'AE'
shift,'SH IH F T',s,'IH'
to,'T UW',s,'UW'
go,'G OW',s,''
him,'HH IH M',s,'IH'
therefre,'DH EH R F AO R',s,'AO'
for,'F AO R',s,'AO'
fear,'F IY R',s,'IY'
of,'AH V',s,''
the,'DH AH',s,''
worst,'W AO R S T',s,'AO'
i,'AY',s,'AY'
thee,'DH IY',s,'IY'
set,'S EH T',s,''
a,'AH',s,''
deep,'D IY P',s,'IY'
glass,'G L AW S',s,''
of,'AH V',s,''
on,'AA N',s,'AA'
the,'DH AH',s,''
casket,'K AW S K IH T',s,'IH'
for,'F AO R',s,'AO'
if,'IH F',s,'IH'
the,'DH AH',s,''
devil,'D IH V ǝ L',s,'IH'
be,'B IY',s,'IY'
within,'W IH DH IH N',s,'IH IH'
and,'AH N D',s,''
that,'DH AE T',s,'AE'
temptation,'T e M T EH S IH ǝ N',s,'IH'
i,'AY',s,'AY'
he,'HH IY',s,'IY'
will,'W IH L',s,'IH'
it,'IH T',s,'IH'
i,'AY',s,'AY'
will,'W IH L',s,'IH'
do,'D OW',s,''
nerissa,'N ǝ r IH S ǝ',s,'IH'
i,'AY',s,'AY'
will,'W IH L',s,'IH'
be,'B IY',s,'IY'
to,'T UW',s,'UW'
a,'AH',s,''
if,'IH F',s,'IH'
i,'AY',s,'AY'
to,'T UW',s,'UW'
be,'B IY',s,'IY'
as,'AE Z',s,'AE'
old,'OW L D',s,''
as,'AE Z',s,'AE'
sibylla,'S IH B IH L ǝ',s,'IH IH'
i,'AY',s,'AY'
will,'W IH L',s,'IH'
as,'AE Z',s,'AE'
as,'AE Z',s,'AE'
unless,'ɤ N L e S',s,''
i,'AY',s,'AY'
be,'B IY',s,'IY'
by,'B AY',s,'AY'
the,'DH AH',s,''
of,'AH V',s,''
my,'M AY',s,'AY'
will,'W IH L',s,'IH'
i,'AY',s,'AY'
am,'AE M',s,'AE'
glad,'G L AE D',s,'AE'
this,'DH IH S',s,'IH'
parcel,'P AA R S ǝ L',s,'AA'
of,'AH V',s,''
so,'S OW',s,''
for,'F AO R',s,'AO'
is,'IH Z',s,'IH'
not,'N AA T',s,'AA'
them,'DH EH M',s,''
but,'B AH T',s,''
i,'AY',s,'AY'
on,'AA N',s,'AA'
his,'HH IH Z',s,'IH'
very,'V EH R IY',s,'IY'
and,'AH N D',s,''
i,'AY',s,'AY'
god,'G AA D',s,'AA'
grant,'G r AO N T',s,'AO'
them,'DH EH M',s,''
a,'AH',s,''
fair,'F EH R',s,''
departre,'D IH P AA R CH ER',s,'IH AA'
yes,'Y IH S',s,'IH'
yes,'Y IH S',s,'IH'
it,'IH T',s,'IH'
was,'W AA Z',s,'AA'
i,'AY',s,'AY'
think,'TH IH NG K',s,'IH'
so,'S OW',s,''
was,'W AA Z',s,'AA'
he,'HH IY',s,'IY'
i,'AY',s,'AY'
him,'HH IH M',s,'IH'
well,'W EH L',s,''
and,'AH N D',s,''
i,'AY',s,'AY'
him,'HH IH M',s,'IH'
of,'AH V',s,''
what,'W AH T',s,''
if,'IH F',s,'IH'
i,'AY',s,'AY'
bid,'B IH D',s,'IH'
the,'DH AH',s,''
fifth,'F IH F T',s,'IH'
with,'W IH DH',s,'IH'
so,'S OW',s,''
good,'G UH D',s,'UH'
heart,'HH AA R T',s,'AA'
as,'AE Z',s,'AE'
i,'AY',s,'AY'
can,'K AE N',s,'AE'
bid,'B IH D',s,'IH'
the,'DH AH',s,''
four,'F AO R',s,'AO'
i,'AY',s,'AY'
be,'B IY',s,'IY'
glad,'G L AE D',s,'AE'
of,'AH V',s,''
his,'HH IH Z',s,'IH'
appproach,'ǝ P r OW T SH',s,''
if,'IH F',s,'IH'
he,'HH IY',s,'IY'
the,'DH AH',s,''
condition,'K AH N D IH SH AH N',s,'IH'
of,'AH V',s,''
a,'AH',s,''
saint,'S EY N T',s,'EY'
and,'AH N D',s,''
the,'DH AH',s,''
of,'AH V',s,''
a,'AH',s,''
devil,'D IH V ǝ L',s,'IH'
i,'AY',s,'AY'
had,'HH AE D',s,'AE'
he,'HH IY',s,'IY'
me,'M IY',s,'IY'
than,'DH AE N',s,'AE'
me,'M IY',s,'IY'
nerissa,'N ǝ r IH S ǝ',s,'IH'
go,'G OW',s,''
we,'W IY',s,'IY'
shut,'SH AH T',s,''
the,'DH AH',s,''
upon,'AH P AA N',s,'AA'
another,'ǝ N ɤ DH ǝ R',s,''
at,'AE T',s,'AE'
the,'DH AH',s,''
door,'D AO R',s,'AO'
in,'IH N',s,'IH'
terms,'T ɐ R M Z',s,''
of,'AH V',s,''
i,'AY',s,'AY'
am,'AE M',s,'AE'
not,'N AA T',s,'AA'
led,'L EH D',s,''
by,'B AY',s,'AY'
of,'AH V',s,''
a,'AH',s,''
besides,'B IH S ə IH D Z',s,'IH IH'
the,'DH AH',s,''
of,'AH V',s,''
my,'M AY',s,'AY'
destiny,'D e S T N ǝ IH',s,'IH'
bars,'B AA R Z',s,'AA'
me,'M IY',s,'IY'
the,'DH AH',s,''
of,'AH V',s,''
but,'B AH T',s,''
if,'IH F',s,'IH'
my,'M AY',s,'AY'
had,'HH AE D',s,'AE'
not,'N AA T',s,'AA'
me,'M IY',s,'IY'
and,'AH N D',s,''
me,'M IY',s,'IY'
by,'B AY',s,'AY'
his,'HH IH Z',s,'IH'
wit,'W IH T',s,'IH'
to,'T UW',s,'UW'
yield,'Y IY L D',s,'IY'
myself,'M AY S EH L F',s,'AY'
his,'HH IH Z',s,'IH'
who,'HH UW',s,'UW'
wins,'W IH N Z',s,'IH'
me,'M IY',s,'IY'
by,'B AY',s,'AY'
that,'DH AE T',s,'AE'
means,'M IY N Z',s,'IY'
i,'AY',s,'AY'
told,'T OW L D',s,''
you,'Y UW',s,'UW'
then,'DH EH N',s,''
stood,'S T UH D',s,'UH'
as,'AE Z',s,'AE'
fair,'F EH R',s,''
as,'AE Z',s,'AE'
i,'AY',s,'AY'
on,'AA N',s,'AA'
yet,'Y EH T',s,''
for,'F AO R',s,'AO'
my,'M AY',s,'AY'
affection,'AH F EH K SH AH N',s,''
you,'Y UW',s,'UW'
must,'M AH S T',s,''
your,'Y AO R',s,'AO'
and,'AH N D',s,''
either,'EH DH ǝ R',s,''
not,'N AA T',s,'AA'
to,'T UW',s,'UW'
at,'AE T',s,'AE'
all,'AA L',s,'AA'
or,'AO R',s,'AO'
swear,'S W EH R',s,''
you,'Y UW',s,'UW'
if,'IH F',s,'IH'
you,'Y UW',s,'UW'
never,'N e V ǝ R',s,''
to,'T UW',s,'UW'
speak,'S P IY K',s,'IY'
to,'T UW',s,'UW'
lady,'L EY D IY',s,'EY IY'
in,'IH N',s,'IH'
of,'AH V',s,''
therefre,'DH EH R F AO R',s,'AO'
be,'B IY',s,'IY'
advised,'ǝ D V ǝ IH Z D',s,'IH'
to,'T UW',s,'UW'
the,'DH AH',s,''
after,'AW F T ǝ R',s,''
your,'Y AO R',s,'AO'
shall,'SH AE L',s,'AE'
be,'B IY',s,'IY'
go,'G OW',s,''
the,'DH AH',s,''
curtains,'K ɐ R T ǝ N Z',s,''
and,'AH N D',s,''
discover,'D IH S K AH V ER',s,'IH'
the,'DH AH',s,''
caskets,'K AW S K IH T S',s,'IH'
to,'T UW',s,'UW'
this,'DH IH S',s,'IH'
your,'Y AO R',s,'AO'
the,'DH AH',s,''
of,'AH V',s,''
them,'DH EH M',s,''
contains,'K AH N T EY N Z',s,'EY'
my,'M AY',s,'AY'
pictre,'P IH K CH ER',s,'IH'
if,'IH F',s,'IH'
you,'Y UW',s,'UW'
that,'DH AE T',s,'AE'
then,'DH EH N',s,''
i,'AY',s,'AY'
am,'AE M',s,'AE'
yours,'Y UH R Z',s,'UH'
withal,'W IH DH AA L',s,'IH AA'
it,'IH T',s,'IH'
and,'AH N D',s,''
if,'IH F',s,'IH'
my,'M AY',s,'AY'
form,'F AO R M',s,'AO'
then,'DH EH N',s,''
i,'AY',s,'AY'
am,'AE M',s,'AE'
yours,'Y UH R Z',s,'UH'
a,'AH',s,''
the,'DH AH',s,''
curtains,'K ɐ R T ǝ N Z',s,''
go,'G OW',s,''
let,'L EH T',s,''
all,'AA L',s,'AA'
of,'AH V',s,''
his,'HH IH Z',s,'IH'
me,'M IY',s,'IY'
so,'S OW',s,''
behold,'B IH HH OW L D',s,'IH'
stand,'S T AE N D',s,'AE'
the,'DH AH',s,''
caskets,'K AW S K IH T S',s,'IH'
if,'IH F',s,'IH'
you,'Y UW',s,'UW'
that,'DH AE T',s,'AE'
wherein,'ʍ EH R IH N',s,'IH'
i,'AY',s,'AY'
am,'AE M',s,'AE'
shall,'SH AE L',s,'AE'
our,'OW R',s,''
nuptial,'N AH P CH AH L',s,''
be,'B IY',s,'IY'
but,'B AH T',s,''
if,'IH F',s,'IH'
you,'Y UW',s,'UW'
fail,'F EH L',s,''
speech,'S P IY CH',s,'IY'
my,'M AY',s,'AY'
lord,'L AO R D',s,'AO'
you,'Y UW',s,'UW'
must,'M AH S T',s,''
be,'B IY',s,'IY'
from,'F R AH M',s,''
to,'T UW',s,'UW'
doth,'D AO TH',s,'AO'
swear,'S W EH R',s,''
that,'DH AE T',s,'AE'
to,'T UW',s,'UW'
for,'F AO R',s,'AO'
my,'M AY',s,'AY'
self,'S EH L F',s,''
too,'T UW',s,'UW'
a,'AH',s,''
for,'F AO R',s,'AO'
that,'DH AE T',s,'AE'
you,'Y UW',s,'UW'
to,'T UW',s,'UW'
offend,'AH F EH N D',s,''
and,'AH N D',s,''
juge,'JH AH JH',s,''
distinct,'D IH S T IH NG K T',s,'IH IH'
offices,'AO F AH S AH Z',s,'AO'
and,'AH N D',s,''
of,'AH V',s,''
thus,'DH ɤ S',s,''
hath,'HH AE TH',s,'AE'
the,'DH AH',s,''
the,'DH AH',s,''
moth,'M OW TH',s,''
o,'OW',s,''
fools,'F UW L Z',s,'UW'
when,'ʍ e N',s,''
do,'D OW',s,''
the,'DH AH',s,''
wisdom,'W IH Z D AH M',s,'IH'
by,'B AY',s,'AY'
their,'DH EH R',s,''
wit,'W IH T',s,'IH'
to,'T UW',s,'UW'
the,'DH AH',s,''
curtain,'K ɐ R T ǝ N',s,''
nerissa,'N ǝ r IH S ǝ',s,'IH'
what,'W AH T',s,''
my,'M AY',s,'AY'
lord,'L AO R D',s,'AO'
no,'N OW',s,''
i,'AY',s,'AY'
thee,'DH IY',s,'IY'
i,'AY',s,'AY'
am,'AE M',s,'AE'
thou,'DH AW',s,''
wilt,'W IH L T',s,'IH'
he,'HH IY',s,'IY'
is,'IH Z',s,'IH'
kin,'K IH N',s,'IH'
to,'T UW',s,'UW'
thee,'DH IY',s,'IY'
thou,'DH AW',s,''
wit,'W IH T',s,'IH'
in,'IH N',s,'IH'
him,'HH IH M',s,'IH'
nerissa,'N ǝ r IH S ǝ',s,'IH'
for,'F AO R',s,'AO'
i,'AY',s,'AY'
to,'T UW',s,'UW'
see,'S IY',s,'IY'
post,'P OW S T',s,''
that,'DH AE T',s,'AE'
so,'S OW',s,''
i,'AY',s,'AY'
you,'Y UW',s,'UW'
tarrry,'T AW r ǝ IH',s,'IH'
a,'AH',s,''
or,'AO R',s,'AO'
you,'Y UW',s,'UW'
for,'F AO R',s,'AO'
in,'IH N',s,'IH'
i,'AY',s,'AY'
your,'Y AO R',s,'AO'
company,'K AH M P AH N IY',s,'IY'
therefre,'DH EH R F AO R',s,'AO'
forbear,'F ǝ R B EH R',s,''
a,'AH',s,''
me,'M IY',s,'IY'
but,'B AH T',s,''
it,'IH T',s,'IH'
is,'IH Z',s,'IH'
not,'N AA T',s,'AA'
i,'AY',s,'AY'
not,'N AA T',s,'AA'
you,'Y UW',s,'UW'
and,'AH N D',s,''
you,'Y UW',s,'UW'
not,'N AA T',s,'AA'
in,'IH N',s,'IH'
a,'AH',s,''
but,'B AH T',s,''
lest,'L EH S T',s,''
you,'Y UW',s,'UW'
not,'N AA T',s,'AA'
me,'M IY',s,'IY'
well,'W EH L',s,''
and,'AH N D',s,''
yet,'Y EH T',s,''
a,'AH',s,''
maiden,'M EY D AH N',s,'EY'
hath,'HH AE TH',s,'AE'
no,'N OW',s,''
but,'B AH T',s,''
i,'AY',s,'AY'
detain,'D IH T EH N',s,'IH'
you,'Y UW',s,'UW'
month,'M AH N TH',s,''
or,'AO R',s,'AO'
you,'Y UW',s,'UW'
for,'F AO R',s,'AO'
me,'M IY',s,'IY'
i,'AY',s,'AY'
teach,'T IY CH',s,'IY'
you,'Y UW',s,'UW'
to,'T UW',s,'UW'
but,'B AH T',s,''
then,'DH EH N',s,''
i,'AY',s,'AY'
am,'AE M',s,'AE'
forsworn,'F AO R S W AO R N',s,'AO AO'
so,'S OW',s,''
will,'W IH L',s,'IH'
i,'AY',s,'AY'
never,'N e V ǝ R',s,''
be,'B IY',s,'IY'
so,'S OW',s,''
you,'Y UW',s,'UW'
miss,'M IH S',s,'IH'
me,'M IY',s,'IY'
but,'B AH T',s,''
if,'IH F',s,'IH'
you,'Y UW',s,'UW'
do,'D OW',s,''
me,'M IY',s,'IY'
wish,'W IH SH',s,'IH'
a,'AH',s,''
sin,'S IH N',s,'IH'
that,'DH AE T',s,'AE'
i,'AY',s,'AY'
had,'HH AE D',s,'AE'
been,'B IH N',s,'IH'
forsworn,'F AO R S W AO R N',s,'AO AO'
your,'Y AO R',s,'AO'
me,'M IY',s,'IY'
and,'AH N D',s,''
divided,'D IH V AY D AH D',s,'IH AY'
me,'M IY',s,'IY'
of,'AH V',s,''
me,'M IY',s,'IY'
is,'IH Z',s,'IH'
yours,'Y UH R Z',s,'UH'
the,'DH AH',s,''
yours,'Y UH R Z',s,'UH'
i,'AY',s,'AY'
if,'IH F',s,'IH'
then,'DH EH N',s,''
yours,'Y UH R Z',s,'UH'
and,'AH N D',s,''
so,'S OW',s,''
all,'AA L',s,'AA'
yours,'Y UH R Z',s,'UH'
o,'OW',s,''
puts,'P UH T S',s,'UH'
bars,'B AA R Z',s,'AA'
between,'B IH T W IY N',s,'IH IY'
the,'DH AH',s,''
and,'AH N D',s,''
their,'DH EH R',s,''
and,'AH N D',s,''
so,'S OW',s,''
yours,'Y UH R Z',s,'UH'
not,'N AA T',s,'AA'
yours,'Y UH R Z',s,'UH'
it,'IH T',s,'IH'
so,'S OW',s,''
let,'L EH T',s,''
go,'G OW',s,''
to,'T UW',s,'UW'
for,'F AO R',s,'AO'
it,'IH T',s,'IH'
not,'N AA T',s,'AA'
i,'AY',s,'AY'
i,'AY',s,'AY'
speak,'S P IY K',s,'IY'
too,'T UW',s,'UW'
but,'B AH T',s,''
to,'T UW',s,'UW'
the,'DH AH',s,''
to,'T UW',s,'UW'
it,'IH T',s,'IH'
and,'AH N D',s,''
to,'T UW',s,'UW'
it,'IH T',s,'IH'
out,'AW T',s,''
in,'IH N',s,'IH'
length,'L EH NG K TH',s,''
to,'T UW',s,'UW'
you,'Y UW',s,'UW'
from,'F R AH M',s,''
election,'IH L EH K SH AH N',s,'IH'
upon,'AH P AA N',s,'AA'
the,'DH AH',s,''
rack,'R AE K',s,'AE'
then,'DH EH N',s,''
confess,'K AH N F EH S',s,''
what,'W AH T',s,''
treason,'T R IY Z AH N',s,'IY'
is,'IH Z',s,'IH'
mingled,'M IH NG G AH L D',s,'IH'
with,'W IH DH',s,'IH'
your,'Y AO R',s,'AO'
but,'B AH T',s,''
i,'AY',s,'AY'
fear,'F IY R',s,'IY'
you,'Y UW',s,'UW'
speak,'S P IY K',s,'IY'
upon,'AH P AA N',s,'AA'
the,'DH AH',s,''
rack,'R AE K',s,'AE'
men,'M EH N',s,''
do,'D OW',s,''
speak,'S P IY K',s,'IY'
well,'W EH L',s,''
then,'DH EH N',s,''
confess,'K AH N F EH S',s,''
and,'AH N D',s,''
then,'DH EH N',s,''
i,'AY',s,'AY'
am,'AE M',s,'AE'
in,'IH N',s,'IH'
of,'AH V',s,''
them,'DH EH M',s,''
if,'IH F',s,'IH'
you,'Y UW',s,'UW'
do,'D OW',s,''
me,'M IY',s,'IY'
you,'Y UW',s,'UW'
will,'W IH L',s,'IH'
me,'M IY',s,'IY'
out,'AW T',s,''
nerissa,'N ǝ r IH S ǝ',s,'IH'
and,'AH N D',s,''
the,'DH AH',s,''
rest,'R EH S T',s,''
stand,'S T AE N D',s,'AE'
all,'AA L',s,'AA'
aloof,'AH L UW F',s,'UW'
let,'L EH T',s,''
he,'HH IY',s,'IY'
doth,'D AO TH',s,'AO'
his,'HH IH Z',s,'IH'
then,'DH EH N',s,''
if,'IH F',s,'IH'
he,'HH IY',s,'IY'
he,'HH IY',s,'IY'
a,'AH',s,''
end,'EH N D',s,''
fading,'F EH D · IH N',s,'IH'
in,'IH N',s,'IH'
that,'DH AE T',s,'AE'
the,'DH AH',s,''
comparison,'K AH M P EH R AH S AH N',s,''
stand,'S T AE N D',s,'AE'
my,'M AY',s,'AY'
shall,'SH AE L',s,'AE'
be,'B IY',s,'IY'
the,'DH AH',s,''
stream,'S T R IY M',s,'IY'
and,'AH N D',s,''
for,'F AO R',s,'AO'
him,'HH IH M',s,'IH'
he,'HH IY',s,'IY'
win,'W IH N',s,'IH'
and,'AH N D',s,''
what,'W AH T',s,''
is,'IH Z',s,'IH'
then,'DH EH N',s,''
then,'DH EH N',s,''
is,'IH Z',s,'IH'
even,'IY V IH N',s,'IY IH'
as,'AE Z',s,'AE'
the,'DH AH',s,''
flourish,'F L ɤ r IH SH',s,'IH'
when,'ʍ e N',s,''
true,'T R UW',s,'UW'
subjects,'S AH B JH IH K T S',s,'IH'
to,'T UW',s,'UW'
a,'AH',s,''
monarch,'M AA N AA R K',s,'AA AA'
it,'IH T',s,'IH'
is,'IH Z',s,'IH'
as,'AE Z',s,'AE'
dulcet,'D AH L S AH T',s,''
sounds,'S AW N D Z',s,''
in,'IH N',s,'IH'
break,'B R EY K',s,'EY'
of,'AH V',s,''
that,'DH AE T',s,'AE'
creep,'K R IY P',s,'IY'
into,'IH N T UW',s,'IH UW'
the,'DH AH',s,''
ear,'IY R',s,'IY'
and,'AH N D',s,''
summon,'S AH M AH N',s,''
him,'HH IH M',s,'IH'
to,'T UW',s,'UW'
he,'HH IY',s,'IY'
goes,'G OW Z',s,''
with,'W IH DH',s,'IH'
no,'N OW',s,''
less,'L EH S',s,''
but,'B AH T',s,''
with,'W IH DH',s,'IH'
than,'DH AE N',s,'AE'
when,'ʍ e N',s,''
he,'HH IY',s,'IY'
did,'D IH D',s,'IH'
redeem,'R IH D IY M',s,'IH IY'
the,'DH AH',s,''
paid,'P EY D',s,'EY'
by,'B AY',s,'AY'
troy,'T r ǝ IH',s,'IH'
to,'T UW',s,'UW'
the,'DH AH',s,''
i,'AY',s,'AY'
stand,'S T AE N D',s,'AE'
for,'F AO R',s,'AO'
the,'DH AH',s,''
rest,'R EH S T',s,''
aloof,'AH L UW F',s,'UW'
the,'DH AH',s,''
with,'W IH DH',s,'IH'
forth,'F AO R TH',s,'AO'
to,'T UW',s,'UW'
view,'V Y UW',s,'UW'
the,'DH AH',s,''
of,'AH V',s,''
go,'G OW',s,''
thou,'DH AW',s,''
i,'AY',s,'AY'
with,'W IH DH',s,'IH'
i,'AY',s,'AY'
view,'V Y UW',s,'UW'
the,'DH AH',s,''
than,'DH AE N',s,'AE'
thou,'DH AW',s,''
that,'DH AE T',s,'AE'
the,'DH AH',s,''
all,'AA L',s,'AA'
the,'DH AH',s,''
passions,'P AE SH AH N Z',s,'AE'
fleet,'F L IY T',s,'IY'
to,'T UW',s,'UW'
air,'EH R',s,''
as,'AE Z',s,'AE'
and,'AH N D',s,''
rash,'R AE SH',s,'AE'
despair,'D IH S P EH R',s,'IH'
and,'AH N D',s,''
fear,'F IY R',s,'IY'
and,'AH N D',s,''
o,'OW',s,''
be,'B IY',s,'IY'
moderte,'M AA D ER AH T',s,'AA'
in,'IH N',s,'IH'
rain,'r EH N',s,''
this,'DH IH S',s,'IH'
excess,'EH K S EH S',s,''
i,'AY',s,'AY'
feel,'F IY L',s,'IY'
too,'T UW',s,'UW'
it,'IH T',s,'IH'
less,'L EH S',s,''
for,'F AO R',s,'AO'
fear,'F IY R',s,'IY'
i,'AY',s,'AY'
surfeit,'S ɐ R F IH T',s,'IH'
you,'Y UW',s,'UW'
see,'S IY',s,'IY'
me,'M IY',s,'IY'
lord,'L AO R D',s,'AO'
i,'AY',s,'AY'
stand,'S T AE N D',s,'AE'
as,'AE Z',s,'AE'
i,'AY',s,'AY'
am,'AE M',s,'AE'
for,'F AO R',s,'AO'
myself,'M AY S EH L F',s,'AY'
i,'AY',s,'AY'
not,'N AA T',s,'AA'
be,'B IY',s,'IY'
in,'IH N',s,'IH'
my,'M AY',s,'AY'
wish,'W IH SH',s,'IH'
to,'T UW',s,'UW'
wish,'W IH SH',s,'IH'
myself,'M AY S EH L F',s,'AY'
better,'B e T ə R',s,''
yet,'Y EH T',s,''
for,'F AO R',s,'AO'
you,'Y UW',s,'UW'
i,'AY',s,'AY'
be,'B IY',s,'IY'
trebled,'T R EH B AH L D',s,''
myself,'M AY S EH L F',s,'AY'
a,'AH',s,''
fair,'F EH R',s,''
ten,'T EH N',s,''
rich,'R IH CH',s,'IH'
that,'DH AE T',s,'AE'
only,'OW N L IY',s,'IY'
to,'T UW',s,'UW'
stand,'S T AE N D',s,'AE'
in,'IH N',s,'IH'
your,'Y AO R',s,'AO'
i,'AY',s,'AY'
in,'IH N',s,'IH'
friends,'F R EH N D Z',s,''
exceed,'IH K S IY D',s,'IH IY'
but,'B AH T',s,''
the,'DH AH',s,''
full,'F UH L',s,'UH'
sum,'S ɤ M',s,''
of,'AH V',s,''
me,'M IY',s,'IY'
is,'IH Z',s,'IH'
sum,'S ɤ M',s,''
of,'AH V',s,''
to,'T UW',s,'UW'
term,'T ɐ R M',s,''
in,'IH N',s,'IH'
gross,'G r OW S',s,''
is,'IH Z',s,'IH'
an,'AE N',s,'AE'
in,'IH N',s,'IH'
this,'DH IH S',s,'IH'
she,'SH IY',s,'IY'
is,'IH Z',s,'IH'
not,'N AA T',s,'AA'
yet,'Y EH T',s,''
so,'S OW',s,''
old,'OW L D',s,''
but,'B AH T',s,''
she,'SH IY',s,'IY'
than,'DH AE N',s,'AE'
this,'DH IH S',s,'IH'
she,'SH IY',s,'IY'
is,'IH Z',s,'IH'
not,'N AA T',s,'AA'
bred,'B R EH D',s,''
so,'S OW',s,''
dull,'D ɤ L',s,''
but,'B AH T',s,''
she,'SH IY',s,'IY'
can,'K AE N',s,'AE'
of,'AH V',s,''
all,'AA L',s,'AA'
is,'IH Z',s,'IH'
that,'DH AE T',s,'AE'
spirit,'S P IH R AH T',s,'IH'
commits,'K AH M IH T S',s,'IH'
itself,'IH T S EH L F',s,'IH'
to,'T UW',s,'UW'
yours,'Y UH R Z',s,'UH'
to,'T UW',s,'UW'
be,'B IY',s,'IY'
as,'AE Z',s,'AE'
from,'F R AH M',s,''
lord,'L AO R D',s,'AO'
myself,'M AY S EH L F',s,'AY'
and,'AH N D',s,''
what,'W AH T',s,''
is,'IH Z',s,'IH'
to,'T UW',s,'UW'
you,'Y UW',s,'UW'
and,'AH N D',s,''
yours,'Y UH R Z',s,'UH'
is,'IH Z',s,'IH'
converted,'K ǝ N V ɐ R T IH D',s,'IH'
but,'B AH T',s,''
i,'AY',s,'AY'
was,'W AA Z',s,'AA'
the,'DH AH',s,''
lord,'L AO R D',s,'AO'
of,'AH V',s,''
this,'DH IH S',s,'IH'
fair,'F EH R',s,''
mansion,'M AE N SH AH N',s,'AE'
master,'M AW S T ǝ R',s,''
of,'AH V',s,''
my,'M AY',s,'AY'
myself,'M AY S EH L F',s,'AY'
and,'AH N D',s,''
even,'IY V IH N',s,'IY IH'
but,'B AH T',s,''
this,'DH IH S',s,'IH'
and,'AH N D',s,''
this,'DH IH S',s,'IH'
myself,'M AY S EH L F',s,'AY'
yours,'Y UH R Z',s,'UH'
my,'M AY',s,'AY'
i,'AY',s,'AY'
them,'DH EH M',s,''
with,'W IH DH',s,'IH'
this,'DH IH S',s,'IH'
when,'ʍ e N',s,''
you,'Y UW',s,'UW'
part,'P AA R T',s,'AA'
from,'F R AH M',s,''
or,'AO R',s,'AO'
let,'L EH T',s,''
it,'IH T',s,'IH'
the,'DH AH',s,''
of,'AH V',s,''
your,'Y AO R',s,'AO'
and,'AH N D',s,''
be,'B IY',s,'IY'
my,'M AY',s,'AY'
to,'T UW',s,'UW'
on,'AA N',s,'AA'
you,'Y UW',s,'UW'
is,'IH Z',s,'IH'
this,'DH IH S',s,'IH'
true,'T R UW',s,'UW'
nerissa,'N ǝ r IH S ǝ',s,'IH'
so,'S OW',s,''
do,'D OW',s,''
i,'AY',s,'AY'
my,'M AY',s,'AY'
lord,'L AO R D',s,'AO'
contents,'K ǝ N T e N T S',s,''
in,'IH N',s,'IH'
paper,'P EH P ǝ R',s,''
that,'DH AE T',s,'AE'
steals,'S T IY L Z',s,'IY'
the,'DH AH',s,''
from,'F R AH M',s,''
cheek,'CH IY K',s,'IY'
dear,'D IY R',s,'IY'
friend,'F R EH N D',s,''
dead,'D EH D',s,''
in,'IH N',s,'IH'
the,'DH AH',s,''
turn,'T ɐ R N',s,''
so,'S OW',s,''
the,'DH AH',s,''
constitution,'K AA N S T AH T UW SH AH N',s,'AA UW'
of,'AH V',s,''
constant,'K AA N S T AH N T',s,'AA'
man,'M AE N',s,'AE'
what,'W AH T',s,''
and,'AH N D',s,''
with,'W IH DH',s,'IH'
i,'AY',s,'AY'
am,'AE M',s,'AE'
and,'AH N D',s,''
i,'AY',s,'AY'
must,'M AH S T',s,''
freely,'F R IY L IY',s,'IY IY'
the,'DH AH',s,''
of,'AH V',s,''
that,'DH AE T',s,'AE'
this,'DH IH S',s,'IH'
paper,'P EH P ǝ R',s,''
you,'Y UW',s,'UW'
is,'IH Z',s,'IH'
it,'IH T',s,'IH'
your,'Y AO R',s,'AO'
dear,'D IY R',s,'IY'
friend,'F R EH N D',s,''
that,'DH AE T',s,'AE'
is,'IH Z',s,'IH'
thus,'DH ɤ S',s,''
in,'IH N',s,'IH'
what,'W AH T',s,''
sum,'S ɤ M',s,''
he,'HH IY',s,'IY'
the,'DH AH',s,''
what,'W AH T',s,''
no,'N OW',s,''
him,'HH IH M',s,'IH'
and,'AH N D',s,''
the,'DH AH',s,''
bond,'B AA N D',s,'AA'
and,'AH N D',s,''
then,'DH EH N',s,''
that,'DH AE T',s,'AE'
a,'AH',s,''
friend,'F R EH N D',s,''
of,'AH V',s,''
this,'DH IH S',s,'IH'
shall,'SH AE L',s,'AE'
a,'AH',s,''
hair,'HH EH R',s,''
fault,'F AO L T',s,'AO'
go,'G OW',s,''
with,'W IH DH',s,'IH'
me,'M IY',s,'IY'
to,'T UW',s,'UW'
and,'AH N D',s,''
call,'K AO L',s,'AO'
me,'M IY',s,'IY'
and,'AH N D',s,''
then,'DH EH N',s,''
to,'T UW',s,'UW'
to,'T UW',s,'UW'
your,'Y AO R',s,'AO'
friend,'F R EH N D',s,''
for,'F AO R',s,'AO'
never,'N e V ǝ R',s,''
shall,'SH AE L',s,'AE'
you,'Y UW',s,'UW'
by,'B AY',s,'AY'
with,'W IH DH',s,'IH'
an,'AE N',s,'AE'
soul,'S OW L',s,''
you,'Y UW',s,'UW'
shall,'SH AE L',s,'AE'
gold,'G OW L D',s,''
to,'T UW',s,'UW'
the,'DH AH',s,''
over,'OW V ǝ R',s,''
when,'ʍ e N',s,''
it,'IH T',s,'IH'
is,'IH Z',s,'IH'
paid,'P EY D',s,'EY'
your,'Y AO R',s,'AO'
true,'T R UW',s,'UW'
friend,'F R EH N D',s,''
my,'M AY',s,'AY'
maid,'M EY D',s,'EY'
nerissa,'N ǝ r IH S ǝ',s,'IH'
and,'AH N D',s,''
myself,'M AY S EH L F',s,'AY'
will,'W IH L',s,'IH'
as,'AE Z',s,'AE'
maids,'M EY D Z',s,'EY'
and,'AH N D',s,''
for,'F AO R',s,'AO'
you,'Y UW',s,'UW'
shall,'SH AE L',s,'AE'
upon,'AH P AA N',s,'AA'
your,'Y AO R',s,'AO'
bid,'B IH D',s,'IH'
your,'Y AO R',s,'AO'
friends,'F R EH N D Z',s,''
a,'AH',s,''
merrry,'M e r ǝ IH',s,'IH'
you,'Y UW',s,'UW'
dear,'D IY R',s,'IY'
i,'AY',s,'AY'
will,'W IH L',s,'IH'
you,'Y UW',s,'UW'
dear,'D IY R',s,'IY'
but,'B AH T',s,''
let,'L EH T',s,''
me,'M IY',s,'IY'
the,'DH AH',s,''
of,'AH V',s,''
your,'Y AO R',s,'AO'
friend,'F R EH N D',s,''
o,'OW',s,''
all,'AA L',s,'AA'
and,'AH N D',s,''
i,'AY',s,'AY'
never,'N e V ǝ R',s,''
did,'D IH D',s,'IH'
repent,'R IH P EH N T',s,'IH'
for,'F AO R',s,'AO'
doing,'D UW IH N',s,'UW IH'
good,'G UH D',s,'UH'
nor,'N AO R',s,'AO'
shall,'SH AE L',s,'AE'
not,'N AA T',s,'AA'
for,'F AO R',s,'AO'
in,'IH N',s,'IH'
that,'DH AE T',s,'AE'
do,'D OW',s,''
and,'AH N D',s,''
the,'DH AH',s,''
souls,'S OW L Z',s,''
do,'D OW',s,''
bear,'B EH R',s,''
an,'AE N',s,'AE'
of,'AH V',s,''
must,'M AH S T',s,''
be,'B IY',s,'IY'
needs,'N IY D Z',s,'IY'
a,'AH',s,''
of,'AH V',s,''
of,'AH V',s,''
and,'AH N D',s,''
of,'AH V',s,''
spirit,'S P IH R AH T',s,'IH'
me,'M IY',s,'IY'
think,'TH IH NG K',s,'IH'
that,'DH AE T',s,'AE'
this,'DH IH S',s,'IH'
being,'B IY IH NG',s,'IY IH'
the,'DH AH',s,''
bosom,'B UH Z AH M',s,'UH'
of,'AH V',s,''
my,'M AY',s,'AY'
lord,'L AO R D',s,'AO'
must,'M AH S T',s,''
needs,'N IY D Z',s,'IY'
be,'B IY',s,'IY'
my,'M AY',s,'AY'
lord,'L AO R D',s,'AO'
if,'IH F',s,'IH'
it,'IH T',s,'IH'
be,'B IY',s,'IY'
so,'S OW',s,''
is,'IH Z',s,'IH'
the,'DH AH',s,''
cost,'K AA S T',s,'AA'
i,'AY',s,'AY'
in,'IH N',s,'IH'
purchasing,'P ɐ R T SH IH S IH N',s,'IH IH'
the,'DH AH',s,''
of,'AH V',s,''
my,'M AY',s,'AY'
soul,'S OW L',s,''
from,'F R AH M',s,''
out,'AW T',s,''
the,'DH AH',s,''
of,'AH V',s,''
hellish,'HH EH L IH SH',s,'IH'
cruelty,'K R UW L T IY',s,'UW IY'
this,'DH IH S',s,'IH'
too,'T UW',s,'UW'
near,'N IY R',s,'IY'
the,'DH AH',s,''
of,'AH V',s,''
myself,'M AY S EH L F',s,'AY'
therefre,'DH EH R F AO R',s,'AO'
no,'N OW',s,''
of,'AH V',s,''
it,'IH T',s,'IH'
i,'AY',s,'AY'
commit,'K AH M IH T',s,'IH'
into,'IH N T UW',s,'IH UW'
your,'Y AO R',s,'AO'
the,'DH AH',s,''
and,'AH N D',s,''
of,'AH V',s,''
my,'M AY',s,'AY'
until,'AH N T IH L',s,'IH'
my,'M AY',s,'AY'
return,'r IH T ɐ R N',s,'IH'
for,'F AO R',s,'AO'
part,'P AA R T',s,'AA'
i,'AY',s,'AY'
heaven,'HH EH V AH N',s,''
a,'AH',s,''
secret,'S IY K R AH T',s,'IY'
vow,'V ǝ UH',s,'UH'
to,'T UW',s,'UW'
in,'IH N',s,'IH'
and,'AH N D',s,''
only,'OW N L IY',s,'IY'
attended,'AH T EH N D AH D',s,''
by,'B AY',s,'AY'
nerissa,'N ǝ r IH S ǝ',s,'IH'
until,'AH N T IH L',s,'IH'
and,'AH N D',s,''
my,'M AY',s,'AY'
return,'r IH T ɐ R N',s,'IH'
is,'IH Z',s,'IH'
a,'AH',s,''
monastery,'M AA N AH S T EH R IY',s,'AA IY'
off,'AO F',s,'AO'
and,'AH N D',s,''
we,'W IY',s,'IY'
will,'W IH L',s,'IH'
i,'AY',s,'AY'
do,'D OW',s,''
you,'Y UW',s,'UW'
not,'N AA T',s,'AA'
to,'T UW',s,'UW'
this,'DH IH S',s,'IH'
the,'DH AH',s,''
my,'M AY',s,'AY'
and,'AH N D',s,''
necessity,'N AH S EH S AH T IY',s,'IY'
upon,'AH P AA N',s,'AA'
you,'Y UW',s,'UW'
my,'M AY',s,'AY'
do,'D OW',s,''
my,'M AY',s,'AY'
and,'AH N D',s,''
will,'W IH L',s,'IH'
you,'Y UW',s,'UW'
and,'AH N D',s,''
jessica,'JH EH S IH K AH',s,'IH'
in,'IH N',s,'IH'
of,'AH V',s,''
lord,'L AO R D',s,'AO'
and,'AH N D',s,''
myself,'M AY S EH L F',s,'AY'
so,'S OW',s,''
you,'Y UW',s,'UW'
well,'W EH L',s,''
till,'T IH L',s,'IH'
we,'W IY',s,'IY'
shall,'SH AE L',s,'AE'
meet,'M IY T',s,'IY'
again,'ǝ ɡ EH N',s,''
i,'AY',s,'AY'
thank,'TH AE NG K',s,'AE'
you,'Y UW',s,'UW'
for,'F AO R',s,'AO'
your,'Y AO R',s,'AO'
wish,'W IH SH',s,'IH'
and,'AH N D',s,''
am,'AE M',s,'AE'
well,'W EH L',s,''
to,'T UW',s,'UW'
wish,'W IH SH',s,'IH'
it,'IH T',s,'IH'
back,'B AE K',s,'AE'
on,'AA N',s,'AA'
you,'Y UW',s,'UW'
you,'Y UW',s,'UW'
well,'W EH L',s,''
jessica,'JH EH S IH K AH',s,'IH'
as,'AE Z',s,'AE'
i,'AY',s,'AY'
thee,'DH IY',s,'IY'
true,'T R UW',s,'UW'
so,'S OW',s,''
let,'L EH T',s,''
me,'M IY',s,'IY'
thee,'DH IY',s,'IY'
still,'S T IH L',s,'IH'
this,'DH IH S',s,'IH'
and,'AH N D',s,''
thou,'DH AW',s,''
all,'AA L',s,'AA'
of,'AH V',s,''
a,'AH',s,''
man,'M AE N',s,'AE'
in,'IH N',s,'IH'
speed,'S P IY D',s,'IY'
to,'T UW',s,'UW'
see,'S IY',s,'IY'
thou,'DH AW',s,''
render,'r e N D ǝ R',s,''
this,'DH IH S',s,'IH'
into,'IH N T UW',s,'IH UW'
my,'M AY',s,'AY'
and,'AH N D',s,''
look,'L UH K',s,'UH'
what,'W AH T',s,''
and,'AH N D',s,''
garments,'G AA R M AH N T S',s,'AA'
he,'HH IY',s,'IY'
doth,'D AO TH',s,'AO'
thee,'DH IY',s,'IY'
them,'DH EH M',s,''
i,'AY',s,'AY'
thee,'DH IY',s,'IY'
with,'W IH DH',s,'IH'
imagined,'IH M AW D ZH IH N D',s,'IH IH'
speed,'S P IY D',s,'IY'
unto,'AH N T UW',s,'UW'
the,'DH AH',s,''
to,'T UW',s,'UW'
the,'DH AH',s,''
common,'K AA M AH N',s,'AA'
to,'T UW',s,'UW'
no,'N OW',s,''
in,'IH N',s,'IH'
but,'B AH T',s,''
get,'G EH T',s,''
thee,'DH IY',s,'IY'
i,'AY',s,'AY'
shall,'SH AE L',s,'AE'
be,'B IY',s,'IY'
thee,'DH IY',s,'IY'
on,'AA N',s,'AA'
nerissa,'N ǝ r IH S ǝ',s,'IH'
i,'AY',s,'AY'
work,'W AO R K',s,'AO'
in,'IH N',s,'IH'
that,'DH AE T',s,'AE'
you,'Y UW',s,'UW'
yet,'Y EH T',s,''
not,'N AA T',s,'AA'
of,'AH V',s,''
see,'S IY',s,'IY'
our,'OW R',s,''
husbands,'HH AH Z B AH N D Z',s,''
think,'TH IH NG K',s,'IH'
of,'AH V',s,''
us,'AH S',s,''
shall,'SH AE L',s,'AE'
nerissa,'N ǝ r IH S ǝ',s,'IH'
but,'B AH T',s,''
in,'IH N',s,'IH'
a,'AH',s,''
habit,'HH AE B AH T',s,'AE'
that,'DH AE T',s,'AE'
shall,'SH AE L',s,'AE'
think,'TH IH NG K',s,'IH'
we,'W IY',s,'IY'
with,'W IH DH',s,'IH'
that,'DH AE T',s,'AE'
we,'W IY',s,'IY'
lack,'L AE K',s,'AE'
thee,'DH IY',s,'IY'
when,'ʍ e N',s,''
we,'W IY',s,'IY'
both,'B OW TH',s,''
men,'M EH N',s,''
the,'DH AH',s,''
of,'AH V',s,''
the,'DH AH',s,''
and,'AH N D',s,''
wear,'W EH R',s,''
my,'M AY',s,'AY'
with,'W IH DH',s,'IH'
the,'DH AH',s,''
and,'AH N D',s,''
speak,'S P IY K',s,'IY'
between,'B IH T W IY N',s,'IH IY'
the,'DH AH',s,''
of,'AH V',s,''
man,'M AE N',s,'AE'
and,'AH N D',s,''
with,'W IH DH',s,'IH'
a,'AH',s,''
reed,'R IY D',s,'IY'
and,'AH N D',s,''
turn,'T ɐ R N',s,''
steps,'S T EH P S',s,''
into,'IH N T UW',s,'IH UW'
a,'AH',s,''
and,'AH N D',s,''
speak,'S P IY K',s,'IY'
of,'AH V',s,''
a,'AH',s,''
youth,'Y UW TH',s,'UW'
and,'AH N D',s,''
tell,'T EH L',s,''
honorale,'AA N ER AH B AH L',s,'AA'
ladies,'L EY D IY Z',s,'EY IY'
my,'M AY',s,'AY'
i,'AY',s,'AY'
fell,'F EH L',s,''
sick,'S IH K',s,'IH'
and,'AH N D',s,''
died,'D AY D',s,'AY'
i,'AY',s,'AY'
not,'N AA T',s,'AA'
do,'D OW',s,''
repent,'R IH P EH N T',s,'IH'
and,'AH N D',s,''
wish,'W IH SH',s,'IH'
for,'F AO R',s,'AO'
all,'AA L',s,'AA'
that,'DH AE T',s,'AE'
that,'DH AE T',s,'AE'
i,'AY',s,'AY'
had,'HH AE D',s,'AE'
not,'N AA T',s,'AA'
them,'DH EH M',s,''
and,'AH N D',s,''
of,'AH V',s,''
tell,'T EH L',s,''
that,'DH AE T',s,'AE'
men,'M EH N',s,''
shall,'SH AE L',s,'AE'
swear,'S W EH R',s,''
i,'AY',s,'AY'
scchool,'S K UW L',s,'UW'
a,'AH',s,''
i,'AY',s,'AY'
within,'W IH DH IH N',s,'IH IH'
my,'M AY',s,'AY'
a,'AH',s,''
of,'AH V',s,''
i,'AY',s,'AY'
will,'W IH L',s,'IH'
what,'W AH T',s,''
a,'AH',s,''
question's,'K W EH S CH AH N Z',s,''
that,'DH AE T',s,'AE'
if,'IH F',s,'IH'
thou,'DH AW',s,''
near,'N IY R',s,'IY'
a,'AH',s,''
interpreter,'IH N T ɐ R P r IH T ǝ R',s,'IH IH'
but,'B AH T',s,''
tell,'T EH L',s,''
thee,'DH IY',s,'IY'
all,'AA L',s,'AA'
my,'M AY',s,'AY'
when,'ʍ e N',s,''
i,'AY',s,'AY'
am,'AE M',s,'AE'
in,'IH N',s,'IH'
my,'M AY',s,'AY'
coach,'K OW CH',s,''
for,'F AO R',s,'AO'
us,'AH S',s,''
at,'AE T',s,'AE'
the,'DH AH',s,''
park,'P AA R K',s,'AA'
and,'AH N D',s,''
therefre,'DH EH R F AO R',s,'AO'
hate,'AW S T',s,''
for,'F AO R',s,'AO'
we,'W IY',s,'IY'
must,'M AH S T',s,''
i,'AY',s,'AY'
did,'D IH D',s,'IH'
my,'M AY',s,'AY'
lord,'L AO R D',s,'AO'
i,'AY',s,'AY'
am,'AE M',s,'AE'
of,'AH V',s,''
the,'DH AH',s,''
is,'IH Z',s,'IH'
the,'DH AH',s,''
and,'AH N D',s,''
the,'DH AH',s,''
is,'IH Z',s,'IH'
your,'Y AO R',s,'AO'
shhylock,'SH ǝ IH L ɒ K',s,'IH'
of,'AH V',s,''
a,'AH',s,''
natre,'N EY CH ER',s,'EY'
is,'IH Z',s,'IH'
the,'DH AH',s,''
suit,'SH UW T',s,'UW'
you,'Y UW',s,'UW'
yet,'Y EH T',s,''
in,'IH N',s,'IH'
that,'DH AE T',s,'AE'
the,'DH AH',s,''
cannot,'K AE N AA T',s,'AE AA'
impugn,'IH M P Y UW N',s,'IH UW'
you,'Y UW',s,'UW'
as,'AE Z',s,'AE'
you,'Y UW',s,'UW'
do,'D OW',s,''
proceed,'P R AH S IY D',s,'IY'
you,'Y UW',s,'UW'
stand,'S T AE N D',s,'AE'
within,'W IH DH IH N',s,'IH IH'
his,'HH IH Z',s,'IH'
do,'D OW',s,''
you,'Y UW',s,'UW'
not,'N AA T',s,'AA'
do,'D OW',s,''
you,'Y UW',s,'UW'
confess,'K AH N F EH S',s,''
the,'DH AH',s,''
bond,'B AA N D',s,'AA'
then,'DH EH N',s,''
must,'M AH S T',s,''
the,'DH AH',s,''
be,'B IY',s,'IY'
the,'DH AH',s,''
of,'AH V',s,''
is,'IH Z',s,'IH'
not,'N AA T',s,'AA'
it,'IH T',s,'IH'
as,'AE Z',s,'AE'
the,'DH AH',s,''
rain,'r EH N',s,''
from,'F R AH M',s,''
heaven,'HH EH V AH N',s,''
upon,'AH P AA N',s,'AA'
the,'DH AH',s,''
beneath,'B IH N IY TH',s,'IH IY'
it,'IH T',s,'IH'
is,'IH Z',s,'IH'
blest,'B L EH S T',s,''
it,'IH T',s,'IH'
him,'HH IH M',s,'IH'
that,'DH AE T',s,'AE'
and,'AH N D',s,''
him,'HH IH M',s,'IH'
that,'DH AE T',s,'AE'
in,'IH N',s,'IH'
the,'DH AH',s,''
it,'IH T',s,'IH'
the,'DH AH',s,''
monarch,'M AA N AA R K',s,'AA AA'
better,'B e T ə R',s,''
than,'DH AE N',s,'AE'
his,'HH IH Z',s,'IH'
crown,'K r ǝ UH N',s,'UH'
his,'HH IH Z',s,'IH'
the,'DH AH',s,''
of,'AH V',s,''
the,'DH AH',s,''
to,'T UW',s,'UW'
we,'AA',s,'AA'
and,'AH N D',s,''
majesty,'M AE JH AH S T IY',s,'AE IY'
wherein,'ʍ EH R IH N',s,'IH'
doth,'D AO TH',s,'AO'
sit,'S IH T',s,'IH'
the,'DH AH',s,''
dread,'D R EH D',s,''
and,'AH N D',s,''
fear,'F IY R',s,'IY'
of,'AH V',s,''
but,'B AH T',s,''
is,'IH Z',s,'IH'
this,'DH IH S',s,'IH'
it,'IH T',s,'IH'
is,'IH Z',s,'IH'
in,'IH N',s,'IH'
the,'DH AH',s,''
hearts,'HH AA R T S',s,'AA'
of,'AH V',s,''
it,'IH T',s,'IH'
is,'IH Z',s,'IH'
an,'AE N',s,'AE'
to,'T UW',s,'UW'
god,'G AA D',s,'AA'
himself,'HH IH M S EH L F',s,'IH'
and,'AH N D',s,''
doth,'D AO TH',s,'AO'
then,'DH EH N',s,''
when,'ʍ e N',s,''
seasons,'S IY Z AH N Z',s,'IY'
therefre,'DH EH R F AO R',s,'AO'
be,'B IY',s,'IY'
plea,'P L IY',s,'IY'
this,'DH IH S',s,'IH'
that,'DH AE T',s,'AE'
in,'IH N',s,'IH'
the,'DH AH',s,''
of,'AH V',s,''
of,'AH V',s,''
us,'AH S',s,''
see,'S IY',s,'IY'
we,'W IY',s,'IY'
do,'D OW',s,''
for,'F AO R',s,'AO'
and,'AH N D',s,''
that,'DH AE T',s,'AE'
doth,'D AO TH',s,'AO'
teach,'T IY CH',s,'IY'
us,'AH S',s,''
all,'AA L',s,'AA'
to,'T UW',s,'UW'
render,'r e N D ǝ R',s,''
the,'DH AH',s,''
deeds,'D IY D Z',s,'IY'
of,'AH V',s,''
i,'AY',s,'AY'
thus,'DH ɤ S',s,''
to,'T UW',s,'UW'
the,'DH AH',s,''
of,'AH V',s,''
plea,'P L IY',s,'IY'
if,'IH F',s,'IH'
thou,'DH AW',s,''
this,'DH IH S',s,'IH'
strict,'S T R IH K T',s,'IH'
court,'K AO R T',s,'AO'
of,'AH V',s,''
must,'M AH S T',s,''
needs,'N IY D Z',s,'IY'
the,'DH AH',s,''
is,'IH Z',s,'IH'
he,'HH IY',s,'IY'
not,'N AA T',s,'AA'
to,'T UW',s,'UW'
the,'DH AH',s,''
it,'IH T',s,'IH'
must,'M AH S T',s,''
not,'N AA T',s,'AA'
be,'B IY',s,'IY'
is,'IH Z',s,'IH'
no,'N OW',s,''
in,'IH N',s,'IH'
can,'K AE N',s,'AE'
a,'AH',s,''
decree,'D IH K R IY',s,'IH IY'
be,'B IY',s,'IY'
recorded,'R AH K AO R D AH D',s,'AO'
for,'F AO R',s,'AO'
a,'AH',s,''
and,'AH N D',s,''
an,'AE N',s,'AE'
error,'e r ǝ R',s,''
by,'B AY',s,'AY'
the,'DH AH',s,''
will,'W IH L',s,'IH'
rush,'r ɤ SH',s,''
into,'IH N T UW',s,'IH UW'
the,'DH AH',s,''
it,'IH T',s,'IH'
cannot,'K AE N AA T',s,'AE AA'
be,'B IY',s,'IY'
i,'AY',s,'AY'
you,'Y UW',s,'UW'
let,'L EH T',s,''
me,'M IY',s,'IY'
look,'L UH K',s,'UH'
upon,'AH P AA N',s,'AA'
the,'DH AH',s,''
bond,'B AA N D',s,'AA'
shhylock,'SH ǝ IH L ɒ K',s,'IH'
thee,'DH IY',s,'IY'
whhy,'ʍ ǝ IH',s,'IH'
this,'DH IH S',s,'IH'
bond,'B AA N D',s,'AA'
is,'IH Z',s,'IH'
forfeit,'F AO R F IH T',s,'AO IH'
and,'AH N D',s,''
lawfullly,'L AO F UH ˌ L ǝ IH',s,'AO UH IH'
by,'B AY',s,'AY'
this,'DH IH S',s,'IH'
the,'DH AH',s,''
claim,'K L EH M',s,''
a,'AH',s,''
of,'AH V',s,''
flesh,'F L EH SH',s,''
to,'T UW',s,'UW'
be,'B IY',s,'IY'
by,'B AY',s,'AY'
him,'HH IH M',s,'IH'
cut,'K ɤ T',s,''
off,'AO F',s,'AO'
nearest,'N IY r ǝ S T',s,'IY'
the,'DH AH',s,''
bid,'B IH D',s,'IH'
me,'M IY',s,'IY'
tear,'T IY R',s,'IY'
the,'DH AH',s,''
bond,'B AA N D',s,'AA'
whhy,'ʍ ǝ IH',s,'IH'
then,'DH EH N',s,''
thus,'DH ɤ S',s,''
it,'IH T',s,'IH'
is,'IH Z',s,'IH'
you,'Y UW',s,'UW'
must,'M AH S T',s,''
your,'Y AO R',s,'AO'
bosom,'B UH Z AH M',s,'UH'
for,'F AO R',s,'AO'
his,'HH IH Z',s,'IH'
knfe,'N AY F',s,'AY'
for,'F AO R',s,'AO'
the,'DH AH',s,''
intent,'IH N T EH N T',s,'IH'
and,'AH N D',s,''
of,'AH V',s,''
the,'DH AH',s,''
hath,'HH AE TH',s,'AE'
full,'F UH L',s,'UH'
relation,'R IY L EY SH AH N',s,'IY EY'
to,'T UW',s,'UW'
the,'DH AH',s,''
appeareth,'ǝ P IY R ǝ TH',s,'IY'
upon,'AH P AA N',s,'AA'
the,'DH AH',s,''
bond,'B AA N D',s,'AA'
therefre,'DH EH R F AO R',s,'AO'
your,'Y AO R',s,'AO'
bosom,'B UH Z AH M',s,'UH'
it,'IH T',s,'IH'
is,'IH Z',s,'IH'
so,'S OW',s,''
to,'T UW',s,'UW'
the,'DH AH',s,''
flesh,'F L EH SH',s,''
by,'B AY',s,'AY'
shhylock,'SH ǝ IH L ɒ K',s,'IH'
on,'AA N',s,'AA'
your,'Y AO R',s,'AO'
to,'T UW',s,'UW'
stop,'S T AA P',s,'AA'
his,'HH IH Z',s,'IH'
wounds,'W UW N D Z',s,'UW'
lest,'L EH S T',s,''
he,'HH IY',s,'IY'
do,'D OW',s,''
bleed,'B L IY D',s,'IY'
to,'T UW',s,'UW'
death,'D EH TH',s,''
it,'IH T',s,'IH'
is,'IH Z',s,'IH'
not,'N AA T',s,'AA'
so,'S OW',s,''
expressed,'IH K S P R EH S T',s,'IH'
but,'B AH T',s,''
what,'W AH T',s,''
of,'AH V',s,''
that,'DH AE T',s,'AE'
good,'G UH D',s,'UH'
you,'Y UW',s,'UW'
do,'D OW',s,''
so,'S OW',s,''
for,'F AO R',s,'AO'
charity,'CH EH R IH T IY',s,'IH IY'
you,'Y UW',s,'UW'
you,'Y UW',s,'UW'
to,'T UW',s,'UW'
your,'Y AO R',s,'AO'
you,'Y UW',s,'UW'
thanks,'TH AE NG K S',s,'AE'
for,'F AO R',s,'AO'
that,'DH AE T',s,'AE'
if,'IH F',s,'IH'
she,'SH IY',s,'IY'
wre,'W ER',s,''
by,'B AY',s,'AY'
to,'T UW',s,'UW'
you,'Y UW',s,'UW'
the,'DH AH',s,''
offer,'ɒ F ǝ R',s,''
a,'AH',s,''
of,'AH V',s,''
that,'DH AE T',s,'AE'
flesh,'F L EH SH',s,''
is,'IH Z',s,'IH'
the,'DH AH',s,''
court,'K AO R T',s,'AO'
awards,'AH W AO R D Z',s,'AO'
it,'IH T',s,'IH'
and,'AH N D',s,''
the,'DH AH',s,''
doth,'D AO TH',s,'AO'
it,'IH T',s,'IH'
and,'AH N D',s,''
you,'Y UW',s,'UW'
must,'M AH S T',s,''
cut,'K ɤ T',s,''
this,'DH IH S',s,'IH'
flesh,'F L EH SH',s,''
from,'F R AH M',s,''
off,'AO F',s,'AO'
his,'HH IH Z',s,'IH'
breast,'B R EH S T',s,''
the,'DH AH',s,''
it,'IH T',s,'IH'
and,'AH N D',s,''
the,'DH AH',s,''
court,'K AO R T',s,'AO'
awards,'AH W AO R D Z',s,'AO'
it,'IH T',s,'IH'
tarrry,'T AW r ǝ IH',s,'IH'
a,'AH',s,''
is,'IH Z',s,'IH'
this,'DH IH S',s,'IH'
bond,'B AA N D',s,'AA'
doth,'D AO TH',s,'AO'
thee,'DH IY',s,'IY'
no,'N OW',s,''
jot,'JH AA T',s,'AA'
of,'AH V',s,''
blood,'B L AH D',s,''
the,'DH AH',s,''
a,'AH',s,''
of,'AH V',s,''
flesh,'F L EH SH',s,''
then,'DH EH N',s,''
bond,'B AA N D',s,'AA'
thou,'DH AW',s,''
of,'AH V',s,''
flesh,'F L EH SH',s,''
but,'B AH T',s,''
in,'IH N',s,'IH'
the,'DH AH',s,''
it,'IH T',s,'IH'
if,'IH F',s,'IH'
thou,'DH AW',s,''
dost,'D AA S T',s,'AA'
shed,'SH EH D',s,''
drop,'D R AA P',s,'AA'
of,'AH V',s,''
chhristian,'K r IH S T IH ǝ N',s,'IH IH'
blood,'B L AH D',s,''
lands,'L AE N D Z',s,'AE'
and,'AH N D',s,''
goods,'G UH D Z',s,'UH'
by,'B AY',s,'AY'
the,'DH AH',s,''
of,'AH V',s,''
unto,'AH N T UW',s,'UW'
the,'DH AH',s,''
of,'AH V',s,''
shalt,'SH AE L T',s,'AE'
see,'S IY',s,'IY'
the,'DH AH',s,''
act,'AE K T',s,'AE'
for,'F AO R',s,'AO'
as,'AE Z',s,'AE'
thou,'DH AW',s,''
be,'B IY',s,'IY'
thou,'DH AW',s,''
shalt,'SH AE L T',s,'AE'
than,'DH AE N',s,'AE'
thou,'DH AW',s,''
soft,'S AA F T',s,'AA'
the,'DH AH',s,''
shall,'SH AE L',s,'AE'
all,'AA L',s,'AA'
soft,'S AA F T',s,'AA'
no,'N OW',s,''
hate,'AW S T',s,''
he,'HH IY',s,'IY'
shall,'SH AE L',s,'AE'
but,'B AH T',s,''
the,'DH AH',s,''
therefre,'DH EH R F AO R',s,'AO'
thee,'DH IY',s,'IY'
to,'T UW',s,'UW'
cut,'K ɤ T',s,''
off,'AO F',s,'AO'
the,'DH AH',s,''
flesh,'F L EH SH',s,''
shed,'SH EH D',s,''
thou,'DH AW',s,''
no,'N OW',s,''
blood,'B L AH D',s,''
nor,'N AO R',s,'AO'
cut,'K ɤ T',s,''
thou,'DH AW',s,''
less,'L EH S',s,''
nor,'N AO R',s,'AO'
but,'B AH T',s,''
a,'AH',s,''
of,'AH V',s,''
flesh,'F L EH SH',s,''
if,'IH F',s,'IH'
thou,'DH AW',s,''
or,'AO R',s,'AO'
less,'L EH S',s,''
than,'DH AE N',s,'AE'
a,'AH',s,''
be,'B IY',s,'IY'
it,'IH T',s,'IH'
but,'B AH T',s,''
so,'S OW',s,''
as,'AE Z',s,'AE'
it,'IH T',s,'IH'
or,'AO R',s,'AO'
heavy,'e V ǝ IH',s,'IH'
in,'IH N',s,'IH'
the,'DH AH',s,''
or,'AO R',s,'AO'
the,'DH AH',s,''
of,'AH V',s,''
the,'DH AH',s,''
part,'P AA R T',s,'AA'
of,'AH V',s,''
poor,'P UH R',s,'UH'
if,'IH F',s,'IH'
the,'DH AH',s,''
do,'D OW',s,''
turn,'T ɐ R N',s,''
but,'B AH T',s,''
in,'IH N',s,'IH'
the,'DH AH',s,''
of,'AH V',s,''
a,'AH',s,''
hair,'HH EH R',s,''
thou,'DH AW',s,''
and,'AH N D',s,''
all,'AA L',s,'AA'
goods,'G UH D Z',s,'UH'
whhy,'ʍ ǝ IH',s,'IH'
doth,'D AO TH',s,'AO'
the,'DH AH',s,''
he,'HH IY',s,'IY'
hath,'HH AE TH',s,'AE'
refused,'R AH F Y UW Z D',s,'UW'
it,'IH T',s,'IH'
in,'IH N',s,'IH'
the,'DH AH',s,''
open,'OW P ǝ N',s,''
court,'K AO R T',s,'AO'
he,'HH IY',s,'IY'
shall,'SH AE L',s,'AE'
merely,'M IY R L ǝ IH',s,'IY IH'
and,'AH N D',s,''
his,'HH IH Z',s,'IH'
bond,'B AA N D',s,'AA'
thou,'DH AW',s,''
shalt,'SH AE L T',s,'AE'
but,'B AH T',s,''
the,'DH AH',s,''
to,'T UW',s,'UW'
be,'B IY',s,'IY'
so,'S OW',s,''
taken,'T EY K AH N',s,'EY'
at,'AE T',s,'AE'
peril,'P EH R AH L',s,''
tarrry,'T AW r ǝ IH',s,'IH'
the,'DH AH',s,''
hath,'HH AE TH',s,'AE'
yet,'Y EH T',s,''
another,'ǝ N ɤ DH ǝ R',s,''
on,'AA N',s,'AA'
you,'Y UW',s,'UW'
it,'IH T',s,'IH'
is,'IH Z',s,'IH'
enacted,'EH N AE K T AH D',s,'AE'
in,'IH N',s,'IH'
the,'DH AH',s,''
of,'AH V',s,''
if,'IH F',s,'IH'
it,'IH T',s,'IH'
be,'B IY',s,'IY'
against,'AH G EH N S T',s,''
an,'AE N',s,'AE'
that,'DH AE T',s,'AE'
by,'B AY',s,'AY'
or,'AO R',s,'AO'
he,'HH IY',s,'IY'
seek,'S IY K',s,'IY'
the,'DH AH',s,''
of,'AH V',s,''
citizen,'S IH T AH Z AH N',s,'IH'
the,'DH AH',s,''
party,'P AA R T IY',s,'AA IY'
the,'DH AH',s,''
he,'HH IY',s,'IY'
doth,'D AO TH',s,'AO'
shall,'SH AE L',s,'AE'
his,'HH IH Z',s,'IH'
goods,'G UH D Z',s,'UH'
the,'DH AH',s,''
to,'T UW',s,'UW'
the,'DH AH',s,''
privy,'P R IH V IY',s,'IH IY'
of,'AH V',s,''
the,'DH AH',s,''
and,'AH N D',s,''
the,'DH AH',s,''
in,'IH N',s,'IH'
the,'DH AH',s,''
of,'AH V',s,''
the,'DH AH',s,''
only,'OW N L IY',s,'IY'
all,'AA L',s,'AA'
in,'IH N',s,'IH'
i,'AY',s,'AY'
thou,'DH AW',s,''
for,'F AO R',s,'AO'
it,'IH T',s,'IH'
appears,'ǝ P IY R Z',s,'IY'
by,'B AY',s,'AY'
manifest,'M AE N AH F EH S T',s,'AE'
that,'DH AE T',s,'AE'
and,'AH N D',s,''
too,'T UW',s,'UW'
thou,'DH AW',s,''
hast,'HH AE S T',s,'AE'
contrived,'K ǝ N T r ǝ IH V D',s,'IH'
against,'AH G EH N S T',s,''
the,'DH AH',s,''
very,'V EH R IY',s,'IY'
of,'AH V',s,''
the,'DH AH',s,''
defendant,'D IH F EH N D AH N T',s,'IH'
and,'AH N D',s,''
thou,'DH AW',s,''
hast,'HH AE S T',s,'AE'
the,'DH AH',s,''
by,'B AY',s,'AY'
me,'M IY',s,'IY'
down,'D ǝ UH N',s,'UH'
therefre,'DH EH R F AO R',s,'AO'
and,'AH N D',s,''
beg,'B EH G',s,''
of,'AH V',s,''
the,'DH AH',s,''
for,'F AO R',s,'AO'
the,'DH AH',s,''
not,'N AA T',s,'AA'
for,'F AO R',s,'AO'
what,'W AH T',s,''
can,'K AE N',s,'AE'
you,'Y UW',s,'UW'
render,'r e N D ǝ R',s,''
him,'HH IH M',s,'IH'
art,'AA R T',s,'AA'
thou,'DH AW',s,''
contented,'K AH N T EH N T AH D',s,''
what,'W AH T',s,''
dost,'D AA S T',s,'AA'
thou,'DH AW',s,''
a,'AH',s,''
deed,'D IY D',s,'IY'
of,'AH V',s,''
gift,'G IH F T',s,'IH'
i,'AY',s,'AY'
humbly,'HH AH M B L IY',s,'IY'
do,'D OW',s,''
your,'Y AO R',s,'AO'
of,'AH V',s,''
pardon,'P AA R D ǝ N',s,'AA'
i,'AY',s,'AY'
must,'M AH S T',s,''
this,'DH IH S',s,'IH'
and,'AH N D',s,''
it,'IH T',s,'IH'
is,'IH Z',s,'IH'
meet,'M IY T',s,'IY'
i,'AY',s,'AY'
presently,'P R EH Z AH N T L IY',s,'IY'
set,'S EH T',s,''
forth,'F AO R TH',s,'AO'
he,'HH IY',s,'IY'
is,'IH Z',s,'IH'
well,'W EH L',s,''
paid,'P EY D',s,'EY'
that,'DH AE T',s,'AE'
is,'IH Z',s,'IH'
well,'W EH L',s,''
satisfied,'S AE T AH S F AY D',s,'AE AY'
and,'AH N D',s,''
i,'AY',s,'AY'
you,'Y UW',s,'UW'
am,'AE M',s,'AE'
satisfied,'S AE T AH S F AY D',s,'AE AY'
and,'AH N D',s,''
therein,'DH EH R IH N',s,'IH'
do,'D OW',s,''
myself,'M AY S EH L F',s,'AY'
well,'W EH L',s,''
paid,'P EY D',s,'EY'
my,'M AY',s,'AY'
was,'W AA Z',s,'AA'
never,'N e V ǝ R',s,''
yet,'Y EH T',s,''
i,'AY',s,'AY'
you,'Y UW',s,'UW'
me,'M IY',s,'IY'
when,'ʍ e N',s,''
we,'W IY',s,'IY'
meet,'M IY T',s,'IY'
again,'ǝ ɡ EH N',s,''
i,'AY',s,'AY'
wish,'W IH SH',s,'IH'
you,'Y UW',s,'UW'
well,'W EH L',s,''
and,'AH N D',s,''
so,'S OW',s,''
i,'AY',s,'AY'
my,'M AY',s,'AY'
you,'Y UW',s,'UW'
press,'P R EH S',s,''
me,'M IY',s,'IY'
far,'F AA R',s,'AA'
and,'AH N D',s,''
therefre,'DH EH R F AO R',s,'AO'
i,'AY',s,'AY'
will,'W IH L',s,'IH'
yield,'Y IY L D',s,'IY'
me,'M IY',s,'IY'
your,'Y AO R',s,'AO'
wear,'W EH R',s,''
them,'DH EH M',s,''
for,'F AO R',s,'AO'
your,'Y AO R',s,'AO'
and,'AH N D',s,''
for,'F AO R',s,'AO'
your,'Y AO R',s,'AO'
this,'DH IH S',s,'IH'
from,'F R AH M',s,''
you,'Y UW',s,'UW'
do,'D OW',s,''
not,'N AA T',s,'AA'
back,'B AE K',s,'AE'
your,'Y AO R',s,'AO'
no,'N OW',s,''
and,'AH N D',s,''
you,'Y UW',s,'UW'
in,'IH N',s,'IH'
shall,'SH AE L',s,'AE'
not,'N AA T',s,'AA'
me,'M IY',s,'IY'
this,'DH IH S',s,'IH'
i,'AY',s,'AY'
will,'W IH L',s,'IH'
but,'B AH T',s,''
only,'OW N L IY',s,'IY'
this,'DH IH S',s,'IH'
and,'AH N D',s,''
methinks,'M IH TH IH NG K S',s,'IH IH'
i,'AY',s,'AY'
a,'AH',s,''
to,'T UW',s,'UW'
it,'IH T',s,'IH'
i,'AY',s,'AY'
see,'S IY',s,'IY'
you,'Y UW',s,'UW'
in,'IH N',s,'IH'
offers,'ɒ F ǝ R Z',s,''
you,'Y UW',s,'UW'
me,'M IY',s,'IY'
to,'T UW',s,'UW'
beg,'B EH G',s,''
and,'AH N D',s,''
methinks,'M IH TH IH NG K S',s,'IH IH'
you,'Y UW',s,'UW'
teach,'T IY CH',s,'IY'
me,'M IY',s,'IY'
a,'AH',s,''
beggar,'B e ɡ ə R',s,''
be,'B IY',s,'IY'
that,'DH AE T',s,'AE'
men,'M EH N',s,''
to,'T UW',s,'UW'
sve,'EH V',s,''
their,'DH EH R',s,''
gifts,'G IH F T S',s,'IH'
and,'AH N D',s,''
if,'IH F',s,'IH'
your,'Y AO R',s,'AO'
be,'B IY',s,'IY'
not,'N AA T',s,'AA'
a,'AH',s,''
and,'AH N D',s,''
well,'W EH L',s,''
i,'AY',s,'AY'
deserved,'D IH Z ɐ R V IH D',s,'IH IH'
this,'DH IH S',s,'IH'
she,'SH IY',s,'IY'
not,'N AA T',s,'AA'
out,'AW T',s,''
enemy,'EH N AH M IY',s,'IY'
for,'F AO R',s,'AO'
it,'IH T',s,'IH'
to,'T UW',s,'UW'
me,'M IY',s,'IY'
well,'W EH L',s,''
be,'B IY',s,'IY'
with,'W IH DH',s,'IH'
you,'Y UW',s,'UW'
the,'DH AH',s,''
out,'AW T',s,''
him,'HH IH M',s,'IH'
this,'DH IH S',s,'IH'
deed,'D IY D',s,'IY'
and,'AH N D',s,''
let,'L EH T',s,''
him,'HH IH M',s,'IH'
sign,'S ǝ IH N',s,'IH'
it,'IH T',s,'IH'
and,'AH N D',s,''
be,'B IY',s,'IY'
a,'AH',s,''
our,'OW R',s,''
husbands,'HH AH Z B AH N D Z',s,''
hme,'OW M',s,''
this,'DH IH S',s,'IH'
deed,'D IY D',s,'IY'
will,'W IH L',s,'IH'
be,'B IY',s,'IY'
well,'W EH L',s,''
to,'T UW',s,'UW'
that,'DH AE T',s,'AE'
cannot,'K AE N AA T',s,'AE AA'
be,'B IY',s,'IY'
his,'HH IH Z',s,'IH'
i,'AY',s,'AY'
do,'D OW',s,''
most,'M OW S T',s,''
and,'AH N D',s,''
so,'S OW',s,''
i,'AY',s,'AY'
you,'Y UW',s,'UW'
tell,'T EH L',s,''
him,'HH IH M',s,'IH'
i,'AY',s,'AY'
you,'Y UW',s,'UW'
my,'M AY',s,'AY'
youth,'Y UW TH',s,'UW'
old,'OW L D',s,''
thou,'DH AW',s,''
i,'AY',s,'AY'
warrant,'W AA r ǝ N T',s,'AA'
we,'W IY',s,'IY'
shall,'SH AE L',s,'AE'
old,'OW L D',s,''
that,'DH AE T',s,'AE'
did,'D IH D',s,'IH'
the,'DH AH',s,''
to,'T UW',s,'UW'
men,'M EH N',s,''
but,'B AH T',s,''
them,'DH EH M',s,''
and,'AH N D',s,''
them,'DH EH M',s,''
too,'T UW',s,'UW'
hate,'AW S T',s,''
thou,'DH AW',s,''
i,'AY',s,'AY'
will,'W IH L',s,'IH'
tarrry,'T AW r ǝ IH',s,'IH'
that,'DH AE T',s,'AE'
we,'W IY',s,'IY'
see,'S IY',s,'IY'
is,'IH Z',s,'IH'
in,'IH N',s,'IH'
my,'M AY',s,'AY'
far,'F AA R',s,'AA'
that,'DH AE T',s,'AE'
his,'HH IH Z',s,'IH'
beams,'B IY M Z',s,'IY'
so,'S OW',s,''
a,'AH',s,''
good,'G UH D',s,'UH'
deed,'D IY D',s,'IY'
in,'IH N',s,'IH'
a,'AH',s,''
so,'S OW',s,''
doth,'D AO TH',s,'AO'
the,'DH AH',s,''
greater,'G r e T ǝ R',s,''
dim,'D IH M',s,'IH'
the,'DH AH',s,''
less,'L EH S',s,''
a,'AH',s,''
as,'AE Z',s,'AE'
a,'AH',s,''
until,'AH N T IH L',s,'IH'
a,'AH',s,''
be,'B IY',s,'IY'
by,'B AY',s,'AY'
and,'AH N D',s,''
then,'DH EH N',s,''
his,'HH IH Z',s,'IH'
empties,'EH M P T IY Z',s,'IY'
itself,'IH T S EH L F',s,'IH'
as,'AE Z',s,'AE'
doth,'D AO TH',s,'AO'
an,'AE N',s,'AE'
inland,'IH N L AE N D',s,'IH AE'
brook,'B R UH K',s,'UH'
into,'IH N T UW',s,'IH UW'
the,'DH AH',s,''
main,'M EH N',s,''
of,'AH V',s,''
waters,'W AA T ǝ R Z',s,'AA'
is,'IH Z',s,'IH'
good,'G UH D',s,'UH'
i,'AY',s,'AY'
see,'S IY',s,'IY'
respect,'R IH S P EH K T',s,'IH'
methinks,'M IH TH IH NG K S',s,'IH IH'
it,'IH T',s,'IH'
sounds,'S AW N D Z',s,''
sweeter,'S W IY T ǝ R',s,'IY'
than,'DH AE N',s,'AE'
by,'B AY',s,'AY'
the,'DH AH',s,''
doth,'D AO TH',s,'AO'
as,'AE Z',s,'AE'
as,'AE Z',s,'AE'
the,'DH AH',s,''
lark,'L AA R K',s,'AA'
when,'ʍ e N',s,''
neither,'N EH DH ǝ R',s,''
is,'IH Z',s,'IH'
attended,'AH T EH N D AH D',s,''
and,'AH N D',s,''
i,'AY',s,'AY'
think,'TH IH NG K',s,'IH'
the,'DH AH',s,''
if,'IH F',s,'IH'
she,'SH IY',s,'IY'
by,'B AY',s,'AY'
when,'ʍ e N',s,''
every,'e V r ǝ IH',s,'IH'
is,'IH Z',s,'IH'
be,'B IY',s,'IY'
no,'N OW',s,''
better,'B e T ə R',s,''
a,'AH',s,''
than,'DH AE N',s,'AE'
the,'DH AH',s,''
wren,'R EH N',s,''
by,'B AY',s,'AY'
season,'S IY Z AH N',s,'IY'
to,'T UW',s,'UW'
their,'DH EH R',s,''
and,'AH N D',s,''
true,'T R UW',s,'UW'
the,'DH AH',s,''
moon,'M UW N',s,'UW'
sleeps,'S L IY P S',s,'IY'
with,'W IH DH',s,'IH'
and,'AH N D',s,''
not,'N AA T',s,'AA'
be,'B IY',s,'IY'
he,'HH IY',s,'IY'
me,'M IY',s,'IY'
as,'AE Z',s,'AE'
the,'DH AH',s,''
man,'M AE N',s,'AE'
the,'DH AH',s,''
cuckoo,'K AH K UW',s,'UW'
by,'B AY',s,'AY'
the,'DH AH',s,''
bad,'B AE D',s,'AE'
we,'W IY',s,'IY'
been,'B IH N',s,'IH'
for,'F AO R',s,'AO'
our,'OW R',s,''
speed,'S P IY D',s,'IY'
we,'W IY',s,'IY'
the,'DH AH',s,''
better,'B e T ə R',s,''
for,'F AO R',s,'AO'
our,'OW R',s,''
returned,'r IH T ɐ R N IH D',s,'IH IH'
go,'G OW',s,''
in,'IH N',s,'IH'
nerissa,'N ǝ r IH S ǝ',s,'IH'
order,'AO R D ǝ R',s,'AO'
to,'T UW',s,'UW'
my,'M AY',s,'AY'
that,'DH AE T',s,'AE'
no,'N OW',s,''
at,'AE T',s,'AE'
all,'AA L',s,'AA'
of,'AH V',s,''
our,'OW R',s,''
being,'B IY IH NG',s,'IY IH'
absent,'AE B S AH N T',s,'AE'
nor,'N AO R',s,'AO'
you,'Y UW',s,'UW'
nor,'N AO R',s,'AO'
you,'Y UW',s,'UW'
this,'DH IH S',s,'IH'
methinks,'M IH TH IH NG K S',s,'IH IH'
is,'IH Z',s,'IH'
but,'B AH T',s,''
the,'DH AH',s,''
sick,'S IH K',s,'IH'
it,'IH T',s,'IH'
looks,'L UH K S',s,'UH'
a,'AH',s,''
a,'AH',s,''
as,'AE Z',s,'AE'
the,'DH AH',s,''
is,'IH Z',s,'IH'
when,'ʍ e N',s,''
the,'DH AH',s,''
sun,'S AH N',s,''
is,'IH Z',s,'IH'
hid,'HH IH D',s,'IH'
let,'L EH T',s,''
me,'M IY',s,'IY'
but,'B AH T',s,''
let,'L EH T',s,''
me,'M IY',s,'IY'
not,'N AA T',s,'AA'
be,'B IY',s,'IY'
for,'F AO R',s,'AO'
a,'AH',s,''
doth,'D AO TH',s,'AO'
a,'AH',s,''
heavy,'e V ǝ IH',s,'IH'
and,'AH N D',s,''
never,'N e V ǝ R',s,''
be,'B IY',s,'IY'
so,'S OW',s,''
for,'F AO R',s,'AO'
me,'M IY',s,'IY'
but,'B AH T',s,''
god,'G AA D',s,'AA'
sort,'S AO R T',s,'AO'
all,'AA L',s,'AA'
you,'Y UW',s,'UW'
hme,'OW M',s,''
my,'M AY',s,'AY'
lord,'L AO R D',s,'AO'
you,'Y UW',s,'UW'
in,'IH N',s,'IH'
all,'AA L',s,'AA'
be,'B IY',s,'IY'
to,'T UW',s,'UW'
him,'HH IH M',s,'IH'
for,'F AO R',s,'AO'
as,'AE Z',s,'AE'
i,'AY',s,'AY'
he,'HH IY',s,'IY'
was,'W AA Z',s,'AA'
for,'F AO R',s,'AO'
you,'Y UW',s,'UW'
you,'Y UW',s,'UW'
very,'V EH R IY',s,'IY'
to,'T UW',s,'UW'
our,'OW R',s,''
it,'IH T',s,'IH'
must,'M AH S T',s,''
appear,'ǝ P IY R',s,'IY'
in,'IH N',s,'IH'
than,'DH AE N',s,'AE'
therefre,'DH EH R F AO R',s,'AO'
i,'AY',s,'AY'
this,'DH IH S',s,'IH'
a,'AH',s,''
ho,'HH OW',s,''
the,'DH AH',s,''
matter,'M AW T ǝ R',s,''
you,'Y UW',s,'UW'
wre,'W ER',s,''
to,'T UW',s,'UW'
i,'AY',s,'AY'
must,'M AH S T',s,''
be,'B IY',s,'IY'
plain,'P L EH N',s,''
with,'W IH DH',s,'IH'
you,'Y UW',s,'UW'
to,'T UW',s,'UW'
part,'P AA R T',s,'AA'
so,'S OW',s,''
with,'W IH DH',s,'IH'
your,'Y AO R',s,'AO'
gift,'G IH F T',s,'IH'
a,'AH',s,''
stuck,'S T ɤ K',s,''
on,'AA N',s,'AA'
with,'W IH DH',s,'IH'
upon,'AH P AA N',s,'AA'
your,'Y AO R',s,'AO'
and,'AH N D',s,''
so,'S OW',s,''
riveted,'R IH V AH T IH D',s,'IH IH'
with,'W IH DH',s,'IH'
faith,'F EY TH',s,'EY'
unto,'AH N T UW',s,'UW'
your,'Y AO R',s,'AO'
flesh,'F L EH SH',s,''
i,'AY',s,'AY'
my,'M AY',s,'AY'
a,'AH',s,''
and,'AH N D',s,''
him,'HH IH M',s,'IH'
swear,'S W EH R',s,''
never,'N e V ǝ R',s,''
to,'T UW',s,'UW'
part,'P AA R T',s,'AA'
with,'W IH DH',s,'IH'
it,'IH T',s,'IH'
and,'AH N D',s,''
he,'HH IY',s,'IY'
stands,'S T AE N D Z',s,'AE'
i,'AY',s,'AY'
be,'B IY',s,'IY'
sworn,'S W AO R N',s,'AO'
for,'F AO R',s,'AO'
him,'HH IH M',s,'IH'
he,'HH IY',s,'IY'
not,'N AA T',s,'AA'
it,'IH T',s,'IH'
nor,'N AO R',s,'AO'
pluck,'P L ɤ K',s,''
it,'IH T',s,'IH'
from,'F R AH M',s,''
his,'HH IH Z',s,'IH'
for,'F AO R',s,'AO'
the,'DH AH',s,''
wealth,'W EH L TH',s,''
that,'DH AE T',s,'AE'
the,'DH AH',s,''
masters,'M AW S T ǝ R Z',s,''
in,'IH N',s,'IH'
faith,'F EY TH',s,'EY'
you,'Y UW',s,'UW'
your,'Y AO R',s,'AO'
too,'T UW',s,'UW'
a,'AH',s,''
of,'AH V',s,''
grief,'G R IY F',s,'IY'
an,'AE N',s,'AE'
to,'T UW',s,'UW'
me,'M IY',s,'IY'
i,'AY',s,'AY'
be,'B IY',s,'IY'
mad,'M AE D',s,'AE'
at,'AE T',s,'AE'
it,'IH T',s,'IH'
what,'W AH T',s,''
you,'Y UW',s,'UW'
my,'M AY',s,'AY'
lord,'L AO R D',s,'AO'
not,'N AA T',s,'AA'
that,'DH AE T',s,'AE'
i,'AY',s,'AY'
you,'Y UW',s,'UW'
of,'AH V',s,''
me,'M IY',s,'IY'
even,'IY V IH N',s,'IY IH'
so,'S OW',s,''
void,'V OY D',s,''
is,'IH Z',s,'IH'
your,'Y AO R',s,'AO'
heart,'HH AA R T',s,'AA'
of,'AH V',s,''
truth,'T R UW TH',s,'UW'
by,'B AY',s,'AY'
heaven,'HH EH V AH N',s,''
i,'AY',s,'AY'
will,'W IH L',s,'IH'
in,'IH N',s,'IH'
your,'Y AO R',s,'AO'
bed,'B EH D',s,''
until,'AH N T IH L',s,'IH'
i,'AY',s,'AY'
see,'S IY',s,'IY'
the,'DH AH',s,''
if,'IH F',s,'IH'
you,'Y UW',s,'UW'
had,'HH AE D',s,'AE'
the,'DH AH',s,''
of,'AH V',s,''
the,'DH AH',s,''
or,'AO R',s,'AO'
that,'DH AE T',s,'AE'
the,'DH AH',s,''
or,'AO R',s,'AO'
your,'Y AO R',s,'AO'
to,'T UW',s,'UW'
contain,'K AH N T EY N',s,'EY'
the,'DH AH',s,''
you,'Y UW',s,'UW'
not,'N AA T',s,'AA'
then,'DH EH N',s,''
parted,'P AA R T IH D',s,'AA IH'
with,'W IH DH',s,'IH'
the,'DH AH',s,''
what,'W AH T',s,''
man,'M AE N',s,'AE'
is,'IH Z',s,'IH'
so,'S OW',s,''
if,'IH F',s,'IH'
you,'Y UW',s,'UW'
had,'HH AE D',s,'AE'
to,'T UW',s,'UW'
defended,'D IH F EH N D AH D',s,'IH'
it,'IH T',s,'IH'
with,'W IH DH',s,'IH'
terms,'T ɐ R M Z',s,''
of,'AH V',s,''
zeal,'Z IY L',s,'IY'
wanted,'W AA N T IH D',s,'AA IH'
the,'DH AH',s,''
modesty,'M AA D AH S T IY',s,'AA IY'
to,'T UW',s,'UW'
uge,'ER JH',s,''
the,'DH AH',s,''
held,'HH EH L D',s,''
as,'AE Z',s,'AE'
a,'AH',s,''
nerissa,'N ǝ r IH S ǝ',s,'IH'
teaches,'T IY CH AH Z',s,'IY'
me,'M IY',s,'IY'
what,'W AH T',s,''
to,'T UW',s,'UW'
for,'F AO R',s,'AO'
but,'B AH T',s,''
woman,'W UH M AH N',s,'UH'
had,'HH AE D',s,'AE'
the,'DH AH',s,''
let,'L EH T',s,''
not,'N AA T',s,'AA'
that,'DH AE T',s,'AE'
near,'N IY R',s,'IY'
my,'M AY',s,'AY'
he,'HH IY',s,'IY'
hath,'HH AE TH',s,'AE'
got,'G AA T',s,'AA'
the,'DH AH',s,''
that,'DH AE T',s,'AE'
i,'AY',s,'AY'
and,'AH N D',s,''
that,'DH AE T',s,'AE'
you,'Y UW',s,'UW'
did,'D IH D',s,'IH'
swear,'S W EH R',s,''
to,'T UW',s,'UW'
keep,'K IY P',s,'IY'
for,'F AO R',s,'AO'
me,'M IY',s,'IY'
i,'AY',s,'AY'
will,'W IH L',s,'IH'
as,'AE Z',s,'AE'
as,'AE Z',s,'AE'
you,'Y UW',s,'UW'
not,'N AA T',s,'AA'
him,'HH IH M',s,'IH'
i,'AY',s,'AY'
no,'N OW',s,''
not,'N AA T',s,'AA'
my,'M AY',s,'AY'
body,'B AA D IY',s,'AA IY'
nor,'N AO R',s,'AO'
my,'M AY',s,'AY'
bed,'B EH D',s,''
him,'HH IH M',s,'IH'
i,'AY',s,'AY'
shall,'SH AE L',s,'AE'
i,'AY',s,'AY'
am,'AE M',s,'AE'
well,'W EH L',s,''
of,'AH V',s,''
it,'IH T',s,'IH'
not,'N AA T',s,'AA'
a,'AH',s,''
from,'F R AH M',s,''
hme,'OW M',s,''
watch,'W AA T SH',s,'AA'
me,'M IY',s,'IY'
argus,'AA R G AH S',s,'AA'
if,'IH F',s,'IH'
you,'Y UW',s,'UW'
do,'D OW',s,''
not,'N AA T',s,'AA'
if,'IH F',s,'IH'
i,'AY',s,'AY'
be,'B IY',s,'IY'
left,'L EH F T',s,''
by,'B AY',s,'AY'
is,'IH Z',s,'IH'
yet,'Y EH T',s,''
that,'DH AE T',s,'AE'
for,'F AO R',s,'AO'
my,'M AY',s,'AY'
not,'N AA T',s,'AA'
you,'Y UW',s,'UW'
you,'Y UW',s,'UW'
mark,'M AA R K',s,'AA'
you,'Y UW',s,'UW'
but,'B AH T',s,''
that,'DH AE T',s,'AE'
in,'IH N',s,'IH'
both,'B OW TH',s,''
my,'M AY',s,'AY'
he,'HH IY',s,'IY'
sees,'S IY Z',s,'IY'
himself,'HH IH M S EH L F',s,'IH'
in,'IH N',s,'IH'
each,'IY CH',s,'IY'
swear,'S W EH R',s,''
by,'B AY',s,'AY'
your,'Y AO R',s,'AO'
self,'S EH L F',s,''
and,'AH N D',s,''
an,'AE N',s,'AE'
oath,'OW TH',s,''
of,'AH V',s,''
credit,'K R EH D AH T',s,''
then,'DH EH N',s,''
you,'Y UW',s,'UW'
shall,'SH AE L',s,'AE'
be,'B IY',s,'IY'
his,'HH IH Z',s,'IH'
surety,'SH UW R T ǝ IH',s,'UW IH'
him,'HH IH M',s,'IH'
this,'DH IH S',s,'IH'
and,'AH N D',s,''
bid,'B IH D',s,'IH'
him,'HH IH M',s,'IH'
keep,'K IY P',s,'IY'
it,'IH T',s,'IH'
better,'B e T ə R',s,''
than,'DH AE N',s,'AE'
the,'DH AH',s,''
i,'AY',s,'AY'
had,'HH AE D',s,'AE'
it,'IH T',s,'IH'
of,'AH V',s,''
him,'HH IH M',s,'IH'
pardon,'P AA R D ǝ N',s,'AA'
me,'M IY',s,'IY'
for,'F AO R',s,'AO'
by,'B AY',s,'AY'
this,'DH IH S',s,'IH'
the,'DH AH',s,''
with,'W IH DH',s,'IH'
me,'M IY',s,'IY'
speak,'S P IY K',s,'IY'
not,'N AA T',s,'AA'
so,'S OW',s,''
all,'AA L',s,'AA'
is,'IH Z',s,'IH'
a,'AH',s,''
read,'r e D',s,''
it,'IH T',s,'IH'
at,'AE T',s,'AE'
your,'Y AO R',s,'AO'
it,'IH T',s,'IH'
from,'F R AH M',s,''
from,'F R AH M',s,''
you,'Y UW',s,'UW'
shall,'SH AE L',s,'AE'
that,'DH AE T',s,'AE'
was,'W AA Z',s,'AA'
the,'DH AH',s,''
nerissa,'N ǝ r IH S ǝ',s,'IH'
shall,'SH AE L',s,'AE'
witness,'W IH T N AH S',s,'IH'
i,'AY',s,'AY'
set,'S EH T',s,''
forth,'F AO R TH',s,'AO'
as,'AE Z',s,'AE'
soon,'S UW N',s,'UW'
as,'AE Z',s,'AE'
you,'Y UW',s,'UW'
and,'AH N D',s,''
even,'IY V IH N',s,'IY IH'
but,'B AH T',s,''
returned,'r IH T ɐ R N IH D',s,'IH IH'
i,'AY',s,'AY'
not,'N AA T',s,'AA'
yet,'Y EH T',s,''
my,'M AY',s,'AY'
you,'Y UW',s,'UW'
and,'AH N D',s,''
i,'AY',s,'AY'
better,'B e T ə R',s,''
in,'IH N',s,'IH'
for,'F AO R',s,'AO'
you,'Y UW',s,'UW'
than,'DH AE N',s,'AE'
you,'Y UW',s,'UW'
unseal,'AH N S IY L',s,'IY'
this,'DH IH S',s,'IH'
soon,'S UW N',s,'UW'
you,'Y UW',s,'UW'
shall,'SH AE L',s,'AE'
of,'AH V',s,''
your,'Y AO R',s,'AO'
to,'T UW',s,'UW'
suddenly,'S AH D AH N L IY',s,'IY'
you,'Y UW',s,'UW'
shall,'SH AE L',s,'AE'
not,'N AA T',s,'AA'
by,'B AY',s,'AY'
what,'W AH T',s,''
i,'AY',s,'AY'
on,'AA N',s,'AA'
this,'DH IH S',s,'IH'
my,'M AY',s,'AY'
hath,'HH AE TH',s,'AE'
good,'G UH D',s,'UH'
comforts,'K ɤ M F ǝ R T S',s,''
too,'T UW',s,'UW'
for,'F AO R',s,'AO'
you,'Y UW',s,'UW'
it,'IH T',s,'IH'
is,'IH Z',s,'IH'
almost,'AA L M OW S T',s,'AA'
and,'AH N D',s,''
yet,'Y EH T',s,''
i,'AY',s,'AY'
am,'AE M',s,'AE'
you,'Y UW',s,'UW'
not,'N AA T',s,'AA'
satisfied,'S AE T AH S F AY D',s,'AE AY'
of,'AH V',s,''
events,'IH V EH N T S',s,'IH'
at,'AE T',s,'AE'
full,'F UH L',s,'UH'
let,'L EH T',s,''
us,'AH S',s,''
go,'G OW',s,''
in,'IH N',s,'IH'
and,'AH N D',s,''
us,'AH S',s,''
upon,'AH P AA N',s,'AA'
and,'AH N D',s,''
we,'W IY',s,'IY'
will,'W IH L',s,'IH'
all,'AA L',s,'AA'
