better,'B e T ə R',s,''
as,'AE Z',s,'AE'
it,'IH T',s,'IH'
is,'IH Z',s,'IH'
let,'L EH T',s,''
him,'HH IH M',s,'IH'
do,'D OW',s,''
his,'HH IH Z',s,'IH'
my,'M AY',s,'AY'
services,'S ɐ R V IH S IH Z',s,'IH IH'
i,'AY',s,'AY'
the,'DH AH',s,''
shall,'SH AE L',s,'AE'
his,'HH IH Z',s,'IH'
complaints,'K ǝ M P L EH N T S',s,''
yet,'Y EH T',s,''
to,'T UW',s,'UW'
when,'ʍ e N',s,''
i,'AY',s,'AY'
that,'DH AE T',s,'AE'
is,'IH Z',s,'IH'
an,'AE N',s,'AE'
i,'AY',s,'AY'
shall,'SH AE L',s,'AE'
i,'AY',s,'AY'
my,'M AY',s,'AY'
and,'AH N D',s,''
being,'B IY IH NG',s,'IY IH'
from,'F R AH M',s,''
men,'M EH N',s,''
of,'AH V',s,''
and,'AH N D',s,''
my,'M AY',s,'AY'
demerits,'D IH M e r IH T S',s,'IH IH'
speak,'S P IY K',s,'IY'
to,'T UW',s,'UW'
as,'AE Z',s,'AE'
a,'AH',s,''
as,'AE Z',s,'AE'
this,'DH IH S',s,'IH'
that,'DH AE T',s,'AE'
i,'AY',s,'AY'
for,'F AO R',s,'AO'
but,'B AH T',s,''
that,'DH AE T',s,'AE'
i,'AY',s,'AY'
the,'DH AH',s,''
i,'AY',s,'AY'
not,'N AA T',s,'AA'
my,'M AY',s,'AY'
free,'F R IY',s,'IY'
condition,'K AH N D IH SH AH N',s,'IH'
put,'P UH T',s,'UH'
into,'IH N T UW',s,'IH UW'
and,'AH N D',s,''
for,'F AO R',s,'AO'
the,'DH AH',s,''
worth,'W AO R TH',s,'AO'
but,'B AH T',s,''
look,'L UH K',s,'UH'
what,'W AH T',s,''
not,'N AA T',s,'AA'
i,'AY',s,'AY'
i,'AY',s,'AY'
must,'M AH S T',s,''
be,'B IY',s,'IY'
my,'M AY',s,'AY'
parts,'P AA R T S',s,'AA'
my,'M AY',s,'AY'
and,'AH N D',s,''
my,'M AY',s,'AY'
soul,'S OW L',s,''
shall,'SH AE L',s,'AE'
manifest,'M AE N AH F EH S T',s,'AE'
me,'M IY',s,'IY'
rightly,'r ǝ IH T L ǝ IH',s,'IH IH'
is,'IH Z',s,'IH'
it,'IH T',s,'IH'
the,'DH AH',s,''
of,'AH V',s,''
the,'DH AH',s,''
and,'AH N D',s,''
my,'M AY',s,'AY'
lieutenant,'L UW T EH N AH N T',s,'UW'
the,'DH AH',s,''
goodness,'G UH D N AH S',s,'UH'
of,'AH V',s,''
the,'DH AH',s,''
upon,'AH P AA N',s,'AA'
you,'Y UW',s,'UW'
friends,'F R EH N D Z',s,''
what,'W AH T',s,''
is,'IH Z',s,'IH'
the,'DH AH',s,''
what,'W AH T',s,''
is,'IH Z',s,'IH'
the,'DH AH',s,''
matter,'M AW T ǝ R',s,''
think,'TH IH NG K',s,'IH'
you,'Y UW',s,'UW'
well,'W EH L',s,''
i,'AY',s,'AY'
am,'AE M',s,'AE'
by,'B AY',s,'AY'
you,'Y UW',s,'UW'
i,'AY',s,'AY'
will,'W IH L',s,'IH'
but,'B AH T',s,''
spend,'S P EH N D',s,''
a,'AH',s,''
in,'IH N',s,'IH'
the,'DH AH',s,''
and,'AH N D',s,''
go,'G OW',s,''
with,'W IH DH',s,'IH'
you,'Y UW',s,'UW'
with,'W IH DH',s,'IH'
you,'Y UW',s,'UW'
stand,'S T AE N D',s,'AE'
keep,'K IY P',s,'IY'
up,'AH P',s,''
your,'Y AO R',s,'AO'
for,'F AO R',s,'AO'
the,'DH AH',s,''
dew,'D Y UW',s,'UW'
will,'W IH L',s,'IH'
rust,'r ɤ S T',s,''
them,'DH EH M',s,''
good,'G UH D',s,'UH'
you,'Y UW',s,'UW'
shall,'SH AE L',s,'AE'
command,'K ǝ M AW N D',s,''
with,'W IH DH',s,'IH'
years,'Y IH R Z',s,'IH'
than,'DH AE N',s,'AE'
with,'W IH DH',s,'IH'
your,'Y AO R',s,'AO'
weapons,'W EH P AH N Z',s,''
your,'Y AO R',s,'AO'
both,'B OW TH',s,''
you,'Y UW',s,'UW'
of,'AH V',s,''
my,'M AY',s,'AY'
inclining,'IH N K L ǝ IH N IH N',s,'IH IH IH'
and,'AH N D',s,''
the,'DH AH',s,''
rest,'R EH S T',s,''
wre,'W ER',s,''
it,'IH T',s,'IH'
my,'M AY',s,'AY'
to,'T UW',s,'UW'
i,'AY',s,'AY'
it,'IH T',s,'IH'
a,'AH',s,''
will,'W IH L',s,'IH'
you,'Y UW',s,'UW'
that,'DH AE T',s,'AE'
i,'AY',s,'AY'
go,'G OW',s,''
to,'T UW',s,'UW'
this,'DH IH S',s,'IH'
your,'Y AO R',s,'AO'
what,'W AH T',s,''
if,'IH F',s,'IH'
i,'AY',s,'AY'
do,'D OW',s,''
the,'DH AH',s,''
be,'B IY',s,'IY'
satisfied,'S AE T AH S F AY D',s,'AE AY'
my,'M AY',s,'AY'
upon,'AH P AA N',s,'AA'
present,'P r IH Z e N T',s,'IH'
of,'AH V',s,''
the,'DH AH',s,''
to,'T UW',s,'UW'
me,'M IY',s,'IY'
to,'T UW',s,'UW'
him,'HH IH M',s,'IH'
most,'M OW S T',s,''
potent,'P OW T ǝ N T',s,''
and,'AH N D',s,''
my,'M AY',s,'AY'
very,'V EH R IY',s,'IY'
and,'AH N D',s,''
good,'G UH D',s,'UH'
masters,'M AW S T ǝ R Z',s,''
that,'DH AE T',s,'AE'
i,'AY',s,'AY'
this,'DH IH S',s,'IH'
old,'OW L D',s,''
it,'IH T',s,'IH'
is,'IH Z',s,'IH'
most,'M OW S T',s,''
true,'T R UW',s,'UW'
true,'T R UW',s,'UW'
i,'AY',s,'AY'
the,'DH AH',s,''
very,'V EH R IY',s,'IY'
and,'AH N D',s,''
front,'F r ɤ N T',s,''
of,'AH V',s,''
my,'M AY',s,'AY'
hath,'HH AE TH',s,'AE'
this,'DH IH S',s,'IH'
no,'N OW',s,''
am,'AE M',s,'AE'
i,'AY',s,'AY'
in,'IH N',s,'IH'
my,'M AY',s,'AY'
speech,'S P IY CH',s,'IY'
and,'AH N D',s,''
blessed,'B L e S IH D',s,'IH'
with,'W IH DH',s,'IH'
the,'DH AH',s,''
soft,'S AA F T',s,'AA'
phrse,'F r EH Z',s,''
of,'AH V',s,''
for,'F AO R',s,'AO'
arms,'AA R M Z',s,'AA'
of,'AH V',s,''
had,'HH AE D',s,'AE'
seven,'S EH V AH N',s,''
pith,'P IH TH',s,'IH'
till,'T IH L',s,'IH'
moons,'M UW N Z',s,'UW'
wasted,'W AW S T IH D',s,'IH'
used,'Y UW Z D',s,'UW'
their,'DH EH R',s,''
dearest,'D IY R ǝ S T',s,'IY'
action,'AE K SH AH N',s,'AE'
in,'IH N',s,'IH'
the,'DH AH',s,''
field,'F IY L D',s,'IY'
and,'AH N D',s,''
of,'AH V',s,''
this,'DH IH S',s,'IH'
great,'G r e T',s,''
can,'K AE N',s,'AE'
i,'AY',s,'AY'
speak,'S P IY K',s,'IY'
than,'DH AE N',s,'AE'
to,'T UW',s,'UW'
feats,'F IY T S',s,'IY'
of,'AH V',s,''
broil,'B R OY L',s,''
and,'AH N D',s,''
and,'AH N D',s,''
therefre,'DH EH R F AO R',s,'AO'
shall,'SH AE L',s,'AE'
i,'AY',s,'AY'
my,'M AY',s,'AY'
in,'IH N',s,'IH'
for,'F AO R',s,'AO'
myself,'M AY S EH L F',s,'AY'
yet,'Y EH T',s,''
by,'B AY',s,'AY'
your,'Y AO R',s,'AO'
i,'AY',s,'AY'
will,'W IH L',s,'IH'
a,'AH',s,''
deliver,'D IH L IH V ǝ R',s,'IH IH'
of,'AH V',s,''
my,'M AY',s,'AY'
of,'AH V',s,''
drugs,'D r ɤ G Z',s,''
what,'W AH T',s,''
what,'W AH T',s,''
and,'AH N D',s,''
what,'W AH T',s,''
mighty,'M ǝ IH T ǝ IH',s,'IH IH'
magic,'M AE JH IH K',s,'AE IH'
for,'F AO R',s,'AO'
i,'AY',s,'AY'
am,'AE M',s,'AE'
withal,'W IH DH AA L',s,'IH AA'
i,'AY',s,'AY'
won,'W ɤ N',s,''
his,'HH IH Z',s,'IH'
i,'AY',s,'AY'
do,'D OW',s,''
beseech,'B IY S IY CH',s,'IY IY'
you,'Y UW',s,'UW'
send,'S EH N D',s,''
for,'F AO R',s,'AO'
the,'DH AH',s,''
lady,'L EY D IY',s,'EY IY'
to,'T UW',s,'UW'
the,'DH AH',s,''
and,'AH N D',s,''
let,'L EH T',s,''
speak,'S P IY K',s,'IY'
of,'AH V',s,''
me,'M IY',s,'IY'
if,'IH F',s,'IH'
you,'Y UW',s,'UW'
do,'D OW',s,''
me,'M IY',s,'IY'
in,'IH N',s,'IH'
report,'r IH P AO R T',s,'IH AO'
the,'DH AH',s,''
trust,'T r ɤ S T',s,''
the,'DH AH',s,''
i,'AY',s,'AY'
do,'D OW',s,''
of,'AH V',s,''
you,'Y UW',s,'UW'
not,'N AA T',s,'AA'
only,'OW N L IY',s,'IY'
but,'B AH T',s,''
let,'L EH T',s,''
your,'Y AO R',s,'AO'
even,'IY V IH N',s,'IY IH'
fall,'F AA L',s,'AA'
upon,'AH P AA N',s,'AA'
my,'M AY',s,'AY'
ancient,'EY N CH AH N T',s,'EY'
conduct,'K ɒ N D ǝ K T',s,''
them,'DH EH M',s,''
you,'Y UW',s,'UW'
best,'B EH S T',s,''
the,'DH AH',s,''
and,'AH N D',s,''
till,'T IH L',s,'IH'
she,'SH IY',s,'IY'
as,'AE Z',s,'AE'
as,'AE Z',s,'AE'
to,'T UW',s,'UW'
heaven,'HH EH V AH N',s,''
i,'AY',s,'AY'
do,'D OW',s,''
confess,'K AH N F EH S',s,''
the,'DH AH',s,''
vices,'V AY S AH Z',s,'AY'
of,'AH V',s,''
my,'M AY',s,'AY'
blood,'B L AH D',s,''
so,'S OW',s,''
to,'T UW',s,'UW'
your,'Y AO R',s,'AO'
ears,'IY R Z',s,'IY'
present,'P r IH Z e N T',s,'IH'
i,'AY',s,'AY'
did,'D IH D',s,'IH'
thhrve,'TH R AY V',s,'AY'
in,'IH N',s,'IH'
this,'DH IH S',s,'IH'
fair,'F EH R',s,''
and,'AH N D',s,''
she,'SH IY',s,'IY'
in,'IH N',s,'IH'
me,'M IY',s,'IY'
oft,'AO F T',s,'AO'
invited,'IH N V AY T AH D',s,'IH AY'
me,'M IY',s,'IY'
still,'S T IH L',s,'IH'
questioned,'K W EH S CH AH N D',s,''
me,'M IY',s,'IY'
the,'DH AH',s,''
story,'S T AO R IY',s,'AO IY'
of,'AH V',s,''
my,'M AY',s,'AY'
from,'F R AH M',s,''
year,'Y IH R',s,'IH'
to,'T UW',s,'UW'
sieges,'S IY JH IH Z',s,'IY IH'
that,'DH AE T',s,'AE'
i,'AY',s,'AY'
passed,'P AW S IH D',s,'IH'
i,'AY',s,'AY'
ran,'R AE N',s,'AE'
it,'IH T',s,'IH'
even,'IY V IH N',s,'IY IH'
from,'F R AH M',s,''
my,'M AY',s,'AY'
to,'T UW',s,'UW'
very,'V EH R IY',s,'IY'
moment,'M OW M AH N T',s,''
that,'DH AE T',s,'AE'
he,'HH IY',s,'IY'
me,'M IY',s,'IY'
tell,'T EH L',s,''
it,'IH T',s,'IH'
wherein,'ʍ EH R IH N',s,'IH'
i,'AY',s,'AY'
of,'AH V',s,''
most,'M OW S T',s,''
disastrous,'D IH Z AE S T R AH S',s,'IH AE'
chances,'CH AE N S AH Z',s,'AE'
of,'AH V',s,''
by,'B AY',s,'AY'
flood,'F L AH D',s,''
and,'AH N D',s,''
field,'F IY L D',s,'IY'
of,'AH V',s,''
deadly,'D EH D L IY',s,'IY'
breach,'B R IY CH',s,'IY'
of,'AH V',s,''
being,'B IY IH NG',s,'IY IH'
taken,'T EY K AH N',s,'EY'
by,'B AY',s,'AY'
the,'DH AH',s,''
foe,'F OW',s,''
and,'AH N D',s,''
sold,'S OW L D',s,''
to,'T UW',s,'UW'
slavery,'S L EH V r ǝ IH',s,'IH'
of,'AH V',s,''
my,'M AY',s,'AY'
and,'AH N D',s,''
in,'IH N',s,'IH'
my,'M AY',s,'AY'
wherein,'ʍ EH R IH N',s,'IH'
of,'AH V',s,''
vast,'V AW S T',s,''
and,'AH N D',s,''
deserts,'D IH Z ɐ R T S',s,'IH'
and,'AH N D',s,''
heads,'HH EH D Z',s,''
heaven,'HH EH V AH N',s,''
it,'IH T',s,'IH'
was,'W AA Z',s,'AA'
my,'M AY',s,'AY'
to,'T UW',s,'UW'
was,'W AA Z',s,'AA'
my,'M AY',s,'AY'
process,'P r OW S e S',s,''
and,'AH N D',s,''
of,'AH V',s,''
the,'DH AH',s,''
cannibals,'K AE N AH B AH L Z',s,'AE'
that,'DH AE T',s,'AE'
each,'IY CH',s,'IY'
eat,'IY T',s,'IY'
the,'DH AH',s,''
and,'AH N D',s,''
men,'M EH N',s,''
heads,'HH EH D Z',s,''
do,'D OW',s,''
beneath,'B IH N IY TH',s,'IH IY'
their,'DH EH R',s,''
to,'T UW',s,'UW'
but,'B AH T',s,''
still,'S T IH L',s,'IH'
the,'DH AH',s,''
affairs,'AH F EH R Z',s,''
as,'AE Z',s,'AE'
she,'SH IY',s,'IY'
with,'W IH DH',s,'IH'
hate,'AW S T',s,''
again,'ǝ ɡ EH N',s,''
and,'AH N D',s,''
with,'W IH DH',s,'IH'
a,'AH',s,''
ear,'IY R',s,'IY'
devour,'D IH V AW ER',s,'IH'
up,'AH P',s,''
my,'M AY',s,'AY'
i,'AY',s,'AY'
took,'T UH K',s,'UH'
a,'AH',s,''
and,'AH N D',s,''
good,'G UH D',s,'UH'
means,'M IY N Z',s,'IY'
to,'T UW',s,'UW'
from,'F R AH M',s,''
a,'AH',s,''
of,'AH V',s,''
earnest,'ɐ R N IH S T',s,'IH'
heart,'HH AA R T',s,'AA'
that,'DH AE T',s,'AE'
i,'AY',s,'AY'
all,'AA L',s,'AA'
my,'M AY',s,'AY'
whereof,'ʍ EH R ɒ V',s,''
by,'B AY',s,'AY'
parcels,'P AA R S ǝ L Z',s,'AA'
she,'SH IY',s,'IY'
had,'HH AE D',s,'AE'
but,'B AH T',s,''
not,'N AA T',s,'AA'
i,'AY',s,'AY'
did,'D IH D',s,'IH'
consent,'K AH N S EH N T',s,''
and,'AH N D',s,''
did,'D IH D',s,'IH'
of,'AH V',s,''
tears,'T EH R Z',s,''
when,'ʍ e N',s,''
i,'AY',s,'AY'
did,'D IH D',s,'IH'
speak,'S P IY K',s,'IY'
of,'AH V',s,''
that,'DH AE T',s,'AE'
my,'M AY',s,'AY'
youth,'Y UW TH',s,'UW'
my,'M AY',s,'AY'
story,'S T AO R IY',s,'AO IY'
being,'B IY IH NG',s,'IY IH'
she,'SH IY',s,'IY'
me,'M IY',s,'IY'
for,'F AO R',s,'AO'
my,'M AY',s,'AY'
pains,'P EH N Z',s,''
a,'AH',s,''
of,'AH V',s,''
she,'SH IY',s,'IY'
in,'IH N',s,'IH'
faith,'F EY TH',s,'EY'
wondrous,'W AH N D R AH S',s,''
she,'SH IY',s,'IY'
wished,'W IH SH IH D',s,'IH IH'
she,'SH IY',s,'IY'
had,'HH AE D',s,'AE'
not,'N AA T',s,'AA'
it,'IH T',s,'IH'
yet,'Y EH T',s,''
she,'SH IY',s,'IY'
wished,'W IH SH IH D',s,'IH IH'
that,'DH AE T',s,'AE'
heaven,'HH EH V AH N',s,''
had,'HH AE D',s,'AE'
a,'AH',s,''
man,'M AE N',s,'AE'
she,'SH IY',s,'IY'
me,'M IY',s,'IY'
and,'AH N D',s,''
me,'M IY',s,'IY'
if,'IH F',s,'IH'
i,'AY',s,'AY'
had,'HH AE D',s,'AE'
a,'AH',s,''
friend,'F R EH N D',s,''
that,'DH AE T',s,'AE'
i,'AY',s,'AY'
but,'B AH T',s,''
teach,'T IY CH',s,'IY'
him,'HH IH M',s,'IH'
to,'T UW',s,'UW'
tell,'T EH L',s,''
my,'M AY',s,'AY'
story,'S T AO R IY',s,'AO IY'
and,'AH N D',s,''
that,'DH AE T',s,'AE'
woo,'W UW',s,'UW'
upon,'AH P AA N',s,'AA'
this,'DH IH S',s,'IH'
i,'AY',s,'AY'
she,'SH IY',s,'IY'
me,'M IY',s,'IY'
for,'F AO R',s,'AO'
the,'DH AH',s,''
i,'AY',s,'AY'
had,'HH AE D',s,'AE'
passed,'P AW S IH D',s,'IH'
and,'AH N D',s,''
i,'AY',s,'AY'
that,'DH AE T',s,'AE'
she,'SH IY',s,'IY'
did,'D IH D',s,'IH'
them,'DH EH M',s,''
this,'DH IH S',s,'IH'
only,'OW N L IY',s,'IY'
is,'IH Z',s,'IH'
the,'DH AH',s,''
i,'AY',s,'AY'
used,'Y UW Z D',s,'UW'
the,'DH AH',s,''
lady,'L EY D IY',s,'EY IY'
let,'L EH T',s,''
witness,'W IH T N AH S',s,'IH'
it,'IH T',s,'IH'
the,'DH AH',s,''
tyrant,'T AY R AH N T',s,'AY'
custom,'K AH S T AH M',s,''
most,'M OW S T',s,''
hath,'HH AE TH',s,'AE'
the,'DH AH',s,''
and,'AH N D',s,''
steel,'S T IY L',s,'IY'
of,'AH V',s,''
war,'W AO R',s,'AO'
my,'M AY',s,'AY'
bed,'B EH D',s,''
of,'AH V',s,''
down,'D ǝ UH N',s,'UH'
i,'AY',s,'AY'
do,'D OW',s,''
a,'AH',s,''
and,'AH N D',s,''
alacrity,'AH L AE K R AH T IY',s,'AE IY'
i,'AY',s,'AY'
in,'IH N',s,'IH'
and,'AH N D',s,''
do,'D OW',s,''
this,'DH IH S',s,'IH'
present,'P r IH Z e N T',s,'IH'
wars,'W AO R Z',s,'AO'
against,'AH G EH N S T',s,''
the,'DH AH',s,''
most,'M OW S T',s,''
humbly,'HH AH M B L IY',s,'IY'
therefre,'DH EH R F AO R',s,'AO'
to,'T UW',s,'UW'
your,'Y AO R',s,'AO'
i,'AY',s,'AY'
fit,'F IH T',s,'IH'
disposition,'D IH S P AH Z IH SH AH N',s,'IH IH'
for,'F AO R',s,'AO'
my,'M AY',s,'AY'
referece,'R EH F ER AH N S',s,''
of,'AH V',s,''
and,'AH N D',s,''
exhibition,'EH K S AH B IH SH AH N',s,'IH'
with,'W IH DH',s,'IH'
accommodation,'AH K AA M AH D EY SH AH N',s,'AA EY'
and,'AH N D',s,''
besort,'B IH S AO R T',s,'IH AO'
as,'AE Z',s,'AE'
levels,'L EH V AH L Z',s,''
with,'W IH DH',s,'IH'
nor,'N AO R',s,'AO'
i,'AY',s,'AY'
let,'L EH T',s,''
your,'Y AO R',s,'AO'
with,'W IH DH',s,'IH'
me,'M IY',s,'IY'
heaven,'HH EH V AH N',s,''
i,'AY',s,'AY'
therefre,'DH EH R F AO R',s,'AO'
beg,'B EH G',s,''
it,'IH T',s,'IH'
not,'N AA T',s,'AA'
to,'T UW',s,'UW'
the,'DH AH',s,''
of,'AH V',s,''
my,'M AY',s,'AY'
nor,'N AO R',s,'AO'
to,'T UW',s,'UW'
with,'W IH DH',s,'IH'
the,'DH AH',s,''
affects,'ǝ F e K · S',s,''
in,'IH N',s,'IH'
me,'M IY',s,'IY'
defunct,'D IH F AH NG K T',s,'IH'
and,'AH N D',s,''
satisfaction,'S AE T AH S F AE K SH AH N',s,'AE AE'
but,'B AH T',s,''
to,'T UW',s,'UW'
be,'B IY',s,'IY'
free,'F R IY',s,'IY'
and,'AH N D',s,''
to,'T UW',s,'UW'
and,'AH N D',s,''
heaven,'HH EH V AH N',s,''
defend,'D IH F EH N D',s,'IH'
your,'Y AO R',s,'AO'
good,'G UH D',s,'UH'
souls,'S OW L Z',s,''
that,'DH AE T',s,'AE'
you,'Y UW',s,'UW'
think,'TH IH NG K',s,'IH'
i,'AY',s,'AY'
will,'W IH L',s,'IH'
your,'Y AO R',s,'AO'
and,'AH N D',s,''
great,'G r e T',s,''
for,'F AO R',s,'AO'
she,'SH IY',s,'IY'
is,'IH Z',s,'IH'
with,'W IH DH',s,'IH'
me,'M IY',s,'IY'
no,'N OW',s,''
when,'ʍ e N',s,''
of,'AH V',s,''
seel,'S IY L',s,'IY'
with,'W IH DH',s,'IH'
wanton,'W AA N T ǝ N',s,'AA'
my,'M AY',s,'AY'
and,'AH N D',s,''
that,'DH AE T',s,'AE'
my,'M AY',s,'AY'
corrupt,'K ǝ r ɤ P T',s,''
and,'AH N D',s,''
taint,'T EH N T',s,''
my,'M AY',s,'AY'
let,'L EH T',s,''
a,'AH',s,''
skillet,'S K IH L AH T',s,'IH'
of,'AH V',s,''
my,'M AY',s,'AY'
and,'AH N D',s,''
all,'AA L',s,'AA'
indign,'IH N D ǝ IH N',s,'IH IH'
and,'AH N D',s,''
against,'AH G EH N S T',s,''
my,'M AY',s,'AY'
with,'W IH DH',s,'IH'
all,'AA L',s,'AA'
my,'M AY',s,'AY'
heart,'HH AA R T',s,'AA'
so,'S OW',s,''
your,'Y AO R',s,'AO'
my,'M AY',s,'AY'
ancient,'EY N CH AH N T',s,'EY'
a,'AH',s,''
man,'M AE N',s,'AE'
he,'HH IY',s,'IY'
is,'IH Z',s,'IH'
of,'AH V',s,''
and,'AH N D',s,''
trust,'T r ɤ S T',s,''
to,'T UW',s,'UW'
his,'HH IH Z',s,'IH'
conveyace,'K AH N V EY AH N S',s,'EY'
i,'AY',s,'AY'
my,'M AY',s,'AY'
with,'W IH DH',s,'IH'
what,'W AH T',s,''
needful,'N IY D F AH L',s,'IY'
your,'Y AO R',s,'AO'
good,'G UH D',s,'UH'
shall,'SH AE L',s,'AE'
think,'TH IH NG K',s,'IH'
to,'T UW',s,'UW'
be,'B IY',s,'IY'
sent,'S EH N T',s,''
after,'AW F T ǝ R',s,''
me,'M IY',s,'IY'
my,'M AY',s,'AY'
upon,'AH P AA N',s,'AA'
faith,'F EY TH',s,'EY'
my,'M AY',s,'AY'
must,'M AH S T',s,''
i,'AY',s,'AY'
to,'T UW',s,'UW'
thee,'DH IY',s,'IY'
i,'AY',s,'AY'
prithee,'P r e DH IY',s,'IY'
let,'L EH T',s,''
attend,'AH T EH N D',s,''
on,'AA N',s,'AA'
and,'AH N D',s,''
them,'DH EH M',s,''
after,'AW F T ǝ R',s,''
in,'IH N',s,'IH'
the,'DH AH',s,''
best,'B EH S T',s,''
i,'AY',s,'AY'
but,'B AH T',s,''
an,'AE N',s,'AE'
of,'AH V',s,''
of,'AH V',s,''
matters,'M AW T ǝ R Z',s,''
and,'AH N D',s,''
to,'T UW',s,'UW'
spend,'S P EH N D',s,''
with,'W IH DH',s,'IH'
thee,'DH IY',s,'IY'
we,'W IY',s,'IY'
must,'M AH S T',s,''
the,'DH AH',s,''
o,'OW',s,''
my,'M AY',s,'AY'
fair,'F EH R',s,''
it,'IH T',s,'IH'
me,'M IY',s,'IY'
wonder,'W ɤ N D ǝ R',s,''
great,'G r e T',s,''
as,'AE Z',s,'AE'
my,'M AY',s,'AY'
content,'K ǝ N T e N T',s,''
to,'T UW',s,'UW'
see,'S IY',s,'IY'
you,'Y UW',s,'UW'
me,'M IY',s,'IY'
o,'OW',s,''
my,'M AY',s,'AY'
if,'IH F',s,'IH'
after,'AW F T ǝ R',s,''
every,'e V r ǝ IH',s,'IH'
tempest,'T EH M P AH S T',s,''
the,'DH AH',s,''
till,'T IH L',s,'IH'
death,'D EH TH',s,''
and,'AH N D',s,''
let,'L EH T',s,''
the,'DH AH',s,''
bark,'B AA R K',s,'AA'
of,'AH V',s,''
seas,'S IY Z',s,'IY'
olympus,'OW L IH M P AH S',s,'IH'
and,'AH N D',s,''
duck,'D ɤ K',s,''
again,'ǝ ɡ EH N',s,''
as,'AE Z',s,'AE'
as,'AE Z',s,'AE'
from,'F R AH M',s,''
heaven,'HH EH V AH N',s,''
if,'IH F',s,'IH'
it,'IH T',s,'IH'
wre,'W ER',s,''
to,'T UW',s,'UW'
to,'T UW',s,'UW'
be,'B IY',s,'IY'
most,'M OW S T',s,''
for,'F AO R',s,'AO'
i,'AY',s,'AY'
fear,'F IY R',s,'IY'
my,'M AY',s,'AY'
soul,'S OW L',s,''
hath,'HH AE TH',s,'AE'
content,'K ǝ N T e N T',s,''
so,'S OW',s,''
that,'DH AE T',s,'AE'
not,'N AA T',s,'AA'
another,'ǝ N ɤ DH ǝ R',s,''
comfort,'K ɤ M F ǝ R T',s,''
to,'T UW',s,'UW'
this,'DH IH S',s,'IH'
in,'IH N',s,'IH'
amen,'EY M EH N',s,'EY'
to,'T UW',s,'UW'
that,'DH AE T',s,'AE'
sweet,'S W IY T',s,'IY'
i,'AY',s,'AY'
cannot,'K AE N AA T',s,'AE AA'
speak,'S P IY K',s,'IY'
of,'AH V',s,''
this,'DH IH S',s,'IH'
content,'K ǝ N T e N T',s,''
it,'IH T',s,'IH'
stops,'S T AA P S',s,'AA'
me,'M IY',s,'IY'
it,'IH T',s,'IH'
is,'IH Z',s,'IH'
too,'T UW',s,'UW'
of,'AH V',s,''
and,'AH N D',s,''
this,'DH IH S',s,'IH'
and,'AH N D',s,''
this,'DH IH S',s,'IH'
the,'DH AH',s,''
greatest,'G r e T ǝ S T',s,''
be,'B IY',s,'IY'
that,'DH AE T',s,'AE'
our,'OW R',s,''
hearts,'HH AA R T S',s,'AA'
shall,'SH AE L',s,'AE'
let,'L EH T',s,''
us,'AH S',s,''
to,'T UW',s,'UW'
the,'DH AH',s,''
friends,'F R EH N D Z',s,''
our,'OW R',s,''
wars,'W AO R Z',s,'AO'
the,'DH AH',s,''
drowned,'D r ǝ UH N IH D',s,'UH IH'
does,'D AH Z',s,''
my,'M AY',s,'AY'
old,'OW L D',s,''
of,'AH V',s,''
this,'DH IH S',s,'IH'
you,'Y UW',s,'UW'
shall,'SH AE L',s,'AE'
be,'B IY',s,'IY'
well,'W EH L',s,''
desired,'D IH Z ǝ IH R D',s,'IH IH'
in,'IH N',s,'IH'
cyprus,'S IH P r ǝ S',s,'IH'
i,'AY',s,'AY'
great,'G r e T',s,''
them,'DH EH M',s,''
o,'OW',s,''
my,'M AY',s,'AY'
sweet,'S W IY T',s,'IY'
i,'AY',s,'AY'
out,'AW T',s,''
of,'AH V',s,''
fashion,'F AE SH AH N',s,'AE'
and,'AH N D',s,''
i,'AY',s,'AY'
in,'IH N',s,'IH'
prithee,'P r e DH IY',s,'IY'
good,'G UH D',s,'UH'
go,'G OW',s,''
to,'T UW',s,'UW'
the,'DH AH',s,''
and,'AH N D',s,''
my,'M AY',s,'AY'
thou,'DH AW',s,''
the,'DH AH',s,''
master,'M AW S T ǝ R',s,''
to,'T UW',s,'UW'
the,'DH AH',s,''
citadel,'S IH T AH D EH L',s,'IH'
he,'HH IY',s,'IY'
is,'IH Z',s,'IH'
a,'AH',s,''
good,'G UH D',s,'UH'
and,'AH N D',s,''
his,'HH IH Z',s,'IH'
does,'D AH Z',s,''
well,'W EH L',s,''
met,'M EH T',s,''
at,'AE T',s,'AE'
cyprus,'S IH P r ǝ S',s,'IH'
good,'G UH D',s,'UH'
look,'L UH K',s,'UH'
you,'Y UW',s,'UW'
to,'T UW',s,'UW'
the,'DH AH',s,''
guard,'G AA R D',s,'AA'
teach,'T IY CH',s,'IY'
that,'DH AE T',s,'AE'
honorale,'AA N ER AH B AH L',s,'AA'
stop,'S T AA P',s,'AA'
not,'N AA T',s,'AA'
to,'T UW',s,'UW'
is,'IH Z',s,'IH'
most,'M OW S T',s,''
with,'W IH DH',s,'IH'
your,'Y AO R',s,'AO'
earliest,'ER L IY AH S T',s,'IY'
let,'L EH T',s,''
me,'M IY',s,'IY'
speech,'S P IY CH',s,'IY'
with,'W IH DH',s,'IH'
you,'Y UW',s,'UW'
my,'M AY',s,'AY'
dear,'D IY R',s,'IY'
the,'DH AH',s,''
the,'DH AH',s,''
fruits,'F R UW T S',s,'UW'
to,'T UW',s,'UW'
ensue,'IH N S UW',s,'IH UW'
that,'DH AE T',s,'AE'
yet,'Y EH T',s,''
to,'T UW',s,'UW'
me,'M IY',s,'IY'
and,'AH N D',s,''
you,'Y UW',s,'UW'
what,'W AH T',s,''
is,'IH Z',s,'IH'
the,'DH AH',s,''
matter,'M AW T ǝ R',s,''
for,'F AO R',s,'AO'
your,'Y AO R',s,'AO'
whhy,'ʍ ǝ IH',s,'IH'
ho,'HH OW',s,''
from,'F R AH M',s,''
this,'DH IH S',s,'IH'
we,'W IY',s,'IY'
turned,'T ɐ R N IH D',s,'IH'
and,'AH N D',s,''
to,'T UW',s,'UW'
do,'D OW',s,''
that,'DH AE T',s,'AE'
heaven,'HH EH V AH N',s,''
hath,'HH AE TH',s,'AE'
forbid,'F ǝ R B IH D',s,'IH'
the,'DH AH',s,''
for,'F AO R',s,'AO'
chhristian,'K r IH S T IH ǝ N',s,'IH IH'
put,'P UH T',s,'UH'
by,'B AY',s,'AY'
this,'DH IH S',s,'IH'
he,'HH IY',s,'IY'
that,'DH AE T',s,'AE'
stirs,'S T ɐ R Z',s,''
to,'T UW',s,'UW'
for,'F AO R',s,'AO'
his,'HH IH Z',s,'IH'
his,'HH IH Z',s,'IH'
soul,'S OW L',s,''
he,'HH IY',s,'IY'
upon,'AH P AA N',s,'AA'
his,'HH IH Z',s,'IH'
that,'DH AE T',s,'AE'
dreadful,'D R EH D F AH L',s,''
bell,'B EH L',s,''
it,'IH T',s,'IH'
the,'DH AH',s,''
from,'F R AH M',s,''
what,'W AH T',s,''
is,'IH Z',s,'IH'
the,'DH AH',s,''
matter,'M AW T ǝ R',s,''
masters,'M AW S T ǝ R Z',s,''
that,'DH AE T',s,'AE'
looks,'L UH K S',s,'UH'
dead,'D EH D',s,''
with,'W IH DH',s,'IH'
speak,'S P IY K',s,'IY'
who,'HH UW',s,'UW'
began,'B IH G AE N',s,'IH AE'
this,'DH IH S',s,'IH'
on,'AA N',s,'AA'
i,'AY',s,'AY'
thee,'DH IY',s,'IY'
it,'IH T',s,'IH'
you,'Y UW',s,'UW'
thus,'DH ɤ S',s,''
forgot,'F ǝ R G ɒ T',s,''
montano,'M ɒ N T AA N OW',s,'AA'
you,'Y UW',s,'UW'
wre,'W ER',s,''
wont,'W OW N T',s,''
be,'B IY',s,'IY'
civil,'S IH V AH L',s,'IH'
the,'DH AH',s,''
gravity,'G R AE V AH T IY',s,'AE IY'
and,'AH N D',s,''
of,'AH V',s,''
your,'Y AO R',s,'AO'
youth,'Y UW TH',s,'UW'
the,'DH AH',s,''
hath,'HH AE TH',s,'AE'
noted,'N OW T AH D',s,''
and,'AH N D',s,''
your,'Y AO R',s,'AO'
is,'IH Z',s,'IH'
great,'G r e T',s,''
in,'IH N',s,'IH'
of,'AH V',s,''
wisest,'W AY Z AH S T',s,'AY'
the,'DH AH',s,''
matter,'M AW T ǝ R',s,''
that,'DH AE T',s,'AE'
you,'Y UW',s,'UW'
your,'Y AO R',s,'AO'
thus,'DH ɤ S',s,''
and,'AH N D',s,''
spend,'S P EH N D',s,''
your,'Y AO R',s,'AO'
rich,'R IH CH',s,'IH'
for,'F AO R',s,'AO'
the,'DH AH',s,''
of,'AH V',s,''
a,'AH',s,''
me,'M IY',s,'IY'
to,'T UW',s,'UW'
it,'IH T',s,'IH'
by,'B AY',s,'AY'
heaven,'HH EH V AH N',s,''
my,'M AY',s,'AY'
blood,'B L AH D',s,''
begins,'B IH G IH N Z',s,'IH IH'
my,'M AY',s,'AY'
guides,'G ǝ IH D Z',s,'IH'
to,'T UW',s,'UW'
and,'AH N D',s,''
passion,'P AE SH AH N',s,'AE'
my,'M AY',s,'AY'
best,'B EH S T',s,''
to,'T UW',s,'UW'
lead,'L EH D',s,''
the,'DH AH',s,''
zounds,'Z AW N D Z',s,''
if,'IH F',s,'IH'
i,'AY',s,'AY'
stir,'S T ɐ R',s,''
or,'AO R',s,'AO'
do,'D OW',s,''
but,'B AH T',s,''
lift,'L IH F T',s,'IH'
this,'DH IH S',s,'IH'
arm,'AA R M',s,'AA'
the,'DH AH',s,''
best,'B EH S T',s,''
of,'AH V',s,''
you,'Y UW',s,'UW'
shall,'SH AE L',s,'AE'
sink,'S IH NG K',s,'IH'
in,'IH N',s,'IH'
my,'M AY',s,'AY'
me,'M IY',s,'IY'
to,'T UW',s,'UW'
this,'DH IH S',s,'IH'
began,'B IH G AE N',s,'IH AE'
who,'HH UW',s,'UW'
set,'S EH T',s,''
it,'IH T',s,'IH'
on,'AA N',s,'AA'
and,'AH N D',s,''
he,'HH IY',s,'IY'
that,'DH AE T',s,'AE'
is,'IH Z',s,'IH'
in,'IH N',s,'IH'
this,'DH IH S',s,'IH'
he,'HH IY',s,'IY'
had,'HH AE D',s,'AE'
with,'W IH DH',s,'IH'
me,'M IY',s,'IY'
both,'B OW TH',s,''
at,'AE T',s,'AE'
a,'AH',s,''
shall,'SH AE L',s,'AE'
me,'M IY',s,'IY'
what,'W AH T',s,''
in,'IH N',s,'IH'
a,'AH',s,''
of,'AH V',s,''
war,'W AO R',s,'AO'
yet,'Y EH T',s,''
the,'DH AH',s,''
hearts,'HH AA R T S',s,'AA'
of,'AH V',s,''
fear,'F IY R',s,'IY'
to,'T UW',s,'UW'
and,'AH N D',s,''
domestic,'D AH M EH S T IH K',s,'IH'
in,'IH N',s,'IH'
and,'AH N D',s,''
on,'AA N',s,'AA'
the,'DH AH',s,''
court,'K AO R T',s,'AO'
and,'AH N D',s,''
guard,'G AA R D',s,'AA'
of,'AH V',s,''
safety,'S EH F T ǝ IH',s,'IH'
who,'HH UW',s,'UW'
began,'B IH G AE N',s,'IH AE'
i,'AY',s,'AY'
and,'AH N D',s,''
doth,'D AO TH',s,'AO'
this,'DH IH S',s,'IH'
matter,'M AW T ǝ R',s,''
it,'IH T',s,'IH'
to,'T UW',s,'UW'
i,'AY',s,'AY'
thee,'DH IY',s,'IY'
but,'B AH T',s,''
nevermre,'N EH V ER M AO R',s,'AO'
be,'B IY',s,'IY'
of,'AH V',s,''
look,'L UH K',s,'UH'
if,'IH F',s,'IH'
my,'M AY',s,'AY'
be,'B IY',s,'IY'
not,'N AA T',s,'AA'
up,'AH P',s,''
thee,'DH IY',s,'IY'
an,'AE N',s,'AE'
well,'W EH L',s,''
to,'T UW',s,'UW'
bed,'B EH D',s,''
for,'F AO R',s,'AO'
your,'Y AO R',s,'AO'
myself,'M AY S EH L F',s,'AY'
will,'W IH L',s,'IH'
be,'B IY',s,'IY'
your,'Y AO R',s,'AO'
him,'HH IH M',s,'IH'
off,'AO F',s,'AO'
look,'L UH K',s,'UH'
with,'W IH DH',s,'IH'
the,'DH AH',s,''
and,'AH N D',s,''
whom,'HH UW M',s,'UW'
this,'DH IH S',s,'IH'
distracted,'D IH S T R AE K T AH D',s,'IH AE'
the,'DH AH',s,''
to,'T UW',s,'UW'
their,'DH EH R',s,''
balmy,'B AO M ə IH',s,'AO IH'
slumbers,'S L ɤ M B ǝ R Z',s,''
with,'W IH DH',s,'IH'
to,'T UW',s,'UW'
the,'DH AH',s,''
pilot,'P AY L AH T',s,'AY'
and,'AH N D',s,''
by,'B AY',s,'AY'
him,'HH IH M',s,'IH'
do,'D OW',s,''
my,'M AY',s,'AY'
duties,'D UW T IY Z',s,'UW IY'
to,'T UW',s,'UW'
the,'DH AH',s,''
that,'DH AE T',s,'AE'
i,'AY',s,'AY'
will,'W IH L',s,'IH'
be,'B IY',s,'IY'
on,'AA N',s,'AA'
the,'DH AH',s,''
works,'W AO R K S',s,'AO'
repair,'r IH P EH R',s,'IH'
to,'T UW',s,'UW'
me,'M IY',s,'IY'
this,'DH IH S',s,'IH'
fortification,'F AO R T AH F AH K EY SH AH N',s,'AO EY'
gentlemen,'JH EH N T AH L M IH N',s,'IH'
shall,'SH AE L',s,'AE'
we,'W IY',s,'IY'
see,'S IY',s,'IY'
what,'W AH T',s,''
dost,'D AA S T',s,'AA'
thou,'DH AW',s,''
was,'W AA Z',s,'AA'
not,'N AA T',s,'AA'
that,'DH AE T',s,'AE'
parted,'P AA R T IH D',s,'AA IH'
from,'F R AH M',s,''
my,'M AY',s,'AY'
i,'AY',s,'AY'
do,'D OW',s,''
he,'HH IY',s,'IY'
who,'HH UW',s,'UW'
is,'IH Z',s,'IH'
you,'Y UW',s,'UW'
mean,'M IY N',s,'IY'
went,'W EH N T',s,''
he,'HH IY',s,'IY'
not,'N AA T',s,'AA'
sweet,'S W IY T',s,'IY'
the,'DH AH',s,''
sooner,'S UW N ǝ R',s,'UW'
sweet,'S W IY T',s,'IY'
for,'F AO R',s,'AO'
you,'Y UW',s,'UW'
no,'N OW',s,''
not,'N AA T',s,'AA'
i,'AY',s,'AY'
shall,'SH AE L',s,'AE'
not,'N AA T',s,'AA'
at,'AE T',s,'AE'
hme,'OW M',s,''
i,'AY',s,'AY'
meet,'M IY T',s,'IY'
the,'DH AH',s,''
captains,'K AE P T AH N Z',s,'AE'
at,'AE T',s,'AE'
the,'DH AH',s,''
citadel,'S IH T AH D EH L',s,'IH'
prithee,'P r e DH IY',s,'IY'
no,'N OW',s,''
let,'L EH T',s,''
him,'HH IH M',s,'IH'
when,'ʍ e N',s,''
he,'HH IY',s,'IY'
will,'W IH L',s,'IH'
i,'AY',s,'AY'
will,'W IH L',s,'IH'
thee,'DH IY',s,'IY'
i,'AY',s,'AY'
will,'W IH L',s,'IH'
thee,'DH IY',s,'IY'
i,'AY',s,'AY'
do,'D OW',s,''
beseech,'B IY S IY CH',s,'IY IY'
thee,'DH IY',s,'IY'
grant,'G r AO N T',s,'AO'
me,'M IY',s,'IY'
this,'DH IH S',s,'IH'
to,'T UW',s,'UW'
me,'M IY',s,'IY'
but,'B AH T',s,''
a,'AH',s,''
to,'T UW',s,'UW'
myself,'M AY S EH L F',s,'AY'
my,'M AY',s,'AY'
to,'T UW',s,'UW'
thee,'DH IY',s,'IY'
my,'M AY',s,'AY'
soul,'S OW L',s,''
but,'B AH T',s,''
i,'AY',s,'AY'
do,'D OW',s,''
thee,'DH IY',s,'IY'
and,'AH N D',s,''
when,'ʍ e N',s,''
i,'AY',s,'AY'
thee,'DH IY',s,'IY'
not,'N AA T',s,'AA'
is,'IH Z',s,'IH'
again,'ǝ ɡ EH N',s,''
what,'W AH T',s,''
dost,'D AA S T',s,'AA'
thou,'DH AW',s,''
he,'HH IY',s,'IY'
did,'D IH D',s,'IH'
from,'F R AH M',s,''
to,'T UW',s,'UW'
last,'L AE S T',s,'AE'
whhy,'ʍ ǝ IH',s,'IH'
dost,'D AA S T',s,'AA'
thou,'DH AW',s,''
ask,'AW S K',s,''
whhy,'ʍ ǝ IH',s,'IH'
of,'AH V',s,''
o,'OW',s,''
yes,'Y IH S',s,'IH'
and,'AH N D',s,''
went,'W EH N T',s,''
between,'B IH T W IY N',s,'IH IY'
us,'AH S',s,''
very,'V EH R IY',s,'IY'
oft,'AO F T',s,'AO'
indeed,'IH N D IY D',s,'IH IY'
indeed,'IH N D IY D',s,'IH IY'
thou,'DH AW',s,''
in,'IH N',s,'IH'
that,'DH AE T',s,'AE'
is,'IH Z',s,'IH'
he,'HH IY',s,'IY'
not,'N AA T',s,'AA'
what,'W AH T',s,''
dost,'D AA S T',s,'AA'
thou,'DH AW',s,''
think,'TH IH NG K',s,'IH'
think,'TH IH NG K',s,'IH'
my,'M AY',s,'AY'
lord,'L AO R D',s,'AO'
by,'B AY',s,'AY'
heaven,'HH EH V AH N',s,''
thou,'DH AW',s,''
me,'M IY',s,'IY'
as,'AE Z',s,'AE'
if,'IH F',s,'IH'
wre,'W ER',s,''
monster,'M ɒ N S T ǝ R',s,''
in,'IH N',s,'IH'
too,'T UW',s,'UW'
hideous,'IH D IH ǝ S',s,'IH IH'
to,'T UW',s,'UW'
be,'B IY',s,'IY'
thou,'DH AW',s,''
dost,'D AA S T',s,'AA'
mean,'M IY N',s,'IY'
i,'AY',s,'AY'
thee,'DH IY',s,'IY'
even,'IY V IH N',s,'IY IH'
thou,'DH AW',s,''
not,'N AA T',s,'AA'
that,'DH AE T',s,'AE'
when,'ʍ e N',s,''
left,'L EH F T',s,''
my,'M AY',s,'AY'
what,'W AH T',s,''
not,'N AA T',s,'AA'
and,'AH N D',s,''
when,'ʍ e N',s,''
i,'AY',s,'AY'
told,'T OW L D',s,''
thee,'DH IY',s,'IY'
he,'HH IY',s,'IY'
was,'W AA Z',s,'AA'
of,'AH V',s,''
my,'M AY',s,'AY'
in,'IH N',s,'IH'
my,'M AY',s,'AY'
of,'AH V',s,''
wooing,'W UW IH N',s,'UW IH'
thou,'DH AW',s,''
indeed,'IH N D IY D',s,'IH IY'
and,'AH N D',s,''
contract,'K ǝ N T r AW K T',s,''
and,'AH N D',s,''
brow,'B r ə UH',s,'UH'
as,'AE Z',s,'AE'
if,'IH F',s,'IH'
thou,'DH AW',s,''
then,'DH EH N',s,''
shut,'SH AH T',s,''
up,'AH P',s,''
in,'IH N',s,'IH'
brain,'B r EH N',s,''
conceit,'K ǝ N S IY T',s,'IY'
if,'IH F',s,'IH'
thou,'DH AW',s,''
dost,'D AA S T',s,'AA'
me,'M IY',s,'IY'
me,'M IY',s,'IY'
i,'AY',s,'AY'
think,'TH IH NG K',s,'IH'
thou,'DH AW',s,''
dost,'D AA S T',s,'AA'
and,'AH N D',s,''
for,'F AO R',s,'AO'
i,'AY',s,'AY'
thou,'DH AW',s,''
full,'F UH L',s,'UH'
of,'AH V',s,''
and,'AH N D',s,''
and,'AH N D',s,''
thou,'DH AW',s,''
them,'DH EH M',s,''
breath,'B R EH TH',s,''
therefre,'DH EH R F AO R',s,'AO'
stops,'S T AA P S',s,'AA'
of,'AH V',s,''
me,'M IY',s,'IY'
the,'DH AH',s,''
for,'F AO R',s,'AO'
in,'IH N',s,'IH'
a,'AH',s,''
disloyal,'D IH S L ǝ IH ǝ L',s,'IH IH'
knve,'N EY V',s,'EY'
of,'AH V',s,''
custom,'K AH S T AH M',s,''
but,'B AH T',s,''
in,'IH N',s,'IH'
a,'AH',s,''
man,'M AE N',s,'AE'
from,'F R AH M',s,''
the,'DH AH',s,''
heart,'HH AA R T',s,'AA'
that,'DH AE T',s,'AE'
passion,'P AE SH AH N',s,'AE'
cannot,'K AE N AA T',s,'AE AA'
i,'AY',s,'AY'
think,'TH IH NG K',s,'IH'
so,'S OW',s,''
too,'T UW',s,'UW'
certain,'S ɐ R T ǝ N',s,''
men,'M EH N',s,''
be,'B IY',s,'IY'
what,'W AH T',s,''
seem,'S IY M',s,'IY'
yet,'Y EH T',s,''
in,'IH N',s,'IH'
this,'DH IH S',s,'IH'
i,'AY',s,'AY'
prithee,'P r e DH IY',s,'IY'
speak,'S P IY K',s,'IY'
to,'T UW',s,'UW'
me,'M IY',s,'IY'
as,'AE Z',s,'AE'
to,'T UW',s,'UW'
as,'AE Z',s,'AE'
thou,'DH AW',s,''
dost,'D AA S T',s,'AA'
and,'AH N D',s,''
worst,'W AO R S T',s,'AO'
of,'AH V',s,''
the,'DH AH',s,''
worst,'W AO R S T',s,'AO'
of,'AH V',s,''
thou,'DH AW',s,''
dost,'D AA S T',s,'AA'
against,'AH G EH N S T',s,''
friend,'F R EH N D',s,''
if,'IH F',s,'IH'
thou,'DH AW',s,''
but,'B AH T',s,''
him,'HH IH M',s,'IH'
and,'AH N D',s,''
his,'HH IH Z',s,'IH'
ear,'IY R',s,'IY'
a,'AH',s,''
to,'T UW',s,'UW'
what,'W AH T',s,''
dost,'D AA S T',s,'AA'
thou,'DH AW',s,''
mean,'M IY N',s,'IY'
by,'B AY',s,'AY'
heaven,'HH EH V AH N',s,''
o,'OW',s,''
whhy,'ʍ ǝ IH',s,'IH'
whhy,'ʍ ǝ IH',s,'IH'
is,'IH Z',s,'IH'
this,'DH IH S',s,'IH'
thou,'DH AW',s,''
a,'AH',s,''
of,'AH V',s,''
to,'T UW',s,'UW'
still,'S T IH L',s,'IH'
the,'DH AH',s,''
of,'AH V',s,''
the,'DH AH',s,''
moon,'M UW N',s,'UW'
with,'W IH DH',s,'IH'
fresh,'F R EH SH',s,''
suspicions,'S AH S P IH SH AH N Z',s,'IH'
no,'N OW',s,''
to,'T UW',s,'UW'
be,'B IY',s,'IY'
in,'IH N',s,'IH'
doubt,'D ǝ UH T',s,'UH'
is,'IH Z',s,'IH'
to,'T UW',s,'UW'
be,'B IY',s,'IY'
me,'M IY',s,'IY'
for,'F AO R',s,'AO'
a,'AH',s,''
goat,'G OW T',s,''
when,'ʍ e N',s,''
i,'AY',s,'AY'
shall,'SH AE L',s,'AE'
turn,'T ɐ R N',s,''
the,'DH AH',s,''
of,'AH V',s,''
my,'M AY',s,'AY'
soul,'S OW L',s,''
to,'T UW',s,'UW'
and,'AH N D',s,''
not,'N AA T',s,'AA'
to,'T UW',s,'UW'
me,'M IY',s,'IY'
jealous,'JH EH L AH S',s,''
to,'T UW',s,'UW'
my,'M AY',s,'AY'
is,'IH Z',s,'IH'
fair,'F EH R',s,''
feeds,'F IY D Z',s,'IY'
well,'W EH L',s,''
company,'K AH M P AH N IY',s,'IY'
is,'IH Z',s,'IH'
free,'F R IY',s,'IY'
of,'AH V',s,''
speech,'S P IY CH',s,'IY'
and,'AH N D',s,''
dances,'D AW N S IH Z',s,'IH'
well,'W EH L',s,''
is,'IH Z',s,'IH'
virtuous,'V ER CH UW AH S',s,'UW'
nor,'N AO R',s,'AO'
from,'F R AH M',s,''
weak,'W IY K',s,'IY'
merits,'M EH R AH T S',s,''
will,'W IH L',s,'IH'
i,'AY',s,'AY'
the,'DH AH',s,''
smallest,'S M AA L ǝ S T',s,'AA'
fear,'F IY R',s,'IY'
or,'AO R',s,'AO'
doubt,'D ǝ UH T',s,'UH'
of,'AH V',s,''
revolt,'r IH V ɒ L T',s,'IH'
for,'F AO R',s,'AO'
she,'SH IY',s,'IY'
had,'HH AE D',s,'AE'
and,'AH N D',s,''
me,'M IY',s,'IY'
no,'N OW',s,''
see,'S IY',s,'IY'
i,'AY',s,'AY'
doubt,'D ǝ UH T',s,'UH'
when,'ʍ e N',s,''
i,'AY',s,'AY'
doubt,'D ǝ UH T',s,'UH'
and,'AH N D',s,''
on,'AA N',s,'AA'
the,'DH AH',s,''
proof,'P R UW F',s,'UW'
is,'IH Z',s,'IH'
no,'N OW',s,''
but,'B AH T',s,''
this,'DH IH S',s,'IH'
at,'AE T',s,'AE'
with,'W IH DH',s,'IH'
or,'AO R',s,'AO'
dost,'D AA S T',s,'AA'
thou,'DH AW',s,''
so,'S OW',s,''
and,'AH N D',s,''
so,'S OW',s,''
she,'SH IY',s,'IY'
did,'D IH D',s,'IH'
i,'AY',s,'AY'
am,'AE M',s,'AE'
to,'T UW',s,'UW'
thee,'DH IY',s,'IY'
not,'N AA T',s,'AA'
a,'AH',s,''
jot,'JH AA T',s,'AA'
not,'N AA T',s,'AA'
a,'AH',s,''
jot,'JH AA T',s,'AA'
i,'AY',s,'AY'
will,'W IH L',s,'IH'
not,'N AA T',s,'AA'
no,'N OW',s,''
not,'N AA T',s,'AA'
i,'AY',s,'AY'
do,'D OW',s,''
not,'N AA T',s,'AA'
think,'TH IH NG K',s,'IH'
but,'B AH T',s,''
and,'AH N D',s,''
yet,'Y EH T',s,''
natre,'N EY CH ER',s,'EY'
from,'F R AH M',s,''
itself,'IH T S EH L F',s,'IH'
if,'IH F',s,'IH'
thou,'DH AW',s,''
dost,'D AA S T',s,'AA'
percve,'P ER S IY V',s,'IY'
let,'L EH T',s,''
me,'M IY',s,'IY'
set,'S EH T',s,''
on,'AA N',s,'AA'
to,'T UW',s,'UW'
obseve,'AH B Z ER V',s,''
me,'M IY',s,'IY'
whhy,'ʍ ǝ IH',s,'IH'
did,'D IH D',s,'IH'
i,'AY',s,'AY'
marrry,'M AW r ǝ IH',s,'IH'
this,'DH IH S',s,'IH'
creatre,'K R IY CH ER',s,'IY'
sees,'S IY Z',s,'IY'
and,'AH N D',s,''
than,'DH AE N',s,'AE'
he,'HH IY',s,'IY'
unfolds,'ɤ N F OW L D Z',s,''
fear,'F IY R',s,'IY'
not,'N AA T',s,'AA'
my,'M AY',s,'AY'
this,'DH IH S',s,'IH'
of,'AH V',s,''
and,'AH N D',s,''
all,'AA L',s,'AA'
with,'W IH DH',s,'IH'
a,'AH',s,''
spirit,'S P IH R AH T',s,'IH'
of,'AH V',s,''
human,'Y UW M ǝ N',s,'UW'
if,'IH F',s,'IH'
i,'AY',s,'AY'
do,'D OW',s,''
that,'DH AE T',s,'AE'
wre,'W ER',s,''
my,'M AY',s,'AY'
dear,'D IY R',s,'IY'
heartstrings,'AA R T - ˌ S T r IH NG Z',s,'AA IH'
off,'AO F',s,'AO'
and,'AH N D',s,''
let,'L EH T',s,''
down,'D ǝ UH N',s,'UH'
the,'DH AH',s,''
to,'T UW',s,'UW'
at,'AE T',s,'AE'
haply,'AW P L ǝ IH',s,'IH'
for,'F AO R',s,'AO'
i,'AY',s,'AY'
am,'AE M',s,'AE'
black,'B L AE K',s,'AE'
and,'AH N D',s,''
not,'N AA T',s,'AA'
soft,'S AA F T',s,'AA'
parts,'P AA R T S',s,'AA'
of,'AH V',s,''
that,'DH AE T',s,'AE'
or,'AO R',s,'AO'
for,'F AO R',s,'AO'
i,'AY',s,'AY'
am,'AE M',s,'AE'
declined,'D IH K L ǝ IH N D',s,'IH IH'
into,'IH N T UW',s,'IH UW'
the,'DH AH',s,''
of,'AH V',s,''
not,'N AA T',s,'AA'
i,'AY',s,'AY'
am,'AE M',s,'AE'
abused,'ǝ B Y UW Z D',s,'UW'
and,'AH N D',s,''
my,'M AY',s,'AY'
relief,'R IH L IY F',s,'IH IY'
must,'M AH S T',s,''
be,'B IY',s,'IY'
to,'T UW',s,'UW'
o,'OW',s,''
of,'AH V',s,''
that,'DH AE T',s,'AE'
we,'W IY',s,'IY'
can,'K AE N',s,'AE'
call,'K AO L',s,'AO'
ours,'OW R Z',s,''
and,'AH N D',s,''
not,'N AA T',s,'AA'
their,'DH EH R',s,''
i,'AY',s,'AY'
had,'HH AE D',s,'AE'
be,'B IY',s,'IY'
a,'AH',s,''
toad,'T OW D',s,''
and,'AH N D',s,''
upon,'AH P AA N',s,'AA'
the,'DH AH',s,''
of,'AH V',s,''
a,'AH',s,''
dungeon,'D AH N JH AH N',s,''
than,'DH AE N',s,'AE'
keep,'K IY P',s,'IY'
a,'AH',s,''
corner,'K AO R N ǝ R',s,'AO'
in,'IH N',s,'IH'
the,'DH AH',s,''
i,'AY',s,'AY'
for,'F AO R',s,'AO'
yet,'Y EH T',s,''
the,'DH AH',s,''
of,'AH V',s,''
great,'G r e T',s,''
ones,'W AH N Z',s,''
less,'L EH S',s,''
than,'DH AE N',s,'AE'
the,'DH AH',s,''
destiny,'D e S T N ǝ IH',s,'IH'
death,'D EH TH',s,''
even,'IY V IH N',s,'IY IH'
then,'DH EH N',s,''
this,'DH IH S',s,'IH'
is,'IH Z',s,'IH'
fated,'F EY T IH D',s,'EY IH'
to,'T UW',s,'UW'
us,'AH S',s,''
when,'ʍ e N',s,''
we,'W IY',s,'IY'
do,'D OW',s,''
look,'L UH K',s,'UH'
she,'SH IY',s,'IY'
if,'IH F',s,'IH'
she,'SH IY',s,'IY'
be,'B IY',s,'IY'
heaven,'HH EH V AH N',s,''
itself,'IH T S EH L F',s,'IH'
not,'N AA T',s,'AA'
i,'AY',s,'AY'
am,'AE M',s,'AE'
to,'T UW',s,'UW'
i,'AY',s,'AY'
a,'AH',s,''
pain,'P EH N',s,''
upon,'AH P AA N',s,'AA'
my,'M AY',s,'AY'
your,'Y AO R',s,'AO'
napkin,'N AE P K IH N',s,'AE IH'
is,'IH Z',s,'IH'
too,'T UW',s,'UW'
let,'L EH T',s,''
it,'IH T',s,'IH'
go,'G OW',s,''
in,'IH N',s,'IH'
with,'W IH DH',s,'IH'
you,'Y UW',s,'UW'
to,'T UW',s,'UW'
me,'M IY',s,'IY'
avaunt,'ǝ V AO N T',s,'AO'
thou,'DH AW',s,''
hast,'HH AE S T',s,'AE'
set,'S EH T',s,''
me,'M IY',s,'IY'
on,'AA N',s,'AA'
the,'DH AH',s,''
rack,'R AE K',s,'AE'
i,'AY',s,'AY'
swear,'S W EH R',s,''
better,'B e T ə R',s,''
to,'T UW',s,'UW'
be,'B IY',s,'IY'
abused,'ǝ B Y UW Z D',s,'UW'
than,'DH AE N',s,'AE'
but,'B AH T',s,''
to,'T UW',s,'UW'
a,'AH',s,''
what,'W AH T',s,''
had,'HH AE D',s,'AE'
i,'AY',s,'AY'
of,'AH V',s,''
of,'AH V',s,''
lust,'L AH S T',s,''
i,'AY',s,'AY'
not,'N AA T',s,'AA'
it,'IH T',s,'IH'
not,'N AA T',s,'AA'
it,'IH T',s,'IH'
not,'N AA T',s,'AA'
me,'M IY',s,'IY'
i,'AY',s,'AY'
slept,'S L EH P T',s,''
the,'DH AH',s,''
well,'W EH L',s,''
fed,'F EH D',s,''
well,'W EH L',s,''
was,'W AA Z',s,'AA'
free,'F R IY',s,'IY'
and,'AH N D',s,''
merrry,'M e r ǝ IH',s,'IH'
i,'AY',s,'AY'
not,'N AA T',s,'AA'
kisses,'K IH S AH Z',s,'IH'
on,'AA N',s,'AA'
lips,'L IH P S',s,'IH'
he,'HH IY',s,'IY'
that,'DH AE T',s,'AE'
is,'IH Z',s,'IH'
not,'N AA T',s,'AA'
what,'W AH T',s,''
is,'IH Z',s,'IH'
let,'L EH T',s,''
him,'HH IH M',s,'IH'
not,'N AA T',s,'AA'
and,'AH N D',s,''
not,'N AA T',s,'AA'
at,'AE T',s,'AE'
all,'AA L',s,'AA'
i,'AY',s,'AY'
had,'HH AE D',s,'AE'
been,'B IH N',s,'IH'
if,'IH F',s,'IH'
the,'DH AH',s,''
camp,'K AE M P',s,'AE'
and,'AH N D',s,''
all,'AA L',s,'AA'
had,'HH AE D',s,'AE'
tasted,'T EY S T AH D',s,'EY'
sweet,'S W IY T',s,'IY'
body,'B AA D IY',s,'AA IY'
so,'S OW',s,''
i,'AY',s,'AY'
had,'HH AE D',s,'AE'
o,'OW',s,''
the,'DH AH',s,''
content,'K ǝ N T e N T',s,''
the,'DH AH',s,''
troops,'T R UW P S',s,'UW'
and,'AH N D',s,''
the,'DH AH',s,''
big,'B IH G',s,'IH'
wars,'W AO R Z',s,'AO'
that,'DH AE T',s,'AE'
ambition,'AE M B IH SH AH N',s,'AE IH'
o,'OW',s,''
the,'DH AH',s,''
steed,'S T IY D',s,'IY'
and,'AH N D',s,''
the,'DH AH',s,''
trump,'T R AH M P',s,''
the,'DH AH',s,''
drum,'D R AH M',s,''
ear-piercing,'IY R - ˌ P EH R S IH N',s,'IY IH'
the,'DH AH',s,''
banner,'B AW N ə R',s,''
and,'AH N D',s,''
all,'AA L',s,'AA'
pomp,'P AA M P',s,'AA'
and,'AH N D',s,''
of,'AH V',s,''
war,'W AO R',s,'AO'
and,'AH N D',s,''
o,'OW',s,''
you,'Y UW',s,'UW'
mortal,'M AO R T AA L',s,'AO AA'
immortal,'IH M AO R T AH L',s,'IH AO'
dread,'D R EH D',s,''
villain,'V IH L AH N',s,'IH'
be,'B IY',s,'IY'
thou,'DH AW',s,''
my,'M AY',s,'AY'
a,'AH',s,''
be,'B IY',s,'IY'
of,'AH V',s,''
it,'IH T',s,'IH'
me,'M IY',s,'IY'
the,'DH AH',s,''
proof,'P R UW F',s,'UW'
or,'AO R',s,'AO'
by,'B AY',s,'AY'
the,'DH AH',s,''
worth,'W AO R TH',s,'AO'
of,'AH V',s,''
soul,'S OW L',s,''
thou,'DH AW',s,''
been,'B IH N',s,'IH'
better,'B e T ə R',s,''
been,'B IH N',s,'IH'
born,'B AO R N',s,'AO'
a,'AH',s,''
dog,'D AO G',s,'AO'
than,'DH AE N',s,'AE'
my,'M AY',s,'AY'
wrath,'R AE TH',s,'AE'
me,'M IY',s,'IY'
to,'T UW',s,'UW'
see,'S IY',s,'IY'
or,'AO R',s,'AO'
at,'AE T',s,'AE'
the,'DH AH',s,''
least,'L IY S T',s,'IY'
so,'S OW',s,''
it,'IH T',s,'IH'
that,'DH AE T',s,'AE'
the,'DH AH',s,''
bear,'B EH R',s,''
no,'N OW',s,''
nor,'N AO R',s,'AO'
loop,'L UW P',s,'UW'
to,'T UW',s,'UW'
a,'AH',s,''
doubt,'D ǝ UH T',s,'UH'
on,'AA N',s,'AA'
or,'AO R',s,'AO'
woe,'W OW',s,''
upon,'AH P AA N',s,'AA'
if,'IH F',s,'IH'
thou,'DH AW',s,''
dost,'D AA S T',s,'AA'
slander,'S L AO N D ǝ R',s,'AO'
and,'AH N D',s,''
me,'M IY',s,'IY'
never,'N e V ǝ R',s,''
abandon,'AH B AE N D AH N',s,'AE'
all,'AA L',s,'AA'
on,'AA N',s,'AA'
do,'D OW',s,''
deeds,'D IY D Z',s,'IY'
to,'T UW',s,'UW'
heaven,'HH EH V AH N',s,''
weep,'W IY P',s,'IY'
all,'AA L',s,'AA'
for,'F AO R',s,'AO'
thou,'DH AW',s,''
to,'T UW',s,'UW'
add,'AE D',s,'AE'
greater,'G r e T ǝ R',s,''
than,'DH AE N',s,'AE'
that,'DH AE T',s,'AE'
thou,'DH AW',s,''
be,'B IY',s,'IY'
by,'B AY',s,'AY'
the,'DH AH',s,''
i,'AY',s,'AY'
think,'TH IH NG K',s,'IH'
my,'M AY',s,'AY'
be,'B IY',s,'IY'
and,'AH N D',s,''
think,'TH IH NG K',s,'IH'
she,'SH IY',s,'IY'
is,'IH Z',s,'IH'
not,'N AA T',s,'AA'
i,'AY',s,'AY'
think,'TH IH NG K',s,'IH'
that,'DH AE T',s,'AE'
thou,'DH AW',s,''
art,'AA R T',s,'AA'
and,'AH N D',s,''
think,'TH IH NG K',s,'IH'
thou,'DH AW',s,''
art,'AA R T',s,'AA'
not,'N AA T',s,'AA'
proof,'P R UW F',s,'UW'
that,'DH AE T',s,'AE'
was,'W AA Z',s,'AA'
as,'AE Z',s,'AE'
fresh,'F R EH SH',s,''
as,'AE Z',s,'AE'
is,'IH Z',s,'IH'
and,'AH N D',s,''
black,'B L AE K',s,'AE'
as,'AE Z',s,'AE'
if,'IH F',s,'IH'
be,'B IY',s,'IY'
cords,'K AO R D Z',s,'AO'
or,'AO R',s,'AO'
or,'AO R',s,'AO'
or,'AO R',s,'AO'
streams,'S T R IY M Z',s,'IY'
not,'N AA T',s,'AA'
it,'IH T',s,'IH'
i,'AY',s,'AY'
wre,'W ER',s,''
satisfied,'S AE T AH S F AY D',s,'AE AY'
and,'AH N D',s,''
i,'AY',s,'AY'
will,'W IH L',s,'IH'
death,'D EH TH',s,''
and,'AH N D',s,''
o,'OW',s,''
me,'M IY',s,'IY'
a,'AH',s,''
reason,'r EH Z ǝ N',s,''
disloyal,'D IH S L ǝ IH ǝ L',s,'IH IH'
o,'OW',s,''
but,'B AH T',s,''
this,'DH IH S',s,'IH'
denoted,'D IH N OW T AH D',s,'IH'
a,'AH',s,''
foregne,'F ǝ R G OW N',s,''
conclusion,'K AH N K L UW ZH AH N',s,'UW'
a,'AH',s,''
doubt,'D ǝ UH T',s,'UH'
it,'IH T',s,'IH'
be,'B IY',s,'IY'
but,'B AH T',s,''
a,'AH',s,''
dream,'D R IY M',s,'IY'
tear,'T IY R',s,'IY'
all,'AA L',s,'AA'
to,'T UW',s,'UW'
pieces,'P IY S AH Z',s,'IY'
i,'AY',s,'AY'
a,'AH',s,''
my,'M AY',s,'AY'
gift,'G IH F T',s,'IH'
if,'IH F',s,'IH'
it,'IH T',s,'IH'
be,'B IY',s,'IY'
that,'DH AE T',s,'AE'
o,'OW',s,''
that,'DH AE T',s,'AE'
the,'DH AH',s,''
had,'HH AE D',s,'AE'
forty,'F AO R T IY',s,'AO IY'
is,'IH Z',s,'IH'
too,'T UW',s,'UW'
poor,'P UH R',s,'UH'
too,'T UW',s,'UW'
weak,'W IY K',s,'IY'
for,'F AO R',s,'AO'
my,'M AY',s,'AY'
do,'D OW',s,''
i,'AY',s,'AY'
see,'S IY',s,'IY'
true,'T R UW',s,'UW'
look,'L UH K',s,'UH'
all,'AA L',s,'AA'
my,'M AY',s,'AY'
fond,'F AA N D',s,'AA'
thus,'DH ɤ S',s,''
do,'D OW',s,''
i,'AY',s,'AY'
to,'T UW',s,'UW'
heaven,'HH EH V AH N',s,''
arse,'ER AY Z',s,'AY'
black,'B L AE K',s,'AE'
from,'F R AH M',s,''
the,'DH AH',s,''
yield,'Y IY L D',s,'IY'
up,'AH P',s,''
o,'OW',s,''
crown,'K r ǝ UH N',s,'UH'
and,'AH N D',s,''
hearted,'HH AA R T AH D',s,'AA'
thhrne,'TH r OW N',s,''
to,'T UW',s,'UW'
swell,'S W EH L',s,''
bosom,'B UH Z AH M',s,'UH'
with,'W IH DH',s,'IH'
for,'F AO R',s,'AO'
of,'AH V',s,''
o,'OW',s,''
blood,'B L AH D',s,''
blood,'B L AH D',s,''
blood,'B L AH D',s,''
never,'N e V ǝ R',s,''
to,'T UW',s,'UW'
the,'DH AH',s,''
sea,'S IY',s,'IY'
icy,'AY S IY',s,'AY IY'
and,'AH N D',s,''
feels,'F IY L Z',s,'IY'
retiring,'r IH T ǝ IH R IH N',s,'IH IH IH'
ebb,'EH B',s,''
but,'B AH T',s,''
keeps,'K IY P S',s,'IY'
on,'AA N',s,'AA'
to,'T UW',s,'UW'
the,'DH AH',s,''
and,'AH N D',s,''
the,'DH AH',s,''
even,'IY V IH N',s,'IY IH'
so,'S OW',s,''
my,'M AY',s,'AY'
bloody,'B L AH D IY',s,'IY'
with,'W IH DH',s,'IH'
shall,'SH AE L',s,'AE'
look,'L UH K',s,'UH'
back,'B AE K',s,'AE'
ebb,'EH B',s,''
to,'T UW',s,'UW'
till,'T IH L',s,'IH'
that,'DH AE T',s,'AE'
a,'AH',s,''
and,'AH N D',s,''
them,'DH EH M',s,''
up,'AH P',s,''
by,'B AY',s,'AY'
heaven,'HH EH V AH N',s,''
in,'IH N',s,'IH'
the,'DH AH',s,''
reverece,'r e V r ǝ N S',s,''
of,'AH V',s,''
a,'AH',s,''
sacred,'S EY K R AH D',s,'EY'
vow,'V ǝ UH',s,'UH'
i,'AY',s,'AY'
my,'M AY',s,'AY'
i,'AY',s,'AY'
greet,'G R IY T',s,'IY'
not,'N AA T',s,'AA'
with,'W IH DH',s,'IH'
vain,'V EY N',s,'EY'
thanks,'TH AE NG K S',s,'AE'
but,'B AH T',s,''
with,'W IH DH',s,'IH'
and,'AH N D',s,''
will,'W IH L',s,'IH'
upon,'AH P AA N',s,'AA'
the,'DH AH',s,''
instant,'IH N S T AH N T',s,'IH'
put,'P UH T',s,'UH'
thee,'DH IY',s,'IY'
to,'T UW',s,'UW'
within,'W IH DH IH N',s,'IH IH'
let,'L EH T',s,''
me,'M IY',s,'IY'
thee,'DH IY',s,'IY'
that,'DH AE T',s,'AE'
not,'N AA T',s,'AA'
o,'OW',s,''
go,'G OW',s,''
with,'W IH DH',s,'IH'
me,'M IY',s,'IY'
apart,'ǝ P AW R T',s,''
i,'AY',s,'AY'
will,'W IH L',s,'IH'
to,'T UW',s,'UW'
me,'M IY',s,'IY'
with,'W IH DH',s,'IH'
swift,'S W IH F T',s,'IH'
means,'M IY N Z',s,'IY'
of,'AH V',s,''
death,'D EH TH',s,''
for,'F AO R',s,'AO'
the,'DH AH',s,''
fair,'F EH R',s,''
devil,'D IH V ǝ L',s,'IH'
art,'AA R T',s,'AA'
thou,'DH AW',s,''
my,'M AY',s,'AY'
lieutenant,'L UW T EH N AH N T',s,'UW'
well,'W EH L',s,''
my,'M AY',s,'AY'
good,'G UH D',s,'UH'
lady,'L EY D IY',s,'EY IY'
o,'OW',s,''
to,'T UW',s,'UW'
do,'D OW',s,''
you,'Y UW',s,'UW'
me,'M IY',s,'IY'
your,'Y AO R',s,'AO'
this,'DH IH S',s,'IH'
is,'IH Z',s,'IH'
moist,'M OY S T',s,''
my,'M AY',s,'AY'
lady,'L EY D IY',s,'EY IY'
this,'DH IH S',s,'IH'
and,'AH N D',s,''
heart,'HH AA R T',s,'AA'
hot,'HH AA T',s,'AA'
hot,'HH AA T',s,'AA'
and,'AH N D',s,''
moist,'M OY S T',s,''
this,'DH IH S',s,'IH'
of,'AH V',s,''
yours,'Y UH R Z',s,'UH'
requires,'R IY K W AY ER Z',s,'IY AY'
a,'AH',s,''
from,'F R AH M',s,''
and,'AH N D',s,''
for,'F AO R',s,'AO'
a,'AH',s,''
and,'AH N D',s,''
devil,'D IH V ǝ L',s,'IH'
that,'DH AE T',s,'AE'
rebels,'R EH B AH L Z',s,''
a,'AH',s,''
good,'G UH D',s,'UH'
a,'AH',s,''
frank,'F R AE NG K',s,'AE'
a,'AH',s,''
the,'DH AH',s,''
hearts,'HH AA R T S',s,'AA'
of,'AH V',s,''
old,'OW L D',s,''
but,'B AH T',s,''
our,'OW R',s,''
heraldry,'e r ǝ L D r ǝ IH',s,'IH'
is,'IH Z',s,'IH'
not,'N AA T',s,'AA'
hearts,'HH AA R T S',s,'AA'
what,'W AH T',s,''
chuck,'CH AH K',s,''
i,'AY',s,'AY'
a,'AH',s,''
salt,'S AO L T',s,'AO'
and,'AH N D',s,''
offends,'AH F EH N D Z',s,''
me,'M IY',s,'IY'
lend,'L EH N D',s,''
me,'M IY',s,'IY'
handkerchief,'AW NG K ǝ R ˌ T SH IH F',s,'IH'
that,'DH AE T',s,'AE'
i,'AY',s,'AY'
you,'Y UW',s,'UW'
not,'N AA T',s,'AA'
a,'AH',s,''
fault,'F AO L T',s,'AO'
that,'DH AE T',s,'AE'
handkerchief,'AW NG K ǝ R ˌ T SH IH F',s,'IH'
did,'D IH D',s,'IH'
an,'AE N',s,'AE'
egyptian,'IH JH IH P SH AH N',s,'IH IH'
to,'T UW',s,'UW'
my,'M AY',s,'AY'
she,'SH IY',s,'IY'
was,'W AA Z',s,'AA'
a,'AH',s,''
and,'AH N D',s,''
almost,'AA L M OW S T',s,'AA'
read,'r e D',s,''
the,'DH AH',s,''
of,'AH V',s,''
she,'SH IY',s,'IY'
told,'T OW L D',s,''
she,'SH IY',s,'IY'
kept,'K EH P T',s,''
it,'IH T',s,'IH'
and,'AH N D',s,''
subdue,'S AH B D UW',s,'UW'
my,'M AY',s,'AY'
to,'T UW',s,'UW'
but,'B AH T',s,''
if,'IH F',s,'IH'
she,'SH IY',s,'IY'
lost,'L AO S T',s,'AO'
it,'IH T',s,'IH'
or,'AO R',s,'AO'
a,'AH',s,''
gift,'G IH F T',s,'IH'
of,'AH V',s,''
it,'IH T',s,'IH'
my,'M AY',s,'AY'
and,'AH N D',s,''
his,'HH IH Z',s,'IH'
spirits,'S P IH R AH T S',s,'IH'
after,'AW F T ǝ R',s,''
fancies,'F AE N S IY Z',s,'AE IY'
she,'SH IY',s,'IY'
it,'IH T',s,'IH'
me,'M IY',s,'IY'
and,'AH N D',s,''
bid,'B IH D',s,'IH'
me,'M IY',s,'IY'
when,'ʍ e N',s,''
my,'M AY',s,'AY'
me,'M IY',s,'IY'
wived,'W ǝ IH V D',s,'IH'
to,'T UW',s,'UW'
it,'IH T',s,'IH'
i,'AY',s,'AY'
did,'D IH D',s,'IH'
so,'S OW',s,''
and,'AH N D',s,''
on,'AA N',s,'AA'
it,'IH T',s,'IH'
a,'AH',s,''
your,'Y AO R',s,'AO'
precious,'P R EH SH AH S',s,''
to,'T UW',s,'UW'
or,'AO R',s,'AO'
wre,'W ER',s,''
as,'AE Z',s,'AE'
true,'T R UW',s,'UW'
magic,'M AE JH IH K',s,'AE IH'
in,'IH N',s,'IH'
the,'DH AH',s,''
web,'W EH B',s,''
of,'AH V',s,''
it,'IH T',s,'IH'
a,'AH',s,''
sybil,'S IH B IH L',s,'IH IH'
that,'DH AE T',s,'AE'
had,'HH AE D',s,'AE'
in,'IH N',s,'IH'
the,'DH AH',s,''
the,'DH AH',s,''
sun,'S AH N',s,''
to,'T UW',s,'UW'
in,'IH N',s,'IH'
the,'DH AH',s,''
work,'W AO R K',s,'AO'
the,'DH AH',s,''
wre,'W ER',s,''
that,'DH AE T',s,'AE'
did,'D IH D',s,'IH'
breed,'B R IY D',s,'IY'
the,'DH AH',s,''
silk,'S IH L K',s,'IH'
and,'AH N D',s,''
it,'IH T',s,'IH'
was,'W AA Z',s,'AA'
dyed,'D ǝ IH D',s,'IH'
in,'IH N',s,'IH'
the,'DH AH',s,''
of,'AH V',s,''
hearts,'HH AA R T S',s,'AA'
most,'M OW S T',s,''
therefre,'DH EH R F AO R',s,'AO'
look,'L UH K',s,'UH'
to,'T UW',s,'UW'
well,'W EH L',s,''
is,'IH Z',s,'IH'
lost,'L AO S T',s,'AO'
is,'IH Z',s,'IH'
speak,'S P IY K',s,'IY'
is,'IH Z',s,'IH'
out,'AW T',s,''
you,'Y UW',s,'UW'
let,'L EH T',s,''
me,'M IY',s,'IY'
see,'S IY',s,'IY'
me,'M IY',s,'IY'
the,'DH AH',s,''
handkerchief,'AW NG K ǝ R ˌ T SH IH F',s,'IH'
my,'M AY',s,'AY'
the,'DH AH',s,''
handkerchief,'AW NG K ǝ R ˌ T SH IH F',s,'IH'
the,'DH AH',s,''
handkerchief,'AW NG K ǝ R ˌ T SH IH F',s,'IH'
the,'DH AH',s,''
handkerchief,'AW NG K ǝ R ˌ T SH IH F',s,'IH'
zounds,'Z AW N D Z',s,''
think,'TH IH NG K',s,'IH'
so,'S OW',s,''
an,'AE N',s,'AE'
kiss,'K IH S',s,'IH'
naked,'N EY K AH D',s,'EY'
in,'IH N',s,'IH'
bed,'B EH D',s,''
and,'AH N D',s,''
not,'N AA T',s,'AA'
mean,'M IY N',s,'IY'
it,'IH T',s,'IH'
is,'IH Z',s,'IH'
against,'AH G EH N S T',s,''
the,'DH AH',s,''
devil,'D IH V ǝ L',s,'IH'
that,'DH AE T',s,'AE'
mean,'M IY N',s,'IY'
and,'AH N D',s,''
yet,'Y EH T',s,''
do,'D OW',s,''
so,'S OW',s,''
the,'DH AH',s,''
devil,'D IH V ǝ L',s,'IH'
their,'DH EH R',s,''
tempts,'T EH M P T S',s,''
and,'AH N D',s,''
tempt,'T EH M P T',s,''
heaven,'HH EH V AH N',s,''
what,'W AH T',s,''
then,'DH EH N',s,''
she,'SH IY',s,'IY'
is,'IH Z',s,'IH'
of,'AH V',s,''
too,'T UW',s,'UW'
she,'SH IY',s,'IY'
that,'DH AE T',s,'AE'
by,'B AY',s,'AY'
heaven,'HH EH V AH N',s,''
i,'AY',s,'AY'
most,'M OW S T',s,''
forgot,'F ǝ R G ɒ T',s,''
it,'IH T',s,'IH'
thou,'DH AW',s,''
it,'IH T',s,'IH'
my,'M AY',s,'AY'
as,'AE Z',s,'AE'
doth,'D AO TH',s,'AO'
the,'DH AH',s,''
raven,'R EY V AH N',s,'EY'
the,'DH AH',s,''
infectious,'IH N F EH K SH AH S',s,'IH'
to,'T UW',s,'UW'
had,'HH AE D',s,'AE'
my,'M AY',s,'AY'
handkerchief,'AW NG K ǝ R ˌ T SH IH F',s,'IH'
not,'N AA T',s,'AA'
so,'S OW',s,''
good,'G UH D',s,'UH'
hath,'HH AE TH',s,'AE'
he,'HH IY',s,'IY'
said,'S EH D',s,''
what,'W AH T',s,''
hath,'HH AE TH',s,'AE'
he,'HH IY',s,'IY'
said,'S EH D',s,''
what,'W AH T',s,''
what,'W AH T',s,''
with,'W IH DH',s,'IH'
with,'W IH DH',s,'IH'
on,'AA N',s,'AA'
we,'W IY',s,'IY'
on,'AA N',s,'AA'
when,'ʍ e N',s,''
with,'W IH DH',s,'IH'
to,'T UW',s,'UW'
confess,'K AH N F EH S',s,''
and,'AH N D',s,''
be,'B IY',s,'IY'
for,'F AO R',s,'AO'
his,'HH IH Z',s,'IH'
to,'T UW',s,'UW'
be,'B IY',s,'IY'
and,'AH N D',s,''
then,'DH EH N',s,''
to,'T UW',s,'UW'
at,'AE T',s,'AE'
it,'IH T',s,'IH'
natre,'N EY CH ER',s,'EY'
not,'N AA T',s,'AA'
invest,'IH N V EH S T',s,'IH'
in,'IH N',s,'IH'
passion,'P AE SH AH N',s,'AE'
instruction,'IH N S T R AH K SH AH N',s,'IH'
it,'IH T',s,'IH'
is,'IH Z',s,'IH'
not,'N AA T',s,'AA'
that,'DH AE T',s,'AE'
me,'M IY',s,'IY'
thus,'DH ɤ S',s,''
noses,'N OW Z IH Z',s,'IH'
ears,'IY R Z',s,'IY'
and,'AH N D',s,''
devil,'D IH V ǝ L',s,'IH'
dost,'D AA S T',s,'AA'
thou,'DH AW',s,''
mock,'M AA K',s,'AA'
me,'M IY',s,'IY'
a,'AH',s,''
a,'AH',s,''
monster,'M ɒ N S T ǝ R',s,''
and,'AH N D',s,''
a,'AH',s,''
beast,'B e S T',s,''
did,'D IH D',s,'IH'
he,'HH IY',s,'IY'
confess,'K AH N F EH S',s,''
it,'IH T',s,'IH'
o,'OW',s,''
thou,'DH AW',s,''
art,'AA R T',s,'AA'
certain,'S ɐ R T ǝ N',s,''
dost,'D AA S T',s,'AA'
thou,'DH AW',s,''
i,'AY',s,'AY'
will,'W IH L',s,'IH'
be,'B IY',s,'IY'
most,'M OW S T',s,''
in,'IH N',s,'IH'
my,'M AY',s,'AY'
but,'B AH T',s,''
dost,'D AA S T',s,'AA'
thou,'DH AW',s,''
most,'M OW S T',s,''
bloody,'B L AH D IY',s,'IY'
look,'L UH K',s,'UH'
he,'HH IY',s,'IY'
he,'HH IY',s,'IY'
it,'IH T',s,'IH'
faintly,'F EY N T L IY',s,'EY IY'
and,'AH N D',s,''
it,'IH T',s,'IH'
out,'AW T',s,''
he,'HH IY',s,'IY'
him,'HH IH M',s,'IH'
to,'T UW',s,'UW'
tell,'T EH L',s,''
it,'IH T',s,'IH'
go,'G OW',s,''
to,'T UW',s,'UW'
well,'W EH L',s,''
said,'S EH D',s,''
well,'W EH L',s,''
said,'S EH D',s,''
do,'D OW',s,''
you,'Y UW',s,'UW'
roman,'r OW M ǝ N',s,''
do,'D OW',s,''
you,'Y UW',s,'UW'
so,'S OW',s,''
so,'S OW',s,''
so,'S OW',s,''
so,'S OW',s,''
that,'DH AE T',s,'AE'
wins,'W IH N Z',s,'IH'
you,'Y UW',s,'UW'
scored,'S K AO R D',s,'AO'
me,'M IY',s,'IY'
well,'W EH L',s,''
beckons,'B EH K AH N Z',s,''
me,'M IY',s,'IY'
he,'HH IY',s,'IY'
begins,'B IH G IH N Z',s,'IH IH'
the,'DH AH',s,''
story,'S T AO R IY',s,'AO IY'
crying,'K r ǝ IH IH N',s,'IH IH'
o,'OW',s,''
dear,'D IY R',s,'IY'
as,'AE Z',s,'AE'
it,'IH T',s,'IH'
wre,'W ER',s,''
his,'HH IH Z',s,'IH'
imports,'IH M P AO R T S',s,'IH AO'
it,'IH T',s,'IH'
he,'HH IY',s,'IY'
she,'SH IY',s,'IY'
him,'HH IH M',s,'IH'
to,'T UW',s,'UW'
my,'M AY',s,'AY'
i,'AY',s,'AY'
see,'S IY',s,'IY'
that,'DH AE T',s,'AE'
of,'AH V',s,''
yours,'Y UH R Z',s,'UH'
but,'B AH T',s,''
not,'N AA T',s,'AA'
that,'DH AE T',s,'AE'
dog,'D AO G',s,'AO'
i,'AY',s,'AY'
shall,'SH AE L',s,'AE'
it,'IH T',s,'IH'
to,'T UW',s,'UW'
by,'B AY',s,'AY'
heaven,'HH EH V AH N',s,''
that,'DH AE T',s,'AE'
be,'B IY',s,'IY'
my,'M AY',s,'AY'
handkerchief,'AW NG K ǝ R ˌ T SH IH F',s,'IH'
shall,'SH AE L',s,'AE'
i,'AY',s,'AY'
him,'HH IH M',s,'IH'
o,'OW',s,''
was,'W AA Z',s,'AA'
that,'DH AE T',s,'AE'
i,'AY',s,'AY'
him,'HH IH M',s,'IH'
years,'Y IH R Z',s,'IH'
a,'AH',s,''
woman,'W UH M AH N',s,'UH'
a,'AH',s,''
fair,'F EH R',s,''
woman,'W UH M AH N',s,'UH'
a,'AH',s,''
sweet,'S W IY T',s,'IY'
woman,'W UH M AH N',s,'UH'
let,'L EH T',s,''
rot,'R AA T',s,'AA'
and,'AH N D',s,''
perish,'P EH R IH SH',s,'IH'
and,'AH N D',s,''
be,'B IY',s,'IY'
for,'F AO R',s,'AO'
she,'SH IY',s,'IY'
shall,'SH AE L',s,'AE'
not,'N AA T',s,'AA'
no,'N OW',s,''
my,'M AY',s,'AY'
heart,'HH AA R T',s,'AA'
is,'IH Z',s,'IH'
turned,'T ɐ R N IH D',s,'IH'
to,'T UW',s,'UW'
i,'AY',s,'AY'
it,'IH T',s,'IH'
and,'AH N D',s,''
it,'IH T',s,'IH'
my,'M AY',s,'AY'
o,'OW',s,''
the,'DH AH',s,''
hath,'HH AE TH',s,'AE'
not,'N AA T',s,'AA'
a,'AH',s,''
sweeter,'S W IY T ǝ R',s,'IY'
creatre,'K R IY CH ER',s,'IY'
she,'SH IY',s,'IY'
by,'B AY',s,'AY'
an,'AE N',s,'AE'
and,'AH N D',s,''
command,'K ǝ M AW N D',s,''
him,'HH IH M',s,'IH'
tasks,'T AE S K S',s,'AE'
i,'AY',s,'AY'
do,'D OW',s,''
but,'B AH T',s,''
what,'W AH T',s,''
she,'SH IY',s,'IY'
is,'IH Z',s,'IH'
so,'S OW',s,''
with,'W IH DH',s,'IH'
an,'AE N',s,'AE'
o,'OW',s,''
she,'SH IY',s,'IY'
will,'W IH L',s,'IH'
the,'DH AH',s,''
out,'AW T',s,''
of,'AH V',s,''
a,'AH',s,''
bear,'B EH R',s,''
of,'AH V',s,''
so,'S OW',s,''
and,'AH N D',s,''
wit,'W IH T',s,'IH'
and,'AH N D',s,''
o,'OW',s,''
a,'AH',s,''
a,'AH',s,''
then,'DH EH N',s,''
of,'AH V',s,''
so,'S OW',s,''
a,'AH',s,''
condition,'K AH N D IH SH AH N',s,'IH'
certain,'S ɐ R T ǝ N',s,''
but,'B AH T',s,''
yet,'Y EH T',s,''
the,'DH AH',s,''
of,'AH V',s,''
it,'IH T',s,'IH'
o,'OW',s,''
the,'DH AH',s,''
of,'AH V',s,''
it,'IH T',s,'IH'
i,'AY',s,'AY'
will,'W IH L',s,'IH'
chop,'CH AA P',s,'AA'
into,'IH N T UW',s,'IH UW'
messes,'M EH S IH Z',s,'IH'
me,'M IY',s,'IY'
with,'W IH DH',s,'IH'
get,'G EH T',s,''
me,'M IY',s,'IY'
this,'DH IH S',s,'IH'
not,'N AA T',s,'AA'
with,'W IH DH',s,'IH'
lest,'L EH S T',s,''
body,'B AA D IY',s,'AA IY'
and,'AH N D',s,''
my,'M AY',s,'AY'
again,'ǝ ɡ EH N',s,''
this,'DH IH S',s,'IH'
good,'G UH D',s,'UH'
good,'G UH D',s,'UH'
the,'DH AH',s,''
of,'AH V',s,''
it,'IH T',s,'IH'
pleases,'P L IY Z IH Z',s,'IY IH'
very,'V EH R IY',s,'IY'
good,'G UH D',s,'UH'
good,'G UH D',s,'UH'
what,'W AH T',s,''
trumpet,'T R AH M P AH T',s,''
is,'IH Z',s,'IH'
that,'DH AE T',s,'AE'
with,'W IH DH',s,'IH'
all,'AA L',s,'AA'
my,'M AY',s,'AY'
heart,'HH AA R T',s,'AA'
i,'AY',s,'AY'
kiss,'K IH S',s,'IH'
the,'DH AH',s,''
instrument,'IH N S T r ǝ ˌ M e N',s,'IH'
of,'AH V',s,''
their,'DH EH R',s,''
you,'Y UW',s,'UW'
of,'AH V',s,''
that,'DH AE T',s,'AE'
this,'DH IH S',s,'IH'
fail,'F EH L',s,''
you,'Y UW',s,'UW'
not,'N AA T',s,'AA'
to,'T UW',s,'UW'
do,'D OW',s,''
as,'AE Z',s,'AE'
you,'Y UW',s,'UW'
will,'W IH L',s,'IH'
and,'AH N D',s,''
you,'Y UW',s,'UW'
indeed,'IH N D IY D',s,'IH IY'
i,'AY',s,'AY'
am,'AE M',s,'AE'
glad,'G L AE D',s,'AE'
to,'T UW',s,'UW'
see,'S IY',s,'IY'
you,'Y UW',s,'UW'
mad,'M AE D',s,'AE'
devil,'D IH V ǝ L',s,'IH'
o,'OW',s,''
devil,'D IH V ǝ L',s,'IH'
devil,'D IH V ǝ L',s,'IH'
if,'IH F',s,'IH'
that,'DH AE T',s,'AE'
the,'DH AH',s,''
teem,'T IY M',s,'IY'
with,'W IH DH',s,'IH'
tears,'T EH R Z',s,''
each,'IY CH',s,'IY'
drop,'D R AA P',s,'AA'
she,'SH IY',s,'IY'
a,'AH',s,''
out,'AW T',s,''
of,'AH V',s,''
my,'M AY',s,'AY'
mistress,'M IH S T R AH S',s,'IH'
what,'W AH T',s,''
you,'Y UW',s,'UW'
with,'W IH DH',s,'IH'
you,'Y UW',s,'UW'
did,'D IH D',s,'IH'
wish,'W IH SH',s,'IH'
that,'DH AE T',s,'AE'
i,'AY',s,'AY'
turn,'T ɐ R N',s,''
she,'SH IY',s,'IY'
can,'K AE N',s,'AE'
turn,'T ɐ R N',s,''
and,'AH N D',s,''
turn,'T ɐ R N',s,''
and,'AH N D',s,''
yet,'Y EH T',s,''
go,'G OW',s,''
on,'AA N',s,'AA'
and,'AH N D',s,''
turn,'T ɐ R N',s,''
again,'ǝ ɡ EH N',s,''
and,'AH N D',s,''
she,'SH IY',s,'IY'
can,'K AE N',s,'AE'
weep,'W IY P',s,'IY'
weep,'W IY P',s,'IY'
and,'AH N D',s,''
as,'AE Z',s,'AE'
you,'Y UW',s,'UW'
very,'V EH R IY',s,'IY'
you,'Y UW',s,'UW'
in,'IH N',s,'IH'
your,'Y AO R',s,'AO'
tears,'T EH R Z',s,''
this,'DH IH S',s,'IH'
passion,'P AE SH AH N',s,'AE'
i,'AY',s,'AY'
am,'AE M',s,'AE'
commanded,'K ǝ M AW N D IH D',s,'IH'
you,'Y UW',s,'UW'
send,'S EH N D',s,''
for,'F AO R',s,'AO'
you,'Y UW',s,'UW'
i,'AY',s,'AY'
the,'DH AH',s,''
and,'AH N D',s,''
will,'W IH L',s,'IH'
return,'r IH T ɐ R N',s,'IH'
to,'T UW',s,'UW'
avaunt,'ǝ V AO N T',s,'AO'
shall,'SH AE L',s,'AE'
my,'M AY',s,'AY'
and,'AH N D',s,''
i,'AY',s,'AY'
do,'D OW',s,''
that,'DH AE T',s,'AE'
we,'W IY',s,'IY'
sup,'S AH P',s,''
you,'Y UW',s,'UW'
to,'T UW',s,'UW'
cyprus,'S IH P r ǝ S',s,'IH'
goats,'G OW T S',s,''
and,'AH N D',s,''
you,'Y UW',s,'UW'
seen,'S IY N',s,'IY'
then,'DH EH N',s,''
yes,'Y IH S',s,'IH'
you,'Y UW',s,'UW'
seen,'S IY N',s,'IY'
and,'AH N D',s,''
she,'SH IY',s,'IY'
what,'W AH T',s,''
did,'D IH D',s,'IH'
never,'N e V ǝ R',s,''
whisper,'ʍ IH S P ǝ R',s,'IH'
nor,'N AO R',s,'AO'
send,'S EH N D',s,''
you,'Y UW',s,'UW'
out,'AW T',s,''
to,'T UW',s,'UW'
fan,'F AE N',s,'AE'
mask,'M AW S K',s,''
nor,'N AO R',s,'AO'
bid,'B IH D',s,'IH'
go,'G OW',s,''
she,'SH IY',s,'IY'
yet,'Y EH T',s,''
a,'AH',s,''
that,'DH AE T',s,'AE'
cannot,'K AE N AA T',s,'AE AA'
as,'AE Z',s,'AE'
this,'DH IH S',s,'IH'
is,'IH Z',s,'IH'
a,'AH',s,''
a,'AH',s,''
closet,'K L AA Z AH T',s,'AA'
lock,'L AA K',s,'AA'
and,'AH N D',s,''
of,'AH V',s,''
villainous,'V IH L AH N AH S',s,'IH'
secrets,'S IY K R AH T S',s,'IY'
and,'AH N D',s,''
yet,'Y EH T',s,''
and,'AH N D',s,''
i,'AY',s,'AY'
seen,'S IY N',s,'IY'
do,'D OW',s,''
you,'Y UW',s,'UW'
chuck,'CH AH K',s,''
let,'L EH T',s,''
me,'M IY',s,'IY'
see,'S IY',s,'IY'
your,'Y AO R',s,'AO'
look,'L UH K',s,'UH'
in,'IH N',s,'IH'
my,'M AY',s,'AY'
of,'AH V',s,''
your,'Y AO R',s,'AO'
function,'F AH NG K SH AH N',s,''
mistress,'M IH S T R AH S',s,'IH'
and,'AH N D',s,''
shut,'SH AH T',s,''
the,'DH AH',s,''
door,'D AO R',s,'AO'
or,'AO R',s,'AO'
if,'IH F',s,'IH'
anybody,'EH N IY B AH D IY',s,'IY IY'
your,'Y AO R',s,'AO'
your,'Y AO R',s,'AO'
whhy,'ʍ ǝ IH',s,'IH'
what,'W AH T',s,''
art,'AA R T',s,'AA'
thou,'DH AW',s,''
swear,'S W EH R',s,''
it,'IH T',s,'IH'
lest,'L EH S T',s,''
being,'B IY IH NG',s,'IY IH'
of,'AH V',s,''
heaven,'HH EH V AH N',s,''
the,'DH AH',s,''
devils,'D EH V AH L Z',s,''
fear,'F IY R',s,'IY'
to,'T UW',s,'UW'
thee,'DH IY',s,'IY'
therefre,'DH EH R F AO R',s,'AO'
be,'B IY',s,'IY'
swear,'S W EH R',s,''
thou,'DH AW',s,''
art,'AA R T',s,'AA'
heaven,'HH EH V AH N',s,''
that,'DH AE T',s,'AE'
thou,'DH AW',s,''
art,'AA R T',s,'AA'
as,'AE Z',s,'AE'
had,'HH AE D',s,'AE'
it,'IH T',s,'IH'
heaven,'HH EH V AH N',s,''
to,'T UW',s,'UW'
me,'M IY',s,'IY'
with,'W IH DH',s,'IH'
had,'HH AE D',s,'AE'
all,'AA L',s,'AA'
of,'AH V',s,''
and,'AH N D',s,''
on,'AA N',s,'AA'
my,'M AY',s,'AY'
me,'M IY',s,'IY'
in,'IH N',s,'IH'
to,'T UW',s,'UW'
the,'DH AH',s,''
very,'V EH R IY',s,'IY'
lips,'L IH P S',s,'IH'
given,'G IH V AH N',s,'IH'
to,'T UW',s,'UW'
me,'M IY',s,'IY'
and,'AH N D',s,''
my,'M AY',s,'AY'
utmost,'AH T M OW S T',s,''
i,'AY',s,'AY'
in,'IH N',s,'IH'
of,'AH V',s,''
my,'M AY',s,'AY'
soul,'S OW L',s,''
a,'AH',s,''
drop,'D R AA P',s,'AA'
of,'AH V',s,''
but,'B AH T',s,''
alas,'AH L AE S',s,'AE'
to,'T UW',s,'UW'
me,'M IY',s,'IY'
a,'AH',s,''
for,'F AO R',s,'AO'
the,'DH AH',s,''
of,'AH V',s,''
to,'T UW',s,'UW'
his,'HH IH Z',s,'IH'
at,'AE T',s,'AE'
yet,'Y EH T',s,''
i,'AY',s,'AY'
bear,'B EH R',s,''
that,'DH AE T',s,'AE'
too,'T UW',s,'UW'
well,'W EH L',s,''
very,'V EH R IY',s,'IY'
well,'W EH L',s,''
but,'B AH T',s,''
i,'AY',s,'AY'
up,'AH P',s,''
my,'M AY',s,'AY'
heart,'HH AA R T',s,'AA'
either,'EH DH ǝ R',s,''
i,'AY',s,'AY'
must,'M AH S T',s,''
or,'AO R',s,'AO'
bear,'B EH R',s,''
no,'N OW',s,''
the,'DH AH',s,''
from,'F R AH M',s,''
the,'DH AH',s,''
my,'M AY',s,'AY'
runs,'R AH N Z',s,''
or,'AO R',s,'AO'
dries,'D R AY Z',s,'AY'
be,'B IY',s,'IY'
or,'AO R',s,'AO'
keep,'K IY P',s,'IY'
it,'IH T',s,'IH'
as,'AE Z',s,'AE'
a,'AH',s,''
for,'F AO R',s,'AO'
toads,'T OW D Z',s,''
to,'T UW',s,'UW'
and,'AH N D',s,''
thou,'DH AW',s,''
and,'AH N D',s,''
look,'L UH K',s,'UH'
grim,'G R IH M',s,'IH'
as,'AE Z',s,'AE'
o,'OW',s,''
as,'AE Z',s,'AE'
summer,'S ɤ M ǝ R',s,''
in,'IH N',s,'IH'
the,'DH AH',s,''
shambles,'SH AE M B AH L Z',s,'AE'
that,'DH AE T',s,'AE'
even,'IY V IH N',s,'IY IH'
with,'W IH DH',s,'IH'
o,'OW',s,''
thou,'DH AW',s,''
weed,'W IY D',s,'IY'
who,'HH UW',s,'UW'
art,'AA R T',s,'AA'
so,'S OW',s,''
lovely,'L ɤ V L ǝ IH',s,'IH'
fair,'F EH R',s,''
and,'AH N D',s,''
so,'S OW',s,''
sweet,'S W IY T',s,'IY'
that,'DH AE T',s,'AE'
the,'DH AH',s,''
at,'AE T',s,'AE'
thee,'DH IY',s,'IY'
thou,'DH AW',s,''
been,'B IH N',s,'IH'
born,'B AO R N',s,'AO'
was,'W AA Z',s,'AA'
this,'DH IH S',s,'IH'
fair,'F EH R',s,''
paper,'P EH P ǝ R',s,''
this,'DH IH S',s,'IH'
most,'M OW S T',s,''
book,'B UH K',s,'UH'
to,'T UW',s,'UW'
upon,'AH P AA N',s,'AA'
what,'W AH T',s,''
committed,'K AH M IH T AH D',s,'IH'
committed,'K AH M IH T AH D',s,'IH'
o,'OW',s,''
thou,'DH AW',s,''
public,'P ɤ B L IH K',s,'IH'
i,'AY',s,'AY'
very,'V EH R IY',s,'IY'
of,'AH V',s,''
my,'M AY',s,'AY'
cheeks,'CH IY K S',s,'IY'
that,'DH AE T',s,'AE'
to,'T UW',s,'UW'
up,'AH P',s,''
modesty,'M AA D AH S T IY',s,'AA IY'
did,'D IH D',s,'IH'
i,'AY',s,'AY'
but,'B AH T',s,''
speak,'S P IY K',s,'IY'
deeds,'D IY D Z',s,'IY'
what,'W AH T',s,''
committed,'K AH M IH T AH D',s,'IH'
heaven,'HH EH V AH N',s,''
stops,'S T AA P S',s,'AA'
the,'DH AH',s,''
at,'AE T',s,'AE'
it,'IH T',s,'IH'
and,'AH N D',s,''
the,'DH AH',s,''
moon,'M UW N',s,'UW'
winks,'W IH NG K S',s,'IH'
the,'DH AH',s,''
bawdy,'B AO D ə IH',s,'AO IH'
that,'DH AE T',s,'AE'
kisses,'K IH S AH Z',s,'IH'
all,'AA L',s,'AA'
it,'IH T',s,'IH'
meets,'M IY T S',s,'IY'
is,'IH Z',s,'IH'
within,'W IH DH IH N',s,'IH IH'
the,'DH AH',s,''
of,'AH V',s,''
and,'AH N D',s,''
will,'W IH L',s,'IH'
not,'N AA T',s,'AA'
what,'W AH T',s,''
committed,'K AH M IH T AH D',s,'IH'
not,'N AA T',s,'AA'
you,'Y UW',s,'UW'
a,'AH',s,''
what,'W AH T',s,''
not,'N AA T',s,'AA'
a,'AH',s,''
is,'IH Z',s,'IH'
i,'AY',s,'AY'
you,'Y UW',s,'UW'
then,'DH EH N',s,''
i,'AY',s,'AY'
took,'T UH K',s,'UH'
you,'Y UW',s,'UW'
for,'F AO R',s,'AO'
that,'DH AE T',s,'AE'
of,'AH V',s,''
that,'DH AE T',s,'AE'
with,'W IH DH',s,'IH'
mistress,'M IH S T R AH S',s,'IH'
that,'DH AE T',s,'AE'
the,'DH AH',s,''
to,'T UW',s,'UW'
saint,'S EY N T',s,'EY'
and,'AH N D',s,''
keeps,'K IY P S',s,'IY'
the,'DH AH',s,''
of,'AH V',s,''
you,'Y UW',s,'UW'
you,'Y UW',s,'UW'
we,'W IY',s,'IY'
our,'OW R',s,''
for,'F AO R',s,'AO'
your,'Y AO R',s,'AO'
pains,'P EH N Z',s,''
i,'AY',s,'AY'
you,'Y UW',s,'UW'
turn,'T ɐ R N',s,''
the,'DH AH',s,''
and,'AH N D',s,''
keep,'K IY P',s,'IY'
our,'OW R',s,''
o,'OW',s,''
pardon,'P AA R D ǝ N',s,'AA'
me,'M IY',s,'IY'
do,'D OW',s,''
me,'M IY',s,'IY'
good,'G UH D',s,'UH'
to,'T UW',s,'UW'
will,'W IH L',s,'IH'
you,'Y UW',s,'UW'
get,'G EH T',s,''
you,'Y UW',s,'UW'
to,'T UW',s,'UW'
bed,'B EH D',s,''
on,'AA N',s,'AA'
instant,'IH N S T AH N T',s,'IH'
i,'AY',s,'AY'
will,'W IH L',s,'IH'
be,'B IY',s,'IY'
returned,'r IH T ɐ R N IH D',s,'IH IH'
dismiss,'D IH S M IH S',s,'IH IH'
your,'Y AO R',s,'AO'
attendant,'AH T EH N D AH N T',s,''
look,'L UH K',s,'UH'
be,'B IY',s,'IY'
the,'DH AH',s,''
of,'AH V',s,''
keeps,'K IY P S',s,'IY'
his,'HH IH Z',s,'IH'
it,'IH T',s,'IH'
is,'IH Z',s,'IH'
even,'IY V IH N',s,'IY IH'
so,'S OW',s,''
he,'HH IY',s,'IY'
o,'OW',s,''
and,'AH N D',s,''
that,'DH AE T',s,'AE'
hast,'HH AE S T',s,'AE'
of,'AH V',s,''
thou,'DH AW',s,''
your,'Y AO R',s,'AO'
dear,'D IY R',s,'IY'
dead,'D EH D',s,''
and,'AH N D',s,''
your,'Y AO R',s,'AO'
hies,'ǝ IH Z',s,'IH'
i,'AY',s,'AY'
forth,'F AO R TH',s,'AO'
of,'AH V',s,''
my,'M AY',s,'AY'
heart,'HH AA R T',s,'AA'
blotted,'B L AA T AH D',s,'AA'
bed,'B EH D',s,''
lust-stained,'ˌ L ɤ S T - S T EH N D',s,''
shall,'SH AE L',s,'AE'
with,'W IH DH',s,'IH'
blood,'B L AH D',s,''
be,'B IY',s,'IY'
spotted,'S P AA T AH D',s,'AA'
it,'IH T',s,'IH'
is,'IH Z',s,'IH'
the,'DH AH',s,''
it,'IH T',s,'IH'
is,'IH Z',s,'IH'
the,'DH AH',s,''
my,'M AY',s,'AY'
soul,'S OW L',s,''
let,'L EH T',s,''
me,'M IY',s,'IY'
not,'N AA T',s,'AA'
it,'IH T',s,'IH'
to,'T UW',s,'UW'
you,'Y UW',s,'UW'
you,'Y UW',s,'UW'
stars,'S T AA R Z',s,'AA'
it,'IH T',s,'IH'
is,'IH Z',s,'IH'
the,'DH AH',s,''
yet,'Y EH T',s,''
not,'N AA T',s,'AA'
shed,'SH EH D',s,''
blood,'B L AH D',s,''
nor,'N AO R',s,'AO'
that,'DH AE T',s,'AE'
skin,'S K IH N',s,'IH'
of,'AH V',s,''
than,'DH AE N',s,'AE'
and,'AH N D',s,''
smooth,'S M UW DH',s,'UW'
as,'AE Z',s,'AE'
yet,'Y EH T',s,''
she,'SH IY',s,'IY'
must,'M AH S T',s,''
men,'M EH N',s,''
put,'P UH T',s,'UH'
out,'AW T',s,''
the,'DH AH',s,''
and,'AH N D',s,''
then,'DH EH N',s,''
put,'P UH T',s,'UH'
out,'AW T',s,''
the,'DH AH',s,''
if,'IH F',s,'IH'
i,'AY',s,'AY'
thee,'DH IY',s,'IY'
thou,'DH AW',s,''
minister,'M IH N IH S T ǝ R',s,'IH IH'
i,'AY',s,'AY'
can,'K AE N',s,'AE'
again,'ǝ ɡ EH N',s,''
i,'AY',s,'AY'
repent,'R IH P EH N T',s,'IH'
me,'M IY',s,'IY'
but,'B AH T',s,''
put,'P UH T',s,'UH'
out,'AW T',s,''
thou,'DH AW',s,''
pattern,'P AW T ǝ R N',s,''
of,'AH V',s,''
natre,'N EY CH ER',s,'EY'
i,'AY',s,'AY'
not,'N AA T',s,'AA'
is,'IH Z',s,'IH'
that,'DH AE T',s,'AE'
that,'DH AE T',s,'AE'
can,'K AE N',s,'AE'
when,'ʍ e N',s,''
i,'AY',s,'AY'
the,'DH AH',s,''
i,'AY',s,'AY'
cannot,'K AE N AA T',s,'AE AA'
it,'IH T',s,'IH'
again,'ǝ ɡ EH N',s,''
it,'IH T',s,'IH'
needs,'N IY D Z',s,'IY'
must,'M AH S T',s,''
smell,'S M EH L',s,''
it,'IH T',s,'IH'
on,'AA N',s,'AA'
the,'DH AH',s,''
tree,'T R IY',s,'IY'
o,'OW',s,''
balmy,'B AO M ə IH',s,'AO IH'
breath,'B R EH TH',s,''
that,'DH AE T',s,'AE'
dost,'D AA S T',s,'AA'
almost,'AA L M OW S T',s,'AA'
to,'T UW',s,'UW'
break,'B R EY K',s,'EY'
be,'B IY',s,'IY'
thus,'DH ɤ S',s,''
when,'ʍ e N',s,''
thou,'DH AW',s,''
art,'AA R T',s,'AA'
dead,'D EH D',s,''
and,'AH N D',s,''
i,'AY',s,'AY'
will,'W IH L',s,'IH'
kill,'K IH L',s,'IH'
thee,'DH IY',s,'IY'
and,'AH N D',s,''
thee,'DH IY',s,'IY'
after,'AW F T ǝ R',s,''
and,'AH N D',s,''
this,'DH IH S',s,'IH'
the,'DH AH',s,''
last,'L AE S T',s,'AE'
so,'S OW',s,''
sweet,'S W IY T',s,'IY'
was,'W AA Z',s,'AA'
so,'S OW',s,''
fatal,'F EY T AH L',s,'EY'
i,'AY',s,'AY'
must,'M AH S T',s,''
weep,'W IY P',s,'IY'
but,'B AH T',s,''
tears,'T EH R Z',s,''
this,'DH IH S',s,'IH'
it,'IH T',s,'IH'
it,'IH T',s,'IH'
doth,'D AO TH',s,'AO'
she,'SH IY',s,'IY'
you,'Y UW',s,'UW'
if,'IH F',s,'IH'
you,'Y UW',s,'UW'
bethink,'B IH TH IH NG K',s,'IH IH'
of,'AH V',s,''
as,'AE Z',s,'AE'
yet,'Y EH T',s,''
to,'T UW',s,'UW'
heaven,'HH EH V AH N',s,''
and,'AH N D',s,''
solicit,'S AH L IH S IH T',s,'IH IH'
for,'F AO R',s,'AO'
it,'IH T',s,'IH'
well,'W EH L',s,''
do,'D OW',s,''
it,'IH T',s,'IH'
and,'AH N D',s,''
be,'B IY',s,'IY'
brief,'B R IY F',s,'IY'
i,'AY',s,'AY'
will,'W IH L',s,'IH'
by,'B AY',s,'AY'
i,'AY',s,'AY'
not,'N AA T',s,'AA'
kill,'K IH L',s,'IH'
spirit,'S P IH R AH T',s,'IH'
no,'N OW',s,''
heaven,'HH EH V AH N',s,''
i,'AY',s,'AY'
not,'N AA T',s,'AA'
kill,'K IH L',s,'IH'
soul,'S OW L',s,''
i,'AY',s,'AY'
do,'D OW',s,''
amen,'EY M EH N',s,'EY'
with,'W IH DH',s,'IH'
all,'AA L',s,'AA'
my,'M AY',s,'AY'
heart,'HH AA R T',s,'AA'
think,'TH IH NG K',s,'IH'
on,'AA N',s,'AA'
sins,'S IH N Z',s,'IH'
and,'AH N D',s,''
for,'F AO R',s,'AO'
that,'DH AE T',s,'AE'
thou,'DH AW',s,''
and,'AH N D',s,''
be,'B IY',s,'IY'
still,'S T IH L',s,'IH'
that,'DH AE T',s,'AE'
handkerchief,'AW NG K ǝ R ˌ T SH IH F',s,'IH'
i,'AY',s,'AY'
so,'S OW',s,''
and,'AH N D',s,''
thee,'DH IY',s,'IY'
thou,'DH AW',s,''
to,'T UW',s,'UW'
sweet,'S W IY T',s,'IY'
soul,'S OW L',s,''
of,'AH V',s,''
thou,'DH AW',s,''
art,'AA R T',s,'AA'
on,'AA N',s,'AA'
yes,'Y IH S',s,'IH'
presently,'P R EH Z AH N T L IY',s,'IY'
therefre,'DH EH R F AO R',s,'AO'
confess,'K AH N F EH S',s,''
thee,'DH IY',s,'IY'
freely,'F R IY L IY',s,'IY IY'
of,'AH V',s,''
sin,'S IH N',s,'IH'
for,'F AO R',s,'AO'
to,'T UW',s,'UW'
each,'IY CH',s,'IY'
with,'W IH DH',s,'IH'
oath,'OW TH',s,''
cannot,'K AE N AA T',s,'AE AA'
nor,'N AO R',s,'AO'
the,'DH AH',s,''
conception,'K AH N S EH P SH AH N',s,''
that,'DH AE T',s,'AE'
i,'AY',s,'AY'
do,'D OW',s,''
groan,'G r OW N',s,''
withal,'W IH DH AA L',s,'IH AA'
thou,'DH AW',s,''
art,'AA R T',s,'AA'
to,'T UW',s,'UW'
i,'AY',s,'AY'
amen,'EY M EH N',s,'EY'
by,'B AY',s,'AY'
heaven,'HH EH V AH N',s,''
i,'AY',s,'AY'
my,'M AY',s,'AY'
handkerchief,'AW NG K ǝ R ˌ T SH IH F',s,'IH'
in,'IH N',s,'IH'
's,'EH S',s,''
o,'OW',s,''
perjured,'P ɐ R D ZH ǝ R D',s,''
woman,'W UH M AH N',s,'UH'
thou,'DH AW',s,''
dost,'D AA S T',s,'AA'
my,'M AY',s,'AY'
heart,'HH AA R T',s,'AA'
and,'AH N D',s,''
me,'M IY',s,'IY'
call,'K AO L',s,'AO'
what,'W AH T',s,''
i,'AY',s,'AY'
intend,'IH N T EH N D',s,'IH'
to,'T UW',s,'UW'
do,'D OW',s,''
a,'AH',s,''
i,'AY',s,'AY'
a,'AH',s,''
i,'AY',s,'AY'
the,'DH AH',s,''
handkerchief,'AW NG K ǝ R ˌ T SH IH F',s,'IH'
he,'HH IY',s,'IY'
hath,'HH AE TH',s,'AE'
that,'DH AE T',s,'AE'
he,'HH IY',s,'IY'
hath,'HH AE TH',s,'AE'
used,'Y UW Z D',s,'UW'
thee,'DH IY',s,'IY'
no,'N OW',s,''
his,'HH IH Z',s,'IH'
is,'IH Z',s,'IH'
hath,'HH AE TH',s,'AE'
order,'AO R D ǝ R',s,'AO'
for,'F AO R',s,'AO'
had,'HH AE D',s,'AE'
all,'AA L',s,'AA'
his,'HH IH Z',s,'IH'
hairs,'HH EH R Z',s,''
been,'B IH N',s,'IH'
my,'M AY',s,'AY'
great,'G r e T',s,''
had,'HH AE D',s,'AE'
stomach,'S T AH M AH K',s,''
for,'F AO R',s,'AO'
them,'DH EH M',s,''
all,'AA L',s,'AA'
out,'AW T',s,''
thou,'DH AW',s,''
for,'F AO R',s,'AO'
him,'HH IH M',s,'IH'
to,'T UW',s,'UW'
my,'M AY',s,'AY'
down,'D ǝ UH N',s,'UH'
if,'IH F',s,'IH'
you,'Y UW',s,'UW'
being,'B IY IH NG',s,'IY IH'
is,'IH Z',s,'IH'
no,'N OW',s,''
it,'IH T',s,'IH'
is,'IH Z',s,'IH'
too,'T UW',s,'UW'
what,'W AH T',s,''
is,'IH Z',s,'IH'
dead,'D EH D',s,''
not,'N AA T',s,'AA'
yet,'Y EH T',s,''
dead,'D EH D',s,''
i,'AY',s,'AY'
that,'DH AE T',s,'AE'
am,'AE M',s,'AE'
am,'AE M',s,'AE'
yet,'Y EH T',s,''
i,'AY',s,'AY'
not,'N AA T',s,'AA'
thee,'DH IY',s,'IY'
linger,'L IH NG G ǝ R',s,'IH'
in,'IH N',s,'IH'
pain,'P EH N',s,''
so,'S OW',s,''
so,'S OW',s,''
yes,'Y IH S',s,'IH'
and,'AH N D',s,''
dead,'D EH D',s,''
she,'SH IY',s,'IY'
to,'T UW',s,'UW'
speak,'S P IY K',s,'IY'
of,'AH V',s,''
death,'D EH TH',s,''
the,'DH AH',s,''
was,'W AA Z',s,'AA'
no,'N OW',s,''
still,'S T IH L',s,'IH'
as,'AE Z',s,'AE'
the,'DH AH',s,''
shall,'SH AE L',s,'AE'
she,'SH IY',s,'IY'
in,'IH N',s,'IH'
wre,'W ER',s,''
good,'G UH D',s,'UH'
i,'AY',s,'AY'
think,'TH IH NG K',s,'IH'
she,'SH IY',s,'IY'
stirs,'S T ɐ R Z',s,''
again,'ǝ ɡ EH N',s,''
no,'N OW',s,''
best,'B EH S T',s,''
to,'T UW',s,'UW'
do,'D OW',s,''
if,'IH F',s,'IH'
she,'SH IY',s,'IY'
in,'IH N',s,'IH'
speak,'S P IY K',s,'IY'
to,'T UW',s,'UW'
my,'M AY',s,'AY'
my,'M AY',s,'AY'
my,'M AY',s,'AY'
what,'W AH T',s,''
i,'AY',s,'AY'
no,'N OW',s,''
o,'OW',s,''
o,'OW',s,''
heavy,'e V ǝ IH',s,'IH'
methinks,'M IH TH IH NG K S',s,'IH IH'
it,'IH T',s,'IH'
be,'B IY',s,'IY'
a,'AH',s,''
of,'AH V',s,''
sun,'S AH N',s,''
and,'AH N D',s,''
moon,'M UW N',s,'UW'
and,'AH N D',s,''
that,'DH AE T',s,'AE'
at,'AE T',s,'AE'
i,'AY',s,'AY'
had,'HH AE D',s,'AE'
forgot,'F ǝ R G ɒ T',s,''
thee,'DH IY',s,'IY'
o,'OW',s,''
in,'IH N',s,'IH'
soft,'S AA F T',s,'AA'
by,'B AY',s,'AY'
and,'AH N D',s,''
by,'B AY',s,'AY'
let,'L EH T',s,''
me,'M IY',s,'IY'
the,'DH AH',s,''
curtains,'K ɐ R T ǝ N Z',s,''
art,'AA R T',s,'AA'
thou,'DH AW',s,''
the,'DH AH',s,''
matter,'M AW T ǝ R',s,''
with,'W IH DH',s,'IH'
thee,'DH IY',s,'IY'
what,'W AH T',s,''
it,'IH T',s,'IH'
is,'IH Z',s,'IH'
the,'DH AH',s,''
very,'V EH R IY',s,'IY'
error,'e r ǝ R',s,''
of,'AH V',s,''
the,'DH AH',s,''
moon,'M UW N',s,'UW'
she,'SH IY',s,'IY'
than,'DH AE N',s,'AE'
she,'SH IY',s,'IY'
was,'W AA Z',s,'AA'
wont,'W OW N T',s,''
and,'AH N D',s,''
men,'M EH N',s,''
mad,'M AE D',s,'AE'
and,'AH N D',s,''
not,'N AA T',s,'AA'
then,'DH EH N',s,''
out,'AW T',s,''
of,'AH V',s,''
and,'AH N D',s,''
sweet,'S W IY T',s,'IY'
that,'DH AE T',s,'AE'
what,'W AH T',s,''
whhy,'ʍ ǝ IH',s,'IH'
she,'SH IY',s,'IY'
be,'B IY',s,'IY'
you,'Y UW',s,'UW'
it,'IH T',s,'IH'
was,'W AA Z',s,'AA'
not,'N AA T',s,'AA'
i,'AY',s,'AY'
a,'AH',s,''
liar,'L AY ER',s,'AY'
to,'T UW',s,'UW'
i,'AY',s,'AY'
that,'DH AE T',s,'AE'
she,'SH IY',s,'IY'
turned,'T ɐ R N IH D',s,'IH'
to,'T UW',s,'UW'
follly,'F ɒ L ǝ IH',s,'IH'
and,'AH N D',s,''
she,'SH IY',s,'IY'
was,'W AA Z',s,'AA'
a,'AH',s,''
she,'SH IY',s,'IY'
was,'W AA Z',s,'AA'
as,'AE Z',s,'AE'
water,'W AA T ǝ R',s,'AA'
did,'D IH D',s,'IH'
top,'T AA P',s,'AA'
ask,'AW S K',s,''
o,'OW',s,''
i,'AY',s,'AY'
wre,'W ER',s,''
beneath,'B IH N IY TH',s,'IH IY'
all,'AA L',s,'AA'
depth,'D EH P TH',s,''
in,'IH N',s,'IH'
but,'B AH T',s,''
that,'DH AE T',s,'AE'
i,'AY',s,'AY'
did,'D IH D',s,'IH'
proceed,'P R AH S IY D',s,'IY'
upon,'AH P AA N',s,'AA'
to,'T UW',s,'UW'
this,'DH IH S',s,'IH'
it,'IH T',s,'IH'
all,'AA L',s,'AA'
with,'W IH DH',s,'IH'
had,'HH AE D',s,'AE'
she,'SH IY',s,'IY'
been,'B IH N',s,'IH'
true,'T R UW',s,'UW'
if,'IH F',s,'IH'
heaven,'HH EH V AH N',s,''
me,'M IY',s,'IY'
another,'ǝ N ɤ DH ǝ R',s,''
of,'AH V',s,''
and,'AH N D',s,''
not,'N AA T',s,'AA'
sold,'S OW L D',s,''
for,'F AO R',s,'AO'
it,'IH T',s,'IH'
he,'HH IY',s,'IY'
that,'DH AE T',s,'AE'
told,'T OW L D',s,''
me,'M IY',s,'IY'
on,'AA N',s,'AA'
an,'AE N',s,'AE'
man,'M AE N',s,'AE'
he,'HH IY',s,'IY'
is,'IH Z',s,'IH'
and,'AH N D',s,''
the,'DH AH',s,''
that,'DH AE T',s,'AE'
on,'AA N',s,'AA'
filthhy,'F IH L TH ǝ IH',s,'IH IH'
deeds,'D IY D Z',s,'IY'
what,'W AH T',s,''
needs,'N IY D Z',s,'IY'
this,'DH IH S',s,'IH'
woman,'W UH M AH N',s,'UH'
i,'AY',s,'AY'
he,'HH IY',s,'IY'
woman,'W UH M AH N',s,'UH'
i,'AY',s,'AY'
dost,'D AA S T',s,'AA'
the,'DH AH',s,''
my,'M AY',s,'AY'
friend,'F R EH N D',s,''
you,'Y UW',s,'UW'
wre,'W ER',s,''
best,'B EH S T',s,''
not,'N AA T',s,'AA'
masters,'M AW S T ǝ R Z',s,''
it,'IH T',s,'IH'
is,'IH Z',s,'IH'
true,'T R UW',s,'UW'
indeed,'IH N D IY D',s,'IH IY'
o,'OW',s,''
o,'OW',s,''
o,'OW',s,''
o,'OW',s,''
she,'SH IY',s,'IY'
was,'W AA Z',s,'AA'
i,'AY',s,'AY'
did,'D IH D',s,'IH'
you,'Y UW',s,'UW'
your,'Y AO R',s,'AO'
breath,'B R EH TH',s,''
indeed,'IH N D IY D',s,'IH IY'
i,'AY',s,'AY'
this,'DH IH S',s,'IH'
act,'AE K T',s,'AE'
and,'AH N D',s,''
grim,'G R IH M',s,'IH'
but,'B AH T',s,''
yet,'Y EH T',s,''
that,'DH AE T',s,'AE'
she,'SH IY',s,'IY'
with,'W IH DH',s,'IH'
hath,'HH AE TH',s,'AE'
the,'DH AH',s,''
act,'AE K T',s,'AE'
of,'AH V',s,''
a,'AH',s,''
committed,'K AH M IH T AH D',s,'IH'
it,'IH T',s,'IH'
and,'AH N D',s,''
she,'SH IY',s,'IY'
did,'D IH D',s,'IH'
his,'HH IH Z',s,'IH'
works,'W AO R K S',s,'AO'
with,'W IH DH',s,'IH'
that,'DH AE T',s,'AE'
and,'AH N D',s,''
plege,'P L EH JH',s,''
of,'AH V',s,''
i,'AY',s,'AY'
i,'AY',s,'AY'
it,'IH T',s,'IH'
in,'IH N',s,'IH'
his,'HH IH Z',s,'IH'
it,'IH T',s,'IH'
was,'W AA Z',s,'AA'
a,'AH',s,''
handkerchief,'AW NG K ǝ R ˌ T SH IH F',s,'IH'
an,'AE N',s,'AE'
token,'T OW K ǝ N',s,''
my,'M AY',s,'AY'
my,'M AY',s,'AY'
no,'N OW',s,''
in,'IH N',s,'IH'
heaven,'HH EH V AH N',s,''
but,'B AH T',s,''
what,'W AH T',s,''
for,'F AO R',s,'AO'
the,'DH AH',s,''
villain,'V IH L AH N',s,'IH'
i,'AY',s,'AY'
am,'AE M',s,'AE'
not,'N AA T',s,'AA'
neither,'N EH DH ǝ R',s,''
but,'B AH T',s,''
every,'e V r ǝ IH',s,'IH'
gets,'G EH T S',s,''
my,'M AY',s,'AY'
but,'B AH T',s,''
whhy,'ʍ ǝ IH',s,'IH'
let,'L EH T',s,''
it,'IH T',s,'IH'
go,'G OW',s,''
all,'AA L',s,'AA'
i,'AY',s,'AY'
another,'ǝ N ɤ DH ǝ R',s,''
weapon,'W EH P AH N',s,''
in,'IH N',s,'IH'
this,'DH IH S',s,'IH'
it,'IH T',s,'IH'
is,'IH Z',s,'IH'
a,'AH',s,''
of,'AH V',s,''
spain,'S P EH N',s,''
the,'DH AH',s,''
o,'OW',s,''
it,'IH T',s,'IH'
i,'AY',s,'AY'
must,'M AH S T',s,''
forth,'F AO R TH',s,'AO'
look,'L UH K',s,'UH'
in,'IH N',s,'IH'
upon,'AH P AA N',s,'AA'
me,'M IY',s,'IY'
then,'DH EH N',s,''
and,'AH N D',s,''
speak,'S P IY K',s,'IY'
with,'W IH DH',s,'IH'
me,'M IY',s,'IY'
or,'AO R',s,'AO'
naked,'N EY K AH D',s,'EY'
as,'AE Z',s,'AE'
i,'AY',s,'AY'
am,'AE M',s,'AE'
i,'AY',s,'AY'
will,'W IH L',s,'IH'
thee,'DH IY',s,'IY'
behold,'B IH HH OW L D',s,'IH'
i,'AY',s,'AY'
a,'AH',s,''
weapon,'W EH P AH N',s,''
a,'AH',s,''
better,'B e T ə R',s,''
never,'N e V ǝ R',s,''
did,'D IH D',s,'IH'
itself,'IH T S EH L F',s,'IH'
sustain,'S AH S T EY N',s,'EY'
upon,'AH P AA N',s,'AA'
a,'AH',s,''
i,'AY',s,'AY'
seen,'S IY N',s,'IY'
the,'DH AH',s,''
that,'DH AE T',s,'AE'
with,'W IH DH',s,'IH'
this,'DH IH S',s,'IH'
arm,'AA R M',s,'AA'
and,'AH N D',s,''
this,'DH IH S',s,'IH'
good,'G UH D',s,'UH'
i,'AY',s,'AY'
my,'M AY',s,'AY'
impediments,'IH M P EH D AH M AH N T S',s,'IH'
than,'DH AE N',s,'AE'
your,'Y AO R',s,'AO'
stop,'S T AA P',s,'AA'
vain,'V EY N',s,'EY'
boast,'B OW S T',s,''
who,'HH UW',s,'UW'
can,'K AE N',s,'AE'
control,'K ǝ N T r OW L',s,''
his,'HH IH Z',s,'IH'
not,'N AA T',s,'AA'
so,'S OW',s,''
be,'B IY',s,'IY'
not,'N AA T',s,'AA'
afraid,'ǝ F r EH D',s,''
you,'Y UW',s,'UW'
do,'D OW',s,''
see,'S IY',s,'IY'
me,'M IY',s,'IY'
is,'IH Z',s,'IH'
my,'M AY',s,'AY'
end,'EH N D',s,''
is,'IH Z',s,'IH'
my,'M AY',s,'AY'
butt,'B AH T',s,''
and,'AH N D',s,''
very,'V EH R IY',s,'IY'
of,'AH V',s,''
my,'M AY',s,'AY'
utmost,'AH T M OW S T',s,''
sail,'S EH L',s,''
do,'D OW',s,''
you,'Y UW',s,'UW'
go,'G OW',s,''
back,'B AE K',s,'AE'
a,'AH',s,''
lost,'L AO S T',s,'AO'
fear,'F IY R',s,'IY'
man,'M AE N',s,'AE'
but,'B AH T',s,''
a,'AH',s,''
rush,'r ɤ SH',s,''
against,'AH G EH N S T',s,''
breast,'B R EH S T',s,''
and,'AH N D',s,''
he,'HH IY',s,'IY'
retires,'r IH T ǝ IH R Z',s,'IH IH'
othello,'ǝ TH e L OW',s,''
go,'G OW',s,''
dost,'D AA S T',s,'AA'
thou,'DH AW',s,''
look,'L UH K',s,'UH'
o,'OW',s,''
as,'AE Z',s,'AE'
smock,'S M AA K',s,'AA'
when,'ʍ e N',s,''
we,'W IY',s,'IY'
shall,'SH AE L',s,'AE'
meet,'M IY T',s,'IY'
at,'AE T',s,'AE'
this,'DH IH S',s,'IH'
look,'L UH K',s,'UH'
of,'AH V',s,''
will,'W IH L',s,'IH'
my,'M AY',s,'AY'
soul,'S OW L',s,''
from,'F R AH M',s,''
heaven,'HH EH V AH N',s,''
and,'AH N D',s,''
fiends,'F IY N D Z',s,'IY'
will,'W IH L',s,'IH'
at,'AE T',s,'AE'
it,'IH T',s,'IH'
cold,'K OW L D',s,''
cold,'K OW L D',s,''
my,'M AY',s,'AY'
even,'IY V IH N',s,'IY IH'
whip,'ʍ IH P',s,'IH'
me,'M IY',s,'IY'
you,'Y UW',s,'UW'
devils,'D EH V AH L Z',s,''
from,'F R AH M',s,''
the,'DH AH',s,''
of,'AH V',s,''
this,'DH IH S',s,'IH'
me,'M IY',s,'IY'
in,'IH N',s,'IH'
roast,'r OW S T',s,''
me,'M IY',s,'IY'
in,'IH N',s,'IH'
wash,'W AA SH',s,'AA'
me,'M IY',s,'IY'
in,'IH N',s,'IH'
gulfs,'G AH L F S',s,''
of,'AH V',s,''
o,'OW',s,''
dead,'D EH D',s,''
dead,'D EH D',s,''
o,'OW',s,''
o,'OW',s,''
he,'HH IY',s,'IY'
that,'DH AE T',s,'AE'
was,'W AA Z',s,'AA'
othello,'ǝ TH e L OW',s,''
i,'AY',s,'AY'
am,'AE M',s,'AE'
i,'AY',s,'AY'
look,'L UH K',s,'UH'
down,'D ǝ UH N',s,'UH'
towards,'T AH W AO R D Z',s,'AO'
his,'HH IH Z',s,'IH'
feet,'F IY T',s,'IY'
but,'B AH T',s,''
a,'AH',s,''
if,'IH F',s,'IH'
that,'DH AE T',s,'AE'
thou,'DH AW',s,''
a,'AH',s,''
devil,'D IH V ǝ L',s,'IH'
i,'AY',s,'AY'
cannot,'K AE N AA T',s,'AE AA'
kill,'K IH L',s,'IH'
thee,'DH IY',s,'IY'
i,'AY',s,'AY'
am,'AE M',s,'AE'
not,'N AA T',s,'AA'
neither,'N EH DH ǝ R',s,''
thee,'DH IY',s,'IY'
for,'F AO R',s,'AO'
in,'IH N',s,'IH'
my,'M AY',s,'AY'
happiness,'HH AE P IY N AH S',s,'AE IY'
to,'T UW',s,'UW'
whhy,'ʍ ǝ IH',s,'IH'
an,'AE N',s,'AE'
honorale,'AA N ER AH B AH L',s,'AA'
if,'IH F',s,'IH'
you,'Y UW',s,'UW'
will,'W IH L',s,'IH'
for,'F AO R',s,'AO'
i,'AY',s,'AY'
did,'D IH D',s,'IH'
in,'IH N',s,'IH'
but,'B AH T',s,''
all,'AA L',s,'AA'
in,'IH N',s,'IH'
i,'AY',s,'AY'
do,'D OW',s,''
it,'IH T',s,'IH'
and,'AH N D',s,''
i,'AY',s,'AY'
ask,'AW S K',s,''
your,'Y AO R',s,'AO'
pardon,'P AA R D ǝ N',s,'AA'
will,'W IH L',s,'IH'
you,'Y UW',s,'UW'
i,'AY',s,'AY'
demand,'D IH M AW N D',s,'IH'
that,'DH AE T',s,'AE'
whhy,'ʍ ǝ IH',s,'IH'
he,'HH IY',s,'IY'
hath,'HH AE TH',s,'AE'
thus,'DH ɤ S',s,''
my,'M AY',s,'AY'
soul,'S OW L',s,''
and,'AH N D',s,''
body,'B AA D IY',s,'AA IY'
well,'W EH L',s,''
thou,'DH AW',s,''
dost,'D AA S T',s,'AA'
best,'B EH S T',s,''
o,'OW',s,''
villain,'V IH L AH N',s,'IH'
o,'OW',s,''
thou,'DH AW',s,''
you,'Y UW',s,'UW'
by,'B AY',s,'AY'
that,'DH AE T',s,'AE'
handkerchief,'AW NG K ǝ R ˌ T SH IH F',s,'IH'
that,'DH AE T',s,'AE'
was,'W AA Z',s,'AA'
my,'M AY',s,'AY'
o,'OW',s,''
fool,'F UH L',s,'UH'
fool,'F UH L',s,'UH'
fool,'F UH L',s,'UH'
soft,'S AA F T',s,'AA'
you,'Y UW',s,'UW'
a,'AH',s,''
or,'AO R',s,'AO'
you,'Y UW',s,'UW'
go,'G OW',s,''
i,'AY',s,'AY'
the,'DH AH',s,''
and,'AH N D',s,''
no,'N OW',s,''
of,'AH V',s,''
that,'DH AE T',s,'AE'
i,'AY',s,'AY'
you,'Y UW',s,'UW'
in,'IH N',s,'IH'
your,'Y AO R',s,'AO'
when,'ʍ e N',s,''
you,'Y UW',s,'UW'
shall,'SH AE L',s,'AE'
deeds,'D IY D Z',s,'IY'
speak,'S P IY K',s,'IY'
of,'AH V',s,''
me,'M IY',s,'IY'
as,'AE Z',s,'AE'
i,'AY',s,'AY'
am,'AE M',s,'AE'
nor,'N AO R',s,'AO'
set,'S EH T',s,''
down,'D ǝ UH N',s,'UH'
in,'IH N',s,'IH'
then,'DH EH N',s,''
must,'M AH S T',s,''
you,'Y UW',s,'UW'
speak,'S P IY K',s,'IY'
of,'AH V',s,''
that,'DH AE T',s,'AE'
not,'N AA T',s,'AA'
but,'B AH T',s,''
too,'T UW',s,'UW'
well,'W EH L',s,''
of,'AH V',s,''
not,'N AA T',s,'AA'
easily,'IY Z L ǝ IH',s,'IY IH'
jealous,'JH EH L AH S',s,''
but,'B AH T',s,''
being,'B IY IH NG',s,'IY IH'
in,'IH N',s,'IH'
the,'DH AH',s,''
of,'AH V',s,''
the,'DH AH',s,''
a,'AH',s,''
pearl,'P ɐ R L',s,''
than,'DH AE N',s,'AE'
all,'AA L',s,'AA'
his,'HH IH Z',s,'IH'
of,'AH V',s,''
subdued,'S AH B D UW D',s,'UW'
unused,'AH N Y UW Z D',s,'UW'
to,'T UW',s,'UW'
the,'DH AH',s,''
mood,'M UW D',s,'UW'
drops,'D R AA P S',s,'AA'
tears,'T EH R Z',s,''
as,'AE Z',s,'AE'
fast,'F AW S T',s,''
as,'AE Z',s,'AE'
the,'DH AH',s,''
trees,'T R IY Z',s,'IY'
their,'DH EH R',s,''
gum,'G AH M',s,''
set,'S EH T',s,''
you,'Y UW',s,'UW'
down,'D ǝ UH N',s,'UH'
this,'DH IH S',s,'IH'
and,'AH N D',s,''
besides,'B IH S ə IH D Z',s,'IH IH'
that,'DH AE T',s,'AE'
in,'IH N',s,'IH'
a,'AH',s,''
malignant,'M AH L IH G N AH N T',s,'IH'
and,'AH N D',s,''
a,'AH',s,''
beat,'B IY T',s,'IY'
a,'AH',s,''
and,'AH N D',s,''
the,'DH AH',s,''
i,'AY',s,'AY'
took,'T UH K',s,'UH'
by,'B AY',s,'AY'
the,'DH AH',s,''
dog,'D AO G',s,'AO'
and,'AH N D',s,''
him,'HH IH M',s,'IH'
thus,'DH ɤ S',s,''
i,'AY',s,'AY'
thee,'DH IY',s,'IY'
i,'AY',s,'AY'
thee,'DH IY',s,'IY'
no,'N OW',s,''
but,'B AH T',s,''
this,'DH IH S',s,'IH'
myself,'M AY S EH L F',s,'AY'
to,'T UW',s,'UW'
upon,'AH P AA N',s,'AA'
a,'AH',s,''
kiss,'K IH S',s,'IH'
