good,'G UH D',s,'UH'
of,'AH V',s,''
unto,'AH N T UW',s,'UW'
your,'Y AO R',s,'AO'
madam,'M AE D AH M',s,'AE'
good,'G UH D',s,'UH'
his,'HH IH Z',s,'IH'
speaks,'S P IY K S',s,'IY'
madam,'M AE D AH M',s,'AE'
he,'HH IY',s,'IY'
desires,'D IH Z ǝ IH R Z',s,'IH IH'
to,'T UW',s,'UW'
between,'B IH T W IY N',s,'IH IY'
the,'DH AH',s,''
of,'AH V',s,''
and,'AH N D',s,''
your,'Y AO R',s,'AO'
and,'AH N D',s,''
between,'B IH T W IY N',s,'IH IY'
them,'DH EH M',s,''
and,'AH N D',s,''
my,'M AY',s,'AY'
lord,'L AO R D',s,'AO'
and,'AH N D',s,''
sent,'S EH N T',s,''
to,'T UW',s,'UW'
warn,'W AO R N',s,'AO'
them,'DH EH M',s,''
to,'T UW',s,'UW'
his,'HH IH Z',s,'IH'
then,'DH EH N',s,''
present,'P r IH Z e N T',s,'IH'
wept,'W EH P T',s,''
to,'T UW',s,'UW'
see,'S IY',s,'IY'
it,'IH T',s,'IH'
for,'F AO R',s,'AO'
if,'IH F',s,'IH'
not,'N AA T',s,'AA'
for,'F AO R',s,'AO'
charity,'CH EH R IH T IY',s,'IH IY'
nor,'N AO R',s,'AO'
no,'N OW',s,''
for,'F AO R',s,'AO'
never,'N e V ǝ R',s,''
pass,'P AE S',s,'AE'
the,'DH AH',s,''
lips,'L IH P S',s,'IH'
of,'AH V',s,''
that,'DH AE T',s,'AE'
them,'DH EH M',s,''
in,'IH N',s,'IH'
the,'DH AH',s,''
air,'EH R',s,''
that,'DH AE T',s,'AE'
i,'AY',s,'AY'
respect,'R IH S P EH K T',s,'IH'
my,'M AY',s,'AY'
lord,'L AO R D',s,'AO'
my,'M AY',s,'AY'
hair,'HH EH R',s,''
doth,'D AO TH',s,'AO'
stand,'S T AE N D',s,'AE'
an,'AE N',s,'AE'
end,'EH N D',s,''
to,'T UW',s,'UW'
doth,'D AO TH',s,'AO'
turn,'T ɐ R N',s,''
his,'HH IH Z',s,'IH'
upon,'AH P AA N',s,'AA'
your,'Y AO R',s,'AO'
but,'B AH T',s,''
with,'W IH DH',s,'IH'
all,'AA L',s,'AA'
doth,'D AO TH',s,'AO'
cherish,'CH EH R IH SH',s,'IH'
you,'Y UW',s,'UW'
and,'AH N D',s,''
yours,'Y UH R Z',s,'UH'
god,'G AA D',s,'AA'
punish,'P ɤ N IH SH',s,'IH'
me,'M IY',s,'IY'
with,'W IH DH',s,'IH'
in,'IH N',s,'IH'
i,'AY',s,'AY'
most,'M OW S T',s,''
when,'ʍ e N',s,''
i,'AY',s,'AY'
most,'M OW S T',s,''
need,'N IY D',s,'IY'
to,'T UW',s,'UW'
employ,'e M P L ǝ IH',s,'IH'
a,'AH',s,''
friend,'F R EH N D',s,''
and,'AH N D',s,''
most,'M OW S T',s,''
that,'DH AE T',s,'AE'
he,'HH IY',s,'IY'
is,'IH Z',s,'IH'
a,'AH',s,''
friend,'F R EH N D',s,''
deep,'D IY P',s,'IY'
and,'AH N D',s,''
full,'F UH L',s,'UH'
of,'AH V',s,''
be,'B IY',s,'IY'
he,'HH IY',s,'IY'
unto,'AH N T UW',s,'UW'
me,'M IY',s,'IY'
this,'DH IH S',s,'IH'
do,'D OW',s,''
i,'AY',s,'AY'
beg,'B EH G',s,''
of,'AH V',s,''
god,'G AA D',s,'AA'
when,'ʍ e N',s,''
i,'AY',s,'AY'
am,'AE M',s,'AE'
cold,'K OW L D',s,''
in,'IH N',s,'IH'
to,'T UW',s,'UW'
you,'Y UW',s,'UW'
or,'AO R',s,'AO'
yours,'Y UH R Z',s,'UH'
and,'AH N D',s,''
in,'IH N',s,'IH'
good,'G UH D',s,'UH'
and,'AH N D',s,''
the,'DH AH',s,''
look,'L UH K',s,'UH'
i,'AY',s,'AY'
so,'S OW',s,''
lord,'L AO R D',s,'AO'
dorset,'D AO R S ǝ T',s,'AO'
as,'AE Z',s,'AE'
the,'DH AH',s,''
rest,'R EH S T',s,''
we,'W IY',s,'IY'
wait,'W EH T',s,''
upon,'AH P AA N',s,'AA'
your,'Y AO R',s,'AO'
you,'Y UW',s,'UW'
princes,'P R IH N S AH Z',s,'IH'
and,'AH N D',s,''
peers,'P IY R Z',s,'IY'
that,'DH AE T',s,'AE'
bear,'B EH R',s,''
this,'DH IH S',s,'IH'
heavy,'e V ǝ IH',s,'IH'
load,'L OW D',s,''
of,'AH V',s,''
moan,'M OW N',s,''
each,'IY CH',s,'IY'
in,'IH N',s,'IH'
each,'IY CH',s,'IY'
we,'W IY',s,'IY'
spent,'S P EH N T',s,''
our,'OW R',s,''
of,'AH V',s,''
this,'DH IH S',s,'IH'
we,'W IY',s,'IY'
to,'T UW',s,'UW'
reap,'R IY P',s,'IY'
the,'DH AH',s,''
of,'AH V',s,''
his,'HH IH Z',s,'IH'
son,'S AO ̃',s,'AO'
the,'DH AH',s,''
broken,'B R OW K AH N',s,''
of,'AH V',s,''
your,'Y AO R',s,'AO'
but,'B AH T',s,''
lately,'L EH T L ǝ IH',s,'IH'
and,'AH N D',s,''
must,'M AH S T',s,''
be,'B IY',s,'IY'
preserved,'P r IH Z ɐ R V IH D',s,'IH IH'
and,'AH N D',s,''
kept,'K EH P T',s,''
good,'G UH D',s,'UH'
that,'DH AE T',s,'AE'
with,'W IH DH',s,'IH'
train,'T r EH N',s,''
from,'F R AH M',s,''
the,'DH AH',s,''
be,'B IY',s,'IY'
to,'T UW',s,'UW'
london,'L AH N D AH N',s,''
to,'T UW',s,'UW'
be,'B IY',s,'IY'
our,'OW R',s,''
marrry,'M AW r ǝ IH',s,'IH'
my,'M AY',s,'AY'
lord,'L AO R D',s,'AO'
lest,'L EH S T',s,''
by,'B AY',s,'AY'
a,'AH',s,''
the,'DH AH',s,''
of,'AH V',s,''
break,'B R EY K',s,'EY'
out,'AW T',s,''
be,'B IY',s,'IY'
so,'S OW',s,''
the,'DH AH',s,''
by,'B AY',s,'AY'
the,'DH AH',s,''
is,'IH Z',s,'IH'
green,'G R IY N',s,'IY'
and,'AH N D',s,''
yet,'Y EH T',s,''
every,'e V r ǝ IH',s,'IH'
bears,'B EH R Z',s,''
his,'HH IH Z',s,'IH'
rein,'r EH N',s,''
and,'AH N D',s,''
his,'HH IH Z',s,'IH'
as,'AE Z',s,'AE'
himself,'HH IH M S EH L F',s,'IH'
as,'AE Z',s,'AE'
well,'W EH L',s,''
the,'DH AH',s,''
fear,'F IY R',s,'IY'
of,'AH V',s,''
as,'AE Z',s,'AE'
apparent,'AH P EH R AH N T',s,''
in,'IH N',s,'IH'
my,'M AY',s,'AY'
to,'T UW',s,'UW'
be,'B IY',s,'IY'
prevented,'P R IH V EH N T IH D',s,'IH IH'
my,'M AY',s,'AY'
lord,'L AO R D',s,'AO'
whoever,'UW e V ǝ R',s,'UW'
to,'T UW',s,'UW'
the,'DH AH',s,''
for,'F AO R',s,'AO'
let,'L EH T',s,''
not,'N AA T',s,'AA'
us,'AH S',s,''
at,'AE T',s,'AE'
hme,'OW M',s,''
for,'F AO R',s,'AO'
by,'B AY',s,'AY'
the,'DH AH',s,''
sort,'S AO R T',s,'AO'
as,'AE Z',s,'AE'
to,'T UW',s,'UW'
the,'DH AH',s,''
story,'S T AO R IY',s,'AO IY'
we,'W IY',s,'IY'
of,'AH V',s,''
to,'T UW',s,'UW'
part,'P AA R T',s,'AA'
the,'DH AH',s,''
queen's,'K W IY N Z',s,'IY'
from,'F R AH M',s,''
the,'DH AH',s,''
sweet,'S W IY T',s,'IY'
to,'T UW',s,'UW'
london,'L AH N D AH N',s,''
to,'T UW',s,'UW'
your,'Y AO R',s,'AO'
and,'AH N D',s,''
in,'IH N',s,'IH'
good,'G UH D',s,'UH'
the,'DH AH',s,''
lord,'L AO R D',s,'AO'
what,'W AH T',s,''
an,'AE N',s,'AE'
and,'AH N D',s,''
peevish,'P IY V IH SH',s,'IY IH'
is,'IH Z',s,'IH'
this,'DH IH S',s,'IH'
of,'AH V',s,''
cardinal,'K AA R D AH N AH L',s,'AA'
will,'W IH L',s,'IH'
your,'Y AO R',s,'AO'
the,'DH AH',s,''
to,'T UW',s,'UW'
send,'S EH N D',s,''
the,'DH AH',s,''
of,'AH V',s,''
york,'Y AO R K',s,'AO'
unto,'AH N T UW',s,'UW'
his,'HH IH Z',s,'IH'
princely,'P r IH N S L ǝ IH',s,'IH IH'
presently,'P R EH Z AH N T L IY',s,'IY'
if,'IH F',s,'IH'
she,'SH IY',s,'IY'
lord,'L AO R D',s,'AO'
go,'G OW',s,''
with,'W IH DH',s,'IH'
him,'HH IH M',s,'IH'
and,'AH N D',s,''
from,'F R AH M',s,''
jealous,'JH EH L AH S',s,''
arms,'AA R M Z',s,'AA'
pluck,'P L ɤ K',s,''
him,'HH IH M',s,'IH'
perfoce,'P ER F AO R S',s,'AO'
you,'Y UW',s,'UW'
too,'T UW',s,'UW'
my,'M AY',s,'AY'
lord,'L AO R D',s,'AO'
too,'T UW',s,'UW'
and,'AH N D',s,''
traditional,'T R AH D IH SH AH N AH L',s,'IH'
it,'IH T',s,'IH'
but,'B AH T',s,''
with,'W IH DH',s,'IH'
the,'DH AH',s,''
of,'AH V',s,''
this,'DH IH S',s,'IH'
you,'Y UW',s,'UW'
break,'B R EY K',s,'EY'
not,'N AA T',s,'AA'
in,'IH N',s,'IH'
him,'HH IH M',s,'IH'
the,'DH AH',s,''
thereof,'DH EH R AH V',s,''
is,'IH Z',s,'IH'
granted,'G R AE N T AH D',s,'AE'
to,'T UW',s,'UW'
deserved,'D IH Z ɐ R V IH D',s,'IH IH'
the,'DH AH',s,''
and,'AH N D',s,''
who,'HH UW',s,'UW'
the,'DH AH',s,''
wit,'W IH T',s,'IH'
to,'T UW',s,'UW'
claim,'K L EH M',s,''
the,'DH AH',s,''
this,'DH IH S',s,'IH'
hath,'HH AE TH',s,'AE'
neither,'N EH DH ǝ R',s,''
it,'IH T',s,'IH'
nor,'N AO R',s,'AO'
deserved,'D IH Z ɐ R V IH D',s,'IH IH'
it,'IH T',s,'IH'
and,'AH N D',s,''
therefre,'DH EH R F AO R',s,'AO'
in,'IH N',s,'IH'
cannot,'K AE N AA T',s,'AE AA'
it,'IH T',s,'IH'
then,'DH EH N',s,''
him,'HH IH M',s,'IH'
from,'F R AH M',s,''
that,'DH AE T',s,'AE'
is,'IH Z',s,'IH'
not,'N AA T',s,'AA'
you,'Y UW',s,'UW'
break,'B R EY K',s,'EY'
no,'N OW',s,''
nor,'N AO R',s,'AO'
oft,'AO F T',s,'AO'
i,'AY',s,'AY'
of,'AH V',s,''
men,'M EH N',s,''
but,'B AH T',s,''
children,'CH IH L D R AH N',s,'IH'
never,'N e V ǝ R',s,''
till,'T IH L',s,'IH'
he,'HH IY',s,'IY'
did,'D IH D',s,'IH'
my,'M AY',s,'AY'
lord,'L AO R D',s,'AO'
begin,'B IH G IH N',s,'IH IH'
that,'DH AE T',s,'AE'
succeeding,'S AH K S IY D IH NG',s,'IY IH'
ages,'EY JH AH Z',s,'EY'
upon,'AH P AA N',s,'AA'
record,'r IH K AO R D',s,'IH AO'
my,'M AY',s,'AY'
lord,'L AO R D',s,'AO'
what,'W AH T',s,''
my,'M AY',s,'AY'
lord,'L AO R D',s,'AO'
in,'IH N',s,'IH'
good,'G UH D',s,'UH'
the,'DH AH',s,''
of,'AH V',s,''
york,'Y AO R K',s,'AO'
with,'W IH DH',s,'IH'
what,'W AH T',s,''
a,'AH',s,''
wit,'W IH T',s,'IH'
he,'HH IY',s,'IY'
reasons,'r EH Z ǝ N Z',s,''
to,'T UW',s,'UW'
the,'DH AH',s,''
he,'HH IY',s,'IY'
his,'HH IH Z',s,'IH'
he,'HH IY',s,'IY'
and,'AH N D',s,''
taunts,'T AO N T S',s,'AO'
himself,'HH IH M S EH L F',s,'IH'
so,'S OW',s,''
and,'AH N D',s,''
so,'S OW',s,''
is,'IH Z',s,'IH'
think,'TH IH NG K',s,'IH'
you,'Y UW',s,'UW'
my,'M AY',s,'AY'
lord,'L AO R D',s,'AO'
this,'DH IH S',s,'IH'
york,'Y AO R K',s,'AO'
was,'W AA Z',s,'AA'
not,'N AA T',s,'AA'
by,'B AY',s,'AY'
his,'HH IH Z',s,'IH'
to,'T UW',s,'UW'
taunt,'T AO N T',s,'AO'
and,'AH N D',s,''
you,'Y UW',s,'UW'
thus,'DH ɤ S',s,''
well,'W EH L',s,''
let,'L EH T',s,''
them,'DH EH M',s,''
thou,'DH AW',s,''
art,'AA R T',s,'AA'
sworn,'S W AO R N',s,'AO'
as,'AE Z',s,'AE'
to,'T UW',s,'UW'
effect,'IH F EH K T',s,'IH'
what,'W AH T',s,''
we,'W IY',s,'IY'
intend,'IH N T EH N D',s,'IH'
as,'AE Z',s,'AE'
closely,'K L OW S L ǝ IH',s,'IH'
to,'T UW',s,'UW'
conceal,'K AH N S IY L',s,'IY'
what,'W AH T',s,''
we,'W IY',s,'IY'
impart,'IH M P AA R T',s,'IH AA'
thou,'DH AW',s,''
our,'OW R',s,''
reasons,'r EH Z ǝ N Z',s,''
upon,'AH P AA N',s,'AA'
the,'DH AH',s,''
what,'W AH T',s,''
thou,'DH AW',s,''
is,'IH Z',s,'IH'
it,'IH T',s,'IH'
not,'N AA T',s,'AA'
an,'AE N',s,'AE'
matter,'M AW T ǝ R',s,''
to,'T UW',s,'UW'
lord,'L AO R D',s,'AO'
of,'AH V',s,''
our,'OW R',s,''
for,'F AO R',s,'AO'
the,'DH AH',s,''
of,'AH V',s,''
this,'DH IH S',s,'IH'
in,'IH N',s,'IH'
the,'DH AH',s,''
seat,'S IY T',s,'IY'
of,'AH V',s,''
this,'DH IH S',s,'IH'
famous,'F EY M AH S',s,'EY'
what,'W AH T',s,''
thou,'DH AW',s,''
then,'DH EH N',s,''
of,'AH V',s,''
will,'W IH L',s,'IH'
not,'N AA T',s,'AA'
he,'HH IY',s,'IY'
well,'W EH L',s,''
then,'DH EH N',s,''
no,'N OW',s,''
but,'B AH T',s,''
this,'DH IH S',s,'IH'
go,'G OW',s,''
and,'AH N D',s,''
as,'AE Z',s,'AE'
it,'IH T',s,'IH'
wre,'W ER',s,''
far,'F AA R',s,'AA'
off,'AO F',s,'AO'
thou,'DH AW',s,''
lord,'L AO R D',s,'AO'
he,'HH IY',s,'IY'
doth,'D AO TH',s,'AO'
stand,'S T AE N D',s,'AE'
affected,'AH F EH K T AH D',s,''
to,'T UW',s,'UW'
our,'OW R',s,''
and,'AH N D',s,''
summon,'S AH M AH N',s,''
him,'HH IH M',s,'IH'
to,'T UW',s,'UW'
the,'DH AH',s,''
to,'T UW',s,'UW'
sit,'S IH T',s,'IH'
the,'DH AH',s,''
coronation,'K AO R AH N EY SH AH N',s,'AO EY'
if,'IH F',s,'IH'
thou,'DH AW',s,''
dost,'D AA S T',s,'AA'
him,'HH IH M',s,'IH'
to,'T UW',s,'UW'
us,'AH S',s,''
encourge,'EH N K ER IH JH',s,'IH'
him,'HH IH M',s,'IH'
and,'AH N D',s,''
tell,'T EH L',s,''
him,'HH IH M',s,'IH'
all,'AA L',s,'AA'
our,'OW R',s,''
reasons,'r EH Z ǝ N Z',s,''
if,'IH F',s,'IH'
he,'HH IY',s,'IY'
be,'B IY',s,'IY'
leaden,'L EH D AH N',s,''
icy,'AY S IY',s,'AY IY'
cold,'K OW L D',s,''
be,'B IY',s,'IY'
thou,'DH AW',s,''
so,'S OW',s,''
too,'T UW',s,'UW'
and,'AH N D',s,''
so,'S OW',s,''
break,'B R EY K',s,'EY'
off,'AO F',s,'AO'
the,'DH AH',s,''
and,'AH N D',s,''
us,'AH S',s,''
of,'AH V',s,''
his,'HH IH Z',s,'IH'
for,'F AO R',s,'AO'
we,'W IY',s,'IY'
divided,'D IH V AY D AH D',s,'IH AY'
wherein,'ʍ EH R IH N',s,'IH'
shalt,'SH AE L T',s,'AE'
be,'B IY',s,'IY'
good,'G UH D',s,'UH'
go,'G OW',s,''
effect,'IH F EH K T',s,'IH'
this,'DH IH S',s,'IH'
my,'M AY',s,'AY'
lord,'L AO R D',s,'AO'
what,'W AH T',s,''
shall,'SH AE L',s,'AE'
we,'W IY',s,'IY'
do,'D OW',s,''
if,'IH F',s,'IH'
we,'W IY',s,'IY'
percve,'P ER S IY V',s,'IY'
lord,'L AO R D',s,'AO'
will,'W IH L',s,'IH'
not,'N AA T',s,'AA'
yield,'Y IY L D',s,'IY'
to,'T UW',s,'UW'
our,'OW R',s,''
complots,'K ɒ M P L ɒ T S',s,''
claim,'K L EH M',s,''
that,'DH AE T',s,'AE'
at,'AE T',s,'AE'
your,'Y AO R',s,'AO'
what,'W AH T',s,''
with,'W IH DH',s,'IH'
a,'AH',s,''
priest,'P R IY S T',s,'IY'
lord,'L AO R D',s,'AO'
your,'Y AO R',s,'AO'
friends,'F R EH N D Z',s,''
at,'AE T',s,'AE'
pomfret,'P ɤ M F r IH T',s,'IH'
do,'D OW',s,''
need,'N IY D',s,'IY'
the,'DH AH',s,''
priest,'P R IY S T',s,'IY'
your,'Y AO R',s,'AO'
hath,'HH AE TH',s,'AE'
no,'N OW',s,''
work,'W AO R K',s,'AO'
in,'IH N',s,'IH'
i,'AY',s,'AY'
do,'D OW',s,''
my,'M AY',s,'AY'
lord,'L AO R D',s,'AO'
but,'B AH T',s,''
i,'AY',s,'AY'
cannot,'K AE N AA T',s,'AE AA'
i,'AY',s,'AY'
shall,'SH AE L',s,'AE'
return,'r IH T ɐ R N',s,'IH'
your,'Y AO R',s,'AO'
and,'AH N D',s,''
supper,'S ɤ P ǝ R',s,''
too,'T UW',s,'UW'
thou,'DH AW',s,''
it,'IH T',s,'IH'
not,'N AA T',s,'AA'
will,'W IH L',s,'IH'
you,'Y UW',s,'UW'
go,'G OW',s,''
is,'IH Z',s,'IH'
all,'AA L',s,'AA'
ready,'R EH D IY',s,'IY'
for,'F AO R',s,'AO'
the,'DH AH',s,''
who,'HH UW',s,'UW'
the,'DH AH',s,''
lord,'L AO R D',s,'AO'
herein,'ˌ IY R IH N',s,'IY IH'
who,'HH UW',s,'UW'
is,'IH Z',s,'IH'
most,'M OW S T',s,''
inward,'IH N W ǝ R D',s,'IH'
with,'W IH DH',s,'IH'
the,'DH AH',s,''
we,'W IY',s,'IY'
each,'IY CH',s,'IY'
faces,'F EH S IH Z',s,'IH'
for,'F AO R',s,'AO'
our,'OW R',s,''
hearts,'HH AA R T S',s,'AA'
he,'HH IY',s,'IY'
no,'N OW',s,''
of,'AH V',s,''
than,'DH AE N',s,'AE'
i,'AY',s,'AY'
of,'AH V',s,''
yours,'Y UH R Z',s,'UH'
or,'AO R',s,'AO'
i,'AY',s,'AY'
of,'AH V',s,''
his,'HH IH Z',s,'IH'
my,'M AY',s,'AY'
lord,'L AO R D',s,'AO'
than,'DH AE N',s,'AE'
you,'Y UW',s,'UW'
of,'AH V',s,''
lord,'L AO R D',s,'AO'
you,'Y UW',s,'UW'
and,'AH N D',s,''
he,'HH IY',s,'IY'
near,'N IY R',s,'IY'
in,'IH N',s,'IH'
had,'HH AE D',s,'AE'
you,'Y UW',s,'UW'
not,'N AA T',s,'AA'
upon,'AH P AA N',s,'AA'
your,'Y AO R',s,'AO'
my,'M AY',s,'AY'
lord,'L AO R D',s,'AO'
lord,'L AO R D',s,'AO'
had,'HH AE D',s,'AE'
your,'Y AO R',s,'AO'
part,'P AA R T',s,'AA'
i,'AY',s,'AY'
mean,'M IY N',s,'IY'
your,'Y AO R',s,'AO'
for,'F AO R',s,'AO'
of,'AH V',s,''
the,'DH AH',s,''
go,'G OW',s,''
with,'W IH DH',s,'IH'
you,'Y UW',s,'UW'
tut,'T ɤ T',s,''
i,'AY',s,'AY'
can,'K AE N',s,'AE'
the,'DH AH',s,''
deep,'D IY P',s,'IY'
speak,'S P IY K',s,'IY'
and,'AH N D',s,''
look,'L UH K',s,'UH'
back,'B AE K',s,'AE'
and,'AH N D',s,''
pry,'P R AY',s,'AY'
on,'AA N',s,'AA'
every,'e V r ǝ IH',s,'IH'
and,'AH N D',s,''
start,'S T AA R T',s,'AA'
at,'AE T',s,'AE'
of,'AH V',s,''
a,'AH',s,''
deep,'D IY P',s,'IY'
suspicion,'S AH S P IH SH AH N',s,'IH'
looks,'L UH K S',s,'UH'
at,'AE T',s,'AE'
my,'M AY',s,'AY'
smiles,'S M ǝ IH L Z',s,'IH'
and,'AH N D',s,''
both,'B OW TH',s,''
ready,'R EH D IY',s,'IY'
in,'IH N',s,'IH'
their,'DH EH R',s,''
offices,'AO F AH S AH Z',s,'AO'
at,'AE T',s,'AE'
to,'T UW',s,'UW'
my,'M AY',s,'AY'
stratagems,'S T R AE T AH JH AH M Z',s,'AE'
but,'B AH T',s,''
what,'W AH T',s,''
is,'IH Z',s,'IH'
lord,'L AO R D',s,'AO'
a,'AH',s,''
drum,'D R AH M',s,''
lord,'L AO R D',s,'AO'
the,'DH AH',s,''
reason,'r EH Z ǝ N',s,''
we,'W IY',s,'IY'
sent,'S EH N T',s,''
god,'G AA D',s,'AA'
and,'AH N D',s,''
our,'OW R',s,''
defend,'D IH F EH N D',s,'IH'
and,'AH N D',s,''
guard,'G AA R D',s,'AA'
us,'AH S',s,''
well,'W EH L',s,''
well,'W EH L',s,''
he,'HH IY',s,'IY'
was,'W AA Z',s,'AA'
the,'DH AH',s,''
that,'DH AE T',s,'AE'
you,'Y UW',s,'UW'
or,'AO R',s,'AO'
almost,'AA L M OW S T',s,'AA'
wre,'W ER',s,''
not,'N AA T',s,'AA'
that,'DH AE T',s,'AE'
by,'B AY',s,'AY'
great,'G r e T',s,''
we,'W IY',s,'IY'
to,'T UW',s,'UW'
tell,'T EH L',s,''
it,'IH T',s,'IH'
that,'DH AE T',s,'AE'
the,'DH AH',s,''
this,'DH IH S',s,'IH'
had,'HH AE D',s,'AE'
plotted,'P L AA T AH D',s,'AA'
in,'IH N',s,'IH'
the,'DH AH',s,''
to,'T UW',s,'UW'
me,'M IY',s,'IY'
and,'AH N D',s,''
my,'M AY',s,'AY'
good,'G UH D',s,'UH'
lord,'L AO R D',s,'AO'
of,'AH V',s,''
i,'AY',s,'AY'
never,'N e V ǝ R',s,''
for,'F AO R',s,'AO'
better,'B e T ə R',s,''
at,'AE T',s,'AE'
his,'HH IH Z',s,'IH'
after,'AW F T ǝ R',s,''
he,'HH IY',s,'IY'
fell,'F EH L',s,''
in,'IH N',s,'IH'
with,'W IH DH',s,'IH'
mistress,'M IH S T R AH S',s,'IH'
yet,'Y EH T',s,''
had,'HH AE D',s,'AE'
we,'W IY',s,'IY'
not,'N AA T',s,'AA'
he,'HH IY',s,'IY'
until,'AH N T IH L',s,'IH'
your,'Y AO R',s,'AO'
to,'T UW',s,'UW'
see,'S IY',s,'IY'
his,'HH IH Z',s,'IH'
end,'EH N D',s,''
the,'DH AH',s,''
hate,'AW S T',s,''
of,'AH V',s,''
our,'OW R',s,''
friends,'F R EH N D Z',s,''
against,'AH G EH N S T',s,''
our,'OW R',s,''
prevented,'P R IH V EH N T IH D',s,'IH IH'
my,'M AY',s,'AY'
lord,'L AO R D',s,'AO'
i,'AY',s,'AY'
had,'HH AE D',s,'AE'
you,'Y UW',s,'UW'
the,'DH AH',s,''
speak,'S P IY K',s,'IY'
and,'AH N D',s,''
confess,'K AH N F EH S',s,''
the,'DH AH',s,''
and,'AH N D',s,''
the,'DH AH',s,''
of,'AH V',s,''
his,'HH IH Z',s,'IH'
that,'DH AE T',s,'AE'
you,'Y UW',s,'UW'
well,'W EH L',s,''
signified,'S IH G N AH F AY D',s,'IH AY'
the,'DH AH',s,''
unto,'AH N T UW',s,'UW'
the,'DH AH',s,''
citizens,'S IH T AH Z AH N Z',s,'IH'
who,'HH UW',s,'UW'
haply,'AW P L ǝ IH',s,'IH'
misconster,'IH S K ɒ N S T ǝ R',s,'IH'
us,'AH S',s,''
in,'IH N',s,'IH'
him,'HH IH M',s,'IH'
and,'AH N D',s,''
wail,'W EH L',s,''
his,'HH IH Z',s,'IH'
death,'D EH TH',s,''
you,'Y UW',s,'UW'
too,'T UW',s,'UW'
of,'AH V',s,''
our,'OW R',s,''
intent,'IH N T EH N T',s,'IH'
yet,'Y EH T',s,''
witness,'W IH T N AH S',s,'IH'
what,'W AH T',s,''
you,'Y UW',s,'UW'
we,'W IY',s,'IY'
did,'D IH D',s,'IH'
intend,'IH N T EH N D',s,'IH'
and,'AH N D',s,''
so,'S OW',s,''
my,'M AY',s,'AY'
good,'G UH D',s,'UH'
lord,'L AO R D',s,'AO'
we,'W IY',s,'IY'
bid,'B IH D',s,'IH'
doubt,'D ǝ UH T',s,'UH'
not,'N AA T',s,'AA'
my,'M AY',s,'AY'
lord,'L AO R D',s,'AO'
the,'DH AH',s,''
as,'AE Z',s,'AE'
if,'IH F',s,'IH'
the,'DH AH',s,''
golden,'G OW L D ǝ N',s,''
fee,'F IY',s,'IY'
for,'F AO R',s,'AO'
i,'AY',s,'AY'
plead,'P L IY D',s,'IY'
wre,'W ER',s,''
for,'F AO R',s,'AO'
myself,'M AY S EH L F',s,'AY'
and,'AH N D',s,''
so,'S OW',s,''
my,'M AY',s,'AY'
lord,'L AO R D',s,'AO'
adieu,'AH D UW',s,'UW'
i,'AY',s,'AY'
go,'G OW',s,''
and,'AH N D',s,''
towards,'T AH W AO R D Z',s,'AO'
or,'AO R',s,'AO'
four,'F AO R',s,'AO'
look,'L UH K',s,'UH'
for,'F AO R',s,'AO'
the,'DH AH',s,''
that,'DH AE T',s,'AE'
the,'DH AH',s,''
guildhall,'G IH L D HH AO L',s,'IH AO'
affords,'ǝ F AO R D Z',s,'AO'
by,'B AY',s,'AY'
the,'DH AH',s,''
holy,'HH OW L IY',s,'IY'
of,'AH V',s,''
our,'OW R',s,''
lord,'L AO R D',s,'AO'
the,'DH AH',s,''
citizens,'S IH T AH Z AH N Z',s,'IH'
mum,'M ɤ M',s,''
not,'N AA T',s,'AA'
a,'AH',s,''
i,'AY',s,'AY'
did,'D IH D',s,'IH'
with,'W IH DH',s,'IH'
his,'HH IH Z',s,'IH'
contract,'K ǝ N T r AW K T',s,''
with,'W IH DH',s,'IH'
lady,'L EY D IY',s,'EY IY'
and,'AH N D',s,''
his,'HH IH Z',s,'IH'
contract,'K ǝ N T r AW K T',s,''
by,'B AY',s,'AY'
in,'IH N',s,'IH'
of,'AH V',s,''
his,'HH IH Z',s,'IH'
and,'AH N D',s,''
his,'HH IH Z',s,'IH'
of,'AH V',s,''
the,'DH AH',s,''
his,'HH IH Z',s,'IH'
tyrannny,'T IH r ǝ N ǝ IH',s,'IH IH'
for,'F AO R',s,'AO'
his,'HH IH Z',s,'IH'
as,'AE Z',s,'AE'
being,'B IY IH NG',s,'IY IH'
got,'G AA T',s,'AA'
your,'Y AO R',s,'AO'
then,'DH EH N',s,''
in,'IH N',s,'IH'
and,'AH N D',s,''
his,'HH IH Z',s,'IH'
being,'B IY IH NG',s,'IY IH'
not,'N AA T',s,'AA'
the,'DH AH',s,''
withal,'W IH DH AA L',s,'IH AA'
i,'AY',s,'AY'
did,'D IH D',s,'IH'
your,'Y AO R',s,'AO'
being,'B IY IH NG',s,'IY IH'
the,'DH AH',s,''
of,'AH V',s,''
your,'Y AO R',s,'AO'
both,'B OW TH',s,''
in,'IH N',s,'IH'
your,'Y AO R',s,'AO'
form,'F AO R M',s,'AO'
and,'AH N D',s,''
of,'AH V',s,''
laid,'L EH D',s,''
open,'OW P ǝ N',s,''
all,'AA L',s,'AA'
your,'Y AO R',s,'AO'
in,'IH N',s,'IH'
your,'Y AO R',s,'AO'
in,'IH N',s,'IH'
war,'W AO R',s,'AO'
wisdom,'W IH Z D AH M',s,'IH'
in,'IH N',s,'IH'
your,'Y AO R',s,'AO'
fair,'F EH R',s,''
indeed,'IH N D IY D',s,'IH IY'
left,'L EH F T',s,''
for,'F AO R',s,'AO'
your,'Y AO R',s,'AO'
or,'AO R',s,'AO'
handled,'HH AE N D AH L D',s,'AE'
in,'IH N',s,'IH'
and,'AH N D',s,''
when,'ʍ e N',s,''
oratory,'AO R AH T AO R IY',s,'AO AO IY'
end,'EH N D',s,''
i,'AY',s,'AY'
bid,'B IH D',s,'IH'
them,'DH EH M',s,''
that,'DH AE T',s,'AE'
did,'D IH D',s,'IH'
their,'DH EH R',s,''
good,'G UH D',s,'UH'
god,'G AA D',s,'AA'
sve,'EH V',s,''
no,'N OW',s,''
so,'S OW',s,''
god,'G AA D',s,'AA'
me,'M IY',s,'IY'
not,'N AA T',s,'AA'
a,'AH',s,''
but,'B AH T',s,''
or,'AO R',s,'AO'
each,'IY CH',s,'IY'
on,'AA N',s,'AA'
and,'AH N D',s,''
deadly,'D EH D L IY',s,'IY'
when,'ʍ e N',s,''
i,'AY',s,'AY'
i,'AY',s,'AY'
them,'DH EH M',s,''
and,'AH N D',s,''
the,'DH AH',s,''
what,'W AH T',s,''
meant,'M EH N T',s,''
this,'DH IH S',s,'IH'
his,'HH IH Z',s,'IH'
was,'W AA Z',s,'AA'
the,'DH AH',s,''
wre,'W ER',s,''
not,'N AA T',s,'AA'
used,'Y UW Z D',s,'UW'
to,'T UW',s,'UW'
be,'B IY',s,'IY'
to,'T UW',s,'UW'
but,'B AH T',s,''
by,'B AY',s,'AY'
the,'DH AH',s,''
recorder,'r IH K AO R D ǝ R',s,'IH AO'
then,'DH EH N',s,''
he,'HH IY',s,'IY'
was,'W AA Z',s,'AA'
to,'T UW',s,'UW'
tell,'T EH L',s,''
my,'M AY',s,'AY'
again,'ǝ ɡ EH N',s,''
thus,'DH ɤ S',s,''
the,'DH AH',s,''
thus,'DH ɤ S',s,''
hath,'HH AE TH',s,'AE'
the,'DH AH',s,''
but,'B AH T',s,''
in,'IH N',s,'IH'
warrant,'W AA r ǝ N T',s,'AA'
from,'F R AH M',s,''
himself,'HH IH M S EH L F',s,'IH'
when,'ʍ e N',s,''
he,'HH IY',s,'IY'
had,'HH AE D',s,'AE'
followers,'F ɒ L ǝ W ǝ R Z',s,''
of,'AH V',s,''
at,'AE T',s,'AE'
lower,'L OW · ǝ R',s,''
end,'EH N D',s,''
of,'AH V',s,''
the,'DH AH',s,''
up,'AH P',s,''
their,'DH EH R',s,''
caps,'K AE P S',s,'AE'
and,'AH N D',s,''
ten,'T EH N',s,''
voices,'V OY S AH Z',s,''
god,'G AA D',s,'AA'
sve,'EH V',s,''
and,'AH N D',s,''
thus,'DH ɤ S',s,''
i,'AY',s,'AY'
took,'T UH K',s,'UH'
the,'DH AH',s,''
of,'AH V',s,''
few,'F Y UW',s,'UW'
thanks,'TH AE NG K S',s,'AE'
citizens,'S IH T AH Z AH N Z',s,'IH'
and,'AH N D',s,''
friends,'F R EH N D Z',s,''
quoth,'K ɒ TH',s,''
i,'AY',s,'AY'
this,'DH IH S',s,'IH'
appplse,'AH P L AO Z',s,'AO'
and,'AH N D',s,''
cheerful,'CH IH R F AH L',s,'IH'
your,'Y AO R',s,'AO'
and,'AH N D',s,''
your,'Y AO R',s,'AO'
to,'T UW',s,'UW'
and,'AH N D',s,''
even,'IY V IH N',s,'IY IH'
off,'AO F',s,'AO'
and,'AH N D',s,''
the,'DH AH',s,''
is,'IH Z',s,'IH'
at,'AE T',s,'AE'
intend,'IH N T EH N D',s,'IH'
fear,'F IY R',s,'IY'
be,'B IY',s,'IY'
not,'N AA T',s,'AA'
you,'Y UW',s,'UW'
with,'W IH DH',s,'IH'
but,'B AH T',s,''
by,'B AY',s,'AY'
mighty,'M ǝ IH T ǝ IH',s,'IH IH'
suit,'SH UW T',s,'UW'
and,'AH N D',s,''
look,'L UH K',s,'UH'
you,'Y UW',s,'UW'
get,'G EH T',s,''
a,'AH',s,''
book,'B UH K',s,'UH'
in,'IH N',s,'IH'
your,'Y AO R',s,'AO'
and,'AH N D',s,''
stand,'S T AE N D',s,'AE'
between,'B IH T W IY N',s,'IH IY'
good,'G UH D',s,'UH'
my,'M AY',s,'AY'
lord,'L AO R D',s,'AO'
for,'F AO R',s,'AO'
on,'AA N',s,'AA'
that,'DH AE T',s,'AE'
a,'AH',s,''
holy,'HH OW L IY',s,'IY'
and,'AH N D',s,''
be,'B IY',s,'IY'
not,'N AA T',s,'AA'
easily,'IY Z L ǝ IH',s,'IY IH'
won,'W ɤ N',s,''
to,'T UW',s,'UW'
our,'OW R',s,''
the,'DH AH',s,''
part,'P AA R T',s,'AA'
still,'S T IH L',s,'IH'
and,'AH N D',s,''
it,'IH T',s,'IH'
go,'G OW',s,''
go,'G OW',s,''
up,'AH P',s,''
to,'T UW',s,'UW'
the,'DH AH',s,''
leads,'L IY D Z',s,'IY'
the,'DH AH',s,''
lord,'L AO R D',s,'AO'
my,'M AY',s,'AY'
lord,'L AO R D',s,'AO'
i,'AY',s,'AY'
i,'AY',s,'AY'
think,'TH IH NG K',s,'IH'
the,'DH AH',s,''
will,'W IH L',s,'IH'
not,'N AA T',s,'AA'
be,'B IY',s,'IY'
withal,'W IH DH AA L',s,'IH AA'
what,'W AH T',s,''
your,'Y AO R',s,'AO'
lord,'L AO R D',s,'AO'
to,'T UW',s,'UW'
my,'M AY',s,'AY'
return,'r IH T ɐ R N',s,'IH'
good,'G UH D',s,'UH'
to,'T UW',s,'UW'
the,'DH AH',s,''
tell,'T EH L',s,''
him,'HH IH M',s,'IH'
myself,'M AY S EH L F',s,'AY'
the,'DH AH',s,''
and,'AH N D',s,''
in,'IH N',s,'IH'
deep,'D IY P',s,'IY'
designs,'D IH Z ǝ IH N Z',s,'IH IH'
in,'IH N',s,'IH'
matter,'M AW T ǝ R',s,''
of,'AH V',s,''
great,'G r e T',s,''
moment,'M OW M AH N T',s,''
no,'N OW',s,''
less,'L EH S',s,''
than,'DH AE N',s,'AE'
our,'OW R',s,''
good,'G UH D',s,'UH'
to,'T UW',s,'UW'
conferece,'K AA N F ER AH N S',s,'AA'
with,'W IH DH',s,'IH'
his,'HH IH Z',s,'IH'
my,'M AY',s,'AY'
lord,'L AO R D',s,'AO'
this,'DH IH S',s,'IH'
is,'IH Z',s,'IH'
not,'N AA T',s,'AA'
an,'AE N',s,'AE'
edward,'e D W ǝ R D',s,''
he,'HH IY',s,'IY'
is,'IH Z',s,'IH'
not,'N AA T',s,'AA'
on,'AA N',s,'AA'
a,'AH',s,''
love-bed,'ˌ L ɤ V - B e D',s,''
but,'B AH T',s,''
on,'AA N',s,'AA'
his,'HH IH Z',s,'IH'
at,'AE T',s,'AE'
not,'N AA T',s,'AA'
with,'W IH DH',s,'IH'
a,'AH',s,''
of,'AH V',s,''
but,'B AH T',s,''
with,'W IH DH',s,'IH'
deep,'D IY P',s,'IY'
divines,'D IH V ǝ IH N Z',s,'IH IH'
not,'N AA T',s,'AA'
to,'T UW',s,'UW'
engross,'e NG G r ɒ S',s,''
his,'HH IH Z',s,'IH'
body,'B AA D IY',s,'AA IY'
but,'B AH T',s,''
to,'T UW',s,'UW'
enrich,'EH N R IH CH',s,'IH'
his,'HH IH Z',s,'IH'
soul,'S OW L',s,''
wre,'W ER',s,''
england,'IH NG G L AH N D',s,'IH'
this,'DH IH S',s,'IH'
virtuous,'V ER CH UW AH S',s,'UW'
on,'AA N',s,'AA'
his,'HH IH Z',s,'IH'
the,'DH AH',s,''
thereof,'DH EH R AH V',s,''
but,'B AH T',s,''
i,'AY',s,'AY'
fear,'F IY R',s,'IY'
we,'W IY',s,'IY'
shall,'SH AE L',s,'AE'
not,'N AA T',s,'AA'
win,'W IH N',s,'IH'
him,'HH IH M',s,'IH'
to,'T UW',s,'UW'
it,'IH T',s,'IH'
i,'AY',s,'AY'
fear,'F IY R',s,'IY'
he,'HH IY',s,'IY'
will,'W IH L',s,'IH'
again,'ǝ ɡ EH N',s,''
what,'W AH T',s,''
his,'HH IH Z',s,'IH'
i,'AY',s,'AY'
am,'AE M',s,'AE'
my,'M AY',s,'AY'
cousin,'K AH Z AH N',s,''
suspect,'S ǝ S P e K T',s,''
me,'M IY',s,'IY'
that,'DH AE T',s,'AE'
i,'AY',s,'AY'
mean,'M IY N',s,'IY'
no,'N OW',s,''
good,'G UH D',s,'UH'
to,'T UW',s,'UW'
him,'HH IH M',s,'IH'
by,'B AY',s,'AY'
heaven,'HH EH V AH N',s,''
we,'W IY',s,'IY'
to,'T UW',s,'UW'
him,'HH IH M',s,'IH'
in,'IH N',s,'IH'
and,'AH N D',s,''
so,'S OW',s,''
return,'r IH T ɐ R N',s,'IH'
and,'AH N D',s,''
tell,'T EH L',s,''
his,'HH IH Z',s,'IH'
when,'ʍ e N',s,''
holy,'HH OW L IY',s,'IY'
and,'AH N D',s,''
men,'M EH N',s,''
at,'AE T',s,'AE'
their,'DH EH R',s,''
beads,'B IY D Z',s,'IY'
to,'T UW',s,'UW'
them,'DH EH M',s,''
so,'S OW',s,''
sweet,'S W IY T',s,'IY'
is,'IH Z',s,'IH'
zealous,'Z EH L AH S',s,''
props,'P R AA P S',s,'AA'
of,'AH V',s,''
for,'F AO R',s,'AO'
a,'AH',s,''
chhristian,'K r IH S T IH ǝ N',s,'IH IH'
to,'T UW',s,'UW'
him,'HH IH M',s,'IH'
from,'F R AH M',s,''
the,'DH AH',s,''
fall,'F AA L',s,'AA'
of,'AH V',s,''
vanity,'V AE N AH T IY',s,'AE IY'
and,'AH N D',s,''
see,'S IY',s,'IY'
a,'AH',s,''
book,'B UH K',s,'UH'
of,'AH V',s,''
in,'IH N',s,'IH'
his,'HH IH Z',s,'IH'
true,'T R UW',s,'UW'
to,'T UW',s,'UW'
a,'AH',s,''
holy,'HH OW L IY',s,'IY'
man,'M AE N',s,'AE'
famous,'F EY M AH S',s,'EY'
most,'M OW S T',s,''
lend,'L EH N D',s,''
ear,'IY R',s,'IY'
to,'T UW',s,'UW'
our,'OW R',s,''
and,'AH N D',s,''
pardon,'P AA R D ǝ N',s,'AA'
us,'AH S',s,''
the,'DH AH',s,''
of,'AH V',s,''
and,'AH N D',s,''
chhristian,'K r IH S T IH ǝ N',s,'IH IH'
zeal,'Z IY L',s,'IY'
even,'IY V IH N',s,'IY IH'
that,'DH AE T',s,'AE'
i,'AY',s,'AY'
god,'G AA D',s,'AA'
and,'AH N D',s,''
all,'AA L',s,'AA'
good,'G UH D',s,'UH'
men,'M EH N',s,''
of,'AH V',s,''
this,'DH IH S',s,'IH'
you,'Y UW',s,'UW'
my,'M AY',s,'AY'
lord,'L AO R D',s,'AO'
it,'IH T',s,'IH'
your,'Y AO R',s,'AO'
on,'AA N',s,'AA'
our,'OW R',s,''
entreaties,'EH N T R IY T IY Z',s,'IY IY'
to,'T UW',s,'UW'
amend,'AH M EH N D',s,''
your,'Y AO R',s,'AO'
fault,'F AO L T',s,'AO'
then,'DH EH N',s,''
it,'IH T',s,'IH'
is,'IH Z',s,'IH'
your,'Y AO R',s,'AO'
fault,'F AO L T',s,'AO'
that,'DH AE T',s,'AE'
you,'Y UW',s,'UW'
resign,'r IH S ǝ IH N',s,'IH IH'
the,'DH AH',s,''
seat,'S IY T',s,'IY'
the,'DH AH',s,''
thhrne,'TH r OW N',s,''
the,'DH AH',s,''
of,'AH V',s,''
your,'Y AO R',s,'AO'
your,'Y AO R',s,'AO'
of,'AH V',s,''
and,'AH N D',s,''
your,'Y AO R',s,'AO'
of,'AH V',s,''
the,'DH AH',s,''
of,'AH V',s,''
your,'Y AO R',s,'AO'
to,'T UW',s,'UW'
the,'DH AH',s,''
of,'AH V',s,''
a,'AH',s,''
stock,'S T AA K',s,'AA'
in,'IH N',s,'IH'
the,'DH AH',s,''
of,'AH V',s,''
your,'Y AO R',s,'AO'
we,'W IY',s,'IY'
waken,'W EY K AH N',s,'EY'
to,'T UW',s,'UW'
our,'OW R',s,''
good,'G UH D',s,'UH'
the,'DH AH',s,''
doth,'D AO TH',s,'AO'
want,'W AA N T',s,'AA'
with,'W IH DH',s,'IH'
of,'AH V',s,''
infamy,'IH N F AH M IY',s,'IH IY'
stock,'S T AA K',s,'AA'
graft,'G R AE F T',s,'AE'
with,'W IH DH',s,'IH'
plants,'P L AW N T S',s,''
and,'AH N D',s,''
almost,'AA L M OW S T',s,'AA'
in,'IH N',s,'IH'
the,'DH AH',s,''
gulf,'G AH L F',s,''
of,'AH V',s,''
dark,'D AA R K',s,'AA'
and,'AH N D',s,''
deep,'D IY P',s,'IY'
to,'T UW',s,'UW'
we,'W IY',s,'IY'
solicit,'S AH L IH S IH T',s,'IH IH'
your,'Y AO R',s,'AO'
self,'S EH L F',s,''
to,'T UW',s,'UW'
on,'AA N',s,'AA'
you,'Y UW',s,'UW'
the,'DH AH',s,''
and,'AH N D',s,''
of,'AH V',s,''
this,'DH IH S',s,'IH'
your,'Y AO R',s,'AO'
land,'L AE N D',s,'AE'
not,'N AA T',s,'AA'
as,'AE Z',s,'AE'
steward,'S T Y UW ǝ R D',s,'UW'
or,'AO R',s,'AO'
for,'F AO R',s,'AO'
gain,'G EH N',s,''
but,'B AH T',s,''
as,'AE Z',s,'AE'
from,'F R AH M',s,''
blood,'B L AH D',s,''
to,'T UW',s,'UW'
blood,'B L AH D',s,''
your,'Y AO R',s,'AO'
of,'AH V',s,''
your,'Y AO R',s,'AO'
your,'Y AO R',s,'AO'
for,'F AO R',s,'AO'
this,'DH IH S',s,'IH'
consorted,'K ǝ N S AO R T IH D',s,'AO IH'
with,'W IH DH',s,'IH'
the,'DH AH',s,''
citizens,'S IH T AH Z AH N Z',s,'IH'
your,'Y AO R',s,'AO'
very,'V EH R IY',s,'IY'
and,'AH N D',s,''
friends,'F R EH N D Z',s,''
and,'AH N D',s,''
by,'B AY',s,'AY'
their,'DH EH R',s,''
instigation,'IH N S T IH G EY SH AH N',s,'IH IH EY'
in,'IH N',s,'IH'
this,'DH IH S',s,'IH'
i,'AY',s,'AY'
to,'T UW',s,'UW'
your,'Y AO R',s,'AO'
my,'M AY',s,'AY'
lord,'L AO R D',s,'AO'
this,'DH IH S',s,'IH'
in,'IH N',s,'IH'
your,'Y AO R',s,'AO'
but,'B AH T',s,''
the,'DH AH',s,''
thereof,'DH EH R AH V',s,''
and,'AH N D',s,''
all,'AA L',s,'AA'
well,'W EH L',s,''
you,'Y UW',s,'UW'
that,'DH AE T',s,'AE'
edward,'e D W ǝ R D',s,''
is,'IH Z',s,'IH'
your,'Y AO R',s,'AO'
son,'S AO ̃',s,'AO'
so,'S OW',s,''
we,'W IY',s,'IY'
too,'T UW',s,'UW'
but,'B AH T',s,''
not,'N AA T',s,'AA'
by,'B AY',s,'AY'
for,'F AO R',s,'AO'
was,'W AA Z',s,'AA'
he,'HH IY',s,'IY'
contract,'K ǝ N T r AW K T',s,''
to,'T UW',s,'UW'
lady,'L EY D IY',s,'EY IY'
your,'Y AO R',s,'AO'
a,'AH',s,''
witness,'W IH T N AH S',s,'IH'
to,'T UW',s,'UW'
his,'HH IH Z',s,'IH'
vow,'V ǝ UH',s,'UH'
and,'AH N D',s,''
by,'B AY',s,'AY'
to,'T UW',s,'UW'
bona,'B OW N ə',s,''
to,'T UW',s,'UW'
the,'DH AH',s,''
of,'AH V',s,''
both,'B OW TH',s,''
put,'P UH T',s,'UH'
off,'AO F',s,'AO'
a,'AH',s,''
poor,'P UH R',s,'UH'
a,'AH',s,''
to,'T UW',s,'UW'
a,'AH',s,''
sons,'S AH N Z',s,''
a,'AH',s,''
and,'AH N D',s,''
even,'IY V IH N',s,'IY IH'
in,'IH N',s,'IH'
the,'DH AH',s,''
of,'AH V',s,''
best,'B EH S T',s,''
and,'AH N D',s,''
of,'AH V',s,''
his,'HH IH Z',s,'IH'
wanton,'W AA N T ǝ N',s,'AA'
the,'DH AH',s,''
and,'AH N D',s,''
of,'AH V',s,''
his,'HH IH Z',s,'IH'
degree,'D IH G R IY',s,'IH IY'
to,'T UW',s,'UW'
and,'AH N D',s,''
by,'B AY',s,'AY'
in,'IH N',s,'IH'
his,'HH IH Z',s,'IH'
bed,'B EH D',s,''
he,'HH IY',s,'IY'
got,'G AA T',s,'AA'
this,'DH IH S',s,'IH'
edward,'e D W ǝ R D',s,''
whom,'HH UW M',s,'UW'
our,'OW R',s,''
call,'K AO L',s,'AO'
the,'DH AH',s,''
i,'AY',s,'AY'
sve,'EH V',s,''
that,'DH AE T',s,'AE'
for,'F AO R',s,'AO'
reverece,'r e V r ǝ N S',s,''
to,'T UW',s,'UW'
i,'AY',s,'AY'
a,'AH',s,''
limit,'L IH M AH T',s,'IH'
to,'T UW',s,'UW'
my,'M AY',s,'AY'
then,'DH EH N',s,''
good,'G UH D',s,'UH'
my,'M AY',s,'AY'
lord,'L AO R D',s,'AO'
to,'T UW',s,'UW'
your,'Y AO R',s,'AO'
self,'S EH L F',s,''
this,'DH IH S',s,'IH'
of,'AH V',s,''
dignity,'D IH G N AH T IY',s,'IH IY'
if,'IH F',s,'IH'
not,'N AA T',s,'AA'
to,'T UW',s,'UW'
bless,'B L EH S',s,''
us,'AH S',s,''
and,'AH N D',s,''
the,'DH AH',s,''
land,'L AE N D',s,'AE'
withal,'W IH DH AA L',s,'IH AA'
yet,'Y EH T',s,''
to,'T UW',s,'UW'
forth,'F AO R TH',s,'AO'
your,'Y AO R',s,'AO'
from,'F R AH M',s,''
the,'DH AH',s,''
of,'AH V',s,''
abusing,'ǝ B Y UW Z IH N',s,'UW IH'
unto,'AH N T UW',s,'UW'
a,'AH',s,''
not,'N AA T',s,'AA'
mighty,'M ǝ IH T ǝ IH',s,'IH IH'
lord,'L AO R D',s,'AO'
this,'DH IH S',s,'IH'
if,'IH F',s,'IH'
you,'Y UW',s,'UW'
it,'IH T',s,'IH'
as,'AE Z',s,'AE'
in,'IH N',s,'IH'
and,'AH N D',s,''
zeal,'Z IY L',s,'IY'
loath,'L OW TH',s,''
to,'T UW',s,'UW'
the,'DH AH',s,''
child,'CH AY L D',s,'AY'
your,'Y AO R',s,'AO'
son,'S AO ̃',s,'AO'
as,'AE Z',s,'AE'
well,'W EH L',s,''
we,'W IY',s,'IY'
your,'Y AO R',s,'AO'
of,'AH V',s,''
heart,'HH AA R T',s,'AA'
and,'AH N D',s,''
effeminte,'IH F e M N ǝ T',s,'IH'
we,'W IY',s,'IY'
noted,'N OW T AH D',s,''
in,'IH N',s,'IH'
you,'Y UW',s,'UW'
to,'T UW',s,'UW'
your,'Y AO R',s,'AO'
and,'AH N D',s,''
indeed,'IH N D IY D',s,'IH IY'
to,'T UW',s,'UW'
all,'AA L',s,'AA'
yet,'Y EH T',s,''
you,'Y UW',s,'UW'
our,'OW R',s,''
suit,'SH UW T',s,'UW'
or,'AO R',s,'AO'
no,'N OW',s,''
your,'Y AO R',s,'AO'
son,'S AO ̃',s,'AO'
shall,'SH AE L',s,'AE'
never,'N e V ǝ R',s,''
our,'OW R',s,''
but,'B AH T',s,''
we,'W IY',s,'IY'
will,'W IH L',s,'IH'
plant,'P L AW N T',s,''
in,'IH N',s,'IH'
the,'DH AH',s,''
thhrne,'TH r OW N',s,''
to,'T UW',s,'UW'
the,'DH AH',s,''
and,'AH N D',s,''
of,'AH V',s,''
your,'Y AO R',s,'AO'
and,'AH N D',s,''
in,'IH N',s,'IH'
this,'DH IH S',s,'IH'
we,'W IY',s,'IY'
you,'Y UW',s,'UW'
citizens,'S IH T AH Z AH N Z',s,'IH'
zounds,'Z AW N D Z',s,''
no,'N OW',s,''
then,'DH EH N',s,''
i,'AY',s,'AY'
you,'Y UW',s,'UW'
with,'W IH DH',s,'IH'
this,'DH IH S',s,'IH'
it,'IH T',s,'IH'
you,'Y UW',s,'UW'
to,'T UW',s,'UW'
be,'B IY',s,'IY'
then,'DH EH N',s,''
we,'W IY',s,'IY'
will,'W IH L',s,'IH'
attend,'AH T EH N D',s,''
your,'Y AO R',s,'AO'
and,'AH N D',s,''
so,'S OW',s,''
most,'M OW S T',s,''
we,'W IY',s,'IY'
our,'OW R',s,''
my,'M AY',s,'AY'
still,'S T IH L',s,'IH'
and,'AH N D',s,''
let,'L EH T',s,''
them,'DH EH M',s,''
last,'L AE S T',s,'AE'
on,'AA N',s,'AA'
my,'M AY',s,'AY'
lord,'L AO R D',s,'AO'
whhy,'ʍ ǝ IH',s,'IH'
so,'S OW',s,''
you,'Y UW',s,'UW'
my,'M AY',s,'AY'
lord,'L AO R D',s,'AO'
true,'T R UW',s,'UW'
your,'Y AO R',s,'AO'
do,'D OW',s,''
your,'Y AO R',s,'AO'
pleasre,'P L EH ZH ER',s,''
me,'M IY',s,'IY'
breath,'B R EH TH',s,''
dear,'D IY R',s,'IY'
lord,'L AO R D',s,'AO'
i,'AY',s,'AY'
speak,'S P IY K',s,'IY'
in,'IH N',s,'IH'
this,'DH IH S',s,'IH'
i,'AY',s,'AY'
will,'W IH L',s,'IH'
you,'Y UW',s,'UW'
herein,'ˌ IY R IH N',s,'IY IH'
presently,'P R EH Z AH N T L IY',s,'IY'
my,'M AY',s,'AY'
lord,'L AO R D',s,'AO'
i,'AY',s,'AY'
in,'IH N',s,'IH'
my,'M AY',s,'AY'
the,'DH AH',s,''
that,'DH AE T',s,'AE'
you,'Y UW',s,'UW'
did,'D IH D',s,'IH'
me,'M IY',s,'IY'
in,'IH N',s,'IH'
i,'AY',s,'AY'
the,'DH AH',s,''
my,'M AY',s,'AY'
lord,'L AO R D',s,'AO'
my,'M AY',s,'AY'
lord,'L AO R D',s,'AO'
i,'AY',s,'AY'
claim,'K L EH M',s,''
the,'DH AH',s,''
gift,'G IH F T',s,'IH'
my,'M AY',s,'AY'
by,'B AY',s,'AY'
for,'F AO R',s,'AO'
your,'Y AO R',s,'AO'
and,'AH N D',s,''
your,'Y AO R',s,'AO'
faith,'F EY TH',s,'EY'
is,'IH Z',s,'IH'
of,'AH V',s,''
and,'AH N D',s,''
the,'DH AH',s,''
movables,'M ɤ V ǝ B ǝ L Z',s,''
you,'Y UW',s,'UW'
i,'AY',s,'AY'
shall,'SH AE L',s,'AE'
possess,'P AH Z EH S',s,''
what,'W AH T',s,''
your,'Y AO R',s,'AO'
to,'T UW',s,'UW'
my,'M AY',s,'AY'
my,'M AY',s,'AY'
lord,'L AO R D',s,'AO'
my,'M AY',s,'AY'
lord,'L AO R D',s,'AO'
your,'Y AO R',s,'AO'
for,'F AO R',s,'AO'
the,'DH AH',s,''
my,'M AY',s,'AY'
lord,'L AO R D',s,'AO'
i,'AY',s,'AY'
am,'AE M',s,'AE'
thus,'DH ɤ S',s,''
bold,'B OW L D',s,''
to,'T UW',s,'UW'
put,'P UH T',s,'UH'
your,'Y AO R',s,'AO'
in,'IH N',s,'IH'
of,'AH V',s,''
what,'W AH T',s,''
you,'Y UW',s,'UW'
me,'M IY',s,'IY'
upon,'AH P AA N',s,'AA'
the,'DH AH',s,''
of,'AH V',s,''
ten,'T EH N',s,''
whhy,'ʍ ǝ IH',s,'IH'
let,'L EH T',s,''
it,'IH T',s,'IH'
whhy,'ʍ ǝ IH',s,'IH'
then,'DH EH N',s,''
me,'M IY',s,'IY'
you,'Y UW',s,'UW'
will,'W IH L',s,'IH'
or,'AO R',s,'AO'
no,'N OW',s,''
and,'AH N D',s,''
is,'IH Z',s,'IH'
it,'IH T',s,'IH'
thus,'DH ɤ S',s,''
he,'HH IY',s,'IY'
my,'M AY',s,'AY'
deep,'D IY P',s,'IY'
with,'W IH DH',s,'IH'
i,'AY',s,'AY'
him,'HH IH M',s,'IH'
for,'F AO R',s,'AO'
this,'DH IH S',s,'IH'
o,'OW',s,''
let,'L EH T',s,''
me,'M IY',s,'IY'
think,'TH IH NG K',s,'IH'
on,'AA N',s,'AA'
and,'AH N D',s,''
be,'B IY',s,'IY'
to,'T UW',s,'UW'
my,'M AY',s,'AY'
fearful,'F IH R F AH L',s,'IH'
is,'IH Z',s,'IH'
on,'AA N',s,'AA'
will,'W IH L',s,'IH'
not,'N AA T',s,'AA'
let,'L EH T',s,''
me,'M IY',s,'IY'
speak,'S P IY K',s,'IY'
with,'W IH DH',s,'IH'
him,'HH IH M',s,'IH'
and,'AH N D',s,''
children,'CH IH L D R AH N',s,'IH'
and,'AH N D',s,''
rivers,'r IH V ǝ R Z',s,'IH'
holy,'HH OW L IY',s,'IY'
henry,'HH EH N R IY',s,'IY'
and,'AH N D',s,''
fair,'F EH R',s,''
son,'S AO ̃',s,'AO'
edward,'e D W ǝ R D',s,''
and,'AH N D',s,''
all,'AA L',s,'AA'
that,'DH AE T',s,'AE'
by,'B AY',s,'AY'
underhand,'ɤ N D ǝ R ˌ AW N D',s,''
corrupted,'K ǝ r ɤ P T IH D',s,'IH'
if,'IH F',s,'IH'
that,'DH AE T',s,'AE'
your,'Y AO R',s,'AO'
moody,'M UW D IY',s,'UW IY'
souls,'S OW L Z',s,''
do,'D OW',s,''
the,'DH AH',s,''
clouds,'K L AW D Z',s,''
behold,'B IH HH OW L D',s,'IH'
this,'DH IH S',s,'IH'
present,'P r IH Z e N T',s,'IH'
even,'IY V IH N',s,'IY IH'
for,'F AO R',s,'AO'
mock,'M AA K',s,'AA'
my,'M AY',s,'AY'
destruction,'D IH S T R AH K SH AH N',s,'IH'
this,'DH IH S',s,'IH'
is,'IH Z',s,'IH'
all,'AA L',s,'AA'
is,'IH Z',s,'IH'
it,'IH T',s,'IH'
not,'N AA T',s,'AA'
whhy,'ʍ ǝ IH',s,'IH'
then,'DH EH N',s,''
all,'AA L',s,'AA'
is,'IH Z',s,'IH'
my,'M AY',s,'AY'
this,'DH IH S',s,'IH'
is,'IH Z',s,'IH'
the,'DH AH',s,''
in,'IH N',s,'IH'
i,'AY',s,'AY'
wished,'W IH SH IH D',s,'IH IH'
fall,'F AA L',s,'AA'
on,'AA N',s,'AA'
me,'M IY',s,'IY'
when,'ʍ e N',s,''
i,'AY',s,'AY'
was,'W AA Z',s,'AA'
to,'T UW',s,'UW'
his,'HH IH Z',s,'IH'
children,'CH IH L D R AH N',s,'IH'
and,'AH N D',s,''
his,'HH IH Z',s,'IH'
this,'DH IH S',s,'IH'
is,'IH Z',s,'IH'
the,'DH AH',s,''
wherein,'ʍ EH R IH N',s,'IH'
i,'AY',s,'AY'
wished,'W IH SH IH D',s,'IH IH'
to,'T UW',s,'UW'
fall,'F AA L',s,'AA'
by,'B AY',s,'AY'
the,'DH AH',s,''
faith,'F EY TH',s,'EY'
of,'AH V',s,''
him,'HH IH M',s,'IH'
whom,'HH UW M',s,'UW'
most,'M OW S T',s,''
i,'AY',s,'AY'
trusted,'T R AH S T IH D',s,'IH'
this,'DH IH S',s,'IH'
this,'DH IH S',s,'IH'
all,'AA L',s,'AA'
to,'T UW',s,'UW'
my,'M AY',s,'AY'
fearful,'F IH R F AH L',s,'IH'
soul,'S OW L',s,''
is,'IH Z',s,'IH'
the,'DH AH',s,''
of,'AH V',s,''
my,'M AY',s,'AY'
that,'DH AE T',s,'AE'
i,'AY',s,'AY'
dallied,'D AE L IY D',s,'AE IY'
with,'W IH DH',s,'IH'
hath,'HH AE TH',s,'AE'
turned,'T ɐ R N IH D',s,'IH'
my,'M AY',s,'AY'
on,'AA N',s,'AA'
my,'M AY',s,'AY'
and,'AH N D',s,''
given,'G IH V AH N',s,'IH'
in,'IH N',s,'IH'
earnest,'ɐ R N IH S T',s,'IH'
what,'W AH T',s,''
i,'AY',s,'AY'
in,'IH N',s,'IH'
jest,'JH EH S T',s,''
thus,'DH ɤ S',s,''
doth,'D AO TH',s,'AO'
he,'HH IY',s,'IY'
the,'DH AH',s,''
of,'AH V',s,''
wicked,'W IH K AH D',s,'IH'
men,'M EH N',s,''
to,'T UW',s,'UW'
turn,'T ɐ R N',s,''
their,'DH EH R',s,''
in,'IH N',s,'IH'
their,'DH EH R',s,''
thus,'DH ɤ S',s,''
heavy,'e V ǝ IH',s,'IH'
on,'AA N',s,'AA'
my,'M AY',s,'AY'
neck,'N EH K',s,''
when,'ʍ e N',s,''
he,'HH IY',s,'IY'
quoth,'K ɒ TH',s,''
she,'SH IY',s,'IY'
shall,'SH AE L',s,'AE'
split,'S P L IH T',s,'IH'
heart,'HH AA R T',s,'AA'
with,'W IH DH',s,'IH'
was,'W AA Z',s,'AA'
a,'AH',s,''
lead,'L EH D',s,''
me,'M IY',s,'IY'
to,'T UW',s,'UW'
the,'DH AH',s,''
block,'B L AA K',s,'AA'
of,'AH V',s,''
hath,'HH AE TH',s,'AE'
but,'B AH T',s,''
and,'AH N D',s,''
the,'DH AH',s,''
of,'AH V',s,''
the,'DH AH',s,''
was,'W AA Z',s,'AA'
i,'AY',s,'AY'
that,'DH AE T',s,'AE'
thee,'DH IY',s,'IY'
to,'T UW',s,'UW'
the,'DH AH',s,''
crown,'K r ǝ UH N',s,'UH'
the,'DH AH',s,''
last,'L AE S T',s,'AE'
was,'W AA Z',s,'AA'
i,'AY',s,'AY'
that,'DH AE T',s,'AE'
felt,'F EH L T',s,''
tyrannny,'T IH r ǝ N ǝ IH',s,'IH IH'
o,'OW',s,''
in,'IH N',s,'IH'
the,'DH AH',s,''
think,'TH IH NG K',s,'IH'
on,'AA N',s,'AA'
and,'AH N D',s,''
in,'IH N',s,'IH'
terror,'T e r ǝ R',s,''
of,'AH V',s,''
dream,'D R IY M',s,'IY'
on,'AA N',s,'AA'
dream,'D R IY M',s,'IY'
on,'AA N',s,'AA'
of,'AH V',s,''
bloody,'B L AH D IY',s,'IY'
deeds,'D IY D Z',s,'IY'
and,'AH N D',s,''
death,'D EH TH',s,''
despair,'D IH S P EH R',s,'IH'
yield,'Y IY L D',s,'IY'
breath,'B R EH TH',s,''
i,'AY',s,'AY'
died,'D AY D',s,'AY'
for,'F AO R',s,'AO'
i,'AY',s,'AY'
lend,'L EH N D',s,''
thee,'DH IY',s,'IY'
aid,'EH D',s,''
but,'B AH T',s,''
heart,'HH AA R T',s,'AA'
and,'AH N D',s,''
be,'B IY',s,'IY'
thou,'DH AW',s,''
not,'N AA T',s,'AA'
god,'G AA D',s,'AA'
and,'AH N D',s,''
good,'G UH D',s,'UH'
angels,'EY N JH AH L Z',s,'EY'
on,'AA N',s,'AA'
and,'AH N D',s,''
fall,'F AA L',s,'AA'
in,'IH N',s,'IH'
of,'AH V',s,''
all,'AA L',s,'AA'
his,'HH IH Z',s,'IH'
