madam,'M AE D AH M',s,'AE'
no,'N OW',s,''
doubt,'D ǝ UH T',s,'UH'
his,'HH IH Z',s,'IH'
majesty,'M AE JH AH S T IY',s,'AE IY'
will,'W IH L',s,'IH'
soon,'S UW N',s,'UW'
recover,'r IH K ɤ V ǝ R',s,'IH'
his,'HH IH Z',s,'IH'
is,'IH Z',s,'IH'
it,'IH T',s,'IH'
concluded,'K AH N K L UW D AH D',s,'UW'
he,'HH IY',s,'IY'
shall,'SH AE L',s,'AE'
be,'B IY',s,'IY'
she,'SH IY',s,'IY'
my,'M AY',s,'AY'
lord,'L AO R D',s,'AO'
for,'F AO R',s,'AO'
what,'W AH T',s,''
marrry,'M AW r ǝ IH',s,'IH'
she,'SH IY',s,'IY'
my,'M AY',s,'AY'
lord,'L AO R D',s,'AO'
of,'AH V',s,''
in,'IH N',s,'IH'
you,'Y UW',s,'UW'
uge,'ER JH',s,''
to,'T UW',s,'UW'
us,'AH S',s,''
enemies,'EH N AH M IY Z',s,'IY'
we,'W IY',s,'IY'
then,'DH EH N',s,''
our,'OW R',s,''
lord,'L AO R D',s,'AO'
our,'OW R',s,''
so,'S OW',s,''
we,'W IY',s,'IY'
you,'Y UW',s,'UW'
if,'IH F',s,'IH'
you,'Y UW',s,'UW'
be,'B IY',s,'IY'
our,'OW R',s,''
tyrants,'T AY R AH N T S',s,'AY'
wept,'W EH P T',s,''
when,'ʍ e N',s,''
it,'IH T',s,'IH'
was,'W AA Z',s,'AA'
reported,'R IY P AO R T AH D',s,'IY AO'
wre,'W ER',s,''
you,'Y UW',s,'UW'
well,'W EH L',s,''
you,'Y UW',s,'UW'
be,'B IY',s,'IY'
your,'Y AO R',s,'AO'
duty,'D UW T IY',s,'UW IY'
and,'AH N D',s,''
so,'S OW',s,''
doth,'D AO TH',s,'AO'
i,'AY',s,'AY'
whhy,'ʍ ǝ IH',s,'IH'
at,'AE T',s,'AE'
a,'AH',s,''
virtuous,'V ER CH UW AH S',s,'UW'
and,'AH N D',s,''
a,'AH',s,''
conclusion,'K AH N K L UW ZH AH N',s,'UW'
to,'T UW',s,'UW'
for,'F AO R',s,'AO'
them,'DH EH M',s,''
that,'DH AE T',s,'AE'
scathe,'S K AW DH',s,''
to,'T UW',s,'UW'
us,'AH S',s,''
we,'W IY',s,'IY'
wait,'W EH T',s,''
upon,'AH P AA N',s,'AA'
your,'Y AO R',s,'AO'
by,'B AY',s,'AY'
heaven,'HH EH V AH N',s,''
my,'M AY',s,'AY'
soul,'S OW L',s,''
is,'IH Z',s,'IH'
from,'F R AH M',s,''
and,'AH N D',s,''
with,'W IH DH',s,'IH'
my,'M AY',s,'AY'
i,'AY',s,'AY'
seal,'S IY L',s,'IY'
my,'M AY',s,'AY'
true,'T R UW',s,'UW'
and,'AH N D',s,''
i,'AY',s,'AY'
as,'AE Z',s,'AE'
i,'AY',s,'AY'
with,'W IH DH',s,'IH'
my,'M AY',s,'AY'
heart,'HH AA R T',s,'AA'
madam,'M AE D AH M',s,'AE'
bethink,'B IH TH IH NG K',s,'IH IH'
you,'Y UW',s,'UW'
a,'AH',s,''
of,'AH V',s,''
the,'DH AH',s,''
your,'Y AO R',s,'AO'
son,'S AO ̃',s,'AO'
send,'S EH N D',s,''
for,'F AO R',s,'AO'
him,'HH IH M',s,'IH'
let,'L EH T',s,''
him,'HH IH M',s,'IH'
be,'B IY',s,'IY'
in,'IH N',s,'IH'
him,'HH IH M',s,'IH'
your,'Y AO R',s,'AO'
comfort,'K ɤ M F ǝ R T',s,''
drown,'D r ǝ UH N',s,'UH'
desperte,'D EH S P R IH T',s,'IH'
in,'IH N',s,'IH'
dead,'D EH D',s,''
and,'AH N D',s,''
plant,'P L AW N T',s,''
your,'Y AO R',s,'AO'
in,'IH N',s,'IH'
thhrne,'TH r OW N',s,''
whhy,'ʍ ǝ IH',s,'IH'
with,'W IH DH',s,'IH'
train,'T r EH N',s,''
my,'M AY',s,'AY'
lord,'L AO R D',s,'AO'
of,'AH V',s,''
and,'AH N D',s,''
so,'S OW',s,''
in,'IH N',s,'IH'
me,'M IY',s,'IY'
and,'AH N D',s,''
so,'S OW',s,''
i,'AY',s,'AY'
think,'TH IH NG K',s,'IH'
in,'IH N',s,'IH'
all,'AA L',s,'AA'
yet,'Y EH T',s,''
it,'IH T',s,'IH'
is,'IH Z',s,'IH'
but,'B AH T',s,''
green,'G R IY N',s,'IY'
it,'IH T',s,'IH'
be,'B IY',s,'IY'
put,'P UH T',s,'UH'
to,'T UW',s,'UW'
no,'N OW',s,''
apparent,'AH P EH R AH N T',s,''
likelihood,'L ǝ IH K L IH ˌ UH D',s,'IH IH UH'
of,'AH V',s,''
breach,'B R IY CH',s,'IY'
haply,'AW P L ǝ IH',s,'IH'
by,'B AY',s,'AY'
company,'K AH M P AH N IY',s,'IY'
be,'B IY',s,'IY'
therefre,'DH EH R F AO R',s,'AO'
i,'AY',s,'AY'
with,'W IH DH',s,'IH'
that,'DH AE T',s,'AE'
it,'IH T',s,'IH'
is,'IH Z',s,'IH'
meet,'M IY T',s,'IY'
so,'S OW',s,''
few,'F Y UW',s,'UW'
the,'DH AH',s,''
let,'L EH T',s,''
me,'M IY',s,'IY'
tell,'T EH L',s,''
thee,'DH IY',s,'IY'
this,'DH IH S',s,'IH'
shalt,'SH AE L T',s,'AE'
thou,'DH AW',s,''
behold,'B IH HH OW L D',s,'IH'
a,'AH',s,''
subject,'S AH B JH EH K T',s,''
for,'F AO R',s,'AO'
truth,'T R UW TH',s,'UW'
for,'F AO R',s,'AO'
duty,'D UW T IY',s,'UW IY'
and,'AH N D',s,''
for,'F AO R',s,'AO'
o,'OW',s,''
pomfret,'P ɤ M F r IH T',s,'IH'
pomfret,'P ɤ M F r IH T',s,'IH'
o,'OW',s,''
thou,'DH AW',s,''
bloody,'B L AH D IY',s,'IY'
prison,'P R IH Z AH N',s,'IH'
fatal,'F EY T AH L',s,'EY'
and,'AH N D',s,''
to,'T UW',s,'UW'
peers,'P IY R Z',s,'IY'
within,'W IH DH IH N',s,'IH IH'
the,'DH AH',s,''
guilty,'G IH L T IY',s,'IH IY'
closre,'K L OW ZH ER',s,''
of,'AH V',s,''
the,'DH AH',s,''
second,'S EH K AH N D',s,''
was,'W AA Z',s,'AA'
to,'T UW',s,'UW'
death,'D EH TH',s,''
and,'AH N D',s,''
for,'F AO R',s,'AO'
slander,'S L AO N D ǝ R',s,'AO'
to,'T UW',s,'UW'
dismal,'D IH Z M AA L',s,'IH AA'
seat,'S IY T',s,'IY'
we,'W IY',s,'IY'
to,'T UW',s,'UW'
thee,'DH IY',s,'IY'
our,'OW R',s,''
guiltless,'G IH L T L ǝ S',s,'IH'
blood,'B L AH D',s,''
to,'T UW',s,'UW'
drink,'D R IH NG K',s,'IH'
then,'DH EH N',s,''
she,'SH IY',s,'IY'
then,'DH EH N',s,''
she,'SH IY',s,'IY'
then,'DH EH N',s,''
she,'SH IY',s,'IY'
o,'OW',s,''
god,'G AA D',s,'AA'
to,'T UW',s,'UW'
for,'F AO R',s,'AO'
them,'DH EH M',s,''
as,'AE Z',s,'AE'
for,'F AO R',s,'AO'
us,'AH S',s,''
and,'AH N D',s,''
for,'F AO R',s,'AO'
my,'M AY',s,'AY'
and,'AH N D',s,''
princely,'P r IH N S L ǝ IH',s,'IH IH'
sons,'S AH N Z',s,''
be,'B IY',s,'IY'
satisfied,'S AE T AH S F AY D',s,'AE AY'
dear,'D IY R',s,'IY'
god,'G AA D',s,'AA'
with,'W IH DH',s,'IH'
our,'OW R',s,''
true,'T R UW',s,'UW'
blood,'B L AH D',s,''
as,'AE Z',s,'AE'
thou,'DH AW',s,''
must,'M AH S T',s,''
be,'B IY',s,'IY'
spilt,'S P IH L T',s,'IH'
let,'L EH T',s,''
us,'AH S',s,''
until,'AH N T IH L',s,'IH'
we,'W IY',s,'IY'
meet,'M IY T',s,'IY'
again,'ǝ ɡ EH N',s,''
in,'IH N',s,'IH'
heaven,'HH EH V AH N',s,''
let,'L EH T',s,''
me,'M IY',s,'IY'
sit,'S IH T',s,'IH'
heavy,'e V ǝ IH',s,'IH'
in,'IH N',s,'IH'
soul,'S OW L',s,''
rivers,'r IH V ǝ R Z',s,'IH'
that,'DH AE T',s,'AE'
died,'D AY D',s,'AY'
at,'AE T',s,'AE'
pomfret,'P ɤ M F r IH T',s,'IH'
despair,'D IH S P EH R',s,'IH'
and,'AH N D',s,''
and,'AH N D',s,''
think,'TH IH NG K',s,'IH'
our,'OW R',s,''
in,'IH N',s,'IH'
bosom,'B UH Z AH M',s,'UH'
will,'W IH L',s,'IH'
him,'HH IH M',s,'IH'
and,'AH N D',s,''
win,'W IH N',s,'IH'
the,'DH AH',s,''
