by,'B AY',s,'AY'
my,'M AY',s,'AY'
at,'AE T',s,'AE'
year,'Y IH R',s,'IH'
old,'OW L D',s,''
i,'AY',s,'AY'
what,'W AH T',s,''
god,'G AA D',s,'AA'
forbid,'F ǝ R B IH D',s,'IH'
this,'DH IH S',s,'IH'
what,'W AH T',s,''
your,'Y AO R',s,'AO'
faith,'F EY TH',s,'EY'
i,'AY',s,'AY'
can,'K AE N',s,'AE'
tell,'T EH L',s,''
unto,'AH N T UW',s,'UW'
an,'AE N',s,'AE'
fourteen,'F AO R T IY N',s,'AO IY'
of,'AH V',s,''
my,'M AY',s,'AY'
teeth,'T IY TH',s,'IY'
and,'AH N D',s,''
yet,'Y EH T',s,''
to,'T UW',s,'UW'
my,'M AY',s,'AY'
teen,'T IY N',s,'IY'
be,'B IY',s,'IY'
it,'IH T',s,'IH'
spoken,'S P IY K ǝ N',s,'IY'
i,'AY',s,'AY'
but,'B AH T',s,''
four,'F AO R',s,'AO'
not,'N AA T',s,'AA'
fourteen,'F AO R T IY N',s,'AO IY'
is,'IH Z',s,'IH'
it,'IH T',s,'IH'
to,'T UW',s,'UW'
even,'IY V IH N',s,'IY IH'
or,'AO R',s,'AO'
odd,'AA D',s,'AA'
of,'AH V',s,''
all,'AA L',s,'AA'
in,'IH N',s,'IH'
the,'DH AH',s,''
year,'Y IH R',s,'IH'
at,'AE T',s,'AE'
shall,'SH AE L',s,'AE'
she,'SH IY',s,'IY'
be,'B IY',s,'IY'
fourteen,'F AO R T IY N',s,'AO IY'
susan,'S UW Z AH N',s,'UW'
and,'AH N D',s,''
she,'SH IY',s,'IY'
god,'G AA D',s,'AA'
rest,'R EH S T',s,''
all,'AA L',s,'AA'
chhristian,'K r IH S T IH ǝ N',s,'IH IH'
souls,'S OW L Z',s,''
wre,'W ER',s,''
of,'AH V',s,''
an,'AE N',s,'AE'
well,'W EH L',s,''
susan,'S UW Z AH N',s,'UW'
is,'IH Z',s,'IH'
with,'W IH DH',s,'IH'
god,'G AA D',s,'AA'
she,'SH IY',s,'IY'
was,'W AA Z',s,'AA'
too,'T UW',s,'UW'
good,'G UH D',s,'UH'
for,'F AO R',s,'AO'
me,'M IY',s,'IY'
but,'B AH T',s,''
as,'AE Z',s,'AE'
i,'AY',s,'AY'
said,'S EH D',s,''
on,'AA N',s,'AA'
at,'AE T',s,'AE'
shall,'SH AE L',s,'AE'
she,'SH IY',s,'IY'
be,'B IY',s,'IY'
fourteen,'F AO R T IY N',s,'AO IY'
that,'DH AE T',s,'AE'
shall,'SH AE L',s,'AE'
she,'SH IY',s,'IY'
marrry,'M AW r ǝ IH',s,'IH'
i,'AY',s,'AY'
it,'IH T',s,'IH'
well,'W EH L',s,''
the,'DH AH',s,''
eleven,'IH L EH V AH N',s,'IH'
years,'Y IH R Z',s,'IH'
and,'AH N D',s,''
she,'SH IY',s,'IY'
was,'W AA Z',s,'AA'
i,'AY',s,'AY'
never,'N e V ǝ R',s,''
shall,'SH AE L',s,'AE'
it,'IH T',s,'IH'
of,'AH V',s,''
all,'AA L',s,'AA'
the,'DH AH',s,''
of,'AH V',s,''
the,'DH AH',s,''
year,'Y IH R',s,'IH'
upon,'AH P AA N',s,'AA'
that,'DH AE T',s,'AE'
for,'F AO R',s,'AO'
i,'AY',s,'AY'
had,'HH AE D',s,'AE'
then,'DH EH N',s,''
laid,'L EH D',s,''
wormwood,'W AO R M W UH D',s,'AO UH'
to,'T UW',s,'UW'
my,'M AY',s,'AY'
dug,'D AH G',s,''
in,'IH N',s,'IH'
the,'DH AH',s,''
sun,'S AH N',s,''
under,'ɤ N D ǝ R',s,''
the,'DH AH',s,''
wall,'W AO L',s,'AO'
my,'M AY',s,'AY'
lord,'L AO R D',s,'AO'
and,'AH N D',s,''
you,'Y UW',s,'UW'
wre,'W ER',s,''
then,'DH EH N',s,''
at,'AE T',s,'AE'
i,'AY',s,'AY'
do,'D OW',s,''
bear,'B EH R',s,''
a,'AH',s,''
brain,'B r EH N',s,''
but,'B AH T',s,''
as,'AE Z',s,'AE'
i,'AY',s,'AY'
said,'S EH D',s,''
when,'ʍ e N',s,''
it,'IH T',s,'IH'
did,'D IH D',s,'IH'
the,'DH AH',s,''
wormwood,'W AO R M W UH D',s,'AO UH'
on,'AA N',s,'AA'
the,'DH AH',s,''
of,'AH V',s,''
my,'M AY',s,'AY'
dug,'D AH G',s,''
and,'AH N D',s,''
felt,'F EH L T',s,''
it,'IH T',s,'IH'
prettty,'P r IH T ǝ IH',s,'IH IH'
fool,'F UH L',s,'UH'
to,'T UW',s,'UW'
see,'S IY',s,'IY'
it,'IH T',s,'IH'
and,'AH N D',s,''
fall,'F AA L',s,'AA'
out,'AW T',s,''
with,'W IH DH',s,'IH'
the,'DH AH',s,''
dug,'D AH G',s,''
quoth,'K ɒ TH',s,''
the,'DH AH',s,''
no,'N OW',s,''
need,'N IY D',s,'IY'
i,'AY',s,'AY'
to,'T UW',s,'UW'
bid,'B IH D',s,'IH'
me,'M IY',s,'IY'
and,'AH N D',s,''
that,'DH AE T',s,'AE'
it,'IH T',s,'IH'
is,'IH Z',s,'IH'
eleven,'IH L EH V AH N',s,'IH'
years,'Y IH R Z',s,'IH'
for,'F AO R',s,'AO'
then,'DH EH N',s,''
she,'SH IY',s,'IY'
stand,'S T AE N D',s,'AE'
by,'B AY',s,'AY'
rood,'R UW D',s,'UW'
she,'SH IY',s,'IY'
run,'r ɤ N',s,''
and,'AH N D',s,''
all,'AA L',s,'AA'
for,'F AO R',s,'AO'
even,'IY V IH N',s,'IY IH'
the,'DH AH',s,''
she,'SH IY',s,'IY'
brow,'B r ə UH',s,'UH'
and,'AH N D',s,''
then,'DH EH N',s,''
my,'M AY',s,'AY'
god,'G AA D',s,'AA'
be,'B IY',s,'IY'
with,'W IH DH',s,'IH'
his,'HH IH Z',s,'IH'
soul,'S OW L',s,''
he,'HH IY',s,'IY'
was,'W AA Z',s,'AA'
a,'AH',s,''
merrry,'M e r ǝ IH',s,'IH'
man,'M AE N',s,'AE'
took,'T UH K',s,'UH'
up,'AH P',s,''
the,'DH AH',s,''
child,'CH AY L D',s,'AY'
yea,'Y EH',s,''
quoth,'K ɒ TH',s,''
he,'HH IY',s,'IY'
dost,'D AA S T',s,'AA'
thou,'DH AW',s,''
fall,'F AA L',s,'AA'
upon,'AH P AA N',s,'AA'
thou,'DH AW',s,''
wilt,'W IH L T',s,'IH'
fall,'F AA L',s,'AA'
when,'ʍ e N',s,''
thou,'DH AW',s,''
hast,'HH AE S T',s,'AE'
wit,'W IH T',s,'IH'
wilt,'W IH L T',s,'IH'
thou,'DH AW',s,''
not,'N AA T',s,'AA'
and,'AH N D',s,''
by,'B AY',s,'AY'
my,'M AY',s,'AY'
the,'DH AH',s,''
prettty,'P r IH T ǝ IH',s,'IH IH'
left,'L EH F T',s,''
crying,'K r ǝ IH IH N',s,'IH IH'
and,'AH N D',s,''
said,'S EH D',s,''
to,'T UW',s,'UW'
see,'S IY',s,'IY'
a,'AH',s,''
jest,'JH EH S T',s,''
shall,'SH AE L',s,'AE'
i,'AY',s,'AY'
warrant,'W AA r ǝ N T',s,'AA'
an,'AE N',s,'AE'
i,'AY',s,'AY'
a,'AH',s,''
years,'Y IH R Z',s,'IH'
i,'AY',s,'AY'
never,'N e V ǝ R',s,''
it,'IH T',s,'IH'
wilt,'W IH L T',s,'IH'
thou,'DH AW',s,''
not,'N AA T',s,'AA'
quoth,'K ɒ TH',s,''
he,'HH IY',s,'IY'
and,'AH N D',s,''
prettty,'P r IH T ǝ IH',s,'IH IH'
fool,'F UH L',s,'UH'
it,'IH T',s,'IH'
and,'AH N D',s,''
said,'S EH D',s,''
yes,'Y IH S',s,'IH'
madam,'M AE D AH M',s,'AE'
yet,'Y EH T',s,''
i,'AY',s,'AY'
cannot,'K AE N AA T',s,'AE AA'
but,'B AH T',s,''
to,'T UW',s,'UW'
think,'TH IH NG K',s,'IH'
it,'IH T',s,'IH'
crying,'K r ǝ IH IH N',s,'IH IH'
and,'AH N D',s,''
and,'AH N D',s,''
yet,'Y EH T',s,''
i,'AY',s,'AY'
warrant,'W AA r ǝ N T',s,'AA'
it,'IH T',s,'IH'
had,'HH AE D',s,'AE'
upon,'AH P AA N',s,'AA'
its,'IH T S',s,'IH'
brow,'B r ə UH',s,'UH'
a,'AH',s,''
bump,'B AH M P',s,''
as,'AE Z',s,'AE'
big,'B IH G',s,'IH'
as,'AE Z',s,'AE'
a,'AH',s,''
a,'AH',s,''
and,'AH N D',s,''
it,'IH T',s,'IH'
yea,'Y EH',s,''
quoth,'K ɒ TH',s,''
my,'M AY',s,'AY'
upon,'AH P AA N',s,'AA'
thou,'DH AW',s,''
wilt,'W IH L T',s,'IH'
fall,'F AA L',s,'AA'
when,'ʍ e N',s,''
thou,'DH AW',s,''
to,'T UW',s,'UW'
wilt,'W IH L T',s,'IH'
thou,'DH AW',s,''
not,'N AA T',s,'AA'
it,'IH T',s,'IH'
and,'AH N D',s,''
said,'S EH D',s,''
i,'AY',s,'AY'
god,'G AA D',s,'AA'
mark,'M AA R K',s,'AA'
thee,'DH IY',s,'IY'
to,'T UW',s,'UW'
his,'HH IH Z',s,'IH'
thou,'DH AW',s,''
the,'DH AH',s,''
that,'DH AE T',s,'AE'
i,'AY',s,'AY'
an,'AE N',s,'AE'
i,'AY',s,'AY'
to,'T UW',s,'UW'
see,'S IY',s,'IY'
thee,'DH IY',s,'IY'
i,'AY',s,'AY'
my,'M AY',s,'AY'
wish,'W IH SH',s,'IH'
an,'AE N',s,'AE'
wre,'W ER',s,''
not,'N AA T',s,'AA'
i,'AY',s,'AY'
only,'OW N L IY',s,'IY'
nuse,'N ER S',s,''
i,'AY',s,'AY'
thou,'DH AW',s,''
wisdom,'W IH Z D AH M',s,'IH'
from,'F R AH M',s,''
teat,'T IY T',s,'IY'
a,'AH',s,''
man,'M AE N',s,'AE'
a,'AH',s,''
man,'M AE N',s,'AE'
as,'AE Z',s,'AE'
all,'AA L',s,'AA'
the,'DH AH',s,''
a,'AH',s,''
man,'M AE N',s,'AE'
of,'AH V',s,''
a,'AH',s,''
in,'IH N',s,'IH'
faith,'F EY TH',s,'EY'
a,'AH',s,''
very,'V EH R IY',s,'IY'
no,'N OW',s,''
less,'L EH S',s,''
women,'W IH M AH N',s,'IH'
by,'B AY',s,'AY'
men,'M EH N',s,''
go,'G OW',s,''
seek,'S IY K',s,'IY'
to,'T UW',s,'UW'
madam,'M AE D AH M',s,'AE'
your,'Y AO R',s,'AO'
a,'AH',s,''
with,'W IH DH',s,'IH'
you,'Y UW',s,'UW'
marrry,'M AW r ǝ IH',s,'IH'
is,'IH Z',s,'IH'
the,'DH AH',s,''
lady,'L EY D IY',s,'EY IY'
of,'AH V',s,''
the,'DH AH',s,''
and,'AH N D',s,''
a,'AH',s,''
good,'G UH D',s,'UH'
lady,'L EY D IY',s,'EY IY'
and,'AH N D',s,''
a,'AH',s,''
and,'AH N D',s,''
virtuous,'V ER CH UW AH S',s,'UW'
i,'AY',s,'AY'
that,'DH AE T',s,'AE'
you,'Y UW',s,'UW'
withal,'W IH DH AA L',s,'IH AA'
i,'AY',s,'AY'
tell,'T EH L',s,''
you,'Y UW',s,'UW'
he,'HH IY',s,'IY'
that,'DH AE T',s,'AE'
can,'K AE N',s,'AE'
of,'AH V',s,''
shall,'SH AE L',s,'AE'
the,'DH AH',s,''
chinks,'CH IH NG K S',s,'IH'
the,'DH AH',s,''
son,'S AO ̃',s,'AO'
and,'AH N D',s,''
of,'AH V',s,''
old,'OW L D',s,''
marrry,'M AW r ǝ IH',s,'IH'
that,'DH AE T',s,'AE'
i,'AY',s,'AY'
think,'TH IH NG K',s,'IH'
be,'B IY',s,'IY'
i,'AY',s,'AY'
not,'N AA T',s,'AA'
his,'HH IH Z',s,'IH'
is,'IH Z',s,'IH'
and,'AH N D',s,''
a,'AH',s,''
the,'DH AH',s,''
only,'OW N L IY',s,'IY'
son,'S AO ̃',s,'AO'
of,'AH V',s,''
your,'Y AO R',s,'AO'
great,'G r e T',s,''
enemy,'EH N AH M IY',s,'IY'
this,'DH IH S',s,'IH'
this,'DH IH S',s,'IH'
the,'DH AH',s,''
all,'AA L',s,'AA'
madam,'M AE D AH M',s,'AE'
madam,'M AE D AH M',s,'AE'
my,'M AY',s,'AY'
fan,'F AE N',s,'AE'
god,'G AA D',s,'AA'
you,'Y UW',s,'UW'
good,'G UH D',s,'UH'
gentlemen,'JH EH N T AH L M IH N',s,'IH'
is,'IH Z',s,'IH'
it,'IH T',s,'IH'
good,'G UH D',s,'UH'
out,'AW T',s,''
upon,'AH P AA N',s,'AA'
you,'Y UW',s,'UW'
what,'W AH T',s,''
a,'AH',s,''
man,'M AE N',s,'AE'
you,'Y UW',s,'UW'
by,'B AY',s,'AY'
my,'M AY',s,'AY'
troth,'T R OW TH',s,''
it,'IH T',s,'IH'
is,'IH Z',s,'IH'
well,'W EH L',s,''
said,'S EH D',s,''
for,'F AO R',s,'AO'
himself,'HH IH M S EH L F',s,'IH'
to,'T UW',s,'UW'
mar,'M AA R',s,'AA'
quoth,'K ɒ TH',s,''
he,'HH IY',s,'IY'
gentlemen,'JH EH N T AH L M IH N',s,'IH'
can,'K AE N',s,'AE'
of,'AH V',s,''
you,'Y UW',s,'UW'
tell,'T EH L',s,''
me,'M IY',s,'IY'
i,'AY',s,'AY'
the,'DH AH',s,''
you,'Y UW',s,'UW'
well,'W EH L',s,''
if,'IH F',s,'IH'
you,'Y UW',s,'UW'
be,'B IY',s,'IY'
he,'HH IY',s,'IY'
i,'AY',s,'AY'
with,'W IH DH',s,'IH'
you,'Y UW',s,'UW'
i,'AY',s,'AY'
you,'Y UW',s,'UW'
what,'W AH T',s,''
was,'W AA Z',s,'AA'
this,'DH IH S',s,'IH'
that,'DH AE T',s,'AE'
was,'W AA Z',s,'AA'
so,'S OW',s,''
full,'F UH L',s,'UH'
of,'AH V',s,''
his,'HH IH Z',s,'IH'
an,'AE N',s,'AE'
he,'HH IY',s,'IY'
speak,'S P IY K',s,'IY'
against,'AH G EH N S T',s,''
me,'M IY',s,'IY'
him,'HH IH M',s,'IH'
down,'D ǝ UH N',s,'UH'
an,'AE N',s,'AE'
he,'HH IY',s,'IY'
wre,'W ER',s,''
than,'DH AE N',s,'AE'
he,'HH IY',s,'IY'
is,'IH Z',s,'IH'
and,'AH N D',s,''
an,'AE N',s,'AE'
if,'IH F',s,'IH'
i,'AY',s,'AY'
cannot,'K AE N AA T',s,'AE AA'
that,'DH AE T',s,'AE'
shall,'SH AE L',s,'AE'
knve,'N EY V',s,'EY'
i,'AY',s,'AY'
am,'AE M',s,'AE'
of,'AH V',s,''
his,'HH IH Z',s,'IH'
i,'AY',s,'AY'
am,'AE M',s,'AE'
of,'AH V',s,''
his,'HH IH Z',s,'IH'
and,'AH N D',s,''
thou,'DH AW',s,''
must,'M AH S T',s,''
stand,'S T AE N D',s,'AE'
by,'B AY',s,'AY'
too,'T UW',s,'UW'
and,'AH N D',s,''
suffer,'S ɤ F ǝ R',s,''
every,'e V r ǝ IH',s,'IH'
knve,'N EY V',s,'EY'
to,'T UW',s,'UW'
me,'M IY',s,'IY'
at,'AE T',s,'AE'
his,'HH IH Z',s,'IH'
pleasre,'P L EH ZH ER',s,''
god,'G AA D',s,'AA'
i,'AY',s,'AY'
am,'AE M',s,'AE'
so,'S OW',s,''
vexed,'V EH K S T',s,''
that,'DH AE T',s,'AE'
every,'e V r ǝ IH',s,'IH'
part,'P AA R T',s,'AA'
me,'M IY',s,'IY'
knve,'N EY V',s,'EY'
you,'Y UW',s,'UW'
a,'AH',s,''
and,'AH N D',s,''
as,'AE Z',s,'AE'
i,'AY',s,'AY'
told,'T OW L D',s,''
you,'Y UW',s,'UW'
my,'M AY',s,'AY'
lady,'L EY D IY',s,'EY IY'
bid,'B IH D',s,'IH'
me,'M IY',s,'IY'
you,'Y UW',s,'UW'
out,'AW T',s,''
what,'W AH T',s,''
she,'SH IY',s,'IY'
bid,'B IH D',s,'IH'
me,'M IY',s,'IY'
i,'AY',s,'AY'
will,'W IH L',s,'IH'
keep,'K IY P',s,'IY'
to,'T UW',s,'UW'
myself,'M AY S EH L F',s,'AY'
but,'B AH T',s,''
let,'L EH T',s,''
me,'M IY',s,'IY'
tell,'T EH L',s,''
you,'Y UW',s,'UW'
if,'IH F',s,'IH'
you,'Y UW',s,'UW'
lead,'L EH D',s,''
in,'IH N',s,'IH'
a,'AH',s,''
as,'AE Z',s,'AE'
it,'IH T',s,'IH'
wre,'W ER',s,''
a,'AH',s,''
very,'V EH R IY',s,'IY'
gross,'G r OW S',s,''
of,'AH V',s,''
behavior,'B IH HH EY V Y ER',s,'IH EY'
as,'AE Z',s,'AE'
for,'F AO R',s,'AO'
the,'DH AH',s,''
gentlewoman,'JH EH N T AH L W UH M AH N',s,'UH'
is,'IH Z',s,'IH'
and,'AH N D',s,''
therefre,'DH EH R F AO R',s,'AO'
if,'IH F',s,'IH'
you,'Y UW',s,'UW'
deal,'D EH L',s,''
with,'W IH DH',s,'IH'
it,'IH T',s,'IH'
wre,'W ER',s,''
an,'AE N',s,'AE'
ill,'IH L',s,'IH'
to,'T UW',s,'UW'
be,'B IY',s,'IY'
to,'T UW',s,'UW'
gentlewoman,'JH EH N T AH L W UH M AH N',s,'UH'
and,'AH N D',s,''
very,'V EH R IY',s,'IY'
weak,'W IY K',s,'IY'
good,'G UH D',s,'UH'
heart,'HH AA R T',s,'AA'
and,'AH N D',s,''
faith,'F EY TH',s,'EY'
i,'AY',s,'AY'
will,'W IH L',s,'IH'
tell,'T EH L',s,''
as,'AE Z',s,'AE'
lord,'L AO R D',s,'AO'
lord,'L AO R D',s,'AO'
she,'SH IY',s,'IY'
will,'W IH L',s,'IH'
be,'B IY',s,'IY'
a,'AH',s,''
woman,'W UH M AH N',s,'UH'
i,'AY',s,'AY'
will,'W IH L',s,'IH'
tell,'T EH L',s,''
that,'DH AE T',s,'AE'
you,'Y UW',s,'UW'
do,'D OW',s,''
protest,'P R OW T EH S T',s,''
as,'AE Z',s,'AE'
i,'AY',s,'AY'
it,'IH T',s,'IH'
is,'IH Z',s,'IH'
a,'AH',s,''
offer,'ɒ F ǝ R',s,''
no,'N OW',s,''
not,'N AA T',s,'AA'
a,'AH',s,''
this,'DH IH S',s,'IH'
well,'W EH L',s,''
she,'SH IY',s,'IY'
shall,'SH AE L',s,'AE'
be,'B IY',s,'IY'
god,'G AA D',s,'AA'
in,'IH N',s,'IH'
heaven,'HH EH V AH N',s,''
bless,'B L EH S',s,''
thee,'DH IY',s,'IY'
you,'Y UW',s,'UW'
is,'IH Z',s,'IH'
your,'Y AO R',s,'AO'
man,'M AE N',s,'AE'
secret,'S IY K R AH T',s,'IY'
did,'D IH D',s,'IH'
you,'Y UW',s,'UW'
keep,'K IY P',s,'IY'
well,'W EH L',s,''
my,'M AY',s,'AY'
mistress,'M IH S T R AH S',s,'IH'
is,'IH Z',s,'IH'
the,'DH AH',s,''
sweetest,'S W IY T AH S T',s,'IY'
lady,'L EY D IY',s,'EY IY'
lord,'L AO R D',s,'AO'
lord,'L AO R D',s,'AO'
when,'ʍ e N',s,''
a,'AH',s,''
is,'IH Z',s,'IH'
a,'AH',s,''
nobleman,'N OW B AH L M AH N',s,''
in,'IH N',s,'IH'
paris,'P EH R IH S',s,'IH'
that,'DH AE T',s,'AE'
fain,'F EH N',s,''
knfe,'N AY F',s,'AY'
aboard,'AH B AO R D',s,'AO'
but,'B AH T',s,''
she,'SH IY',s,'IY'
good,'G UH D',s,'UH'
soul,'S OW L',s,''
had,'HH AE D',s,'AE'
as,'AE Z',s,'AE'
lief,'L IY F',s,'IY'
see,'S IY',s,'IY'
a,'AH',s,''
toad,'T OW D',s,''
a,'AH',s,''
very,'V EH R IY',s,'IY'
toad,'T OW D',s,''
as,'AE Z',s,'AE'
see,'S IY',s,'IY'
him,'HH IH M',s,'IH'
i,'AY',s,'AY'
anger,'AW NG ɡ ǝ R',s,''
and,'AH N D',s,''
tell,'T EH L',s,''
that,'DH AE T',s,'AE'
paris,'P EH R IH S',s,'IH'
is,'IH Z',s,'IH'
the,'DH AH',s,''
man,'M AE N',s,'AE'
but,'B AH T',s,''
warrant,'W AA r ǝ N T',s,'AA'
you,'Y UW',s,'UW'
when,'ʍ e N',s,''
i,'AY',s,'AY'
so,'S OW',s,''
she,'SH IY',s,'IY'
looks,'L UH K S',s,'UH'
as,'AE Z',s,'AE'
as,'AE Z',s,'AE'
clout,'K L AW T',s,''
in,'IH N',s,'IH'
the,'DH AH',s,''
doth,'D AO TH',s,'AO'
not,'N AA T',s,'AA'
rosemary,'r OW Z M ǝ r ǝ IH',s,'IH'
and,'AH N D',s,''
begin,'B IH G IH N',s,'IH IH'
both,'B OW TH',s,''
with,'W IH DH',s,'IH'
a,'AH',s,''
the,'DH AH',s,''
is,'IH Z',s,'IH'
for,'F AO R',s,'AO'
i,'AY',s,'AY'
it,'IH T',s,'IH'
begins,'B IH G IH N Z',s,'IH IH'
with,'W IH DH',s,'IH'
and,'AH N D',s,''
she,'SH IY',s,'IY'
hath,'HH AE TH',s,'AE'
the,'DH AH',s,''
of,'AH V',s,''
it,'IH T',s,'IH'
of,'AH V',s,''
you,'Y UW',s,'UW'
and,'AH N D',s,''
rosemary,'r OW Z M ǝ r ǝ IH',s,'IH'
that,'DH AE T',s,'AE'
it,'IH T',s,'IH'
do,'D OW',s,''
you,'Y UW',s,'UW'
good,'G UH D',s,'UH'
to,'T UW',s,'UW'
it,'IH T',s,'IH'
a,'AH',s,''
and,'AH N D',s,''
at,'AE T',s,'AE'
the,'DH AH',s,''
i,'AY',s,'AY'
am,'AE M',s,'AE'
me,'M IY',s,'IY'
my,'M AY',s,'AY'
what,'W AH T',s,''
a,'AH',s,''
i,'AY',s,'AY'
what,'W AH T',s,''
hate,'AW S T',s,''
can,'K AE N',s,'AE'
you,'Y UW',s,'UW'
not,'N AA T',s,'AA'
do,'D OW',s,''
you,'Y UW',s,'UW'
not,'N AA T',s,'AA'
see,'S IY',s,'IY'
that,'DH AE T',s,'AE'
i,'AY',s,'AY'
am,'AE M',s,'AE'
out,'AW T',s,''
of,'AH V',s,''
breath,'B R EH TH',s,''
well,'W EH L',s,''
you,'Y UW',s,'UW'
a,'AH',s,''
you,'Y UW',s,'UW'
not,'N AA T',s,'AA'
to,'T UW',s,'UW'
a,'AH',s,''
man,'M AE N',s,'AE'
no,'N OW',s,''
not,'N AA T',s,'AA'
he,'HH IY',s,'IY'
his,'HH IH Z',s,'IH'
be,'B IY',s,'IY'
better,'B e T ə R',s,''
than,'DH AE N',s,'AE'
yet,'Y EH T',s,''
his,'HH IH Z',s,'IH'
leg,'L EH G',s,''
excels,'IH K S EH L Z',s,'IH'
all,'AA L',s,'AA'
and,'AH N D',s,''
for,'F AO R',s,'AO'
a,'AH',s,''
and,'AH N D',s,''
a,'AH',s,''
foot,'F UH T',s,'UH'
and,'AH N D',s,''
a,'AH',s,''
body,'B AA D IY',s,'AA IY'
be,'B IY',s,'IY'
not,'N AA T',s,'AA'
to,'T UW',s,'UW'
be,'B IY',s,'IY'
on,'AA N',s,'AA'
yet,'Y EH T',s,''
past,'P AW S T',s,''
he,'HH IY',s,'IY'
is,'IH Z',s,'IH'
not,'N AA T',s,'AA'
the,'DH AH',s,''
of,'AH V',s,''
but,'B AH T',s,''
warrant,'W AA r ǝ N T',s,'AA'
him,'HH IH M',s,'IH'
as,'AE Z',s,'AE'
as,'AE Z',s,'AE'
a,'AH',s,''
go,'G OW',s,''
seve,'S ER V',s,''
god,'G AA D',s,'AA'
what,'W AH T',s,''
you,'Y UW',s,'UW'
dined,'D ǝ IH N D',s,'IH'
at,'AE T',s,'AE'
hme,'OW M',s,''
lord,'L AO R D',s,'AO'
my,'M AY',s,'AY'
what,'W AH T',s,''
a,'AH',s,''
i,'AY',s,'AY'
it,'IH T',s,'IH'
beats,'B IY T S',s,'IY'
as,'AE Z',s,'AE'
it,'IH T',s,'IH'
fall,'F AA L',s,'AA'
in,'IH N',s,'IH'
pieces,'P IY S AH Z',s,'IY'
my,'M AY',s,'AY'
back,'B AE K',s,'AE'
my,'M AY',s,'AY'
back,'B AE K',s,'AE'
my,'M AY',s,'AY'
back,'B AE K',s,'AE'
your,'Y AO R',s,'AO'
heart,'HH AA R T',s,'AA'
for,'F AO R',s,'AO'
me,'M IY',s,'IY'
to,'T UW',s,'UW'
my,'M AY',s,'AY'
death,'D EH TH',s,''
with,'W IH DH',s,'IH'
up,'AH P',s,''
and,'AH N D',s,''
down,'D ǝ UH N',s,'UH'
your,'Y AO R',s,'AO'
an,'AE N',s,'AE'
gentleman,'JH EH N T AH L M AH N',s,''
and,'AH N D',s,''
a,'AH',s,''
and,'AH N D',s,''
a,'AH',s,''
and,'AH N D',s,''
a,'AH',s,''
handsme,'HH AE N S AH M',s,'AE'
and,'AH N D',s,''
i,'AY',s,'AY'
warrant,'W AA r ǝ N T',s,'AA'
a,'AH',s,''
is,'IH Z',s,'IH'
your,'Y AO R',s,'AO'
o,'OW',s,''
lady,'L EY D IY',s,'EY IY'
dear,'D IY R',s,'IY'
you,'Y UW',s,'UW'
so,'S OW',s,''
hot,'HH AA T',s,'AA'
marrry,'M AW r ǝ IH',s,'IH'
up,'AH P',s,''
i,'AY',s,'AY'
is,'IH Z',s,'IH'
this,'DH IH S',s,'IH'
the,'DH AH',s,''
for,'F AO R',s,'AO'
my,'M AY',s,'AY'
do,'D OW',s,''
your,'Y AO R',s,'AO'
messages,'M EH S AH JH AH Z',s,''
you,'Y UW',s,'UW'
got,'G AA T',s,'AA'
to,'T UW',s,'UW'
go,'G OW',s,''
to,'T UW',s,'UW'
then,'DH EH N',s,''
hie,'ǝ IH',s,'IH'
you,'Y UW',s,'UW'
to,'T UW',s,'UW'
friar,'F R AY ER',s,'AY'
cell,'S EH L',s,''
a,'AH',s,''
to,'T UW',s,'UW'
you,'Y UW',s,'UW'
a,'AH',s,''
the,'DH AH',s,''
wanton,'W AA N T ǝ N',s,'AA'
blood,'B L AH D',s,''
up,'AH P',s,''
in,'IH N',s,'IH'
your,'Y AO R',s,'AO'
cheeks,'CH IY K S',s,'IY'
be,'B IY',s,'IY'
in,'IH N',s,'IH'
at,'AE T',s,'AE'
hie,'ǝ IH',s,'IH'
you,'Y UW',s,'UW'
to,'T UW',s,'UW'
i,'AY',s,'AY'
must,'M AH S T',s,''
another,'ǝ N ɤ DH ǝ R',s,''
to,'T UW',s,'UW'
a,'AH',s,''
by,'B AY',s,'AY'
the,'DH AH',s,''
your,'Y AO R',s,'AO'
must,'M AH S T',s,''
a,'AH',s,''
nest,'N EH S T',s,''
soon,'S UW N',s,'UW'
when,'ʍ e N',s,''
it,'IH T',s,'IH'
is,'IH Z',s,'IH'
dark,'D AA R K',s,'AA'
i,'AY',s,'AY'
am,'AE M',s,'AE'
the,'DH AH',s,''
druge,'D R AH JH',s,''
and,'AH N D',s,''
in,'IH N',s,'IH'
your,'Y AO R',s,'AO'
but,'B AH T',s,''
you,'Y UW',s,'UW'
shall,'SH AE L',s,'AE'
bear,'B EH R',s,''
the,'DH AH',s,''
burden,'B ɐ R DH ə N',s,''
soon,'S UW N',s,'UW'
at,'AE T',s,'AE'
go,'G OW',s,''
to,'T UW',s,'UW'
hie,'ǝ IH',s,'IH'
you,'Y UW',s,'UW'
to,'T UW',s,'UW'
the,'DH AH',s,''
cell,'S EH L',s,''
the,'DH AH',s,''
cords,'K AO R D Z',s,'AO'
dead,'D EH D',s,''
dead,'D EH D',s,''
dead,'D EH D',s,''
we,'W IY',s,'IY'
lady,'L EY D IY',s,'EY IY'
we,'W IY',s,'IY'
the,'DH AH',s,''
dead,'D EH D',s,''
can,'K AE N',s,'AE'
heaven,'HH EH V AH N',s,''
cannot,'K AE N AA T',s,'AE AA'
o,'OW',s,''
whoever,'UW e V ǝ R',s,'UW'
it,'IH T',s,'IH'
i,'AY',s,'AY'
the,'DH AH',s,''
i,'AY',s,'AY'
it,'IH T',s,'IH'
with,'W IH DH',s,'IH'
god,'G AA D',s,'AA'
sve,'EH V',s,''
the,'DH AH',s,''
mark,'M AA R K',s,'AA'
on,'AA N',s,'AA'
his,'HH IH Z',s,'IH'
breast,'B R EH S T',s,''
a,'AH',s,''
a,'AH',s,''
bloody,'B L AH D IY',s,'IY'
as,'AE Z',s,'AE'
ashes,'AE SH AH Z',s,'AE'
all,'AA L',s,'AA'
in,'IH N',s,'IH'
blood,'B L AH D',s,''
all,'AA L',s,'AA'
in,'IH N',s,'IH'
blood,'B L AH D',s,''
i,'AY',s,'AY'
at,'AE T',s,'AE'
the,'DH AH',s,''
o,'OW',s,''
tybalt,'T IH B AH L T',s,'IH'
tybalt,'T IH B AH L T',s,'IH'
the,'DH AH',s,''
best,'B EH S T',s,''
friend,'F R EH N D',s,''
i,'AY',s,'AY'
had,'HH AE D',s,'AE'
o,'OW',s,''
tybalt,'T IH B AH L T',s,'IH'
gentleman,'JH EH N T AH L M AH N',s,''
that,'DH AE T',s,'AE'
i,'AY',s,'AY'
to,'T UW',s,'UW'
see,'S IY',s,'IY'
thee,'DH IY',s,'IY'
dead,'D EH D',s,''
tybalt,'T IH B AH L T',s,'IH'
is,'IH Z',s,'IH'
and,'AH N D',s,''
that,'DH AE T',s,'AE'
is,'IH Z',s,'IH'
it,'IH T',s,'IH'
did,'D IH D',s,'IH'
it,'IH T',s,'IH'
did,'D IH D',s,'IH'
alas,'AH L AE S',s,'AE'
the,'DH AH',s,''
it,'IH T',s,'IH'
did,'D IH D',s,'IH'
no,'N OW',s,''
trust,'T r ɤ S T',s,''
no,'N OW',s,''
faith,'F EY TH',s,'EY'
no,'N OW',s,''
in,'IH N',s,'IH'
men,'M EH N',s,''
all,'AA L',s,'AA'
perjured,'P ɐ R D ZH ǝ R D',s,''
all,'AA L',s,'AA'
forsworn,'F AO R S W AO R N',s,'AO AO'
all,'AA L',s,'AA'
all,'AA L',s,'AA'
dissemblers,'D IH S e M B L ǝ R Z',s,'IH'
my,'M AY',s,'AY'
man,'M AE N',s,'AE'
me,'M IY',s,'IY'
vitae,'V AY T AH',s,'AY'
woes,'W OW Z',s,''
sorrows,'S ɒ r ǝ ǝ Z',s,''
me,'M IY',s,'IY'
old,'OW L D',s,''
to,'T UW',s,'UW'
will,'W IH L',s,'IH'
you,'Y UW',s,'UW'
speak,'S P IY K',s,'IY'
well,'W EH L',s,''
of,'AH V',s,''
him,'HH IH M',s,'IH'
that,'DH AE T',s,'AE'
your,'Y AO R',s,'AO'
cousin,'K AH Z AH N',s,''
and,'AH N D',s,''
over,'OW V ǝ R',s,''
will,'W IH L',s,'IH'
you,'Y UW',s,'UW'
go,'G OW',s,''
to,'T UW',s,'UW'
them,'DH EH M',s,''
i,'AY',s,'AY'
will,'W IH L',s,'IH'
you,'Y UW',s,'UW'
hie,'ǝ IH',s,'IH'
to,'T UW',s,'UW'
your,'Y AO R',s,'AO'
to,'T UW',s,'UW'
comfort,'K ɤ M F ǝ R T',s,''
you,'Y UW',s,'UW'
i,'AY',s,'AY'
well,'W EH L',s,''
he,'HH IY',s,'IY'
is,'IH Z',s,'IH'
you,'Y UW',s,'UW'
your,'Y AO R',s,'AO'
will,'W IH L',s,'IH'
be,'B IY',s,'IY'
at,'AE T',s,'AE'
to,'T UW',s,'UW'
him,'HH IH M',s,'IH'
he,'HH IY',s,'IY'
is,'IH Z',s,'IH'
hid,'HH IH D',s,'IH'
at,'AE T',s,'AE'
cell,'S EH L',s,''
let,'L EH T',s,''
me,'M IY',s,'IY'
in,'IH N',s,'IH'
and,'AH N D',s,''
you,'Y UW',s,'UW'
shall,'SH AE L',s,'AE'
my,'M AY',s,'AY'
errand,'EH R AH N D',s,''
i,'AY',s,'AY'
from,'F R AH M',s,''
lady,'L EY D IY',s,'EY IY'
o,'OW',s,''
holy,'HH OW L IY',s,'IY'
friar,'F R AY ER',s,'AY'
o,'OW',s,''
tell,'T EH L',s,''
me,'M IY',s,'IY'
holy,'HH OW L IY',s,'IY'
friar,'F R AY ER',s,'AY'
my,'M AY',s,'AY'
lord,'L AO R D',s,'AO'
o,'OW',s,''
he,'HH IY',s,'IY'
is,'IH Z',s,'IH'
even,'IY V IH N',s,'IY IH'
in,'IH N',s,'IH'
my,'M AY',s,'AY'
in,'IH N',s,'IH'
o,'OW',s,''
woeful,'W OW F AH L',s,''
even,'IY V IH N',s,'IY IH'
so,'S OW',s,''
she,'SH IY',s,'IY'
and,'AH N D',s,''
and,'AH N D',s,''
stand,'S T AE N D',s,'AE'
up,'AH P',s,''
stand,'S T AE N D',s,'AE'
up,'AH P',s,''
stand,'S T AE N D',s,'AE'
an,'AE N',s,'AE'
you,'Y UW',s,'UW'
be,'B IY',s,'IY'
a,'AH',s,''
man,'M AE N',s,'AE'
for,'F AO R',s,'AO'
for,'F AO R',s,'AO'
and,'AH N D',s,''
stand,'S T AE N D',s,'AE'
whhy,'ʍ ǝ IH',s,'IH'
you,'Y UW',s,'UW'
fall,'F AA L',s,'AA'
into,'IH N T UW',s,'IH UW'
so,'S OW',s,''
deep,'D IY P',s,'IY'
an,'AE N',s,'AE'
o,'OW',s,''
the,'DH AH',s,''
end,'EH N D',s,''
of,'AH V',s,''
all,'AA L',s,'AA'
o,'OW',s,''
she,'SH IY',s,'IY'
but,'B AH T',s,''
weeps,'W IY P S',s,'IY'
and,'AH N D',s,''
weeps,'W IY P S',s,'IY'
and,'AH N D',s,''
on,'AA N',s,'AA'
bed,'B EH D',s,''
and,'AH N D',s,''
then,'DH EH N',s,''
starts,'S T AA R T S',s,'AA'
up,'AH P',s,''
and,'AH N D',s,''
tybalt,'T IH B AH L T',s,'IH'
and,'AH N D',s,''
then,'DH EH N',s,''
on,'AA N',s,'AA'
cries,'K R AY Z',s,'AY'
and,'AH N D',s,''
then,'DH EH N',s,''
down,'D ǝ UH N',s,'UH'
again,'ǝ ɡ EH N',s,''
o,'OW',s,''
lord,'L AO R D',s,'AO'
i,'AY',s,'AY'
all,'AA L',s,'AA'
the,'DH AH',s,''
to,'T UW',s,'UW'
good,'G UH D',s,'UH'
o,'OW',s,''
what,'W AH T',s,''
is,'IH Z',s,'IH'
my,'M AY',s,'AY'
lord,'L AO R D',s,'AO'
tell,'T EH L',s,''
my,'M AY',s,'AY'
lady,'L EY D IY',s,'EY IY'
you,'Y UW',s,'UW'
will,'W IH L',s,'IH'
a,'AH',s,''
she,'SH IY',s,'IY'
bid,'B IH D',s,'IH'
me,'M IY',s,'IY'
you,'Y UW',s,'UW'
hie,'ǝ IH',s,'IH'
you,'Y UW',s,'UW'
hate,'AW S T',s,''
for,'F AO R',s,'AO'
it,'IH T',s,'IH'
very,'V EH R IY',s,'IY'
madam,'M AE D AH M',s,'AE'
your,'Y AO R',s,'AO'
lady,'L EY D IY',s,'EY IY'
is,'IH Z',s,'IH'
to,'T UW',s,'UW'
your,'Y AO R',s,'AO'
the,'DH AH',s,''
is,'IH Z',s,'IH'
be,'B IY',s,'IY'
wary,'W EH R IY',s,'IY'
look,'L UH K',s,'UH'
god,'G AA D',s,'AA'
in,'IH N',s,'IH'
heaven,'HH EH V AH N',s,''
bless,'B L EH S',s,''
you,'Y UW',s,'UW'
to,'T UW',s,'UW'
my,'M AY',s,'AY'
lord,'L AO R D',s,'AO'
to,'T UW',s,'UW'
so,'S OW',s,''
i,'AY',s,'AY'
speak,'S P IY K',s,'IY'
no,'N OW',s,''
treason,'T R IY Z AH N',s,'IY'
not,'N AA T',s,'AA'
speak,'S P IY K',s,'IY'
faith,'F EY TH',s,'EY'
it,'IH T',s,'IH'
is,'IH Z',s,'IH'
is,'IH Z',s,'IH'
and,'AH N D',s,''
all,'AA L',s,'AA'
the,'DH AH',s,''
to,'T UW',s,'UW'
that,'DH AE T',s,'AE'
he,'HH IY',s,'IY'
back,'B AE K',s,'AE'
to,'T UW',s,'UW'
you,'Y UW',s,'UW'
or,'AO R',s,'AO'
if,'IH F',s,'IH'
he,'HH IY',s,'IY'
do,'D OW',s,''
it,'IH T',s,'IH'
needs,'N IY D Z',s,'IY'
must,'M AH S T',s,''
be,'B IY',s,'IY'
by,'B AY',s,'AY'
stealth,'S T EH L TH',s,''
then,'DH EH N',s,''
the,'DH AH',s,''
so,'S OW',s,''
stands,'S T AE N D Z',s,'AE'
as,'AE Z',s,'AE'
it,'IH T',s,'IH'
doth,'D AO TH',s,'AO'
i,'AY',s,'AY'
think,'TH IH NG K',s,'IH'
it,'IH T',s,'IH'
best,'B EH S T',s,''
you,'Y UW',s,'UW'
with,'W IH DH',s,'IH'
the,'DH AH',s,''
county,'K AW N T IY',s,'IY'
o,'OW',s,''
a,'AH',s,''
lovely,'L ɤ V L ǝ IH',s,'IH'
gentleman,'JH EH N T AH L M AH N',s,''
a,'AH',s,''
to,'T UW',s,'UW'
him,'HH IH M',s,'IH'
an,'AE N',s,'AE'
madam,'M AE D AH M',s,'AE'
hath,'HH AE TH',s,'AE'
not,'N AA T',s,'AA'
so,'S OW',s,''
green,'G R IY N',s,'IY'
so,'S OW',s,''
so,'S OW',s,''
fair,'F EH R',s,''
an,'AE N',s,'AE'
as,'AE Z',s,'AE'
paris,'P EH R IH S',s,'IH'
hath,'HH AE TH',s,'AE'
my,'M AY',s,'AY'
very,'V EH R IY',s,'IY'
heart,'HH AA R T',s,'AA'
i,'AY',s,'AY'
think,'TH IH NG K',s,'IH'
you,'Y UW',s,'UW'
in,'IH N',s,'IH'
this,'DH IH S',s,'IH'
second,'S EH K AH N D',s,''
for,'F AO R',s,'AO'
it,'IH T',s,'IH'
excels,'IH K S EH L Z',s,'IH'
your,'Y AO R',s,'AO'
or,'AO R',s,'AO'
if,'IH F',s,'IH'
it,'IH T',s,'IH'
did,'D IH D',s,'IH'
not,'N AA T',s,'AA'
your,'Y AO R',s,'AO'
is,'IH Z',s,'IH'
dead,'D EH D',s,''
or,'AO R',s,'AO'
as,'AE Z',s,'AE'
good,'G UH D',s,'UH'
he,'HH IY',s,'IY'
wre,'W ER',s,''
as,'AE Z',s,'AE'
and,'AH N D',s,''
you,'Y UW',s,'UW'
no,'N OW',s,''
of,'AH V',s,''
him,'HH IH M',s,'IH'
and,'AH N D',s,''
from,'F R AH M',s,''
my,'M AY',s,'AY'
soul,'S OW L',s,''
too,'T UW',s,'UW'
them,'DH EH M',s,''
both,'B OW TH',s,''
what,'W AH T',s,''
marrry,'M AW r ǝ IH',s,'IH'
i,'AY',s,'AY'
will,'W IH L',s,'IH'
and,'AH N D',s,''
this,'DH IH S',s,'IH'
is,'IH Z',s,'IH'
forsooth,'F ǝ R S UW TH',s,'UW'
see,'S IY',s,'IY'
she,'SH IY',s,'IY'
from,'F R AH M',s,''
with,'W IH DH',s,'IH'
merrry,'M e r ǝ IH',s,'IH'
look,'L UH K',s,'UH'
call,'K AO L',s,'AO'
for,'F AO R',s,'AO'
and,'AH N D',s,''
in,'IH N',s,'IH'
the,'DH AH',s,''
pastry,'P EY S T R IY',s,'EY IY'
go,'G OW',s,''
you,'Y UW',s,'UW'
go,'G OW',s,''
get,'G EH T',s,''
you,'Y UW',s,'UW'
to,'T UW',s,'UW'
bed,'B EH D',s,''
faith,'F EY TH',s,'EY'
be,'B IY',s,'IY'
sick,'S IH K',s,'IH'
for,'F AO R',s,'AO'
this,'DH IH S',s,'IH'
mistress,'M IH S T R AH S',s,'IH'
what,'W AH T',s,''
mistress,'M IH S T R AH S',s,'IH'
i,'AY',s,'AY'
warrant,'W AA r ǝ N T',s,'AA'
she,'SH IY',s,'IY'
whhy,'ʍ ǝ IH',s,'IH'
whhy,'ʍ ǝ IH',s,'IH'
lady,'L EY D IY',s,'EY IY'
you,'Y UW',s,'UW'
whhy,'ʍ ǝ IH',s,'IH'
i,'AY',s,'AY'
madam,'M AE D AH M',s,'AE'
whhy,'ʍ ǝ IH',s,'IH'
what,'W AH T',s,''
not,'N AA T',s,'AA'
a,'AH',s,''
your,'Y AO R',s,'AO'
sleep,'S L IY P',s,'IY'
for,'F AO R',s,'AO'
a,'AH',s,''
week,'W IY K',s,'IY'
for,'F AO R',s,'AO'
the,'DH AH',s,''
i,'AY',s,'AY'
warrant,'W AA r ǝ N T',s,'AA'
the,'DH AH',s,''
county,'K AW N T IY',s,'IY'
paris,'P EH R IH S',s,'IH'
hath,'HH AE TH',s,'AE'
set,'S EH T',s,''
up,'AH P',s,''
his,'HH IH Z',s,'IH'
rest,'R EH S T',s,''
that,'DH AE T',s,'AE'
you,'Y UW',s,'UW'
shall,'SH AE L',s,'AE'
rest,'R EH S T',s,''
but,'B AH T',s,''
forgve,'F ER G IH V',s,'IH'
me,'M IY',s,'IY'
marrry,'M AW r ǝ IH',s,'IH'
and,'AH N D',s,''
amen,'EY M EH N',s,'EY'
is,'IH Z',s,'IH'
she,'SH IY',s,'IY'
asleep,'AH S L IY P',s,'IY'
i,'AY',s,'AY'
needs,'N IY D Z',s,'IY'
must,'M AH S T',s,''
madam,'M AE D AH M',s,'AE'
madam,'M AE D AH M',s,'AE'
let,'L EH T',s,''
the,'DH AH',s,''
county,'K AW N T IY',s,'IY'
you,'Y UW',s,'UW'
in,'IH N',s,'IH'
your,'Y AO R',s,'AO'
bed,'B EH D',s,''
you,'Y UW',s,'UW'
up,'AH P',s,''
it,'IH T',s,'IH'
not,'N AA T',s,'AA'
be,'B IY',s,'IY'
what,'W AH T',s,''
and,'AH N D',s,''
in,'IH N',s,'IH'
your,'Y AO R',s,'AO'
and,'AH N D',s,''
down,'D ǝ UH N',s,'UH'
again,'ǝ ɡ EH N',s,''
i,'AY',s,'AY'
must,'M AH S T',s,''
needs,'N IY D Z',s,'IY'
you,'Y UW',s,'UW'
lady,'L EY D IY',s,'EY IY'
lady,'L EY D IY',s,'EY IY'
lady,'L EY D IY',s,'EY IY'
alas,'AH L AE S',s,'AE'
alas,'AH L AE S',s,'AE'
my,'M AY',s,'AY'
dead,'D EH D',s,''
o,'OW',s,''
that,'DH AE T',s,'AE'
i,'AY',s,'AY'
was,'W AA Z',s,'AA'
born,'B AO R N',s,'AO'
vitae,'V AY T AH',s,'AY'
lord,'L AO R D',s,'AO'
my,'M AY',s,'AY'
lady,'L EY D IY',s,'EY IY'
o,'OW',s,''
look,'L UH K',s,'UH'
heavy,'e V ǝ IH',s,'IH'
dead,'D EH D',s,''
dead,'D EH D',s,''
the,'DH AH',s,''
o,'OW',s,''
o,'OW',s,''
woe,'W OW',s,''
o,'OW',s,''
woeful,'W OW F AH L',s,''
woeful,'W OW F AH L',s,''
woeful,'W OW F AH L',s,''
most,'M OW S T',s,''
most,'M OW S T',s,''
woeful,'W OW F AH L',s,''
that,'DH AE T',s,'AE'
i,'AY',s,'AY'
did,'D IH D',s,'IH'
yet,'Y EH T',s,''
behold,'B IH HH OW L D',s,'IH'
o,'OW',s,''
o,'OW',s,''
o,'OW',s,''
o,'OW',s,''
never,'N e V ǝ R',s,''
was,'W AA Z',s,'AA'
seen,'S IY N',s,'IY'
so,'S OW',s,''
black,'B L AE K',s,'AE'
a,'AH',s,''
as,'AE Z',s,'AE'
this,'DH IH S',s,'IH'
o,'OW',s,''
woeful,'W OW F AH L',s,''
o,'OW',s,''
woeful,'W OW F AH L',s,''
good,'G UH D',s,'UH'
put,'P UH T',s,'UH'
up,'AH P',s,''
put,'P UH T',s,'UH'
up,'AH P',s,''
for,'F AO R',s,'AO'
well,'W EH L',s,''
you,'Y UW',s,'UW'
this,'DH IH S',s,'IH'
is,'IH Z',s,'IH'
a,'AH',s,''
