patricians,'P AH T R IH SH AH N Z',s,'IH'
patrons,'P EY T R AH N Z',s,'EY'
of,'AH V',s,''
my,'M AY',s,'AY'
defend,'D IH F EH N D',s,'IH'
the,'DH AH',s,''
of,'AH V',s,''
my,'M AY',s,'AY'
with,'W IH DH',s,'IH'
arms,'AA R M Z',s,'AA'
and,'AH N D',s,''
countrymen,'K AH N T R IY M IH N',s,'IY IH'
my,'M AY',s,'AY'
followers,'F ɒ L ǝ W ǝ R Z',s,''
plead,'P L IY D',s,'IY'
my,'M AY',s,'AY'
with,'W IH DH',s,'IH'
your,'Y AO R',s,'AO'
i,'AY',s,'AY'
am,'AE M',s,'AE'
his,'HH IH Z',s,'IH'
son,'S AO ̃',s,'AO'
that,'DH AE T',s,'AE'
was,'W AA Z',s,'AA'
the,'DH AH',s,''
last,'L AE S T',s,'AE'
that,'DH AE T',s,'AE'
the,'DH AH',s,''
of,'AH V',s,''
then,'DH EH N',s,''
let,'L EH T',s,''
my,'M AY',s,'AY'
in,'IH N',s,'IH'
me,'M IY',s,'IY'
nor,'N AO R',s,'AO'
with,'W IH DH',s,'IH'
this,'DH IH S',s,'IH'
indignity,'IH N D IH G N AH T IY',s,'IH IH IY'
fair,'F EH R',s,''
the,'DH AH',s,''
speaks,'S P IY K S',s,'IY'
to,'T UW',s,'UW'
my,'M AY',s,'AY'
friends,'F R EH N D Z',s,''
that,'DH AE T',s,'AE'
been,'B IH N',s,'IH'
thus,'DH ɤ S',s,''
in,'IH N',s,'IH'
my,'M AY',s,'AY'
i,'AY',s,'AY'
thank,'TH AE NG K',s,'AE'
you,'Y UW',s,'UW'
all,'AA L',s,'AA'
and,'AH N D',s,''
dismiss,'D IH S M IH S',s,'IH IH'
you,'Y UW',s,'UW'
all,'AA L',s,'AA'
and,'AH N D',s,''
to,'T UW',s,'UW'
the,'DH AH',s,''
and,'AH N D',s,''
of,'AH V',s,''
my,'M AY',s,'AY'
country,'K AH N T R IY',s,'IY'
commit,'K AH M IH T',s,'IH'
myself,'M AY S EH L F',s,'AY'
my,'M AY',s,'AY'
and,'AH N D',s,''
the,'DH AH',s,''
be,'B IY',s,'IY'
as,'AE Z',s,'AE'
and,'AH N D',s,''
unto,'AH N T UW',s,'UW'
me,'M IY',s,'IY'
as,'AE Z',s,'AE'
i,'AY',s,'AY'
am,'AE M',s,'AE'
confident,'K AA N F AH D AH N T',s,'AA'
and,'AH N D',s,''
to,'T UW',s,'UW'
thee,'DH IY',s,'IY'
open,'OW P ǝ N',s,''
the,'DH AH',s,''
and,'AH N D',s,''
let,'L EH T',s,''
me,'M IY',s,'IY'
in,'IH N',s,'IH'
and,'AH N D',s,''
thou,'DH AW',s,''
tell,'T EH L',s,''
romans,'R OW M AH N Z',s,''
do,'D OW',s,''
me,'M IY',s,'IY'
patricians,'P AH T R IH SH AH N Z',s,'IH'
your,'Y AO R',s,'AO'
and,'AH N D',s,''
them,'DH EH M',s,''
not,'N AA T',s,'AA'
till,'T IH L',s,'IH'
be,'B IY',s,'IY'
thou,'DH AW',s,''
wre,'W ER',s,''
to,'T UW',s,'UW'
than,'DH AE N',s,'AE'
rob,'R AA B',s,'AA'
me,'M IY',s,'IY'
of,'AH V',s,''
the,'DH AH',s,''
hearts,'HH AA R T S',s,'AA'
titus,'T AY T AH S',s,'AY'
for,'F AO R',s,'AO'
to,'T UW',s,'UW'
us,'AH S',s,''
in,'IH N',s,'IH'
our,'OW R',s,''
election,'IH L EH K SH AH N',s,'IH'
this,'DH IH S',s,'IH'
i,'AY',s,'AY'
thee,'DH IY',s,'IY'
thanks,'TH AE NG K S',s,'AE'
in,'IH N',s,'IH'
part,'P AA R T',s,'AA'
of,'AH V',s,''
deserts,'D IH Z ɐ R T S',s,'IH'
and,'AH N D',s,''
will,'W IH L',s,'IH'
with,'W IH DH',s,'IH'
deeds,'D IY D Z',s,'IY'
and,'AH N D',s,''
for,'F AO R',s,'AO'
an,'AE N',s,'AE'
onset,'AA N S EH T',s,'AA'
titus,'T AY T AH S',s,'AY'
to,'T UW',s,'UW'
and,'AH N D',s,''
honorale,'AA N ER AH B AH L',s,'AA'
family,'F AE M AH L IY',s,'AE IY'
will,'W IH L',s,'IH'
i,'AY',s,'AY'
my,'M AY',s,'AY'
empress,'EH M P R EH S',s,''
mistress,'M IH S T R AH S',s,'IH'
mistress,'M IH S T R AH S',s,'IH'
of,'AH V',s,''
my,'M AY',s,'AY'
heart,'HH AA R T',s,'AA'
and,'AH N D',s,''
in,'IH N',s,'IH'
the,'DH AH',s,''
sacred,'S EY K R AH D',s,'EY'
tell,'T EH L',s,''
me,'M IY',s,'IY'
doth,'D AO TH',s,'AO'
this,'DH IH S',s,'IH'
thee,'DH IY',s,'IY'
thanks,'TH AE NG K S',s,'AE'
titus,'T AY T AH S',s,'AY'
of,'AH V',s,''
my,'M AY',s,'AY'
i,'AY',s,'AY'
am,'AE M',s,'AE'
of,'AH V',s,''
thee,'DH IY',s,'IY'
and,'AH N D',s,''
of,'AH V',s,''
gifts,'G IH F T S',s,'IH'
shall,'SH AE L',s,'AE'
when,'ʍ e N',s,''
i,'AY',s,'AY'
do,'D OW',s,''
the,'DH AH',s,''
least,'L IY S T',s,'IY'
of,'AH V',s,''
deserts,'D IH Z ɐ R T S',s,'IH'
romans,'R OW M AH N Z',s,''
your,'Y AO R',s,'AO'
to,'T UW',s,'UW'
me,'M IY',s,'IY'
a,'AH',s,''
lady,'L EY D IY',s,'EY IY'
trust,'T r ɤ S T',s,''
me,'M IY',s,'IY'
of,'AH V',s,''
the,'DH AH',s,''
hue,'Y UW',s,'UW'
that,'DH AE T',s,'AE'
i,'AY',s,'AY'
wre,'W ER',s,''
i,'AY',s,'AY'
to,'T UW',s,'UW'
clear,'K L IY R',s,'IY'
up,'AH P',s,''
fair,'F EH R',s,''
that,'DH AE T',s,'AE'
of,'AH V',s,''
war,'W AO R',s,'AO'
hath,'HH AE TH',s,'AE'
this,'DH IH S',s,'IH'
of,'AH V',s,''
thou,'DH AW',s,''
not,'N AA T',s,'AA'
to,'T UW',s,'UW'
be,'B IY',s,'IY'
a,'AH',s,''
in,'IH N',s,'IH'
princely,'P r IH N S L ǝ IH',s,'IH IH'
shall,'SH AE L',s,'AE'
be,'B IY',s,'IY'
every,'e V r ǝ IH',s,'IH'
rest,'R EH S T',s,''
on,'AA N',s,'AA'
my,'M AY',s,'AY'
and,'AH N D',s,''
let,'L EH T',s,''
not,'N AA T',s,'AA'
daunt,'D AO N T',s,'AO'
all,'AA L',s,'AA'
your,'Y AO R',s,'AO'
madam,'M AE D AH M',s,'AE'
he,'HH IY',s,'IY'
comforts,'K ɤ M F ǝ R T S',s,''
you,'Y UW',s,'UW'
can,'K AE N',s,'AE'
you,'Y UW',s,'UW'
greater,'G r e T ǝ R',s,''
than,'DH AE N',s,'AE'
the,'DH AH',s,''
of,'AH V',s,''
you,'Y UW',s,'UW'
not,'N AA T',s,'AA'
with,'W IH DH',s,'IH'
this,'DH IH S',s,'IH'
thanks,'TH AE NG K S',s,'AE'
sweet,'S W IY T',s,'IY'
let,'L EH T',s,''
us,'AH S',s,''
go,'G OW',s,''
we,'W IY',s,'IY'
set,'S EH T',s,''
our,'OW R',s,''
free,'F R IY',s,'IY'
proclaim,'P R OW K L EY M',s,'EY'
our,'OW R',s,''
lords,'L AO R D Z',s,'AO'
with,'W IH DH',s,'IH'
trump,'T R AH M P',s,''
and,'AH N D',s,''
drum,'D R AH M',s,''
by,'B AY',s,'AY'
whom,'HH UW M',s,'UW'
no,'N OW',s,''
titus,'T AY T AH S',s,'AY'
no,'N OW',s,''
the,'DH AH',s,''
needs,'N IY D Z',s,'IY'
not,'N AA T',s,'AA'
nor,'N AO R',s,'AO'
nor,'N AO R',s,'AO'
thee,'DH IY',s,'IY'
nor,'N AO R',s,'AO'
of,'AH V',s,''
stock,'S T AA K',s,'AA'
trust,'T r ɤ S T',s,''
by,'B AY',s,'AY'
him,'HH IH M',s,'IH'
that,'DH AE T',s,'AE'
me,'M IY',s,'IY'
thee,'DH IY',s,'IY'
never,'N e V ǝ R',s,''
nor,'N AO R',s,'AO'
sons,'S AH N Z',s,''
all,'AA L',s,'AA'
thus,'DH ɤ S',s,''
to,'T UW',s,'UW'
me,'M IY',s,'IY'
was,'W AA Z',s,'AA'
in,'IH N',s,'IH'
to,'T UW',s,'UW'
a,'AH',s,''
but,'B AH T',s,''
full,'F UH L',s,'UH'
well,'W EH L',s,''
agree,'ǝ ɡ r IY',s,'IY'
deeds,'D IY D Z',s,'IY'
with,'W IH DH',s,'IH'
that,'DH AE T',s,'AE'
brag,'B R AE G',s,'AE'
of,'AH V',s,''
that,'DH AE T',s,'AE'
i,'AY',s,'AY'
the,'DH AH',s,''
at,'AE T',s,'AE'
but,'B AH T',s,''
go,'G OW',s,''
go,'G OW',s,''
that,'DH AE T',s,'AE'
to,'T UW',s,'UW'
him,'HH IH M',s,'IH'
that,'DH AE T',s,'AE'
for,'F AO R',s,'AO'
with,'W IH DH',s,'IH'
his,'HH IH Z',s,'IH'
a,'AH',s,''
son-in-law,'S ɤ N - IH N - ˌ L AO',s,'IH AO'
thou,'DH AW',s,''
shalt,'SH AE L T',s,'AE'
fit,'F IH T',s,'IH'
to,'T UW',s,'UW'
with,'W IH DH',s,'IH'
sons,'S AH N Z',s,''
to,'T UW',s,'UW'
in,'IH N',s,'IH'
the,'DH AH',s,''
commonwealth,'K AA M AH N W EH L TH',s,'AA'
of,'AH V',s,''
and,'AH N D',s,''
therefre,'DH EH R F AO R',s,'AO'
lovely,'L ɤ V L ǝ IH',s,'IH'
of,'AH V',s,''
that,'DH AE T',s,'AE'
the,'DH AH',s,''
stately,'S T EH T L ǝ IH',s,'IH'
dost,'D AA S T',s,'AA'
the,'DH AH',s,''
of,'AH V',s,''
if,'IH F',s,'IH'
thou,'DH AW',s,''
be,'B IY',s,'IY'
with,'W IH DH',s,'IH'
this,'DH IH S',s,'IH'
my,'M AY',s,'AY'
sudden,'S AH D AH N',s,''
behold,'B IH HH OW L D',s,'IH'
i,'AY',s,'AY'
thee,'DH IY',s,'IY'
for,'F AO R',s,'AO'
my,'M AY',s,'AY'
and,'AH N D',s,''
will,'W IH L',s,'IH'
thee,'DH IY',s,'IY'
of,'AH V',s,''
speak,'S P IY K',s,'IY'
of,'AH V',s,''
dost,'D AA S T',s,'AA'
thou,'DH AW',s,''
my,'M AY',s,'AY'
and,'AH N D',s,''
i,'AY',s,'AY'
swear,'S W EH R',s,''
by,'B AY',s,'AY'
all,'AA L',s,'AA'
the,'DH AH',s,''
roman,'r OW M ǝ N',s,''
gods,'G AA D Z',s,'AA'
priest,'P R IY S T',s,'IY'
and,'AH N D',s,''
holy,'HH OW L IY',s,'IY'
water,'W AA T ǝ R',s,'AA'
so,'S OW',s,''
near,'N IY R',s,'IY'
and,'AH N D',s,''
tapers,'T EH P ǝ R Z',s,''
so,'S OW',s,''
and,'AH N D',s,''
everything,'e V r ǝ IH ˌ TH IH NG',s,'IH IH'
in,'IH N',s,'IH'
readiness,'R EH D IY N AH S',s,'IY'
for,'F AO R',s,'AO'
stand,'S T AE N D',s,'AE'
i,'AY',s,'AY'
will,'W IH L',s,'IH'
not,'N AA T',s,'AA'
the,'DH AH',s,''
streets,'S T R IY T S',s,'IY'
of,'AH V',s,''
or,'AO R',s,'AO'
my,'M AY',s,'AY'
till,'T IH L',s,'IH'
from,'F R AH M',s,''
forth,'F AO R TH',s,'AO'
this,'DH IH S',s,'IH'
i,'AY',s,'AY'
lead,'L EH D',s,''
my,'M AY',s,'AY'
with,'W IH DH',s,'IH'
me,'M IY',s,'IY'
ascend,'AH S EH N D',s,''
fair,'F EH R',s,''
to,'T UW',s,'UW'
accompany,'AH K AH M P AH N IY',s,'IY'
your,'Y AO R',s,'AO'
and,'AH N D',s,''
his,'HH IH Z',s,'IH'
lovely,'L ɤ V L ǝ IH',s,'IH'
sent,'S EH N T',s,''
by,'B AY',s,'AY'
the,'DH AH',s,''
heavens,'HH EH V AH N Z',s,''
for,'F AO R',s,'AO'
wisdom,'W IH Z D AH M',s,'IH'
hath,'HH AE TH',s,'AE'
shall,'SH AE L',s,'AE'
we,'W IY',s,'IY'
our,'OW R',s,''
spousal,'S P AW Z AH L',s,''
so,'S OW',s,''
you,'Y UW',s,'UW'
your,'Y AO R',s,'AO'
god,'G AA D',s,'AA'
you,'Y UW',s,'UW'
of,'AH V',s,''
your,'Y AO R',s,'AO'
gallant,'G AE L AH N T',s,'AE'
if,'IH F',s,'IH'
or,'AO R',s,'AO'
we,'W IY',s,'IY'
thou,'DH AW',s,''
and,'AH N D',s,''
faction,'F AE K SH AH N',s,'AE'
shall,'SH AE L',s,'AE'
repent,'R IH P EH N T',s,'IH'
this,'DH IH S',s,'IH'
good,'G UH D',s,'UH'
you,'Y UW',s,'UW'
very,'V EH R IY',s,'IY'
short,'SH AO R T',s,'AO'
with,'W IH DH',s,'IH'
us,'AH S',s,''
but,'B AH T',s,''
if,'IH F',s,'IH'
we,'W IY',s,'IY'
be,'B IY',s,'IY'
as,'AE Z',s,'AE'
sharp,'SH AA R P',s,'AA'
with,'W IH DH',s,'IH'
you,'Y UW',s,'UW'
what,'W AH T',s,''
madam,'M AE D AH M',s,'AE'
be,'B IY',s,'IY'
and,'AH N D',s,''
put,'P UH T',s,'UH'
it,'IH T',s,'IH'
up,'AH P',s,''
titus,'T AY T AH S',s,'AY'
my,'M AY',s,'AY'
empress,'EH M P R EH S',s,''
hath,'HH AE TH',s,'AE'
and,'AH N D',s,''
not,'N AA T',s,'AA'
us,'AH S',s,''
no,'N OW',s,''
marcus,'M AA R K AH S',s,'AA'
for,'F AO R',s,'AO'
and,'AH N D',s,''
and,'AH N D',s,''
at,'AE T',s,'AE'
my,'M AY',s,'AY'
lovely,'L ɤ V L ǝ IH',s,'IH'
i,'AY',s,'AY'
do,'D OW',s,''
remit,'R IY M IH T',s,'IY IH'
heinous,'HH EY N AH S',s,'EY'
faults,'F AO L T S',s,'AO'
stand,'S T AE N D',s,'AE'
up,'AH P',s,''
you,'Y UW',s,'UW'
left,'L EH F T',s,''
me,'M IY',s,'IY'
a,'AH',s,''
i,'AY',s,'AY'
a,'AH',s,''
friend,'F R EH N D',s,''
and,'AH N D',s,''
as,'AE Z',s,'AE'
death,'D EH TH',s,''
i,'AY',s,'AY'
i,'AY',s,'AY'
not,'N AA T',s,'AA'
part,'P AA R T',s,'AA'
a,'AH',s,''
from,'F R AH M',s,''
the,'DH AH',s,''
priest,'P R IY S T',s,'IY'
if,'IH F',s,'IH'
the,'DH AH',s,''
court,'K AO R T',s,'AO'
can,'K AE N',s,'AE'
feast,'F e S T',s,''
you,'Y UW',s,'UW'
my,'M AY',s,'AY'
guest,'G EH S T',s,''
and,'AH N D',s,''
your,'Y AO R',s,'AO'
friends,'F R EH N D Z',s,''
this,'DH IH S',s,'IH'
shall,'SH AE L',s,'AE'
be,'B IY',s,'IY'
a,'AH',s,''
be,'B IY',s,'IY'
it,'IH T',s,'IH'
so,'S OW',s,''
titus,'T AY T AH S',s,'AY'
and,'AH N D',s,''
too,'T UW',s,'UW'
and,'AH N D',s,''
you,'Y UW',s,'UW'
it,'IH T',s,'IH'
my,'M AY',s,'AY'
lords,'L AO R D Z',s,'AO'
too,'T UW',s,'UW'
for,'F AO R',s,'AO'
ladies,'L EY D IY Z',s,'EY IY'
on,'AA N',s,'AA'
then,'DH EH N',s,''
and,'AH N D',s,''
let,'L EH T',s,''
us,'AH S',s,''
and,'AH N D',s,''
to,'T UW',s,'UW'
our,'OW R',s,''
sport,'S P AO R T',s,'AO'
madam,'M AE D AH M',s,'AE'
shall,'SH AE L',s,'AE'
you,'Y UW',s,'UW'
see,'S IY',s,'IY'
our,'OW R',s,''
roman,'r OW M ǝ N',s,''
with,'W IH DH',s,'IH'
me,'M IY',s,'IY'
see,'S IY',s,'IY'
what,'W AH T',s,''
hle,'OW L',s,''
is,'IH Z',s,'IH'
and,'AH N D',s,''
what,'W AH T',s,''
he,'HH IY',s,'IY'
is,'IH Z',s,'IH'
that,'DH AE T',s,'AE'
is,'IH Z',s,'IH'
leapt,'L IY P T',s,'IY'
into,'IH N T UW',s,'IH UW'
it,'IH T',s,'IH'
who,'HH UW',s,'UW'
art,'AA R T',s,'AA'
thou,'DH AW',s,''
that,'DH AE T',s,'AE'
lately,'L EH T L ǝ IH',s,'IH'
descend,'D IH S EH N D',s,'IH'
into,'IH N T UW',s,'IH UW'
this,'DH IH S',s,'IH'
of,'AH V',s,''
the,'DH AH',s,''
my,'M AY',s,'AY'
dead,'D EH D',s,''
i,'AY',s,'AY'
thou,'DH AW',s,''
dost,'D AA S T',s,'AA'
but,'B AH T',s,''
jest,'JH EH S T',s,''
he,'HH IY',s,'IY'
and,'AH N D',s,''
his,'HH IH Z',s,'IH'
lady,'L EY D IY',s,'EY IY'
both,'B OW TH',s,''
at,'AE T',s,'AE'
the,'DH AH',s,''
loge,'L AA JH',s,'AA'
upon,'AH P AA N',s,'AA'
the,'DH AH',s,''
north,'N AO R TH',s,'AO'
of,'AH V',s,''
this,'DH IH S',s,'IH'
pleasant,'P L EH Z AH N T',s,''
not,'N AA T',s,'AA'
an,'AE N',s,'AE'
i,'AY',s,'AY'
left,'L EH F T',s,''
them,'DH EH M',s,''
grieved,'G r IY V IH D',s,'IY IH'
with,'W IH DH',s,'IH'
grief,'G R IY F',s,'IY'
to,'T UW',s,'UW'
the,'DH AH',s,''
bottom,'B AA T AH M',s,'AA'
dost,'D AA S T',s,'AA'
thou,'DH AW',s,''
my,'M AY',s,'AY'
poor,'P UH R',s,'UH'
an,'AE N',s,'AE'
if,'IH F',s,'IH'
we,'W IY',s,'IY'
miss,'M IH S',s,'IH'
to,'T UW',s,'UW'
meet,'M IY T',s,'IY'
him,'HH IH M',s,'IH'
sweet,'S W IY T',s,'IY'
we,'W IY',s,'IY'
mean,'M IY N',s,'IY'
do,'D OW',s,''
thou,'DH AW',s,''
so,'S OW',s,''
as,'AE Z',s,'AE'
dig,'D IH G',s,'IH'
the,'DH AH',s,''
for,'F AO R',s,'AO'
him,'HH IH M',s,'IH'
thou,'DH AW',s,''
our,'OW R',s,''
look,'L UH K',s,'UH'
for,'F AO R',s,'AO'
reward,'r IH W AA R D',s,'IH AA'
the,'DH AH',s,''
at,'AE T',s,'AE'
the,'DH AH',s,''
elder,'e L D ǝ R',s,''
tree,'T R IY',s,'IY'
the,'DH AH',s,''
of,'AH V',s,''
that,'DH AE T',s,'AE'
pit,'P IH T',s,'IH'
we,'W IY',s,'IY'
decreed,'D IH K R IY D',s,'IH IY'
to,'T UW',s,'UW'
do,'D OW',s,''
this,'DH IH S',s,'IH'
and,'AH N D',s,''
us,'AH S',s,''
friends,'F R EH N D Z',s,''
o,'OW',s,''
was,'W AA Z',s,'AA'
the,'DH AH',s,''
this,'DH IH S',s,'IH'
is,'IH Z',s,'IH'
the,'DH AH',s,''
pit,'P IH T',s,'IH'
and,'AH N D',s,''
this,'DH IH S',s,'IH'
the,'DH AH',s,''
elder,'e L D ǝ R',s,''
tree,'T R IY',s,'IY'
look,'L UH K',s,'UH'
if,'IH F',s,'IH'
you,'Y UW',s,'UW'
can,'K AE N',s,'AE'
the,'DH AH',s,''
huntsman,'HH AH N T S M AH N',s,''
out,'AW T',s,''
that,'DH AE T',s,'AE'
of,'AH V',s,''
fell,'F EH L',s,''
curs,'K ɐ R Z',s,''
of,'AH V',s,''
bloody,'B L AH D IY',s,'IY'
my,'M AY',s,'AY'
of,'AH V',s,''
his,'HH IH Z',s,'IH'
drag,'D R AE G',s,'AE'
them,'DH EH M',s,''
from,'F R AH M',s,''
the,'DH AH',s,''
pit,'P IH T',s,'IH'
unto,'AH N T UW',s,'UW'
the,'DH AH',s,''
prison,'P R IH Z AH N',s,'IH'
let,'L EH T',s,''
them,'DH EH M',s,''
until,'AH N T IH L',s,'IH'
we,'W IY',s,'IY'
pain,'P EH N',s,''
for,'F AO R',s,'AO'
them,'DH EH M',s,''
if,'IH F',s,'IH'
it,'IH T',s,'IH'
be,'B IY',s,'IY'
you,'Y UW',s,'UW'
see,'S IY',s,'IY'
it,'IH T',s,'IH'
is,'IH Z',s,'IH'
apparent,'AH P EH R AH N T',s,''
who,'HH UW',s,'UW'
this,'DH IH S',s,'IH'
was,'W AA Z',s,'AA'
it,'IH T',s,'IH'
you,'Y UW',s,'UW'
thou,'DH AW',s,''
shalt,'SH AE L T',s,'AE'
not,'N AA T',s,'AA'
bail,'B EY L',s,'EY'
them,'DH EH M',s,''
see,'S IY',s,'IY'
thou,'DH AW',s,''
me,'M IY',s,'IY'
the,'DH AH',s,''
body,'B AA D IY',s,'AA IY'
the,'DH AH',s,''
let,'L EH T',s,''
them,'DH EH M',s,''
not,'N AA T',s,'AA'
speak,'S P IY K',s,'IY'
a,'AH',s,''
the,'DH AH',s,''
guilt,'G IH L T',s,'IH'
is,'IH Z',s,'IH'
plain,'P L EH N',s,''
for,'F AO R',s,'AO'
by,'B AY',s,'AY'
my,'M AY',s,'AY'
soul,'S OW L',s,''
wre,'W ER',s,''
end,'EH N D',s,''
than,'DH AE N',s,'AE'
death,'D EH TH',s,''
that,'DH AE T',s,'AE'
end,'EH N D',s,''
upon,'AH P AA N',s,'AA'
them,'DH EH M',s,''
be,'B IY',s,'IY'
whhy,'ʍ ǝ IH',s,'IH'
lords,'L AO R D Z',s,'AO'
what,'W AH T',s,''
was,'W AA Z',s,'AA'
seen,'S IY N',s,'IY'
an,'AE N',s,'AE'
in,'IH N',s,'IH'
thus,'DH ɤ S',s,''
troubled,'T r ɤ B ǝ L D',s,''
confronted,'K AH N F R AH N T AH D',s,''
thus,'DH ɤ S',s,''
and,'AH N D',s,''
for,'F AO R',s,'AO'
the,'DH AH',s,''
of,'AH V',s,''
used,'Y UW Z D',s,'UW'
in,'IH N',s,'IH'
my,'M AY',s,'AY'
lords,'L AO R D Z',s,'AO'
you,'Y UW',s,'UW'
as,'AE Z',s,'AE'
the,'DH AH',s,''
gods,'G AA D Z',s,'AA'
of,'AH V',s,''
our,'OW R',s,''
buzz,'B ɤ Z',s,''
in,'IH N',s,'IH'
the,'DH AH',s,''
ears,'IY R Z',s,'IY'
hath,'HH AE TH',s,'AE'
passed,'P AW S IH D',s,'IH'
but,'B AH T',s,''
even,'IY V IH N',s,'IY IH'
with,'W IH DH',s,'IH'
against,'AH G EH N S T',s,''
the,'DH AH',s,''
sons,'S AH N Z',s,''
of,'AH V',s,''
old,'OW L D',s,''
and,'AH N D',s,''
what,'W AH T',s,''
an,'AE N',s,'AE'
if,'IH F',s,'IH'
his,'HH IH Z',s,'IH'
sorrows,'S ɒ r ǝ ǝ Z',s,''
so,'S OW',s,''
his,'HH IH Z',s,'IH'
wits,'W IH T S',s,'IH'
shall,'SH AE L',s,'AE'
we,'W IY',s,'IY'
be,'B IY',s,'IY'
thus,'DH ɤ S',s,''
in,'IH N',s,'IH'
his,'HH IH Z',s,'IH'
wreaks,'R IY K S',s,'IY'
his,'HH IH Z',s,'IH'
fits,'F IH T S',s,'IH'
his,'HH IH Z',s,'IH'
and,'AH N D',s,''
his,'HH IH Z',s,'IH'
and,'AH N D',s,''
he,'HH IY',s,'IY'
to,'T UW',s,'UW'
heaven,'HH EH V AH N',s,''
for,'F AO R',s,'AO'
his,'HH IH Z',s,'IH'
redress,'R IH D R EH S',s,'IH'
see,'S IY',s,'IY'
to,'T UW',s,'UW'
and,'AH N D',s,''
this,'DH IH S',s,'IH'
to,'T UW',s,'UW'
this,'DH IH S',s,'IH'
to,'T UW',s,'UW'
apollo,'AH P AA L OW',s,'AA'
this,'DH IH S',s,'IH'
to,'T UW',s,'UW'
the,'DH AH',s,''
god,'G AA D',s,'AA'
of,'AH V',s,''
war,'W AO R',s,'AO'
sweet,'S W IY T',s,'IY'
to,'T UW',s,'UW'
the,'DH AH',s,''
streets,'S T R IY T S',s,'IY'
of,'AH V',s,''
this,'DH IH S',s,'IH'
but,'B AH T',s,''
against,'AH G EH N S T',s,''
the,'DH AH',s,''
and,'AH N D',s,''
our,'OW R',s,''
everywhre,'EH V R IY W EH R',s,'IY'
a,'AH',s,''
humor,'HH Y UW M ER',s,'UW'
is,'IH Z',s,'IH'
it,'IH T',s,'IH'
not,'N AA T',s,'AA'
my,'M AY',s,'AY'
lords,'L AO R D Z',s,'AO'
as,'AE Z',s,'AE'
who,'HH UW',s,'UW'
in,'IH N',s,'IH'
no,'N OW',s,''
wre,'W ER',s,''
but,'B AH T',s,''
if,'IH F',s,'IH'
i,'AY',s,'AY'
his,'HH IH Z',s,'IH'
shall,'SH AE L',s,'AE'
be,'B IY',s,'IY'
no,'N OW',s,''
shelter,'SH e L T ǝ R',s,''
to,'T UW',s,'UW'
outrages,'AW T R EY JH IH Z',s,'EY IH'
but,'B AH T',s,''
he,'HH IY',s,'IY'
and,'AH N D',s,''
his,'HH IH Z',s,'IH'
shall,'SH AE L',s,'AE'
that,'DH AE T',s,'AE'
in,'IH N',s,'IH'
whom,'HH UW M',s,'UW'
if,'IH F',s,'IH'
he,'HH IY',s,'IY'
sleep,'S L IY P',s,'IY'
so,'S OW',s,''
as,'AE Z',s,'AE'
he,'HH IY',s,'IY'
in,'IH N',s,'IH'
shall,'SH AE L',s,'AE'
cut,'K ɤ T',s,''
off,'AO F',s,'AO'
the,'DH AH',s,''
that,'DH AE T',s,'AE'
go,'G OW',s,''
him,'HH IH M',s,'IH'
and,'AH N D',s,''
him,'HH IH M',s,'IH'
presently,'P R EH Z AH N T L IY',s,'IY'
despiteful,'D IH S P ǝ IH T F UH L',s,'IH IH UH'
and,'AH N D',s,''
shall,'SH AE L',s,'AE'
i,'AY',s,'AY'
this,'DH IH S',s,'IH'
i,'AY',s,'AY'
from,'F R AH M',s,''
this,'DH IH S',s,'IH'
proceeds,'P R AH S IY D Z',s,'IY'
this,'DH IH S',s,'IH'
be,'B IY',s,'IY'
if,'IH F',s,'IH'
his,'HH IH Z',s,'IH'
sons,'S AH N Z',s,''
that,'DH AE T',s,'AE'
died,'D AY D',s,'AY'
by,'B AY',s,'AY'
for,'F AO R',s,'AO'
of,'AH V',s,''
our,'OW R',s,''
by,'B AY',s,'AY'
my,'M AY',s,'AY'
means,'M IY N Z',s,'IY'
been,'B IH N',s,'IH'
go,'G OW',s,''
drag,'D R AE G',s,'AE'
the,'DH AH',s,''
villain,'V IH L AH N',s,'IH'
by,'B AY',s,'AY'
the,'DH AH',s,''
hair,'HH EH R',s,''
nor,'N AO R',s,'AO'
nor,'N AO R',s,'AO'
shall,'SH AE L',s,'AE'
for,'F AO R',s,'AO'
this,'DH IH S',s,'IH'
mock,'M AA K',s,'AA'
be,'B IY',s,'IY'
slaughterman,'S L AO T ǝ R - ˌ M AW N',s,'AO'
sly,'S L AY',s,'AY'
frantic,'F R AE N T IH K',s,'AE IH'
that,'DH AE T',s,'AE'
to,'T UW',s,'UW'
me,'M IY',s,'IY'
great,'G r e T',s,''
in,'IH N',s,'IH'
govern,'G ɤ V ǝ R N',s,''
and,'AH N D',s,''
me,'M IY',s,'IY'
what,'W AH T',s,''
with,'W IH DH',s,'IH'
thee,'DH IY',s,'IY'
is,'IH Z',s,'IH'
lucius,'L UW SH AH S',s,'UW'
of,'AH V',s,''
the,'DH AH',s,''
tidings,'T ǝ IH D IH N Z',s,'IH IH'
nip,'N IH P',s,'IH'
me,'M IY',s,'IY'
and,'AH N D',s,''
i,'AY',s,'AY'
the,'DH AH',s,''
as,'AE Z',s,'AE'
with,'W IH DH',s,'IH'
frost,'F R AO S T',s,'AO'
or,'AO R',s,'AO'
grass,'G R AE S',s,'AE'
beat,'B IY T',s,'IY'
down,'D ǝ UH N',s,'UH'
with,'W IH DH',s,'IH'
storms,'S T AO R M Z',s,'AO'
begins,'B IH G IH N Z',s,'IH IH'
our,'OW R',s,''
sorrows,'S ɒ r ǝ ǝ Z',s,''
to,'T UW',s,'UW'
appproach,'ǝ P r OW T SH',s,''
he,'HH IY',s,'IY'
the,'DH AH',s,''
common,'K AA M AH N',s,'AA'
so,'S OW',s,''
myself,'M AY S EH L F',s,'AY'
hath,'HH AE TH',s,'AE'
them,'DH EH M',s,''
when,'ʍ e N',s,''
i,'AY',s,'AY'
a,'AH',s,''
man,'M AE N',s,'AE'
that,'DH AE T',s,'AE'
was,'W AA Z',s,'AA'
and,'AH N D',s,''
wished,'W IH SH IH D',s,'IH IH'
that,'DH AE T',s,'AE'
lucius,'L UW SH AH S',s,'UW'
wre,'W ER',s,''
their,'DH EH R',s,''
but,'B AH T',s,''
the,'DH AH',s,''
citizens,'S IH T AH Z AH N Z',s,'IH'
lucius,'L UW SH AH S',s,'UW'
and,'AH N D',s,''
will,'W IH L',s,'IH'
revolt,'r IH V ɒ L T',s,'IH'
from,'F R AH M',s,''
me,'M IY',s,'IY'
to,'T UW',s,'UW'
him,'HH IH M',s,'IH'
but,'B AH T',s,''
he,'HH IY',s,'IY'
will,'W IH L',s,'IH'
not,'N AA T',s,'AA'
his,'HH IH Z',s,'IH'
son,'S AO ̃',s,'AO'
for,'F AO R',s,'AO'
us,'AH S',s,''
do,'D OW',s,''
this,'DH IH S',s,'IH'
and,'AH N D',s,''
if,'IH F',s,'IH'
he,'HH IY',s,'IY'
stand,'S T AE N D',s,'AE'
in,'IH N',s,'IH'
for,'F AO R',s,'AO'
his,'HH IH Z',s,'IH'
safety,'S EH F T ǝ IH',s,'IH'
bid,'B IH D',s,'IH'
him,'HH IH M',s,'IH'
demand,'D IH M AW N D',s,'IH'
what,'W AH T',s,''
plege,'P L EH JH',s,''
will,'W IH L',s,'IH'
him,'HH IH M',s,'IH'
best,'B EH S T',s,''
then,'DH EH N',s,''
go,'G OW',s,''
and,'AH N D',s,''
plead,'P L IY D',s,'IY'
to,'T UW',s,'UW'
him,'HH IH M',s,'IH'
what,'W AH T',s,''
hath,'HH AE TH',s,'AE'
the,'DH AH',s,''
suns,'S AH N Z',s,''
than,'DH AE N',s,'AE'
marcus,'M AA R K AH S',s,'AA'
we,'W IY',s,'IY'
will,'W IH L',s,'IH'
whhy,'ʍ ǝ IH',s,'IH'
art,'AA R T',s,'AA'
thou,'DH AW',s,''
thus,'DH ɤ S',s,''
it,'IH T',s,'IH'
was,'W AA Z',s,'AA'
the,'DH AH',s,''
not,'N AA T',s,'AA'
and,'AH N D',s,''
by,'B AY',s,'AY'
still,'S T IH L',s,'IH'
his,'HH IH Z',s,'IH'
sorrows,'S ɒ r ǝ ǝ Z',s,''
what,'W AH T',s,''
hast,'HH AE S T',s,'AE'
thou,'DH AW',s,''
unnatural,'ɤ N N AW T r ǝ L',s,''
and,'AH N D',s,''
what,'W AH T',s,''
was,'W AA Z',s,'AA'
she,'SH IY',s,'IY'
tell,'T EH L',s,''
who,'HH UW',s,'UW'
did,'D IH D',s,'IH'
the,'DH AH',s,''
deed,'D IY D',s,'IY'
go,'G OW',s,''
them,'DH EH M',s,''
to,'T UW',s,'UW'
us,'AH S',s,''
presently,'P R EH Z AH N T L IY',s,'IY'
frantic,'F R AE N T IH K',s,'AE IH'
for,'F AO R',s,'AO'
this,'DH IH S',s,'IH'
deed,'D IY D',s,'IY'
