hail,'HH EY L',s,'EY'
in,'IH N',s,'IH'
weeds,'W IY D Z',s,'IY'
lo,'L OW',s,''
as,'AE Z',s,'AE'
the,'DH AH',s,''
bark,'B AA R K',s,'AA'
that,'DH AE T',s,'AE'
hath,'HH AE TH',s,'AE'
his,'HH IH Z',s,'IH'
returns,'r IH T ɐ R N Z',s,'IH'
with,'W IH DH',s,'IH'
precious,'P R EH SH AH S',s,''
to,'T UW',s,'UW'
the,'DH AH',s,''
from,'F R AH M',s,''
at,'AE T',s,'AE'
she,'SH IY',s,'IY'
with,'W IH DH',s,'IH'
laurel,'L AO R AH L',s,'AO'
to,'T UW',s,'UW'
his,'HH IH Z',s,'IH'
country,'K AH N T R IY',s,'IY'
with,'W IH DH',s,'IH'
his,'HH IH Z',s,'IH'
tears,'T EH R Z',s,''
tears,'T EH R Z',s,''
of,'AH V',s,''
true,'T R UW',s,'UW'
for,'F AO R',s,'AO'
his,'HH IH Z',s,'IH'
return,'r IH T ɐ R N',s,'IH'
to,'T UW',s,'UW'
thou,'DH AW',s,''
great,'G r e T',s,''
of,'AH V',s,''
this,'DH IH S',s,'IH'
stand,'S T AE N D',s,'AE'
to,'T UW',s,'UW'
the,'DH AH',s,''
that,'DH AE T',s,'AE'
we,'W IY',s,'IY'
intend,'IH N T EH N D',s,'IH'
romans,'R OW M AH N Z',s,''
of,'AH V',s,''
sons,'S AH N Z',s,''
of,'AH V',s,''
the,'DH AH',s,''
that,'DH AE T',s,'AE'
had,'HH AE D',s,'AE'
behold,'B IH HH OW L D',s,'IH'
the,'DH AH',s,''
poor,'P UH R',s,'UH'
remains,'r IH M EH N Z',s,'IH'
and,'AH N D',s,''
dead,'D EH D',s,''
that,'DH AE T',s,'AE'
let,'L EH T',s,''
reward,'r IH W AA R D',s,'IH AA'
with,'W IH DH',s,'IH'
that,'DH AE T',s,'AE'
i,'AY',s,'AY'
unto,'AH N T UW',s,'UW'
their,'DH EH R',s,''
latest,'L EY T AH S T',s,'EY'
hme,'OW M',s,''
with,'W IH DH',s,'IH'
their,'DH EH R',s,''
given,'G IH V AH N',s,'IH'
me,'M IY',s,'IY'
to,'T UW',s,'UW'
my,'M AY',s,'AY'
titus,'T AY T AH S',s,'AY'
and,'AH N D',s,''
of,'AH V',s,''
whhy,'ʍ ǝ IH',s,'IH'
thou,'DH AW',s,''
sons,'S AH N Z',s,''
yet,'Y EH T',s,''
to,'T UW',s,'UW'
on,'AA N',s,'AA'
the,'DH AH',s,''
dreadful,'D R EH D F AH L',s,''
of,'AH V',s,''
to,'T UW',s,'UW'
them,'DH EH M',s,''
by,'B AY',s,'AY'
their,'DH EH R',s,''
greet,'G R IY T',s,'IY'
in,'IH N',s,'IH'
as,'AE Z',s,'AE'
the,'DH AH',s,''
dead,'D EH D',s,''
wont,'W OW N T',s,''
and,'AH N D',s,''
sleep,'S L IY P',s,'IY'
in,'IH N',s,'IH'
slain,'S L EH N',s,''
in,'IH N',s,'IH'
your,'Y AO R',s,'AO'
wars,'W AO R Z',s,'AO'
o,'OW',s,''
sacred,'S EY K R AH D',s,'EY'
of,'AH V',s,''
my,'M AY',s,'AY'
sweet,'S W IY T',s,'IY'
cell,'S EH L',s,''
of,'AH V',s,''
and,'AH N D',s,''
sons,'S AH N Z',s,''
hast,'HH AE S T',s,'AE'
thou,'DH AW',s,''
of,'AH V',s,''
in,'IH N',s,'IH'
that,'DH AE T',s,'AE'
thou,'DH AW',s,''
wilt,'W IH L T',s,'IH'
never,'N e V ǝ R',s,''
render,'r e N D ǝ R',s,''
to,'T UW',s,'UW'
me,'M IY',s,'IY'
i,'AY',s,'AY'
him,'HH IH M',s,'IH'
you,'Y UW',s,'UW'
the,'DH AH',s,''
noblest,'N OW B L IH S T',s,'IH'
that,'DH AE T',s,'AE'
survives,'S ǝ R V ǝ IH V Z',s,'IH'
the,'DH AH',s,''
eldest,'EH L D AH S T',s,''
son,'S AO ̃',s,'AO'
of,'AH V',s,''
this,'DH IH S',s,'IH'
madam,'M AE D AH M',s,'AE'
and,'AH N D',s,''
pardon,'P AA R D ǝ N',s,'AA'
me,'M IY',s,'IY'
their,'DH EH R',s,''
whom,'HH UW M',s,'UW'
your,'Y AO R',s,'AO'
and,'AH N D',s,''
dead,'D EH D',s,''
and,'AH N D',s,''
for,'F AO R',s,'AO'
their,'DH EH R',s,''
slain,'S L EH N',s,''
religiously,'R IH L IH JH AH S L IY',s,'IH IH IY'
ask,'AW S K',s,''
a,'AH',s,''
to,'T UW',s,'UW'
this,'DH IH S',s,'IH'
your,'Y AO R',s,'AO'
son,'S AO ̃',s,'AO'
is,'IH Z',s,'IH'
and,'AH N D',s,''
he,'HH IY',s,'IY'
must,'M AH S T',s,''
their,'DH EH R',s,''
that,'DH AE T',s,'AE'
let,'L EH T',s,''
it,'IH T',s,'IH'
be,'B IY',s,'IY'
so,'S OW',s,''
and,'AH N D',s,''
let,'L EH T',s,''
this,'DH IH S',s,'IH'
his,'HH IH Z',s,'IH'
latest,'L EY T AH S T',s,'EY'
to,'T UW',s,'UW'
their,'DH EH R',s,''
souls,'S OW L Z',s,''
in,'IH N',s,'IH'
and,'AH N D',s,''
rest,'R EH S T',s,''
you,'Y UW',s,'UW'
my,'M AY',s,'AY'
sons,'S AH N Z',s,''
you,'Y UW',s,'UW'
in,'IH N',s,'IH'
rest,'R EH S T',s,''
from,'F R AH M',s,''
chances,'CH AE N S AH Z',s,'AE'
and,'AH N D',s,''
mishaps,'M IH S AW P S',s,'IH'
no,'N OW',s,''
treason,'T R IY Z AH N',s,'IY'
no,'N OW',s,''
no,'N OW',s,''
drugs,'D r ɤ G Z',s,''
no,'N OW',s,''
storms,'S T AO R M Z',s,'AO'
no,'N OW',s,''
but,'B AH T',s,''
and,'AH N D',s,''
sleep,'S L IY P',s,'IY'
in,'IH N',s,'IH'
and,'AH N D',s,''
rest,'R EH S T',s,''
you,'Y UW',s,'UW'
my,'M AY',s,'AY'
sons,'S AH N Z',s,''
that,'DH AE T',s,'AE'
hast,'HH AE S T',s,'AE'
thus,'DH ɤ S',s,''
the,'DH AH',s,''
cordial,'K AO R JH AH L',s,'AO'
of,'AH V',s,''
to,'T UW',s,'UW'
glad,'G L AE D',s,'AE'
my,'M AY',s,'AY'
heart,'HH AA R T',s,'AA'
and,'AH N D',s,''
for,'F AO R',s,'AO'
thanks,'TH AE NG K S',s,'AE'
marcus,'M AA R K AH S',s,'AA'
a,'AH',s,''
better,'B e T ə R',s,''
body,'B AA D IY',s,'AA IY'
fits,'F IH T S',s,'IH'
than,'DH AE N',s,'AE'
his,'HH IH Z',s,'IH'
that,'DH AE T',s,'AE'
for,'F AO R',s,'AO'
and,'AH N D',s,''
what,'W AH T',s,''
i,'AY',s,'AY'
don,'D AA N',s,'AA'
this,'DH IH S',s,'IH'
and,'AH N D',s,''
you,'Y UW',s,'UW'
be,'B IY',s,'IY'
with,'W IH DH',s,'IH'
proclamations,'P R AA K L AH M EY SH AH N Z',s,'AA EY'
yield,'Y IY L D',s,'IY'
up,'AH P',s,''
resign,'r IH S ǝ IH N',s,'IH IH'
my,'M AY',s,'AY'
and,'AH N D',s,''
set,'S EH T',s,''
abroad,'AH B R AO D',s,'AO'
for,'F AO R',s,'AO'
you,'Y UW',s,'UW'
all,'AA L',s,'AA'
i,'AY',s,'AY'
been,'B IH N',s,'IH'
forty,'F AO R T IY',s,'AO IY'
years,'Y IH R Z',s,'IH'
and,'AH N D',s,''
led,'L EH D',s,''
my,'M AY',s,'AY'
strength,'S T R EH NG K TH',s,''
and,'AH N D',s,''
and,'AH N D',s,''
sons,'S AH N Z',s,''
in,'IH N',s,'IH'
field,'F IY L D',s,'IY'
slain,'S L EH N',s,''
in,'IH N',s,'IH'
arms,'AA R M Z',s,'AA'
in,'IH N',s,'IH'
and,'AH N D',s,''
of,'AH V',s,''
their,'DH EH R',s,''
country,'K AH N T R IY',s,'IY'
me,'M IY',s,'IY'
a,'AH',s,''
staff,'S T AE F',s,'AE'
of,'AH V',s,''
for,'F AO R',s,'AO'
but,'B AH T',s,''
not,'N AA T',s,'AA'
a,'AH',s,''
to,'T UW',s,'UW'
control,'K ǝ N T r OW L',s,''
the,'DH AH',s,''
he,'HH IY',s,'IY'
held,'HH EH L D',s,''
it,'IH T',s,'IH'
lords,'L AO R D Z',s,'AO'
that,'DH AE T',s,'AE'
held,'HH EH L D',s,''
it,'IH T',s,'IH'
last,'L AE S T',s,'AE'
content,'K ǝ N T e N T',s,''
thee,'DH IY',s,'IY'
i,'AY',s,'AY'
will,'W IH L',s,'IH'
to,'T UW',s,'UW'
thee,'DH IY',s,'IY'
the,'DH AH',s,''
hearts,'HH AA R T S',s,'AA'
and,'AH N D',s,''
wean,'W IY N',s,'IY'
them,'DH EH M',s,''
from,'F R AH M',s,''
of,'AH V',s,''
and,'AH N D',s,''
i,'AY',s,'AY'
ask,'AW S K',s,''
your,'Y AO R',s,'AO'
voices,'V OY S AH Z',s,''
and,'AH N D',s,''
your,'Y AO R',s,'AO'
sufffrages,'S ɤ F r IH D ZH IH Z',s,'IH IH'
will,'W IH L',s,'IH'
you,'Y UW',s,'UW'
them,'DH EH M',s,''
friendly,'F r e N L ǝ IH',s,'IH'
on,'AA N',s,'AA'
i,'AY',s,'AY'
thank,'TH AE NG K',s,'AE'
you,'Y UW',s,'UW'
and,'AH N D',s,''
this,'DH IH S',s,'IH'
suit,'SH UW T',s,'UW'
i,'AY',s,'AY'
that,'DH AE T',s,'AE'
you,'Y UW',s,'UW'
our,'OW R',s,''
eldest,'EH L D AH S T',s,''
son,'S AO ̃',s,'AO'
lord,'L AO R D',s,'AO'
will,'W IH L',s,'IH'
i,'AY',s,'AY'
reflect,'R AH F L EH K T',s,''
on,'AA N',s,'AA'
as,'AE Z',s,'AE'
on,'AA N',s,'AA'
and,'AH N D',s,''
ripen,'R AY P AH N',s,'AY'
in,'IH N',s,'IH'
this,'DH IH S',s,'IH'
then,'DH EH N',s,''
if,'IH F',s,'IH'
you,'Y UW',s,'UW'
will,'W IH L',s,'IH'
elect,'IH L EH K T',s,'IH'
by,'B AY',s,'AY'
my,'M AY',s,'AY'
crown,'K r ǝ UH N',s,'UH'
him,'HH IH M',s,'IH'
and,'AH N D',s,''
our,'OW R',s,''
it,'IH T',s,'IH'
doth,'D AO TH',s,'AO'
my,'M AY',s,'AY'
lord,'L AO R D',s,'AO'
and,'AH N D',s,''
in,'IH N',s,'IH'
this,'DH IH S',s,'IH'
i,'AY',s,'AY'
me,'M IY',s,'IY'
of,'AH V',s,''
your,'Y AO R',s,'AO'
and,'AH N D',s,''
in,'IH N',s,'IH'
of,'AH V',s,''
to,'T UW',s,'UW'
and,'AH N D',s,''
commander,'K ǝ M AW N D ǝ R',s,''
of,'AH V',s,''
our,'OW R',s,''
the,'DH AH',s,''
do,'D OW',s,''
i,'AY',s,'AY'
my,'M AY',s,'AY'
my,'M AY',s,'AY'
and,'AH N D',s,''
my,'M AY',s,'AY'
presents,'P r IH Z e N T S',s,'IH'
well,'W EH L',s,''
lord,'L AO R D',s,'AO'
them,'DH EH M',s,''
then,'DH EH N',s,''
the,'DH AH',s,''
that,'DH AE T',s,'AE'
i,'AY',s,'AY'
we,'OW',s,''
ensigns,'e N S ǝ IH N Z',s,'IH'
humbled,'HH AH M B AH L D',s,''
at,'AE T',s,'AE'
feet,'F IY T',s,'IY'
madam,'M AE D AH M',s,'AE'
you,'Y UW',s,'UW'
to,'T UW',s,'UW'
an,'AE N',s,'AE'
to,'T UW',s,'UW'
him,'HH IH M',s,'IH'
that,'DH AE T',s,'AE'
for,'F AO R',s,'AO'
your,'Y AO R',s,'AO'
and,'AH N D',s,''
your,'Y AO R',s,'AO'
will,'W IH L',s,'IH'
you,'Y UW',s,'UW'
nobly,'N AA B L IY',s,'AA IY'
and,'AH N D',s,''
your,'Y AO R',s,'AO'
followers,'F ɒ L ǝ W ǝ R Z',s,''
you,'Y UW',s,'UW'
in,'IH N',s,'IH'
earnest,'ɐ R N IH S T',s,'IH'
then,'DH EH N',s,''
my,'M AY',s,'AY'
lord,'L AO R D',s,'AO'
avaunt,'ǝ V AO N T',s,'AO'
is,'IH Z',s,'IH'
the,'DH AH',s,''
guard,'G AA R D',s,'AA'
treason,'T R IY Z AH N',s,'IY'
my,'M AY',s,'AY'
lord,'L AO R D',s,'AO'
is,'IH Z',s,'IH'
my,'M AY',s,'AY'
lord,'L AO R D',s,'AO'
and,'AH N D',s,''
soon,'S UW N',s,'UW'
back,'B AE K',s,'AE'
what,'W AH T',s,''
villain,'V IH L AH N',s,'IH'
me,'M IY',s,'IY'
my,'M AY',s,'AY'
in,'IH N',s,'IH'
nor,'N AO R',s,'AO'
thou,'DH AW',s,''
nor,'N AO R',s,'AO'
he,'HH IY',s,'IY'
sons,'S AH N Z',s,''
of,'AH V',s,''
my,'M AY',s,'AY'
sons,'S AH N Z',s,''
never,'N e V ǝ R',s,''
so,'S OW',s,''
me,'M IY',s,'IY'
to,'T UW',s,'UW'
the,'DH AH',s,''
o,'OW',s,''
what,'W AH T',s,''
reproachhful,'r IH P r OW T SH F UH L',s,'IH UH'
to,'T UW',s,'UW'
my,'M AY',s,'AY'
heart,'HH AA R T',s,'AA'
i,'AY',s,'AY'
am,'AE M',s,'AE'
not,'N AA T',s,'AA'
bid,'B IH D',s,'IH'
to,'T UW',s,'UW'
wait,'W EH T',s,''
upon,'AH P AA N',s,'AA'
this,'DH IH S',s,'IH'
titus,'T AY T AH S',s,'AY'
when,'ʍ e N',s,''
thou,'DH AW',s,''
wont,'W OW N T',s,''
to,'T UW',s,'UW'
thus,'DH ɤ S',s,''
and,'AH N D',s,''
of,'AH V',s,''
no,'N OW',s,''
foolish,'F UW L IH SH',s,'UW IH'
no,'N OW',s,''
no,'N OW',s,''
son,'S AO ̃',s,'AO'
of,'AH V',s,''
nor,'N AO R',s,'AO'
thou,'DH AW',s,''
nor,'N AO R',s,'AO'
in,'IH N',s,'IH'
the,'DH AH',s,''
deed,'D IY D',s,'IY'
that,'DH AE T',s,'AE'
hath,'HH AE TH',s,'AE'
all,'AA L',s,'AA'
our,'OW R',s,''
family,'F AE M AH L IY',s,'AE IY'
and,'AH N D',s,''
sons,'S AH N Z',s,''
he,'HH IY',s,'IY'
rests,'R EH S T S',s,''
not,'N AA T',s,'AA'
in,'IH N',s,'IH'
this,'DH IH S',s,'IH'
this,'DH IH S',s,'IH'
years,'Y IH R Z',s,'IH'
hath,'HH AE TH',s,'AE'
stood,'S T UH D',s,'UH'
i,'AY',s,'AY'
but,'B AH T',s,''
and,'AH N D',s,''
in,'IH N',s,'IH'
slain,'S L EH N',s,''
in,'IH N',s,'IH'
him,'HH IH M',s,'IH'
you,'Y UW',s,'UW'
can,'K AE N',s,'AE'
he,'HH IY',s,'IY'
not,'N AA T',s,'AA'
and,'AH N D',s,''
shall,'SH AE L',s,'AE'
what,'W AH T',s,''
villain,'V IH L AH N',s,'IH'
was,'W AA Z',s,'AA'
it,'IH T',s,'IH'
that,'DH AE T',s,'AE'
what,'W AH T',s,''
you,'Y UW',s,'UW'
him,'HH IH M',s,'IH'
in,'IH N',s,'IH'
my,'M AY',s,'AY'
marcus,'M AA R K AH S',s,'AA'
even,'IY V IH N',s,'IY IH'
thou,'DH AW',s,''
hast,'HH AE S T',s,'AE'
upon,'AH P AA N',s,'AA'
my,'M AY',s,'AY'
crest,'K R EH S T',s,''
and,'AH N D',s,''
with,'W IH DH',s,'IH'
thou,'DH AW',s,''
hast,'HH AE S T',s,'AE'
my,'M AY',s,'AY'
foes,'F OW Z',s,''
i,'AY',s,'AY'
do,'D OW',s,''
you,'Y UW',s,'UW'
every,'e V r ǝ IH',s,'IH'
so,'S OW',s,''
me,'M IY',s,'IY'
no,'N OW',s,''
but,'B AH T',s,''
get,'G EH T',s,''
you,'Y UW',s,'UW'
speak,'S P IY K',s,'IY'
thou,'DH AW',s,''
no,'N OW',s,''
if,'IH F',s,'IH'
all,'AA L',s,'AA'
the,'DH AH',s,''
rest,'R EH S T',s,''
will,'W IH L',s,'IH'
speed,'S P IY D',s,'IY'
marcus,'M AA R K AH S',s,'AA'
the,'DH AH',s,''
is,'IH Z',s,'IH'
this,'DH IH S',s,'IH'
that,'DH AE T',s,'AE'
i,'AY',s,'AY'
to,'T UW',s,'UW'
be,'B IY',s,'IY'
by,'B AY',s,'AY'
my,'M AY',s,'AY'
sons,'S AH N Z',s,''
in,'IH N',s,'IH'
well,'W EH L',s,''
him,'HH IH M',s,'IH'
and,'AH N D',s,''
me,'M IY',s,'IY'
the,'DH AH',s,''
i,'AY',s,'AY'
not,'N AA T',s,'AA'
marcus,'M AA R K AH S',s,'AA'
but,'B AH T',s,''
i,'AY',s,'AY'
it,'IH T',s,'IH'
is,'IH Z',s,'IH'
by,'B AY',s,'AY'
or,'AO R',s,'AO'
no,'N OW',s,''
the,'DH AH',s,''
heavens,'HH EH V AH N Z',s,''
can,'K AE N',s,'AE'
tell,'T EH L',s,''
is,'IH Z',s,'IH'
she,'SH IY',s,'IY'
not,'N AA T',s,'AA'
then,'DH EH N',s,''
to,'T UW',s,'UW'
the,'DH AH',s,''
man,'M AE N',s,'AE'
that,'DH AE T',s,'AE'
for,'F AO R',s,'AO'
this,'DH IH S',s,'IH'
good,'G UH D',s,'UH'
turn,'T ɐ R N',s,''
so,'S OW',s,''
far,'F AA R',s,'AA'
yes,'Y IH S',s,'IH'
and,'AH N D',s,''
will,'W IH L',s,'IH'
nobly,'N AA B L IY',s,'AA IY'
him,'HH IH M',s,'IH'
to,'T UW',s,'UW'
plead,'P L IY D',s,'IY'
my,'M AY',s,'AY'
deeds,'D IY D Z',s,'IY'
thou,'DH AW',s,''
and,'AH N D',s,''
that,'DH AE T',s,'AE'
me,'M IY',s,'IY'
and,'AH N D',s,''
the,'DH AH',s,''
heavens,'HH EH V AH N Z',s,''
be,'B IY',s,'IY'
my,'M AY',s,'AY'
juge,'JH AH JH',s,''
i,'AY',s,'AY'
and,'AH N D',s,''
i,'AY',s,'AY'
thank,'TH AE NG K',s,'AE'
your,'Y AO R',s,'AO'
majesty,'M AE JH AH S T IY',s,'AE IY'
and,'AH N D',s,''
my,'M AY',s,'AY'
lord,'L AO R D',s,'AO'
looks,'L UH K S',s,'UH'
in,'IH N',s,'IH'
me,'M IY',s,'IY'
an,'AE N',s,'AE'
it,'IH T',s,'IH'
your,'Y AO R',s,'AO'
majesty,'M AE JH AH S T IY',s,'AE IY'
to,'T UW',s,'UW'
the,'DH AH',s,''
panther,'P AW N TH ǝ R',s,''
and,'AH N D',s,''
the,'DH AH',s,''
with,'W IH DH',s,'IH'
me,'M IY',s,'IY'
with,'W IH DH',s,'IH'
horn,'HH AO R N',s,'AO'
and,'AH N D',s,''
hound,'ǝ UH N D',s,'UH'
your,'Y AO R',s,'AO'
bonjour,'B AH N ZH UH R',s,'UH'
the,'DH AH',s,''
is,'IH Z',s,'IH'
up,'AH P',s,''
the,'DH AH',s,''
moon,'M UW N',s,'UW'
is,'IH Z',s,'IH'
and,'AH N D',s,''
the,'DH AH',s,''
fields,'F IY L D Z',s,'IY'
fragrant,'F R EY G R AH N T',s,'EY'
and,'AH N D',s,''
the,'DH AH',s,''
woods,'W UH D Z',s,'UH'
green,'G R IY N',s,'IY'
and,'AH N D',s,''
let,'L EH T',s,''
us,'AH S',s,''
a,'AH',s,''
and,'AH N D',s,''
the,'DH AH',s,''
and,'AH N D',s,''
his,'HH IH Z',s,'IH'
lovely,'L ɤ V L ǝ IH',s,'IH'
and,'AH N D',s,''
the,'DH AH',s,''
and,'AH N D',s,''
a,'AH',s,''
peal,'P IY L',s,'IY'
that,'DH AE T',s,'AE'
all,'AA L',s,'AA'
the,'DH AH',s,''
court,'K AO R T',s,'AO'
echo,'e K OW',s,''
with,'W IH DH',s,'IH'
the,'DH AH',s,''
sons,'S AH N Z',s,''
let,'L EH T',s,''
it,'IH T',s,'IH'
be,'B IY',s,'IY'
your,'Y AO R',s,'AO'
as,'AE Z',s,'AE'
it,'IH T',s,'IH'
is,'IH Z',s,'IH'
ours,'OW R Z',s,''
to,'T UW',s,'UW'
attend,'AH T EH N D',s,''
the,'DH AH',s,''
i,'AY',s,'AY'
been,'B IH N',s,'IH'
troubled,'T r ɤ B ǝ L D',s,''
in,'IH N',s,'IH'
my,'M AY',s,'AY'
sleep,'S L IY P',s,'IY'
this,'DH IH S',s,'IH'
but,'B AH T',s,''
comfort,'K ɤ M F ǝ R T',s,''
hath,'HH AE TH',s,'AE'
good,'G UH D',s,'UH'
to,'T UW',s,'UW'
your,'Y AO R',s,'AO'
majesty,'M AE JH AH S T IY',s,'AE IY'
madam,'M AE D AH M',s,'AE'
to,'T UW',s,'UW'
you,'Y UW',s,'UW'
as,'AE Z',s,'AE'
and,'AH N D',s,''
as,'AE Z',s,'AE'
good,'G UH D',s,'UH'
i,'AY',s,'AY'
your,'Y AO R',s,'AO'
a,'AH',s,''
peal,'P IY L',s,'IY'
and,'AH N D',s,''
i,'AY',s,'AY'
will,'W IH L',s,'IH'
the,'DH AH',s,''
and,'AH N D',s,''
runs,'R AH N Z',s,''
the,'DH AH',s,''
plain,'P L EH N',s,''
upon,'AH P AA N',s,'AA'
my,'M AY',s,'AY'
i,'AY',s,'AY'
beg,'B EH G',s,''
this,'DH IH S',s,'IH'
boon,'B UW N',s,'UW'
with,'W IH DH',s,'IH'
tears,'T EH R Z',s,''
not,'N AA T',s,'AA'
lightly,'L ǝ IH T L ǝ IH',s,'IH IH'
shed,'SH EH D',s,''
that,'DH AE T',s,'AE'
this,'DH IH S',s,'IH'
fell,'F EH L',s,''
fault,'F AO L T',s,'AO'
of,'AH V',s,''
my,'M AY',s,'AY'
sons,'S AH N Z',s,''
if,'IH F',s,'IH'
the,'DH AH',s,''
faults,'F AO L T S',s,'AO'
be,'B IY',s,'IY'
in,'IH N',s,'IH'
them,'DH EH M',s,''
i,'AY',s,'AY'
did,'D IH D',s,'IH'
my,'M AY',s,'AY'
lord,'L AO R D',s,'AO'
yet,'Y EH T',s,''
let,'L EH T',s,''
me,'M IY',s,'IY'
be,'B IY',s,'IY'
their,'DH EH R',s,''
bail,'B EY L',s,'EY'
for,'F AO R',s,'AO'
by,'B AY',s,'AY'
my,'M AY',s,'AY'
i,'AY',s,'AY'
vow,'V ǝ UH',s,'UH'
shall,'SH AE L',s,'AE'
be,'B IY',s,'IY'
ready,'R EH D IY',s,'IY'
at,'AE T',s,'AE'
your,'Y AO R',s,'AO'
will,'W IH L',s,'IH'
to,'T UW',s,'UW'
their,'DH EH R',s,''
suspicion,'S AH S P IH SH AH N',s,'IH'
with,'W IH DH',s,'IH'
their,'DH EH R',s,''
lucius,'L UW SH AH S',s,'UW'
not,'N AA T',s,'AA'
to,'T UW',s,'UW'
with,'W IH DH',s,'IH'
them,'DH EH M',s,''
me,'M IY',s,'IY'
for,'F AO R',s,'AO'
of,'AH V',s,''
youth,'Y UW TH',s,'UW'
was,'W AA Z',s,'AA'
spent,'S P EH N T',s,''
in,'IH N',s,'IH'
wars,'W AO R Z',s,'AO'
you,'Y UW',s,'UW'
securely,'S IH K Y UH R L IY',s,'IH UH IY'
slept,'S L EH P T',s,''
for,'F AO R',s,'AO'
all,'AA L',s,'AA'
my,'M AY',s,'AY'
blood,'B L AH D',s,''
in,'IH N',s,'IH'
great,'G r e T',s,''
shed,'SH EH D',s,''
for,'F AO R',s,'AO'
all,'AA L',s,'AA'
the,'DH AH',s,''
that,'DH AE T',s,'AE'
i,'AY',s,'AY'
and,'AH N D',s,''
for,'F AO R',s,'AO'
tears,'T EH R Z',s,''
you,'Y UW',s,'UW'
see,'S IY',s,'IY'
the,'DH AH',s,''
wrinkles,'R IH NG K AH L Z',s,'IH'
in,'IH N',s,'IH'
my,'M AY',s,'AY'
cheeks,'CH IY K S',s,'IY'
be,'B IY',s,'IY'
to,'T UW',s,'UW'
my,'M AY',s,'AY'
sons,'S AH N Z',s,''
souls,'S OW L Z',s,''
is,'IH Z',s,'IH'
not,'N AA T',s,'AA'
corrupted,'K ǝ r ɤ P T IH D',s,'IH'
as,'AE Z',s,'AE'
for,'F AO R',s,'AO'
sons,'S AH N Z',s,''
i,'AY',s,'AY'
never,'N e V ǝ R',s,''
wept,'W EH P T',s,''
died,'D AY D',s,'AY'
in,'IH N',s,'IH'
bed,'B EH D',s,''
for,'F AO R',s,'AO'
in,'IH N',s,'IH'
the,'DH AH',s,''
dust,'D AH S T',s,''
i,'AY',s,'AY'
my,'M AY',s,'AY'
deep,'D IY P',s,'IY'
languor,'L AW NG G ǝ R',s,''
and,'AH N D',s,''
my,'M AY',s,'AY'
sad,'S AE D',s,'AE'
tears,'T EH R Z',s,''
let,'L EH T',s,''
my,'M AY',s,'AY'
tears,'T EH R Z',s,''
the,'DH AH',s,''
my,'M AY',s,'AY'
sweet,'S W IY T',s,'IY'
blood,'B L AH D',s,''
will,'W IH L',s,'IH'
it,'IH T',s,'IH'
and,'AH N D',s,''
blush,'B L ɤ SH',s,''
o,'OW',s,''
i,'AY',s,'AY'
will,'W IH L',s,'IH'
befriend,'B IH F R EH N D',s,'IH'
thee,'DH IY',s,'IY'
with,'W IH DH',s,'IH'
rain,'r EH N',s,''
that,'DH AE T',s,'AE'
shall,'SH AE L',s,'AE'
distil,'D IH S T IH L',s,'IH IH'
from,'F R AH M',s,''
ancient,'EY N CH AH N T',s,'EY'
than,'DH AE N',s,'AE'
april,'EH P r IH L',s,'IH'
shall,'SH AE L',s,'AE'
with,'W IH DH',s,'IH'
all,'AA L',s,'AA'
his,'HH IH Z',s,'IH'
in,'IH N',s,'IH'
drop,'D R AA P',s,'AA'
upon,'AH P AA N',s,'AA'
thee,'DH IY',s,'IY'
still,'S T IH L',s,'IH'
in,'IH N',s,'IH'
with,'W IH DH',s,'IH'
warm,'W AA R M',s,'AA'
tears,'T EH R Z',s,''
melt,'M EH L T',s,''
the,'DH AH',s,''
and,'AH N D',s,''
keep,'K IY P',s,'IY'
on,'AA N',s,'AA'
so,'S OW',s,''
thou,'DH AW',s,''
to,'T UW',s,'UW'
drink,'D R IH NG K',s,'IH'
my,'M AY',s,'AY'
dear,'D IY R',s,'IY'
blood,'B L AH D',s,''
o,'OW',s,''
o,'OW',s,''
men,'M EH N',s,''
my,'M AY',s,'AY'
sons,'S AH N Z',s,''
the,'DH AH',s,''
doom,'D ɤ M',s,''
of,'AH V',s,''
death,'D EH TH',s,''
and,'AH N D',s,''
let,'L EH T',s,''
me,'M IY',s,'IY'
that,'DH AE T',s,'AE'
never,'N e V ǝ R',s,''
wept,'W EH P T',s,''
my,'M AY',s,'AY'
tears,'T EH R Z',s,''
lucius,'L UW SH AH S',s,'UW'
for,'F AO R',s,'AO'
let,'L EH T',s,''
me,'M IY',s,'IY'
plead,'P L IY D',s,'IY'
i,'AY',s,'AY'
of,'AH V',s,''
you,'Y UW',s,'UW'
whhy,'ʍ ǝ IH',s,'IH'
no,'N OW',s,''
matter,'M AW T ǝ R',s,''
man,'M AE N',s,'AE'
if,'IH F',s,'IH'
did,'D IH D',s,'IH'
not,'N AA T',s,'AA'
mark,'M AA R K',s,'AA'
me,'M IY',s,'IY'
if,'IH F',s,'IH'
did,'D IH D',s,'IH'
mark,'M AA R K',s,'AA'
not,'N AA T',s,'AA'
me,'M IY',s,'IY'
yet,'Y EH T',s,''
plead,'P L IY D',s,'IY'
i,'AY',s,'AY'
must,'M AH S T',s,''
and,'AH N D',s,''
unto,'AH N T UW',s,'UW'
them,'DH EH M',s,''
therefre,'DH EH R F AO R',s,'AO'
i,'AY',s,'AY'
tell,'T EH L',s,''
my,'M AY',s,'AY'
sorrows,'S ɒ r ǝ ǝ Z',s,''
to,'T UW',s,'UW'
the,'DH AH',s,''
who,'HH UW',s,'UW'
cannot,'K AE N AA T',s,'AE AA'
my,'M AY',s,'AY'
distress,'D IH S T R EH S',s,'IH'
yet,'Y EH T',s,''
in,'IH N',s,'IH'
sort,'S AO R T',s,'AO'
better,'B e T ə R',s,''
than,'DH AE N',s,'AE'
the,'DH AH',s,''
for,'F AO R',s,'AO'
that,'DH AE T',s,'AE'
will,'W IH L',s,'IH'
not,'N AA T',s,'AA'
my,'M AY',s,'AY'
when,'ʍ e N',s,''
i,'AY',s,'AY'
do,'D OW',s,''
weep,'W IY P',s,'IY'
humbly,'HH AH M B L IY',s,'IY'
at,'AE T',s,'AE'
my,'M AY',s,'AY'
feet,'F IY T',s,'IY'
my,'M AY',s,'AY'
tears,'T EH R Z',s,''
and,'AH N D',s,''
seem,'S IY M',s,'IY'
to,'T UW',s,'UW'
weep,'W IY P',s,'IY'
with,'W IH DH',s,'IH'
me,'M IY',s,'IY'
and,'AH N D',s,''
wre,'W ER',s,''
but,'B AH T',s,''
in,'IH N',s,'IH'
weeds,'W IY D Z',s,'IY'
afford,'ǝ F AO R D',s,'AO'
no,'N OW',s,''
to,'T UW',s,'UW'
a,'AH',s,''
is,'IH Z',s,'IH'
soft,'S AA F T',s,'AA'
as,'AE Z',s,'AE'
than,'DH AE N',s,'AE'
a,'AH',s,''
is,'IH Z',s,'IH'
silent,'S AY L AH N T',s,'AY'
and,'AH N D',s,''
not,'N AA T',s,'AA'
and,'AH N D',s,''
with,'W IH DH',s,'IH'
their,'DH EH R',s,''
doom,'D ɤ M',s,''
men,'M EH N',s,''
to,'T UW',s,'UW'
death,'D EH TH',s,''
but,'B AH T',s,''
thou,'DH AW',s,''
with,'W IH DH',s,'IH'
weapon,'W EH P AH N',s,''
o,'OW',s,''
man,'M AE N',s,'AE'
befriended,'B IH F R EH N D IH D',s,'IH IH'
thee,'DH IY',s,'IY'
whhy,'ʍ ǝ IH',s,'IH'
foolish,'F UW L IH SH',s,'UW IH'
lucius,'L UW SH AH S',s,'UW'
dost,'D AA S T',s,'AA'
thou,'DH AW',s,''
not,'N AA T',s,'AA'
percve,'P ER S IY V',s,'IY'
that,'DH AE T',s,'AE'
is,'IH Z',s,'IH'
but,'B AH T',s,''
a,'AH',s,''
wilderness,'W IH L D ǝ R N ǝ S',s,'IH'
of,'AH V',s,''
must,'M AH S T',s,''
and,'AH N D',s,''
affords,'ǝ F AO R D Z',s,'AO'
no,'N OW',s,''
but,'B AH T',s,''
me,'M IY',s,'IY'
and,'AH N D',s,''
art,'AA R T',s,'AA'
thou,'DH AW',s,''
then,'DH EH N',s,''
from,'F R AH M',s,''
to,'T UW',s,'UW'
be,'B IY',s,'IY'
but,'B AH T',s,''
who,'HH UW',s,'UW'
with,'W IH DH',s,'IH'
our,'OW R',s,''
marcus,'M AA R K AH S',s,'AA'
will,'W IH L',s,'IH'
it,'IH T',s,'IH'
me,'M IY',s,'IY'
let,'L EH T',s,''
me,'M IY',s,'IY'
see,'S IY',s,'IY'
it,'IH T',s,'IH'
then,'DH EH N',s,''
whhy,'ʍ ǝ IH',s,'IH'
marcus,'M AA R K AH S',s,'AA'
so,'S OW',s,''
she,'SH IY',s,'IY'
is,'IH Z',s,'IH'
arse,'ER AY Z',s,'AY'
and,'AH N D',s,''
look,'L UH K',s,'UH'
upon,'AH P AA N',s,'AA'
speak,'S P IY K',s,'IY'
what,'W AH T',s,''
hath,'HH AE TH',s,'AE'
thee,'DH IY',s,'IY'
in,'IH N',s,'IH'
what,'W AH T',s,''
fool,'F UH L',s,'UH'
hath,'HH AE TH',s,'AE'
added,'AE D AH D',s,'AE'
water,'W AA T ǝ R',s,'AA'
to,'T UW',s,'UW'
the,'DH AH',s,''
sea,'S IY',s,'IY'
or,'AO R',s,'AO'
a,'AH',s,''
faggot,'F AE G AH T',s,'AE'
to,'T UW',s,'UW'
troy,'T r ǝ IH',s,'IH'
my,'M AY',s,'AY'
grief,'G R IY F',s,'IY'
was,'W AA Z',s,'AA'
at,'AE T',s,'AE'
the,'DH AH',s,''
thou,'DH AW',s,''
and,'AH N D',s,''
it,'IH T',s,'IH'
disdaineth,'D IH S D EH N ǝ TH',s,'IH'
bounds,'B AW N D Z',s,''
me,'M IY',s,'IY'
a,'AH',s,''
chop,'CH AA P',s,'AA'
off,'AO F',s,'AO'
my,'M AY',s,'AY'
too,'T UW',s,'UW'
for,'F AO R',s,'AO'
for,'F AO R',s,'AO'
and,'AH N D',s,''
all,'AA L',s,'AA'
in,'IH N',s,'IH'
vain,'V EY N',s,'EY'
and,'AH N D',s,''
this,'DH IH S',s,'IH'
woe,'W OW',s,''
in,'IH N',s,'IH'
in,'IH N',s,'IH'
been,'B IH N',s,'IH'
held,'HH EH L D',s,''
up,'AH P',s,''
and,'AH N D',s,''
me,'M IY',s,'IY'
to,'T UW',s,'UW'
all,'AA L',s,'AA'
the,'DH AH',s,''
i,'AY',s,'AY'
of,'AH V',s,''
them,'DH EH M',s,''
is,'IH Z',s,'IH'
that,'DH AE T',s,'AE'
the,'DH AH',s,''
will,'W IH L',s,'IH'
to,'T UW',s,'UW'
cut,'K ɤ T',s,''
the,'DH AH',s,''
well,'W EH L',s,''
that,'DH AE T',s,'AE'
thou,'DH AW',s,''
hast,'HH AE S T',s,'AE'
no,'N OW',s,''
for,'F AO R',s,'AO'
to,'T UW',s,'UW'
do,'D OW',s,''
is,'IH Z',s,'IH'
but,'B AH T',s,''
vain,'V EY N',s,'EY'
it,'IH T',s,'IH'
was,'W AA Z',s,'AA'
my,'M AY',s,'AY'
dear,'D IY R',s,'IY'
and,'AH N D',s,''
he,'HH IY',s,'IY'
that,'DH AE T',s,'AE'
hath,'HH AE TH',s,'AE'
me,'M IY',s,'IY'
than,'DH AE N',s,'AE'
had,'HH AE D',s,'AE'
he,'HH IY',s,'IY'
me,'M IY',s,'IY'
dead,'D EH D',s,''
for,'F AO R',s,'AO'
i,'AY',s,'AY'
stand,'S T AE N D',s,'AE'
as,'AE Z',s,'AE'
upon,'AH P AA N',s,'AA'
a,'AH',s,''
rock,'R AA K',s,'AA'
with,'W IH DH',s,'IH'
a,'AH',s,''
wilderness,'W IH L D ǝ R N ǝ S',s,'IH'
of,'AH V',s,''
sea,'S IY',s,'IY'
who,'HH UW',s,'UW'
marks,'M AA R K S',s,'AA'
the,'DH AH',s,''
waxing,'W AW K S IH N',s,'IH'
by,'B AY',s,'AY'
expecting,'IH K S P EH K T IH NG',s,'IH IH'
when,'ʍ e N',s,''
will,'W IH L',s,'IH'
in,'IH N',s,'IH'
his,'HH IH Z',s,'IH'
bowels,'B ə UH ə L Z',s,'UH'
him,'HH IH M',s,'IH'
this,'DH IH S',s,'IH'
to,'T UW',s,'UW'
death,'D EH TH',s,''
my,'M AY',s,'AY'
sons,'S AH N Z',s,''
stands,'S T AE N D Z',s,'AE'
my,'M AY',s,'AY'
son,'S AO ̃',s,'AO'
a,'AH',s,''
man,'M AE N',s,'AE'
and,'AH N D',s,''
my,'M AY',s,'AY'
at,'AE T',s,'AE'
my,'M AY',s,'AY'
woes,'W OW Z',s,''
but,'B AH T',s,''
that,'DH AE T',s,'AE'
my,'M AY',s,'AY'
soul,'S OW L',s,''
the,'DH AH',s,''
greatest,'G r e T ǝ S T',s,''
spurn,'S P ɐ R N',s,''
is,'IH Z',s,'IH'
dear,'D IY R',s,'IY'
dearer,'D IY r ǝ R',s,'IY'
than,'DH AE N',s,'AE'
my,'M AY',s,'AY'
soul,'S OW L',s,''
had,'HH AE D',s,'AE'
i,'AY',s,'AY'
but,'B AH T',s,''
seen,'S IY N',s,'IY'
pictre,'P IH K CH ER',s,'IH'
in,'IH N',s,'IH'
this,'DH IH S',s,'IH'
it,'IH T',s,'IH'
me,'M IY',s,'IY'
what,'W AH T',s,''
shall,'SH AE L',s,'AE'
i,'AY',s,'AY'
do,'D OW',s,''
i,'AY',s,'AY'
behold,'B IH HH OW L D',s,'IH'
body,'B AA D IY',s,'AA IY'
so,'S OW',s,''
thou,'DH AW',s,''
hast,'HH AE S T',s,'AE'
no,'N OW',s,''
to,'T UW',s,'UW'
tears,'T EH R Z',s,''
nor,'N AO R',s,'AO'
to,'T UW',s,'UW'
tell,'T EH L',s,''
me,'M IY',s,'IY'
who,'HH UW',s,'UW'
hath,'HH AE TH',s,'AE'
thee,'DH IY',s,'IY'
he,'HH IY',s,'IY'
is,'IH Z',s,'IH'
dead,'D EH D',s,''
and,'AH N D',s,''
for,'F AO R',s,'AO'
his,'HH IH Z',s,'IH'
death,'D EH TH',s,''
and,'AH N D',s,''
dead,'D EH D',s,''
by,'B AY',s,'AY'
this,'DH IH S',s,'IH'
look,'L UH K',s,'UH'
son,'S AO ̃',s,'AO'
lucius,'L UW SH AH S',s,'UW'
look,'L UH K',s,'UH'
on,'AA N',s,'AA'
when,'ʍ e N',s,''
i,'AY',s,'AY'
did,'D IH D',s,'IH'
then,'DH EH N',s,''
fresh,'F R EH SH',s,''
tears,'T EH R Z',s,''
stood,'S T UH D',s,'UH'
on,'AA N',s,'AA'
cheeks,'CH IY K S',s,'IY'
as,'AE Z',s,'AE'
doth,'D AO TH',s,'AO'
the,'DH AH',s,''
upon,'AH P AA N',s,'AA'
a,'AH',s,''
lily,'L IH L IY',s,'IH IY'
almost,'AA L M OW S T',s,'AA'
if,'IH F',s,'IH'
did,'D IH D',s,'IH'
kill,'K IH L',s,'IH'
then,'DH EH N',s,''
be,'B IY',s,'IY'
the,'DH AH',s,''
hath,'HH AE TH',s,'AE'
on,'AA N',s,'AA'
them,'DH EH M',s,''
no,'N OW',s,''
no,'N OW',s,''
not,'N AA T',s,'AA'
do,'D OW',s,''
so,'S OW',s,''
a,'AH',s,''
deed,'D IY D',s,'IY'
witness,'W IH T N AH S',s,'IH'
the,'DH AH',s,''
that,'DH AE T',s,'AE'
their,'DH EH R',s,''
let,'L EH T',s,''
me,'M IY',s,'IY'
kiss,'K IH S',s,'IH'
lips,'L IH P S',s,'IH'
or,'AO R',s,'AO'
sign,'S ǝ IH N',s,'IH'
i,'AY',s,'AY'
do,'D OW',s,''
thee,'DH IY',s,'IY'
shall,'SH AE L',s,'AE'
good,'G UH D',s,'UH'
and,'AH N D',s,''
lucius,'L UW SH AH S',s,'UW'
and,'AH N D',s,''
thou,'DH AW',s,''
and,'AH N D',s,''
i,'AY',s,'AY'
sit,'S IH T',s,'IH'
all,'AA L',s,'AA'
downwards,'D ǝ UH N W ǝ R D Z',s,'UH'
to,'T UW',s,'UW'
behold,'B IH HH OW L D',s,'IH'
our,'OW R',s,''
cheeks,'CH IY K S',s,'IY'
yet,'Y EH T',s,''
not,'N AA T',s,'AA'
with,'W IH DH',s,'IH'
left,'L EH F T',s,''
on,'AA N',s,'AA'
them,'DH EH M',s,''
by,'B AY',s,'AY'
a,'AH',s,''
flood,'F L AH D',s,''
and,'AH N D',s,''
in,'IH N',s,'IH'
the,'DH AH',s,''
shall,'SH AE L',s,'AE'
we,'W IY',s,'IY'
so,'S OW',s,''
till,'T IH L',s,'IH'
the,'DH AH',s,''
fresh,'F R EH SH',s,''
be,'B IY',s,'IY'
taken,'T EY K AH N',s,'EY'
from,'F R AH M',s,''
that,'DH AE T',s,'AE'
and,'AH N D',s,''
a,'AH',s,''
pit,'P IH T',s,'IH'
with,'W IH DH',s,'IH'
our,'OW R',s,''
tears,'T EH R Z',s,''
or,'AO R',s,'AO'
shall,'SH AE L',s,'AE'
we,'W IY',s,'IY'
cut,'K ɤ T',s,''
our,'OW R',s,''
or,'AO R',s,'AO'
shall,'SH AE L',s,'AE'
we,'W IY',s,'IY'
our,'OW R',s,''
and,'AH N D',s,''
in,'IH N',s,'IH'
pass,'P AE S',s,'AE'
the,'DH AH',s,''
remainder,'r IH M EH N D ǝ R',s,'IH'
of,'AH V',s,''
our,'OW R',s,''
what,'W AH T',s,''
shall,'SH AE L',s,'AE'
we,'W IY',s,'IY'
do,'D OW',s,''
let,'L EH T',s,''
us,'AH S',s,''
that,'DH AE T',s,'AE'
our,'OW R',s,''
plot,'P L AA T',s,'AA'
of,'AH V',s,''
to,'T UW',s,'UW'
us,'AH S',s,''
at,'AE T',s,'AE'
in,'IH N',s,'IH'
to,'T UW',s,'UW'
marcus,'M AA R K AH S',s,'AA'
marcus,'M AA R K AH S',s,'AA'
well,'W EH L',s,''
i,'AY',s,'AY'
napkin,'N AE P K IH N',s,'AE IH'
cannot,'K AE N AA T',s,'AE AA'
drink,'D R IH NG K',s,'IH'
a,'AH',s,''
tear,'T IY R',s,'IY'
of,'AH V',s,''
for,'F AO R',s,'AO'
thou,'DH AW',s,''
poor,'P UH R',s,'UH'
man,'M AE N',s,'AE'
hast,'HH AE S T',s,'AE'
drowned,'D r ǝ UH N IH D',s,'UH IH'
it,'IH T',s,'IH'
with,'W IH DH',s,'IH'
mark,'M AA R K',s,'AA'
marcus,'M AA R K AH S',s,'AA'
mark,'M AA R K',s,'AA'
i,'AY',s,'AY'
signs,'S ǝ IH N Z',s,'IH'
had,'HH AE D',s,'AE'
she,'SH IY',s,'IY'
a,'AH',s,''
to,'T UW',s,'UW'
speak,'S P IY K',s,'IY'
she,'SH IY',s,'IY'
that,'DH AE T',s,'AE'
to,'T UW',s,'UW'
i,'AY',s,'AY'
said,'S EH D',s,''
to,'T UW',s,'UW'
thee,'DH IY',s,'IY'
his,'HH IH Z',s,'IH'
napkin,'N AE P K IH N',s,'AE IH'
with,'W IH DH',s,'IH'
his,'HH IH Z',s,'IH'
true,'T R UW',s,'UW'
tears,'T EH R Z',s,''
all,'AA L',s,'AA'
bewet,'B IH W e T',s,'IH'
can,'K AE N',s,'AE'
do,'D OW',s,''
no,'N OW',s,''
on,'AA N',s,'AA'
cheeks,'CH IY K S',s,'IY'
o,'OW',s,''
what,'W AH T',s,''
a,'AH',s,''
of,'AH V',s,''
woe,'W OW',s,''
is,'IH Z',s,'IH'
this,'DH IH S',s,'IH'
as,'AE Z',s,'AE'
far,'F AA R',s,'AA'
from,'F R AH M',s,''
as,'AE Z',s,'AE'
limbo,'L IH M B OW',s,'IH'
is,'IH Z',s,'IH'
from,'F R AH M',s,''
bliss,'B L IH S',s,'IH'
o,'OW',s,''
o,'OW',s,''
aaron,'EH R AH N',s,''
did,'D IH D',s,'IH'
raven,'R EY V AH N',s,'EY'
so,'S OW',s,''
a,'AH',s,''
lark,'L AA R K',s,'AA'
that,'DH AE T',s,'AE'
sweet,'S W IY T',s,'IY'
tidings,'T ǝ IH D IH N Z',s,'IH IH'
of,'AH V',s,''
the,'DH AH',s,''
with,'W IH DH',s,'IH'
all,'AA L',s,'AA'
my,'M AY',s,'AY'
heart,'HH AA R T',s,'AA'
send,'S EH N D',s,''
the,'DH AH',s,''
my,'M AY',s,'AY'
good,'G UH D',s,'UH'
aaron,'EH R AH N',s,''
wilt,'W IH L T',s,'IH'
thou,'DH AW',s,''
to,'T UW',s,'UW'
chop,'CH AA P',s,'AA'
it,'IH T',s,'IH'
off,'AO F',s,'AO'
no,'N OW',s,''
as,'AE Z',s,'AE'
meet,'M IY T',s,'IY'
for,'F AO R',s,'AO'
up,'AH P',s,''
and,'AH N D',s,''
therefre,'DH EH R F AO R',s,'AO'
agree,'ǝ ɡ r IY',s,'IY'
between,'B IH T W IY N',s,'IH IY'
you,'Y UW',s,'UW'
i,'AY',s,'AY'
will,'W IH L',s,'IH'
my,'M AY',s,'AY'
aaron,'EH R AH N',s,''
them,'DH EH M',s,''
both,'B OW TH',s,''
lend,'L EH N D',s,''
me,'M IY',s,'IY'
and,'AH N D',s,''
i,'AY',s,'AY'
will,'W IH L',s,'IH'
thee,'DH IY',s,'IY'
your,'Y AO R',s,'AO'
what,'W AH T',s,''
shall,'SH AE L',s,'AE'
be,'B IY',s,'IY'
is,'IH Z',s,'IH'
good,'G UH D',s,'UH'
aaron,'EH R AH N',s,''
his,'HH IH Z',s,'IH'
majesty,'M AE JH AH S T IY',s,'AE IY'
my,'M AY',s,'AY'
tell,'T EH L',s,''
him,'HH IH M',s,'IH'
it,'IH T',s,'IH'
was,'W AA Z',s,'AA'
a,'AH',s,''
that,'DH AE T',s,'AE'
warded,'W AO R D IH D',s,'AO IH'
him,'HH IH M',s,'IH'
from,'F R AH M',s,''
bid,'B IH D',s,'IH'
him,'HH IH M',s,'IH'
it,'IH T',s,'IH'
hath,'HH AE TH',s,'AE'
it,'IH T',s,'IH'
merited,'M EH R IH T IH D',s,'IH IH'
that,'DH AE T',s,'AE'
let,'L EH T',s,''
it,'IH T',s,'IH'
as,'AE Z',s,'AE'
for,'F AO R',s,'AO'
my,'M AY',s,'AY'
sons,'S AH N Z',s,''
i,'AY',s,'AY'
of,'AH V',s,''
them,'DH EH M',s,''
as,'AE Z',s,'AE'
purchased,'P ɐ R T SH IH S T',s,'IH'
at,'AE T',s,'AE'
an,'AE N',s,'AE'
and,'AH N D',s,''
yet,'Y EH T',s,''
dear,'D IY R',s,'IY'
too,'T UW',s,'UW'
i,'AY',s,'AY'
o,'OW',s,''
i,'AY',s,'AY'
lift,'L IH F T',s,'IH'
this,'DH IH S',s,'IH'
up,'AH P',s,''
to,'T UW',s,'UW'
heaven,'HH EH V AH N',s,''
and,'AH N D',s,''
this,'DH IH S',s,'IH'
to,'T UW',s,'UW'
the,'DH AH',s,''
if,'IH F',s,'IH'
tears,'T EH R Z',s,''
to,'T UW',s,'UW'
that,'DH AE T',s,'AE'
i,'AY',s,'AY'
call,'K AO L',s,'AO'
what,'W AH T',s,''
thou,'DH AW',s,''
with,'W IH DH',s,'IH'
me,'M IY',s,'IY'
do,'D OW',s,''
then,'DH EH N',s,''
dear,'D IY R',s,'IY'
heart,'HH AA R T',s,'AA'
for,'F AO R',s,'AO'
heaven,'HH EH V AH N',s,''
shall,'SH AE L',s,'AE'
our,'OW R',s,''
or,'AO R',s,'AO'
with,'W IH DH',s,'IH'
our,'OW R',s,''
the,'DH AH',s,''
dim,'D IH M',s,'IH'
and,'AH N D',s,''
stain,'S T EH N',s,''
the,'DH AH',s,''
sun,'S AH N',s,''
with,'W IH DH',s,'IH'
fog,'F AA G',s,'AA'
as,'AE Z',s,'AE'
sometme,'S AH M T AY M',s,'AY'
clouds,'K L AW D Z',s,''
when,'ʍ e N',s,''
do,'D OW',s,''
hug,'HH AH G',s,''
him,'HH IH M',s,'IH'
in,'IH N',s,'IH'
their,'DH EH R',s,''
is,'IH Z',s,'IH'
not,'N AA T',s,'AA'
my,'M AY',s,'AY'
deep,'D IY P',s,'IY'
no,'N OW',s,''
bottom,'B AA T AH M',s,'AA'
then,'DH EH N',s,''
be,'B IY',s,'IY'
my,'M AY',s,'AY'
passions,'P AE SH AH N Z',s,'AE'
bottomless,'B AA T AH M L AH S',s,'AA'
with,'W IH DH',s,'IH'
them,'DH EH M',s,''
if,'IH F',s,'IH'
wre,'W ER',s,''
reason,'r EH Z ǝ N',s,''
for,'F AO R',s,'AO'
then,'DH EH N',s,''
into,'IH N T UW',s,'IH UW'
limits,'L IH M AH T S',s,'IH'
i,'AY',s,'AY'
bind,'B AY N D',s,'AY'
my,'M AY',s,'AY'
woes,'W OW Z',s,''
when,'ʍ e N',s,''
heaven,'HH EH V AH N',s,''
doth,'D AO TH',s,'AO'
weep,'W IY P',s,'IY'
doth,'D AO TH',s,'AO'
not,'N AA T',s,'AA'
the,'DH AH',s,''
if,'IH F',s,'IH'
the,'DH AH',s,''
doth,'D AO TH',s,'AO'
not,'N AA T',s,'AA'
the,'DH AH',s,''
sea,'S IY',s,'IY'
mad,'M AE D',s,'AE'
the,'DH AH',s,''
with,'W IH DH',s,'IH'
his,'HH IH Z',s,'IH'
and,'AH N D',s,''
wilt,'W IH L T',s,'IH'
thou,'DH AW',s,''
a,'AH',s,''
reason,'r EH Z ǝ N',s,''
for,'F AO R',s,'AO'
this,'DH IH S',s,'IH'
coil,'K OY L',s,''
i,'AY',s,'AY'
am,'AE M',s,'AE'
the,'DH AH',s,''
sea,'S IY',s,'IY'
doth,'D AO TH',s,'AO'
she,'SH IY',s,'IY'
is,'IH Z',s,'IH'
the,'DH AH',s,''
i,'AY',s,'AY'
the,'DH AH',s,''
then,'DH EH N',s,''
must,'M AH S T',s,''
my,'M AY',s,'AY'
sea,'S IY',s,'IY'
be,'B IY',s,'IY'
with,'W IH DH',s,'IH'
then,'DH EH N',s,''
must,'M AH S T',s,''
my,'M AY',s,'AY'
with,'W IH DH',s,'IH'
tears,'T EH R Z',s,''
a,'AH',s,''
and,'AH N D',s,''
drowned,'D r ǝ UH N IH D',s,'UH IH'
my,'M AY',s,'AY'
bowels,'B ə UH ə L Z',s,'UH'
cannot,'K AE N AA T',s,'AE AA'
woes,'W OW Z',s,''
but,'B AH T',s,''
a,'AH',s,''
drunkard,'D r ɤ NG K ǝ R D',s,''
must,'M AH S T',s,''
i,'AY',s,'AY'
vomit,'V AA M AH T',s,'AA'
them,'DH EH M',s,''
then,'DH EH N',s,''
me,'M IY',s,'IY'
for,'F AO R',s,'AO'
will,'W IH L',s,'IH'
to,'T UW',s,'UW'
their,'DH EH R',s,''
with,'W IH DH',s,'IH'
their,'DH EH R',s,''
when,'ʍ e N',s,''
will,'W IH L',s,'IH'
this,'DH IH S',s,'IH'
fearful,'F IH R F AH L',s,'IH'
slumber,'S L ɤ M B ǝ R',s,''
an,'AE N',s,'AE'
end,'EH N D',s,''
whhy,'ʍ ǝ IH',s,'IH'
i,'AY',s,'AY'
not,'N AA T',s,'AA'
another,'ǝ N ɤ DH ǝ R',s,''
tear,'T IY R',s,'IY'
to,'T UW',s,'UW'
shed,'SH EH D',s,''
besides,'B IH S ə IH D Z',s,'IH IH'
this,'DH IH S',s,'IH'
is,'IH Z',s,'IH'
an,'AE N',s,'AE'
enemy,'EH N AH M IY',s,'IY'
and,'AH N D',s,''
usurp,'Y UW S ER P',s,'UW'
upon,'AH P AA N',s,'AA'
my,'M AY',s,'AY'
and,'AH N D',s,''
them,'DH EH M',s,''
with,'W IH DH',s,'IH'
tears,'T EH R Z',s,''
then,'DH EH N',s,''
shall,'SH AE L',s,'AE'
i,'AY',s,'AY'
for,'F AO R',s,'AO'
heads,'HH EH D Z',s,''
do,'D OW',s,''
seem,'S IY M',s,'IY'
to,'T UW',s,'UW'
speak,'S P IY K',s,'IY'
to,'T UW',s,'UW'
me,'M IY',s,'IY'
and,'AH N D',s,''
me,'M IY',s,'IY'
i,'AY',s,'AY'
shall,'SH AE L',s,'AE'
never,'N e V ǝ R',s,''
to,'T UW',s,'UW'
bliss,'B L IH S',s,'IH'
till,'T IH L',s,'IH'
all,'AA L',s,'AA'
be,'B IY',s,'IY'
returned,'r IH T ɐ R N IH D',s,'IH IH'
again,'ǝ ɡ EH N',s,''
even,'IY V IH N',s,'IY IH'
in,'IH N',s,'IH'
their,'DH EH R',s,''
that,'DH AE T',s,'AE'
hath,'HH AE TH',s,'AE'
committed,'K AH M IH T AH D',s,'IH'
them,'DH EH M',s,''
let,'L EH T',s,''
me,'M IY',s,'IY'
see,'S IY',s,'IY'
what,'W AH T',s,''
task,'T AW S K',s,''
i,'AY',s,'AY'
to,'T UW',s,'UW'
do,'D OW',s,''
you,'Y UW',s,'UW'
heavy,'e V ǝ IH',s,'IH'
me,'M IY',s,'IY'
that,'DH AE T',s,'AE'
i,'AY',s,'AY'
turn,'T ɐ R N',s,''
me,'M IY',s,'IY'
to,'T UW',s,'UW'
each,'IY CH',s,'IY'
of,'AH V',s,''
you,'Y UW',s,'UW'
and,'AH N D',s,''
swear,'S W EH R',s,''
unto,'AH N T UW',s,'UW'
my,'M AY',s,'AY'
soul,'S OW L',s,''
to,'T UW',s,'UW'
your,'Y AO R',s,'AO'
the,'DH AH',s,''
vow,'V ǝ UH',s,'UH'
is,'IH Z',s,'IH'
a,'AH',s,''
and,'AH N D',s,''
in,'IH N',s,'IH'
this,'DH IH S',s,'IH'
the,'DH AH',s,''
will,'W IH L',s,'IH'
i,'AY',s,'AY'
bear,'B EH R',s,''
and,'AH N D',s,''
thou,'DH AW',s,''
shalt,'SH AE L T',s,'AE'
be,'B IY',s,'IY'
in,'IH N',s,'IH'
arms,'AA R M Z',s,'AA'
bear,'B EH R',s,''
thou,'DH AW',s,''
my,'M AY',s,'AY'
sweet,'S W IY T',s,'IY'
between,'B IH T W IY N',s,'IH IY'
teeth,'T IY TH',s,'IY'
as,'AE Z',s,'AE'
for,'F AO R',s,'AO'
thee,'DH IY',s,'IY'
go,'G OW',s,''
get,'G EH T',s,''
thee,'DH IY',s,'IY'
from,'F R AH M',s,''
my,'M AY',s,'AY'
thou,'DH AW',s,''
art,'AA R T',s,'AA'
an,'AE N',s,'AE'
and,'AH N D',s,''
thou,'DH AW',s,''
must,'M AH S T',s,''
not,'N AA T',s,'AA'
hie,'ǝ IH',s,'IH'
to,'T UW',s,'UW'
the,'DH AH',s,''
and,'AH N D',s,''
an,'AE N',s,'AE'
and,'AH N D',s,''
if,'IH F',s,'IH'
you,'Y UW',s,'UW'
me,'M IY',s,'IY'
as,'AE Z',s,'AE'
i,'AY',s,'AY'
think,'TH IH NG K',s,'IH'
you,'Y UW',s,'UW'
do,'D OW',s,''
kiss,'K IH S',s,'IH'
and,'AH N D',s,''
part,'P AA R T',s,'AA'
for,'F AO R',s,'AO'
we,'W IY',s,'IY'
to,'T UW',s,'UW'
do,'D OW',s,''
so,'S OW',s,''
so,'S OW',s,''
sit,'S IH T',s,'IH'
and,'AH N D',s,''
look,'L UH K',s,'UH'
you,'Y UW',s,'UW'
eat,'IY T',s,'IY'
no,'N OW',s,''
than,'DH AE N',s,'AE'
will,'W IH L',s,'IH'
preseve,'P R AH Z ER V',s,''
so,'S OW',s,''
strength,'S T R EH NG K TH',s,''
in,'IH N',s,'IH'
us,'AH S',s,''
as,'AE Z',s,'AE'
will,'W IH L',s,'IH'
woes,'W OW Z',s,''
of,'AH V',s,''
ours,'OW R Z',s,''
marcus,'M AA R K AH S',s,'AA'
that,'DH AE T',s,'AE'
sorrow-wreathen,'S ɒ r ǝ - ˌ r IY DH ǝ N',s,'IY'
and,'AH N D',s,''
i,'AY',s,'AY'
poor,'P UH R',s,'UH'
want,'W AA N T',s,'AA'
our,'OW R',s,''
and,'AH N D',s,''
cannot,'K AE N AA T',s,'AE AA'
our,'OW R',s,''
tenfold,'T EH N F OW L D',s,''
grief,'G R IY F',s,'IY'
with,'W IH DH',s,'IH'
folded,'F OW L D IH D',s,'IH'
arms,'AA R M Z',s,'AA'
this,'DH IH S',s,'IH'
poor,'P UH R',s,'UH'
of,'AH V',s,''
is,'IH Z',s,'IH'
left,'L EH F T',s,''
to,'T UW',s,'UW'
upon,'AH P AA N',s,'AA'
my,'M AY',s,'AY'
breast,'B R EH S T',s,''
who,'HH UW',s,'UW'
when,'ʍ e N',s,''
my,'M AY',s,'AY'
heart,'HH AA R T',s,'AA'
all,'AA L',s,'AA'
mad,'M AE D',s,'AE'
with,'W IH DH',s,'IH'
beats,'B IY T S',s,'IY'
in,'IH N',s,'IH'
this,'DH IH S',s,'IH'
prison,'P R IH Z AH N',s,'IH'
of,'AH V',s,''
my,'M AY',s,'AY'
flesh,'F L EH SH',s,''
then,'DH EH N',s,''
thus,'DH ɤ S',s,''
i,'AY',s,'AY'
thump,'TH ɤ M P',s,''
it,'IH T',s,'IH'
down,'D ǝ UH N',s,'UH'
thou,'DH AW',s,''
map,'M AE P',s,'AE'
of,'AH V',s,''
woe,'W OW',s,''
that,'DH AE T',s,'AE'
thus,'DH ɤ S',s,''
dost,'D AA S T',s,'AA'
in,'IH N',s,'IH'
signs,'S ǝ IH N Z',s,'IH'
when,'ʍ e N',s,''
poor,'P UH R',s,'UH'
heart,'HH AA R T',s,'AA'
beats,'B IY T S',s,'IY'
with,'W IH DH',s,'IH'
outrageous,'AW T R EY JH AH S',s,'EY'
thou,'DH AW',s,''
not,'N AA T',s,'AA'
it,'IH T',s,'IH'
thus,'DH ɤ S',s,''
to,'T UW',s,'UW'
it,'IH T',s,'IH'
still,'S T IH L',s,'IH'
it,'IH T',s,'IH'
with,'W IH DH',s,'IH'
kill,'K IH L',s,'IH'
it,'IH T',s,'IH'
with,'W IH DH',s,'IH'
groans,'G r OW N Z',s,''
or,'AO R',s,'AO'
get,'G EH T',s,''
knfe,'N AY F',s,'AY'
between,'B IH T W IY N',s,'IH IY'
teeth,'T IY TH',s,'IY'
and,'AH N D',s,''
against,'AH G EH N S T',s,''
heart,'HH AA R T',s,'AA'
thou,'DH AW',s,''
a,'AH',s,''
hle,'OW L',s,''
that,'DH AE T',s,'AE'
all,'AA L',s,'AA'
the,'DH AH',s,''
tears,'T EH R Z',s,''
that,'DH AE T',s,'AE'
poor,'P UH R',s,'UH'
let,'L EH T',s,''
fall,'F AA L',s,'AA'
run,'r ɤ N',s,''
into,'IH N T UW',s,'IH UW'
that,'DH AE T',s,'AE'
sink,'S IH NG K',s,'IH'
and,'AH N D',s,''
in,'IH N',s,'IH'
drown,'D r ǝ UH N',s,'UH'
the,'DH AH',s,''
fool,'F UH L',s,'UH'
in,'IH N',s,'IH'
tears,'T EH R Z',s,''
thee,'DH IY',s,'IY'
whhy,'ʍ ǝ IH',s,'IH'
marcus,'M AA R K AH S',s,'AA'
no,'N OW',s,''
man,'M AE N',s,'AE'
be,'B IY',s,'IY'
mad,'M AE D',s,'AE'
but,'B AH T',s,''
i,'AY',s,'AY'
what,'W AH T',s,''
can,'K AE N',s,'AE'
she,'SH IY',s,'IY'
on,'AA N',s,'AA'
dost,'D AA S T',s,'AA'
thou,'DH AW',s,''
uge,'ER JH',s,''
the,'DH AH',s,''
of,'AH V',s,''
to,'T UW',s,'UW'
bid,'B IH D',s,'IH'
tell,'T EH L',s,''
the,'DH AH',s,''
troy,'T r ǝ IH',s,'IH'
was,'W AA Z',s,'AA'
and,'AH N D',s,''
he,'HH IY',s,'IY'
o,'OW',s,''
not,'N AA T',s,'AA'
the,'DH AH',s,''
to,'T UW',s,'UW'
of,'AH V',s,''
lest,'L EH S T',s,''
we,'W IY',s,'IY'
still,'S T IH L',s,'IH'
that,'DH AE T',s,'AE'
we,'W IY',s,'IY'
i,'AY',s,'AY'
my,'M AY',s,'AY'
as,'AE Z',s,'AE'
if,'IH F',s,'IH'
we,'W IY',s,'IY'
we,'W IY',s,'IY'
had,'HH AE D',s,'AE'
no,'N OW',s,''
if,'IH F',s,'IH'
marcus,'M AA R K AH S',s,'AA'
did,'D IH D',s,'IH'
not,'N AA T',s,'AA'
the,'DH AH',s,''
of,'AH V',s,''
fall,'F AA L',s,'AA'
to,'T UW',s,'UW'
and,'AH N D',s,''
eat,'IY T',s,'IY'
this,'DH IH S',s,'IH'
is,'IH Z',s,'IH'
no,'N OW',s,''
marcus,'M AA R K AH S',s,'AA'
what,'W AH T',s,''
she,'SH IY',s,'IY'
i,'AY',s,'AY'
can,'K AE N',s,'AE'
interpret,'IH N T ɐ R P r IH T',s,'IH IH'
all,'AA L',s,'AA'
signs,'S ǝ IH N Z',s,'IH'
she,'SH IY',s,'IY'
she,'SH IY',s,'IY'
drinks,'D R IH NG K S',s,'IH'
no,'N OW',s,''
drink,'D R IH NG K',s,'IH'
but,'B AH T',s,''
tears,'T EH R Z',s,''
with,'W IH DH',s,'IH'
upon,'AH P AA N',s,'AA'
cheeks,'CH IY K S',s,'IY'
i,'AY',s,'AY'
will,'W IH L',s,'IH'
in,'IH N',s,'IH'
action,'AE K SH AH N',s,'AE'
will,'W IH L',s,'IH'
i,'AY',s,'AY'
be,'B IY',s,'IY'
as,'AE Z',s,'AE'
as,'AE Z',s,'AE'
in,'IH N',s,'IH'
their,'DH EH R',s,''
holy,'HH OW L IY',s,'IY'
thou,'DH AW',s,''
shalt,'SH AE L T',s,'AE'
not,'N AA T',s,'AA'
nor,'N AO R',s,'AO'
stumps,'S T ɤ M P S',s,''
to,'T UW',s,'UW'
heaven,'HH EH V AH N',s,''
nor,'N AO R',s,'AO'
wink,'W IH NG K',s,'IH'
nor,'N AO R',s,'AO'
nod,'N AA D',s,'AA'
nor,'N AO R',s,'AO'
nor,'N AO R',s,'AO'
a,'AH',s,''
sign,'S ǝ IH N',s,'IH'
but,'B AH T',s,''
i,'AY',s,'AY'
of,'AH V',s,''
will,'W IH L',s,'IH'
wrest,'R EH S T',s,''
an,'AE N',s,'AE'
and,'AH N D',s,''
by,'B AY',s,'AY'
still,'S T IH L',s,'IH'
to,'T UW',s,'UW'
tender,'T e N D ǝ R',s,''
thou,'DH AW',s,''
art,'AA R T',s,'AA'
of,'AH V',s,''
tears,'T EH R Z',s,''
and,'AH N D',s,''
tears,'T EH R Z',s,''
will,'W IH L',s,'IH'
melt,'M EH L T',s,''
what,'W AH T',s,''
dost,'D AA S T',s,'AA'
thou,'DH AW',s,''
at,'AE T',s,'AE'
marcus,'M AA R K AH S',s,'AA'
with,'W IH DH',s,'IH'
knfe,'N AY F',s,'AY'
out,'AW T',s,''
on,'AA N',s,'AA'
thee,'DH IY',s,'IY'
thou,'DH AW',s,''
my,'M AY',s,'AY'
heart,'HH AA R T',s,'AA'
with,'W IH DH',s,'IH'
view,'V Y UW',s,'UW'
of,'AH V',s,''
tyrannny,'T IH r ǝ N ǝ IH',s,'IH IH'
a,'AH',s,''
deed,'D IY D',s,'IY'
of,'AH V',s,''
death,'D EH TH',s,''
on,'AA N',s,'AA'
the,'DH AH',s,''
not,'N AA T',s,'AA'
get,'G EH T',s,''
thee,'DH IY',s,'IY'
i,'AY',s,'AY'
see,'S IY',s,'IY'
thou,'DH AW',s,''
art,'AA R T',s,'AA'
not,'N AA T',s,'AA'
for,'F AO R',s,'AO'
my,'M AY',s,'AY'
company,'K AH M P AH N IY',s,'IY'
but,'B AH T',s,''
if,'IH F',s,'IH'
that,'DH AE T',s,'AE'
had,'HH AE D',s,'AE'
a,'AH',s,''
and,'AH N D',s,''
he,'HH IY',s,'IY'
his,'HH IH Z',s,'IH'
slender,'S L e N D ǝ R',s,''
gilded,'G IH L D IH D',s,'IH IH'
and,'AH N D',s,''
buzz,'B ɤ Z',s,''
doings,'D UW IH N Z',s,'UW IH'
in,'IH N',s,'IH'
the,'DH AH',s,''
air,'EH R',s,''
poor,'P UH R',s,'UH'
harmless,'HH AA R M L AH S',s,'AA'
that,'DH AE T',s,'AE'
with,'W IH DH',s,'IH'
his,'HH IH Z',s,'IH'
prettty,'P r IH T ǝ IH',s,'IH IH'
melody,'M EH L AH D IY',s,'IY'
to,'T UW',s,'UW'
us,'AH S',s,''
merrry,'M e r ǝ IH',s,'IH'
and,'AH N D',s,''
thou,'DH AW',s,''
hast,'HH AE S T',s,'AE'
him,'HH IH M',s,'IH'
o,'OW',s,''
o,'OW',s,''
o,'OW',s,''
then,'DH EH N',s,''
pardon,'P AA R D ǝ N',s,'AA'
me,'M IY',s,'IY'
for,'F AO R',s,'AO'
thee,'DH IY',s,'IY'
for,'F AO R',s,'AO'
thou,'DH AW',s,''
hast,'HH AE S T',s,'AE'
a,'AH',s,''
deed,'D IY D',s,'IY'
me,'M IY',s,'IY'
knfe,'N AY F',s,'AY'
i,'AY',s,'AY'
will,'W IH L',s,'IH'
insult,'IH N S AH L T',s,'IH'
on,'AA N',s,'AA'
him,'HH IH M',s,'IH'
myself,'M AY S EH L F',s,'AY'
as,'AE Z',s,'AE'
if,'IH F',s,'IH'
it,'IH T',s,'IH'
wre,'W ER',s,''
the,'DH AH',s,''
moor,'M OW R',s,''
to,'T UW',s,'UW'
me,'M IY',s,'IY'
for,'F AO R',s,'AO'
and,'AH N D',s,''
for,'F AO R',s,'AO'
yet,'Y EH T',s,''
i,'AY',s,'AY'
think,'TH IH NG K',s,'IH'
we,'W IY',s,'IY'
not,'N AA T',s,'AA'
so,'S OW',s,''
but,'B AH T',s,''
that,'DH AE T',s,'AE'
between,'B IH T W IY N',s,'IH IY'
us,'AH S',s,''
we,'W IY',s,'IY'
can,'K AE N',s,'AE'
kill,'K IH L',s,'IH'
a,'AH',s,''
that,'DH AE T',s,'AE'
in,'IH N',s,'IH'
of,'AH V',s,''
a,'AH',s,''
moor,'M OW R',s,''
go,'G OW',s,''
with,'W IH DH',s,'IH'
me,'M IY',s,'IY'
to,'T UW',s,'UW'
closet,'K L AA Z AH T',s,'AA'
and,'AH N D',s,''
go,'G OW',s,''
read,'r e D',s,''
with,'W IH DH',s,'IH'
thee,'DH IY',s,'IY'
sad,'S AE D',s,'AE'
stories,'S T AO R IY Z',s,'AO IY'
in,'IH N',s,'IH'
the,'DH AH',s,''
of,'AH V',s,''
old,'OW L D',s,''
and,'AH N D',s,''
go,'G OW',s,''
with,'W IH DH',s,'IH'
me,'M IY',s,'IY'
is,'IH Z',s,'IH'
and,'AH N D',s,''
thou,'DH AW',s,''
shalt,'SH AE L T',s,'AE'
read,'r e D',s,''
when,'ʍ e N',s,''
begin,'B IH G IH N',s,'IH IH'
to,'T UW',s,'UW'
she,'SH IY',s,'IY'
thee,'DH IY',s,'IY'
too,'T UW',s,'UW'
well,'W EH L',s,''
to,'T UW',s,'UW'
do,'D OW',s,''
thee,'DH IY',s,'IY'
fear,'F IY R',s,'IY'
not,'N AA T',s,'AA'
lucius,'L UW SH AH S',s,'UW'
doth,'D AO TH',s,'AO'
she,'SH IY',s,'IY'
mean,'M IY N',s,'IY'
see,'S IY',s,'IY'
lucius,'L UW SH AH S',s,'UW'
see,'S IY',s,'IY'
she,'SH IY',s,'IY'
of,'AH V',s,''
thee,'DH IY',s,'IY'
she,'SH IY',s,'IY'
thee,'DH IY',s,'IY'
go,'G OW',s,''
with,'W IH DH',s,'IH'
never,'N e V ǝ R',s,''
with,'W IH DH',s,'IH'
read,'r e D',s,''
to,'T UW',s,'UW'
sons,'S AH N Z',s,''
than,'DH AE N',s,'AE'
she,'SH IY',s,'IY'
hath,'HH AE TH',s,'AE'
read,'r e D',s,''
to,'T UW',s,'UW'
thee,'DH IY',s,'IY'
sweet,'S W IY T',s,'IY'
and,'AH N D',s,''
what,'W AH T',s,''
means,'M IY N Z',s,'IY'
this,'DH IH S',s,'IH'
book,'B UH K',s,'UH'
is,'IH Z',s,'IH'
that,'DH AE T',s,'AE'
she,'SH IY',s,'IY'
desires,'D IH Z ǝ IH R Z',s,'IH IH'
to,'T UW',s,'UW'
see,'S IY',s,'IY'
is,'IH Z',s,'IH'
it,'IH T',s,'IH'
of,'AH V',s,''
them,'DH EH M',s,''
but,'B AH T',s,''
thou,'DH AW',s,''
art,'AA R T',s,'AA'
deeper,'D IY P ǝ R',s,'IY'
read,'r e D',s,''
and,'AH N D',s,''
better,'B e T ə R',s,''
and,'AH N D',s,''
of,'AH V',s,''
all,'AA L',s,'AA'
my,'M AY',s,'AY'
and,'AH N D',s,''
so,'S OW',s,''
till,'T IH L',s,'IH'
the,'DH AH',s,''
heavens,'HH EH V AH N Z',s,''
reveal,'R IH V IY L',s,'IH IY'
the,'DH AH',s,''
of,'AH V',s,''
this,'DH IH S',s,'IH'
deed,'D IY D',s,'IY'
whhy,'ʍ ǝ IH',s,'IH'
lifts,'L IH F T S',s,'IH'
she,'SH IY',s,'IY'
up,'AH P',s,''
arms,'AA R M Z',s,'AA'
in,'IH N',s,'IH'
thus,'DH ɤ S',s,''
lucius,'L UW SH AH S',s,'UW'
what,'W AH T',s,''
book,'B UH K',s,'UH'
is,'IH Z',s,'IH'
that,'DH AE T',s,'AE'
she,'SH IY',s,'IY'
so,'S OW',s,''
soft,'S AA F T',s,'AA'
so,'S OW',s,''
she,'SH IY',s,'IY'
turns,'T ɐ R N Z',s,''
the,'DH AH',s,''
what,'W AH T',s,''
she,'SH IY',s,'IY'
shall,'SH AE L',s,'AE'
i,'AY',s,'AY'
read,'r e D',s,''
this,'DH IH S',s,'IH'
is,'IH Z',s,'IH'
the,'DH AH',s,''
tragic,'T R AE JH IH K',s,'AE IH'
of,'AH V',s,''
and,'AH N D',s,''
treats,'T R IY T S',s,'IY'
of,'AH V',s,''
treason,'T R IY Z AH N',s,'IY'
and,'AH N D',s,''
his,'HH IH Z',s,'IH'
and,'AH N D',s,''
i,'AY',s,'AY'
fear,'F IY R',s,'IY'
was,'W AA Z',s,'AA'
root,'R UW T',s,'UW'
of,'AH V',s,''
annoy,'ǝ N ǝ IH',s,'IH'
thou,'DH AW',s,''
thus,'DH ɤ S',s,''
sweet,'S W IY T',s,'IY'
and,'AH N D',s,''
as,'AE Z',s,'AE'
philomela,'ˌ F IH L ǝ M IY L ǝ',s,'IH IY'
was,'W AA Z',s,'AA'
forced,'F AO R S IH D',s,'AO IH'
in,'IH N',s,'IH'
the,'DH AH',s,''
vast,'V AW S T',s,''
and,'AH N D',s,''
woods,'W UH D Z',s,'UH'
see,'S IY',s,'IY'
see,'S IY',s,'IY'
a,'AH',s,''
is,'IH Z',s,'IH'
we,'W IY',s,'IY'
did,'D IH D',s,'IH'
o,'OW',s,''
had,'HH AE D',s,'AE'
we,'W IY',s,'IY'
never,'N e V ǝ R',s,''
never,'N e V ǝ R',s,''
hunted,'HH AH N T AH D',s,''
by,'B AY',s,'AY'
that,'DH AE T',s,'AE'
the,'DH AH',s,''
by,'B AY',s,'AY'
natre,'N EY CH ER',s,'EY'
for,'F AO R',s,'AO'
and,'AH N D',s,''
for,'F AO R',s,'AO'
signs,'S ǝ IH N Z',s,'IH'
sweet,'S W IY T',s,'IY'
for,'F AO R',s,'AO'
but,'B AH T',s,''
friends,'F R EH N D Z',s,''
what,'W AH T',s,''
roman,'r OW M ǝ N',s,''
lord,'L AO R D',s,'AO'
it,'IH T',s,'IH'
was,'W AA Z',s,'AA'
do,'D OW',s,''
the,'DH AH',s,''
deed,'D IY D',s,'IY'
or,'AO R',s,'AO'
slunk,'S L ɤ NG K',s,''
not,'N AA T',s,'AA'
as,'AE Z',s,'AE'
that,'DH AE T',s,'AE'
left,'L EH F T',s,''
the,'DH AH',s,''
camp,'K AE M P',s,'AE'
to,'T UW',s,'UW'
sin,'S IH N',s,'IH'
in,'IH N',s,'IH'
bed,'B EH D',s,''
stuprum,'S T UH P r UH M',s,'UH UH'
poli,'P OW L IY',s,'IY'
tam,'T AE M',s,'AE'
lentus,'L e N T UH S',s,'UH'
audis,'AO D IH S',s,'AO IH'
tam,'T AE M',s,'AE'
lentus,'L e N T UH S',s,'UH'
an,'AE N',s,'AE'
you,'Y UW',s,'UW'
but,'B AH T',s,''
if,'IH F',s,'IH'
you,'Y UW',s,'UW'
then,'DH EH N',s,''
the,'DH AH',s,''
dam,'D AE M',s,'AE'
will,'W IH L',s,'IH'
an,'AE N',s,'AE'
if,'IH F',s,'IH'
she,'SH IY',s,'IY'
you,'Y UW',s,'UW'
with,'W IH DH',s,'IH'
the,'DH AH',s,''
still,'S T IH L',s,'IH'
in,'IH N',s,'IH'
and,'AH N D',s,''
him,'HH IH M',s,'IH'
she,'SH IY',s,'IY'
playeth,'P L EH · ǝ TH',s,''
on,'AA N',s,'AA'
back,'B AE K',s,'AE'
and,'AH N D',s,''
when,'ʍ e N',s,''
he,'HH IY',s,'IY'
sleeps,'S L IY P S',s,'IY'
will,'W IH L',s,'IH'
she,'SH IY',s,'IY'
do,'D OW',s,''
what,'W AH T',s,''
she,'SH IY',s,'IY'
list,'L IH S T',s,'IH'
you,'Y UW',s,'UW'
a,'AH',s,''
huntsman,'HH AH N T S M AH N',s,''
marcus,'M AA R K AH S',s,'AA'
let,'L EH T',s,''
and,'AH N D',s,''
i,'AY',s,'AY'
will,'W IH L',s,'IH'
go,'G OW',s,''
get,'G EH T',s,''
a,'AH',s,''
leaf,'L IY F',s,'IY'
of,'AH V',s,''
brass,'B r AW S',s,''
and,'AH N D',s,''
with,'W IH DH',s,'IH'
a,'AH',s,''
gad,'G AE D',s,'AE'
of,'AH V',s,''
steel,'S T IY L',s,'IY'
will,'W IH L',s,'IH'
and,'AH N D',s,''
it,'IH T',s,'IH'
by,'B AY',s,'AY'
the,'DH AH',s,''
angry,'AE NG G R IY',s,'AE IY'
northern,'N AO R DH ǝ R N',s,'AO'
will,'W IH L',s,'IH'
sands,'S AW N D Z',s,''
abroad,'AH B R AO D',s,'AO'
and,'AH N D',s,''
our,'OW R',s,''
lesson,'L EH S AH N',s,''
what,'W AH T',s,''
you,'Y UW',s,'UW'
go,'G OW',s,''
with,'W IH DH',s,'IH'
me,'M IY',s,'IY'
into,'IH N T UW',s,'IH UW'
lucius,'L UW SH AH S',s,'UW'
fit,'F IH T',s,'IH'
thee,'DH IY',s,'IY'
and,'AH N D',s,''
withal,'W IH DH AA L',s,'IH AA'
my,'M AY',s,'AY'
shall,'SH AE L',s,'AE'
carrry,'K AW r ǝ IH',s,'IH'
from,'F R AH M',s,''
me,'M IY',s,'IY'
to,'T UW',s,'UW'
the,'DH AH',s,''
sons,'S AH N Z',s,''
presents,'P r IH Z e N T S',s,'IH'
that,'DH AE T',s,'AE'
i,'AY',s,'AY'
intend,'IH N T EH N D',s,'IH'
to,'T UW',s,'UW'
send,'S EH N D',s,''
them,'DH EH M',s,''
both,'B OW TH',s,''
thou,'DH AW',s,''
do,'D OW',s,''
my,'M AY',s,'AY'
wilt,'W IH L T',s,'IH'
thou,'DH AW',s,''
not,'N AA T',s,'AA'
no,'N OW',s,''
not,'N AA T',s,'AA'
so,'S OW',s,''
teach,'T IY CH',s,'IY'
thee,'DH IY',s,'IY'
another,'ǝ N ɤ DH ǝ R',s,''
look,'L UH K',s,'UH'
to,'T UW',s,'UW'
my,'M AY',s,'AY'
lucius,'L UW SH AH S',s,'UW'
and,'AH N D',s,''
go,'G OW',s,''
it,'IH T',s,'IH'
at,'AE T',s,'AE'
the,'DH AH',s,''
court,'K AO R T',s,'AO'
marrry,'M AW r ǝ IH',s,'IH'
will,'W IH L',s,'IH'
we,'W IY',s,'IY'
and,'AH N D',s,''
be,'B IY',s,'IY'
waited,'W EH T IH D',s,'IH'
on,'AA N',s,'AA'
marcus,'M AA R K AH S',s,'AA'
this,'DH IH S',s,'IH'
is,'IH Z',s,'IH'
the,'DH AH',s,''
let,'L EH T',s,''
me,'M IY',s,'IY'
see,'S IY',s,'IY'
your,'Y AO R',s,'AO'
look,'L UH K',s,'UH'
you,'Y UW',s,'UW'
hme,'OW M',s,''
and,'AH N D',s,''
terras,'T e r AW S',s,''
be,'B IY',s,'IY'
you,'Y UW',s,'UW'
marcus,'M AA R K AH S',s,'AA'
fled,'F L EH D',s,''
you,'Y UW',s,'UW'
to,'T UW',s,'UW'
your,'Y AO R',s,'AO'
tools,'T UW L Z',s,'UW'
you,'Y UW',s,'UW'
cousins,'K AH Z AH N Z',s,''
shall,'SH AE L',s,'AE'
go,'G OW',s,''
the,'DH AH',s,''
ocean,'OW SH AH N',s,''
and,'AH N D',s,''
cast,'K AW S T',s,''
your,'Y AO R',s,'AO'
nets,'N EH T S',s,''
you,'Y UW',s,'UW'
in,'IH N',s,'IH'
the,'DH AH',s,''
sea,'S IY',s,'IY'
yet,'Y EH T',s,''
as,'AE Z',s,'AE'
as,'AE Z',s,'AE'
at,'AE T',s,'AE'
land,'L AE N D',s,'AE'
no,'N OW',s,''
and,'AH N D',s,''
you,'Y UW',s,'UW'
must,'M AH S T',s,''
do,'D OW',s,''
it,'IH T',s,'IH'
you,'Y UW',s,'UW'
must,'M AH S T',s,''
dig,'D IH G',s,'IH'
with,'W IH DH',s,'IH'
and,'AH N D',s,''
with,'W IH DH',s,'IH'
and,'AH N D',s,''
the,'DH AH',s,''
inmost,'IH N M OW S T',s,'IH'
of,'AH V',s,''
the,'DH AH',s,''
then,'DH EH N',s,''
when,'ʍ e N',s,''
you,'Y UW',s,'UW'
to,'T UW',s,'UW'
i,'AY',s,'AY'
you,'Y UW',s,'UW'
deliver,'D IH L IH V ǝ R',s,'IH IH'
him,'HH IH M',s,'IH'
this,'DH IH S',s,'IH'
tell,'T EH L',s,''
him,'HH IH M',s,'IH'
it,'IH T',s,'IH'
is,'IH Z',s,'IH'
for,'F AO R',s,'AO'
and,'AH N D',s,''
for,'F AO R',s,'AO'
aid,'EH D',s,''
and,'AH N D',s,''
that,'DH AE T',s,'AE'
it,'IH T',s,'IH'
from,'F R AH M',s,''
old,'OW L D',s,''
shaken,'SH EH K ǝ N',s,''
with,'W IH DH',s,'IH'
sorrows,'S ɒ r ǝ ǝ Z',s,''
in,'IH N',s,'IH'
well,'W EH L',s,''
well,'W EH L',s,''
i,'AY',s,'AY'
thee,'DH IY',s,'IY'
what,'W AH T',s,''
i,'AY',s,'AY'
the,'DH AH',s,''
sufffrages,'S ɤ F r IH D ZH IH Z',s,'IH IH'
on,'AA N',s,'AA'
him,'HH IH M',s,'IH'
that,'DH AE T',s,'AE'
thus,'DH ɤ S',s,''
doth,'D AO TH',s,'AO'
me,'M IY',s,'IY'
go,'G OW',s,''
get,'G EH T',s,''
you,'Y UW',s,'UW'
and,'AH N D',s,''
be,'B IY',s,'IY'
all,'AA L',s,'AA'
and,'AH N D',s,''
you,'Y UW',s,'UW'
not,'N AA T',s,'AA'
a,'AH',s,''
this,'DH IH S',s,'IH'
wicked,'W IH K AH D',s,'IH'
and,'AH N D',s,''
then,'DH EH N',s,''
we,'W IY',s,'IY'
go,'G OW',s,''
for,'F AO R',s,'AO'
my,'M AY',s,'AY'
masters,'M AW S T ǝ R Z',s,''
what,'W AH T',s,''
you,'Y UW',s,'UW'
met,'M EH T',s,''
with,'W IH DH',s,'IH'
he,'HH IY',s,'IY'
doth,'D AO TH',s,'AO'
me,'M IY',s,'IY'
to,'T UW',s,'UW'
feed,'F IY D',s,'IY'
me,'M IY',s,'IY'
with,'W IH DH',s,'IH'
into,'IH N T UW',s,'IH UW'
the,'DH AH',s,''
and,'AH N D',s,''
pull,'P UH L',s,'UH'
out,'AW T',s,''
of,'AH V',s,''
by,'B AY',s,'AY'
the,'DH AH',s,''
marcus,'M AA R K AH S',s,'AA'
we,'W IY',s,'IY'
but,'B AH T',s,''
no,'N OW',s,''
we,'W IY',s,'IY'
no,'N OW',s,''
big-boned,'B IH G - ˌ B OW N D',s,'IH'
men,'M EH N',s,''
of,'AH V',s,''
the,'DH AH',s,''
but,'B AH T',s,''
metal,'M EH T AH L',s,''
marcus,'M AA R K AH S',s,'AA'
steel,'S T IY L',s,'IY'
to,'T UW',s,'UW'
the,'DH AH',s,''
very,'V EH R IY',s,'IY'
back,'B AE K',s,'AE'
yet,'Y EH T',s,''
with,'W IH DH',s,'IH'
than,'DH AE N',s,'AE'
our,'OW R',s,''
can,'K AE N',s,'AE'
bear,'B EH R',s,''
and,'AH N D',s,''
no,'N OW',s,''
in,'IH N',s,'IH'
nor,'N AO R',s,'AO'
we,'W IY',s,'IY'
will,'W IH L',s,'IH'
solicit,'S AH L IH S IH T',s,'IH IH'
heaven,'HH EH V AH N',s,''
and,'AH N D',s,''
the,'DH AH',s,''
gods,'G AA D Z',s,'AA'
to,'T UW',s,'UW'
send,'S EH N D',s,''
down,'D ǝ UH N',s,'UH'
for,'F AO R',s,'AO'
to,'T UW',s,'UW'
wreak,'R IY K',s,'IY'
our,'OW R',s,''
to,'T UW',s,'UW'
this,'DH IH S',s,'IH'
gear,'G IY R',s,'IY'
you,'Y UW',s,'UW'
a,'AH',s,''
good,'G UH D',s,'UH'
marcus,'M AA R K AH S',s,'AA'
ad,'AE D',s,'AE'
for,'F AO R',s,'AO'
ad,'AE D',s,'AE'
ad,'AE D',s,'AE'
for,'F AO R',s,'AO'
myself,'M AY S EH L F',s,'AY'
to,'T UW',s,'UW'
to,'T UW',s,'UW'
to,'T UW',s,'UW'
saturn,'S AW T ǝ R N',s,''
to,'T UW',s,'UW'
you,'Y UW',s,'UW'
wre,'W ER',s,''
as,'AE Z',s,'AE'
good,'G UH D',s,'UH'
to,'T UW',s,'UW'
shoot,'SH UW T',s,'UW'
against,'AH G EH N S T',s,''
the,'DH AH',s,''
to,'T UW',s,'UW'
it,'IH T',s,'IH'
when,'ʍ e N',s,''
i,'AY',s,'AY'
bid,'B IH D',s,'IH'
of,'AH V',s,''
my,'M AY',s,'AY'
i,'AY',s,'AY'
written,'R IH T AH N',s,'IH'
to,'T UW',s,'UW'
effect,'IH F EH K T',s,'IH'
not,'N AA T',s,'AA'
a,'AH',s,''
god,'G AA D',s,'AA'
left,'L EH F T',s,''
masters,'M AW S T ǝ R Z',s,''
o,'OW',s,''
well,'W EH L',s,''
said,'S EH D',s,''
lucius,'L UW SH AH S',s,'UW'
good,'G UH D',s,'UH'
in,'IH N',s,'IH'
lap,'L AE P',s,'AE'
it,'IH T',s,'IH'
pallas,'P AW L ǝ S',s,''
what,'W AH T',s,''
hast,'HH AE S T',s,'AE'
thou,'DH AW',s,''
see,'S IY',s,'IY'
see,'S IY',s,'IY'
thou,'DH AW',s,''
hast,'HH AE S T',s,'AE'
shot,'SH AA T',s,'AA'
off,'AO F',s,'AO'
of,'AH V',s,''
horns,'HH AO R N Z',s,'AO'
whhy,'ʍ ǝ IH',s,'IH'
it,'IH T',s,'IH'
goes,'G OW Z',s,''
god,'G AA D',s,'AA'
his,'HH IH Z',s,'IH'
from,'F R AH M',s,''
heaven,'HH EH V AH N',s,''
marcus,'M AA R K AH S',s,'AA'
the,'DH AH',s,''
post,'P OW S T',s,''
is,'IH Z',s,'IH'
what,'W AH T',s,''
tidings,'T ǝ IH D IH N Z',s,'IH IH'
you,'Y UW',s,'UW'
shall,'SH AE L',s,'AE'
i,'AY',s,'AY'
what,'W AH T',s,''
but,'B AH T',s,''
what,'W AH T',s,''
i,'AY',s,'AY'
ask,'AW S K',s,''
thee,'DH IY',s,'IY'
whhy,'ʍ ǝ IH',s,'IH'
villain,'V IH L AH N',s,'IH'
art,'AA R T',s,'AA'
not,'N AA T',s,'AA'
thou,'DH AW',s,''
the,'DH AH',s,''
whhy,'ʍ ǝ IH',s,'IH'
thou,'DH AW',s,''
not,'N AA T',s,'AA'
from,'F R AH M',s,''
heaven,'HH EH V AH N',s,''
tell,'T EH L',s,''
me,'M IY',s,'IY'
can,'K AE N',s,'AE'
you,'Y UW',s,'UW'
deliver,'D IH L IH V ǝ R',s,'IH IH'
an,'AE N',s,'AE'
to,'T UW',s,'UW'
the,'DH AH',s,''
with,'W IH DH',s,'IH'
a,'AH',s,''
no,'N OW',s,''
ado,'AH D UW',s,'UW'
but,'B AH T',s,''
your,'Y AO R',s,'AO'
pigeons,'P IH JH AH N Z',s,'IH'
to,'T UW',s,'UW'
the,'DH AH',s,''
by,'B AY',s,'AY'
me,'M IY',s,'IY'
thou,'DH AW',s,''
shalt,'SH AE L T',s,'AE'
at,'AE T',s,'AE'
his,'HH IH Z',s,'IH'
for,'F AO R',s,'AO'
me,'M IY',s,'IY'
pen,'P EH N',s,''
and,'AH N D',s,''
can,'K AE N',s,'AE'
you,'Y UW',s,'UW'
with,'W IH DH',s,'IH'
a,'AH',s,''
deliver,'D IH L IH V ǝ R',s,'IH IH'
up,'AH P',s,''
a,'AH',s,''
then,'DH EH N',s,''
is,'IH Z',s,'IH'
a,'AH',s,''
for,'F AO R',s,'AO'
you,'Y UW',s,'UW'
and,'AH N D',s,''
when,'ʍ e N',s,''
you,'Y UW',s,'UW'
to,'T UW',s,'UW'
him,'HH IH M',s,'IH'
at,'AE T',s,'AE'
the,'DH AH',s,''
appproach,'ǝ P r OW T SH',s,''
you,'Y UW',s,'UW'
must,'M AH S T',s,''
then,'DH EH N',s,''
kiss,'K IH S',s,'IH'
his,'HH IH Z',s,'IH'
foot,'F UH T',s,'UH'
then,'DH EH N',s,''
deliver,'D IH L IH V ǝ R',s,'IH IH'
up,'AH P',s,''
your,'Y AO R',s,'AO'
pigeons,'P IH JH AH N Z',s,'IH'
and,'AH N D',s,''
then,'DH EH N',s,''
look,'L UH K',s,'UH'
for,'F AO R',s,'AO'
your,'Y AO R',s,'AO'
reward,'r IH W AA R D',s,'IH AA'
be,'B IY',s,'IY'
at,'AE T',s,'AE'
see,'S IY',s,'IY'
you,'Y UW',s,'UW'
do,'D OW',s,''
it,'IH T',s,'IH'
hast,'HH AE S T',s,'AE'
thou,'DH AW',s,''
a,'AH',s,''
knfe,'N AY F',s,'AY'
let,'L EH T',s,''
me,'M IY',s,'IY'
see,'S IY',s,'IY'
it,'IH T',s,'IH'
marcus,'M AA R K AH S',s,'AA'
fold,'F OW L D',s,''
it,'IH T',s,'IH'
in,'IH N',s,'IH'
the,'DH AH',s,''
for,'F AO R',s,'AO'
thou,'DH AW',s,''
hast,'HH AE S T',s,'AE'
it,'IH T',s,'IH'
an,'AE N',s,'AE'
supppliant,'S ɤ P L IH ǝ N T',s,'IH'
and,'AH N D',s,''
when,'ʍ e N',s,''
thou,'DH AW',s,''
hast,'HH AE S T',s,'AE'
given,'G IH V AH N',s,'IH'
it,'IH T',s,'IH'
to,'T UW',s,'UW'
the,'DH AH',s,''
at,'AE T',s,'AE'
my,'M AY',s,'AY'
door,'D AO R',s,'AO'
and,'AH N D',s,''
tell,'T EH L',s,''
me,'M IY',s,'IY'
what,'W AH T',s,''
he,'HH IY',s,'IY'
marcus,'M AA R K AH S',s,'AA'
let,'L EH T',s,''
us,'AH S',s,''
me,'M IY',s,'IY'
who,'HH UW',s,'UW'
doth,'D AO TH',s,'AO'
molest,'M AH L EH S T',s,''
my,'M AY',s,'AY'
is,'IH Z',s,'IH'
it,'IH T',s,'IH'
your,'Y AO R',s,'AO'
trick,'T R IH K',s,'IH'
to,'T UW',s,'UW'
me,'M IY',s,'IY'
the,'DH AH',s,''
door,'D AO R',s,'AO'
that,'DH AE T',s,'AE'
so,'S OW',s,''
my,'M AY',s,'AY'
sad,'S AE D',s,'AE'
decrees,'D IH K R IY Z',s,'IH IY'
and,'AH N D',s,''
all,'AA L',s,'AA'
my,'M AY',s,'AY'
study,'S T AH D IY',s,'IY'
be,'B IY',s,'IY'
to,'T UW',s,'UW'
no,'N OW',s,''
effect,'IH F EH K T',s,'IH'
you,'Y UW',s,'UW'
for,'F AO R',s,'AO'
what,'W AH T',s,''
i,'AY',s,'AY'
mean,'M IY N',s,'IY'
to,'T UW',s,'UW'
do,'D OW',s,''
see,'S IY',s,'IY'
in,'IH N',s,'IH'
bloody,'B L AH D IY',s,'IY'
lines,'L ǝ IH N Z',s,'IH'
i,'AY',s,'AY'
set,'S EH T',s,''
down,'D ǝ UH N',s,'UH'
and,'AH N D',s,''
what,'W AH T',s,''
is,'IH Z',s,'IH'
written,'R IH T AH N',s,'IH'
shall,'SH AE L',s,'AE'
be,'B IY',s,'IY'
no,'N OW',s,''
not,'N AA T',s,'AA'
a,'AH',s,''
can,'K AE N',s,'AE'
i,'AY',s,'AY'
my,'M AY',s,'AY'
a,'AH',s,''
to,'T UW',s,'UW'
it,'IH T',s,'IH'
action,'AE K SH AH N',s,'AE'
thou,'DH AW',s,''
hast,'HH AE S T',s,'AE'
the,'DH AH',s,''
of,'AH V',s,''
me,'M IY',s,'IY'
therefre,'DH EH R F AO R',s,'AO'
no,'N OW',s,''
i,'AY',s,'AY'
am,'AE M',s,'AE'
not,'N AA T',s,'AA'
mad,'M AE D',s,'AE'
i,'AY',s,'AY'
thee,'DH IY',s,'IY'
well,'W EH L',s,''
witness,'W IH T N AH S',s,'IH'
this,'DH IH S',s,'IH'
stump,'S T ɤ M P',s,''
witness,'W IH T N AH S',s,'IH'
crimson,'K R IH M Z AH N',s,'IH'
lines,'L ǝ IH N Z',s,'IH'
witness,'W IH T N AH S',s,'IH'
trenches,'T R EH N CH IH Z',s,'IH'
by,'B AY',s,'AY'
grief,'G R IY F',s,'IY'
and,'AH N D',s,''
witness,'W IH T N AH S',s,'IH'
the,'DH AH',s,''
tiring,'T ǝ IH r IH N',s,'IH IH'
and,'AH N D',s,''
heavy,'e V ǝ IH',s,'IH'
witness,'W IH T N AH S',s,'IH'
all,'AA L',s,'AA'
that,'DH AE T',s,'AE'
i,'AY',s,'AY'
thee,'DH IY',s,'IY'
well,'W EH L',s,''
for,'F AO R',s,'AO'
our,'OW R',s,''
empress,'EH M P R EH S',s,''
mighty,'M ǝ IH T ǝ IH',s,'IH IH'
is,'IH Z',s,'IH'
not,'N AA T',s,'AA'
for,'F AO R',s,'AO'
my,'M AY',s,'AY'
art,'AA R T',s,'AA'
thou,'DH AW',s,''
and,'AH N D',s,''
art,'AA R T',s,'AA'
thou,'DH AW',s,''
sent,'S EH N T',s,''
to,'T UW',s,'UW'
me,'M IY',s,'IY'
to,'T UW',s,'UW'
be,'B IY',s,'IY'
a,'AH',s,''
torment,'T AO R M e N T',s,'AO'
to,'T UW',s,'UW'
enemies,'EH N AH M IY Z',s,'IY'
do,'D OW',s,''
me,'M IY',s,'IY'
i,'AY',s,'AY'
to,'T UW',s,'UW'
thee,'DH IY',s,'IY'
lo,'L OW',s,''
by,'B AY',s,'AY'
and,'AH N D',s,''
stands,'S T AE N D Z',s,'AE'
that,'DH AE T',s,'AE'
thou,'DH AW',s,''
art,'AA R T',s,'AA'
stab,'S T AE B',s,'AE'
them,'DH EH M',s,''
or,'AO R',s,'AO'
tear,'T IY R',s,'IY'
them,'DH EH M',s,''
on,'AA N',s,'AA'
wheels,'ʍ IY L Z',s,'IY'
and,'AH N D',s,''
then,'DH EH N',s,''
and,'AH N D',s,''
be,'B IY',s,'IY'
and,'AH N D',s,''
with,'W IH DH',s,'IH'
thee,'DH IY',s,'IY'
the,'DH AH',s,''
thee,'DH IY',s,'IY'
black,'B L AE K',s,'AE'
as,'AE Z',s,'AE'
jet,'JH EH T',s,''
to,'T UW',s,'UW'
vengeful,'V e N D ZH F UH L',s,'UH'
wagon,'W AE G AH N',s,'AE'
swift,'S W IH F T',s,'IH'
and,'AH N D',s,''
out,'AW T',s,''
in,'IH N',s,'IH'
their,'DH EH R',s,''
guilty,'G IH L T IY',s,'IH IY'
and,'AH N D',s,''
when,'ʍ e N',s,''
car,'K AW R',s,''
is,'IH Z',s,'IH'
loaden,'L OW D ǝ N',s,''
with,'W IH DH',s,'IH'
their,'DH EH R',s,''
heads,'HH EH D Z',s,''
i,'AY',s,'AY'
will,'W IH L',s,'IH'
and,'AH N D',s,''
by,'B AY',s,'AY'
wagon,'W AE G AH N',s,'AE'
wheel,'ʍ IY L',s,'IY'
trot,'T R AA T',s,'AA'
a,'AH',s,''
footman,'F UH T M AH N',s,'UH'
all,'AA L',s,'AA'
even,'IY V IH N',s,'IY IH'
from,'F R AH M',s,''
rising,'r ǝ IH Z IH N',s,'IH IH'
in,'IH N',s,'IH'
the,'DH AH',s,''
east,'e S T',s,''
until,'AH N T IH L',s,'IH'
his,'HH IH Z',s,'IH'
very,'V EH R IY',s,'IY'
in,'IH N',s,'IH'
the,'DH AH',s,''
sea,'S IY',s,'IY'
and,'AH N D',s,''
by,'B AY',s,'AY'
do,'D OW',s,''
this,'DH IH S',s,'IH'
heavy,'e V ǝ IH',s,'IH'
task,'T AW S K',s,''
so,'S OW',s,''
thou,'DH AW',s,''
destroy,'D IH S T r ǝ IH',s,'IH IH'
and,'AH N D',s,''
ministers,'M IH N IH S T ǝ R Z',s,'IH IH'
what,'W AH T',s,''
good,'G UH D',s,'UH'
lord,'L AO R D',s,'AO'
the,'DH AH',s,''
sons,'S AH N Z',s,''
and,'AH N D',s,''
you,'Y UW',s,'UW'
the,'DH AH',s,''
empress,'EH M P R EH S',s,''
but,'B AH T',s,''
we,'W IY',s,'IY'
men,'M EH N',s,''
mad,'M AE D',s,'AE'
o,'OW',s,''
sweet,'S W IY T',s,'IY'
do,'D OW',s,''
i,'AY',s,'AY'
to,'T UW',s,'UW'
thee,'DH IY',s,'IY'
and,'AH N D',s,''
if,'IH F',s,'IH'
will,'W IH L',s,'IH'
content,'K ǝ N T e N T',s,''
thee,'DH IY',s,'IY'
i,'AY',s,'AY'
will,'W IH L',s,'IH'
thee,'DH IY',s,'IY'
in,'IH N',s,'IH'
it,'IH T',s,'IH'
by,'B AY',s,'AY'
and,'AH N D',s,''
by,'B AY',s,'AY'
i,'AY',s,'AY'
been,'B IH N',s,'IH'
forlorn,'F AO R L AO R N',s,'AO AO'
and,'AH N D',s,''
all,'AA L',s,'AA'
for,'F AO R',s,'AO'
thee,'DH IY',s,'IY'
dread,'D R EH D',s,''
to,'T UW',s,'UW'
my,'M AY',s,'AY'
woeful,'W OW F AH L',s,''
and,'AH N D',s,''
you,'Y UW',s,'UW'
too,'T UW',s,'UW'
the,'DH AH',s,''
empress,'EH M P R EH S',s,''
and,'AH N D',s,''
sons,'S AH N Z',s,''
you,'Y UW',s,'UW'
well,'W EH L',s,''
you,'Y UW',s,'UW'
fitted,'F IH T AH D',s,'IH'
had,'HH AE D',s,'AE'
you,'Y UW',s,'UW'
but,'B AH T',s,''
a,'AH',s,''
moor,'M OW R',s,''
not,'N AA T',s,'AA'
all,'AA L',s,'AA'
afford,'ǝ F AO R D',s,'AO'
you,'Y UW',s,'UW'
a,'AH',s,''
devil,'D IH V ǝ L',s,'IH'
for,'F AO R',s,'AO'
well,'W EH L',s,''
i,'AY',s,'AY'
the,'DH AH',s,''
empress,'EH M P R EH S',s,''
never,'N e V ǝ R',s,''
wags,'W AE G Z',s,'AE'
but,'B AH T',s,''
in,'IH N',s,'IH'
company,'K AH M P AH N IY',s,'IY'
is,'IH Z',s,'IH'
a,'AH',s,''
moor,'M OW R',s,''
and,'AH N D',s,''
you,'Y UW',s,'UW'
represent,'R EH P R AH Z EH N T',s,''
our,'OW R',s,''
it,'IH T',s,'IH'
wre,'W ER',s,''
you,'Y UW',s,'UW'
had,'HH AE D',s,'AE'
a,'AH',s,''
devil,'D IH V ǝ L',s,'IH'
but,'B AH T',s,''
as,'AE Z',s,'AE'
you,'Y UW',s,'UW'
what,'W AH T',s,''
shall,'SH AE L',s,'AE'
we,'W IY',s,'IY'
do,'D OW',s,''
look,'L UH K',s,'UH'
the,'DH AH',s,''
wicked,'W IH K AH D',s,'IH'
streets,'S T R IY T S',s,'IY'
of,'AH V',s,''
and,'AH N D',s,''
when,'ʍ e N',s,''
thou,'DH AW',s,''
a,'AH',s,''
man,'M AE N',s,'AE'
good,'G UH D',s,'UH'
stab,'S T AE B',s,'AE'
him,'HH IH M',s,'IH'
a,'AH',s,''
go,'G OW',s,''
thou,'DH AW',s,''
with,'W IH DH',s,'IH'
him,'HH IH M',s,'IH'
and,'AH N D',s,''
when,'ʍ e N',s,''
it,'IH T',s,'IH'
is,'IH Z',s,'IH'
to,'T UW',s,'UW'
another,'ǝ N ɤ DH ǝ R',s,''
that,'DH AE T',s,'AE'
is,'IH Z',s,'IH'
to,'T UW',s,'UW'
thee,'DH IY',s,'IY'
good,'G UH D',s,'UH'
stab,'S T AE B',s,'AE'
him,'HH IH M',s,'IH'
he,'HH IY',s,'IY'
is,'IH Z',s,'IH'
a,'AH',s,''
go,'G OW',s,''
thou,'DH AW',s,''
with,'W IH DH',s,'IH'
them,'DH EH M',s,''
and,'AH N D',s,''
in,'IH N',s,'IH'
the,'DH AH',s,''
court,'K AO R T',s,'AO'
is,'IH Z',s,'IH'
a,'AH',s,''
attended,'AH T EH N D AH D',s,''
by,'B AY',s,'AY'
a,'AH',s,''
moor,'M OW R',s,''
well,'W EH L',s,''
shalt,'SH AE L T',s,'AE'
thou,'DH AW',s,''
by,'B AY',s,'AY'
for,'F AO R',s,'AO'
up,'AH P',s,''
and,'AH N D',s,''
down,'D ǝ UH N',s,'UH'
she,'SH IY',s,'IY'
doth,'D AO TH',s,'AO'
thee,'DH IY',s,'IY'
i,'AY',s,'AY'
thee,'DH IY',s,'IY'
do,'D OW',s,''
on,'AA N',s,'AA'
them,'DH EH M',s,''
death,'D EH TH',s,''
been,'B IH N',s,'IH'
to,'T UW',s,'UW'
me,'M IY',s,'IY'
and,'AH N D',s,''
marcus,'M AA R K AH S',s,'AA'
my,'M AY',s,'AY'
sad,'S AE D',s,'AE'
titus,'T AY T AH S',s,'AY'
go,'G OW',s,''
marcus,'M AA R K AH S',s,'AA'
to,'T UW',s,'UW'
lucius,'L UW SH AH S',s,'UW'
thou,'DH AW',s,''
shalt,'SH AE L T',s,'AE'
him,'HH IH M',s,'IH'
out,'AW T',s,''
the,'DH AH',s,''
bid,'B IH D',s,'IH'
him,'HH IH M',s,'IH'
repair,'r IH P EH R',s,'IH'
to,'T UW',s,'UW'
me,'M IY',s,'IY'
and,'AH N D',s,''
with,'W IH DH',s,'IH'
him,'HH IH M',s,'IH'
of,'AH V',s,''
the,'DH AH',s,''
princes,'P R IH N S AH Z',s,'IH'
of,'AH V',s,''
the,'DH AH',s,''
bid,'B IH D',s,'IH'
him,'HH IH M',s,'IH'
encamp,'IH N K AE M P',s,'IH AE'
his,'HH IH Z',s,'IH'
tell,'T EH L',s,''
him,'HH IH M',s,'IH'
the,'DH AH',s,''
and,'AH N D',s,''
the,'DH AH',s,''
empress,'EH M P R EH S',s,''
too,'T UW',s,'UW'
feast,'F e S T',s,''
at,'AE T',s,'AE'
my,'M AY',s,'AY'
and,'AH N D',s,''
he,'HH IY',s,'IY'
shall,'SH AE L',s,'AE'
feast,'F e S T',s,''
with,'W IH DH',s,'IH'
them,'DH EH M',s,''
this,'DH IH S',s,'IH'
do,'D OW',s,''
thou,'DH AW',s,''
for,'F AO R',s,'AO'
my,'M AY',s,'AY'
and,'AH N D',s,''
so,'S OW',s,''
let,'L EH T',s,''
him,'HH IH M',s,'IH'
as,'AE Z',s,'AE'
he,'HH IY',s,'IY'
regards,'r IH G AA R D Z',s,'IH AA'
his,'HH IH Z',s,'IH'
let,'L EH T',s,''
and,'AH N D',s,''
with,'W IH DH',s,'IH'
me,'M IY',s,'IY'
or,'AO R',s,'AO'
call,'K AO L',s,'AO'
my,'M AY',s,'AY'
back,'B AE K',s,'AE'
again,'ǝ ɡ EH N',s,''
and,'AH N D',s,''
to,'T UW',s,'UW'
no,'N OW',s,''
but,'B AH T',s,''
lucius,'L UW SH AH S',s,'UW'
i,'AY',s,'AY'
them,'DH EH M',s,''
all,'AA L',s,'AA'
me,'M IY',s,'IY'
mad,'M AE D',s,'AE'
and,'AH N D',s,''
will,'W IH L',s,'IH'
them,'DH EH M',s,''
in,'IH N',s,'IH'
their,'DH EH R',s,''
devices,'D IH V AY S AH Z',s,'IH AY'
a,'AH',s,''
pair,'P EH R',s,''
of,'AH V',s,''
and,'AH N D',s,''
their,'DH EH R',s,''
dam,'D AE M',s,'AE'
i,'AY',s,'AY'
thou,'DH AW',s,''
dost,'D AA S T',s,'AA'
and,'AH N D',s,''
sweet,'S W IY T',s,'IY'
tut,'T ɤ T',s,''
i,'AY',s,'AY'
work,'W AO R K',s,'AO'
for,'F AO R',s,'AO'
you,'Y UW',s,'UW'
to,'T UW',s,'UW'
do,'D OW',s,''
and,'AH N D',s,''
you,'Y UW',s,'UW'
thou,'DH AW',s,''
art,'AA R T',s,'AA'
too,'T UW',s,'UW'
the,'DH AH',s,''
is,'IH Z',s,'IH'
and,'AH N D',s,''
is,'IH Z',s,'IH'
the,'DH AH',s,''
and,'AH N D',s,''
therefre,'DH EH R F AO R',s,'AO'
bind,'B AY N D',s,'AY'
them,'DH EH M',s,''
and,'AH N D',s,''
on,'AA N',s,'AA'
them,'DH EH M',s,''
oft,'AO F T',s,'AO'
you,'Y UW',s,'UW'
me,'M IY',s,'IY'
wish,'W IH SH',s,'IH'
for,'F AO R',s,'AO'
an,'AE N',s,'AE'
and,'AH N D',s,''
i,'AY',s,'AY'
it,'IH T',s,'IH'
therefre,'DH EH R F AO R',s,'AO'
bind,'B AY N D',s,'AY'
them,'DH EH M',s,''
and,'AH N D',s,''
stop,'S T AA P',s,'AA'
their,'DH EH R',s,''
if,'IH F',s,'IH'
begin,'B IH G IH N',s,'IH IH'
to,'T UW',s,'UW'
look,'L UH K',s,'UH'
foes,'F OW Z',s,''
stop,'S T AA P',s,'AA'
their,'DH EH R',s,''
let,'L EH T',s,''
them,'DH EH M',s,''
not,'N AA T',s,'AA'
speak,'S P IY K',s,'IY'
to,'T UW',s,'UW'
me,'M IY',s,'IY'
but,'B AH T',s,''
let,'L EH T',s,''
them,'DH EH M',s,''
what,'W AH T',s,''
fearful,'F IH R F AH L',s,'IH'
i,'AY',s,'AY'
o,'OW',s,''
villains,'V IH L AH N Z',s,'IH'
and,'AH N D',s,''
stands,'S T AE N D Z',s,'AE'
the,'DH AH',s,''
whom,'HH UW M',s,'UW'
you,'Y UW',s,'UW'
with,'W IH DH',s,'IH'
mud,'M ɤ D',s,''
this,'DH IH S',s,'IH'
summer,'S ɤ M ǝ R',s,''
with,'W IH DH',s,'IH'
your,'Y AO R',s,'AO'
mixed,'M IH K S T',s,'IH'
you,'Y UW',s,'UW'
and,'AH N D',s,''
for,'F AO R',s,'AO'
that,'DH AE T',s,'AE'
fault,'F AO L T',s,'AO'
of,'AH V',s,''
wre,'W ER',s,''
to,'T UW',s,'UW'
death,'D EH TH',s,''
my,'M AY',s,'AY'
cut,'K ɤ T',s,''
off,'AO F',s,'AO'
and,'AH N D',s,''
a,'AH',s,''
merrry,'M e r ǝ IH',s,'IH'
jest,'JH EH S T',s,''
both,'B OW TH',s,''
sweet,'S W IY T',s,'IY'
and,'AH N D',s,''
that,'DH AE T',s,'AE'
dear,'D IY R',s,'IY'
than,'DH AE N',s,'AE'
or,'AO R',s,'AO'
spotless,'S P AA T L AH S',s,'AA'
chastity,'CH AE S T AH T IY',s,'AE IY'
inhuman,'IH N Y UW M ǝ N',s,'IH UW'
you,'Y UW',s,'UW'
and,'AH N D',s,''
forced,'F AO R S IH D',s,'AO IH'
what,'W AH T',s,''
you,'Y UW',s,'UW'
if,'IH F',s,'IH'
i,'AY',s,'AY'
let,'L EH T',s,''
you,'Y UW',s,'UW'
speak,'S P IY K',s,'IY'
villains,'V IH L AH N Z',s,'IH'
for,'F AO R',s,'AO'
you,'Y UW',s,'UW'
not,'N AA T',s,'AA'
beg,'B EH G',s,''
for,'F AO R',s,'AO'
i,'AY',s,'AY'
mean,'M IY N',s,'IY'
to,'T UW',s,'UW'
martyr,'M AA R T ǝ R',s,'AA'
you,'Y UW',s,'UW'
this,'DH IH S',s,'IH'
yet,'Y EH T',s,''
is,'IH Z',s,'IH'
left,'L EH F T',s,''
to,'T UW',s,'UW'
cut,'K ɤ T',s,''
your,'Y AO R',s,'AO'
that,'DH AE T',s,'AE'
stumps,'S T ɤ M P S',s,''
doth,'D AO TH',s,'AO'
the,'DH AH',s,''
basin,'B EH S ə N',s,''
that,'DH AE T',s,'AE'
your,'Y AO R',s,'AO'
guilty,'G IH L T IY',s,'IH IY'
blood,'B L AH D',s,''
you,'Y UW',s,'UW'
your,'Y AO R',s,'AO'
means,'M IY N Z',s,'IY'
to,'T UW',s,'UW'
feast,'F e S T',s,''
with,'W IH DH',s,'IH'
me,'M IY',s,'IY'
and,'AH N D',s,''
and,'AH N D',s,''
thinks,'TH IH NG K S',s,'IH'
me,'M IY',s,'IY'
mad,'M AE D',s,'AE'
villains,'V IH L AH N Z',s,'IH'
i,'AY',s,'AY'
will,'W IH L',s,'IH'
grind,'G R AY N D',s,'AY'
your,'Y AO R',s,'AO'
to,'T UW',s,'UW'
dust,'D AH S T',s,''
and,'AH N D',s,''
with,'W IH DH',s,'IH'
your,'Y AO R',s,'AO'
blood,'B L AH D',s,''
and,'AH N D',s,''
it,'IH T',s,'IH'
a,'AH',s,''
and,'AH N D',s,''
of,'AH V',s,''
the,'DH AH',s,''
a,'AH',s,''
coffin,'K AO F IH N',s,'AO IH'
i,'AY',s,'AY'
will,'W IH L',s,'IH'
rear,'r IY R',s,'IY'
and,'AH N D',s,''
of,'AH V',s,''
your,'Y AO R',s,'AO'
heads,'HH EH D Z',s,''
and,'AH N D',s,''
bid,'B IH D',s,'IH'
that,'DH AE T',s,'AE'
your,'Y AO R',s,'AO'
dam,'D AE M',s,'AE'
to,'T UW',s,'UW'
the,'DH AH',s,''
this,'DH IH S',s,'IH'
is,'IH Z',s,'IH'
the,'DH AH',s,''
feast,'F e S T',s,''
that,'DH AE T',s,'AE'
i,'AY',s,'AY'
bid,'B IH D',s,'IH'
to,'T UW',s,'UW'
and,'AH N D',s,''
this,'DH IH S',s,'IH'
the,'DH AH',s,''
banquet,'B AW NG K IH T',s,'IH'
she,'SH IY',s,'IY'
shall,'SH AE L',s,'AE'
surfeit,'S ɐ R F IH T',s,'IH'
on,'AA N',s,'AA'
for,'F AO R',s,'AO'
than,'DH AE N',s,'AE'
you,'Y UW',s,'UW'
used,'Y UW Z D',s,'UW'
my,'M AY',s,'AY'
and,'AH N D',s,''
than,'DH AE N',s,'AE'
i,'AY',s,'AY'
will,'W IH L',s,'IH'
be,'B IY',s,'IY'
and,'AH N D',s,''
your,'Y AO R',s,'AO'
the,'DH AH',s,''
blood,'B L AH D',s,''
and,'AH N D',s,''
when,'ʍ e N',s,''
that,'DH AE T',s,'AE'
dead,'D EH D',s,''
let,'L EH T',s,''
me,'M IY',s,'IY'
go,'G OW',s,''
grind,'G R AY N D',s,'AY'
their,'DH EH R',s,''
to,'T UW',s,'UW'
small,'S M AO L',s,'AO'
and,'AH N D',s,''
with,'W IH DH',s,'IH'
this,'DH IH S',s,'IH'
liquor,'L IH K ǝ R',s,'IH'
it,'IH T',s,'IH'
and,'AH N D',s,''
in,'IH N',s,'IH'
that,'DH AE T',s,'AE'
let,'L EH T',s,''
their,'DH EH R',s,''
heads,'HH EH D Z',s,''
be,'B IY',s,'IY'
be,'B IY',s,'IY'
to,'T UW',s,'UW'
this,'DH IH S',s,'IH'
banquet,'B AW NG K IH T',s,'IH'
i,'AY',s,'AY'
wish,'W IH SH',s,'IH'
stern,'S T ɐ R N',s,''
and,'AH N D',s,''
bloody,'B L AH D IY',s,'IY'
than,'DH AE N',s,'AE'
the,'DH AH',s,''
feast,'F e S T',s,''
so,'S OW',s,''
them,'DH EH M',s,''
in,'IH N',s,'IH'
for,'F AO R',s,'AO'
the,'DH AH',s,''
cook,'K UH K',s,'UH'
and,'AH N D',s,''
see,'S IY',s,'IY'
them,'DH EH M',s,''
ready,'R EH D IY',s,'IY'
against,'AH G EH N S T',s,''
their,'DH EH R',s,''
my,'M AY',s,'AY'
dread,'D R EH D',s,''
you,'Y UW',s,'UW'
lucius,'L UW SH AH S',s,'UW'
and,'AH N D',s,''
all,'AA L',s,'AA'
the,'DH AH',s,''
be,'B IY',s,'IY'
poor,'P UH R',s,'UH'
fill,'F IH L',s,'IH'
your,'Y AO R',s,'AO'
you,'Y UW',s,'UW'
eat,'IY T',s,'IY'
of,'AH V',s,''
it,'IH T',s,'IH'
i,'AY',s,'AY'
be,'B IY',s,'IY'
to,'T UW',s,'UW'
all,'AA L',s,'AA'
well,'W EH L',s,''
to,'T UW',s,'UW'
your,'Y AO R',s,'AO'
and,'AH N D',s,''
your,'Y AO R',s,'AO'
empress,'EH M P R EH S',s,''
an,'AE N',s,'AE'
if,'IH F',s,'IH'
your,'Y AO R',s,'AO'
my,'M AY',s,'AY'
heart,'HH AA R T',s,'AA'
you,'Y UW',s,'UW'
wre,'W ER',s,''
my,'M AY',s,'AY'
lord,'L AO R D',s,'AO'
the,'DH AH',s,''
me,'M IY',s,'IY'
this,'DH IH S',s,'IH'
was,'W AA Z',s,'AA'
it,'IH T',s,'IH'
well,'W EH L',s,''
of,'AH V',s,''
rash,'R AE SH',s,'AE'
to,'T UW',s,'UW'
his,'HH IH Z',s,'IH'
with,'W IH DH',s,'IH'
his,'HH IH Z',s,'IH'
she,'SH IY',s,'IY'
was,'W AA Z',s,'AA'
and,'AH N D',s,''
your,'Y AO R',s,'AO'
reason,'r EH Z ǝ N',s,''
mighty,'M ǝ IH T ǝ IH',s,'IH IH'
lord,'L AO R D',s,'AO'
a,'AH',s,''
reason,'r EH Z ǝ N',s,''
mighty,'M ǝ IH T ǝ IH',s,'IH IH'
and,'AH N D',s,''
a,'AH',s,''
pattern,'P AW T ǝ R N',s,''
and,'AH N D',s,''
warrant,'W AA r ǝ N T',s,'AA'
for,'F AO R',s,'AO'
me,'M IY',s,'IY'
most,'M OW S T',s,''
to,'T UW',s,'UW'
perform,'P ǝ R F AO R M',s,'AO'
the,'DH AH',s,''
and,'AH N D',s,''
with,'W IH DH',s,'IH'
thee,'DH IY',s,'IY'
and,'AH N D',s,''
with,'W IH DH',s,'IH'
for,'F AO R',s,'AO'
whom,'HH UW M',s,'UW'
my,'M AY',s,'AY'
tears,'T EH R Z',s,''
me,'M IY',s,'IY'
i,'AY',s,'AY'
am,'AE M',s,'AE'
as,'AE Z',s,'AE'
woeful,'W OW F AH L',s,''
as,'AE Z',s,'AE'
was,'W AA Z',s,'AA'
and,'AH N D',s,''
a,'AH',s,''
than,'DH AE N',s,'AE'
he,'HH IY',s,'IY'
to,'T UW',s,'UW'
do,'D OW',s,''
this,'DH IH S',s,'IH'
and,'AH N D',s,''
it,'IH T',s,'IH'
is,'IH Z',s,'IH'
will,'W IH L',s,'IH'
you,'Y UW',s,'UW'
your,'Y AO R',s,'AO'
feed,'F IY D',s,'IY'
not,'N AA T',s,'AA'
i,'AY',s,'AY'
and,'AH N D',s,''
and,'AH N D',s,''
cut,'K ɤ T',s,''
and,'AH N D',s,''
that,'DH AE T',s,'AE'
did,'D IH D',s,'IH'
all,'AA L',s,'AA'
this,'DH IH S',s,'IH'
whhy,'ʍ ǝ IH',s,'IH'
both,'B OW TH',s,''
in,'IH N',s,'IH'
this,'DH IH S',s,'IH'
whereof,'ʍ EH R ɒ V',s,''
their,'DH EH R',s,''
hath,'HH AE TH',s,'AE'
fed,'F EH D',s,''
the,'DH AH',s,''
flesh,'F L EH SH',s,''
that,'DH AE T',s,'AE'
she,'SH IY',s,'IY'
hath,'HH AE TH',s,'AE'
bred,'B R EH D',s,''
true,'T R UW',s,'UW'
true,'T R UW',s,'UW'
witness,'W IH T N AH S',s,'IH'
my,'M AY',s,'AY'
sharp,'SH AA R P',s,'AA'
