the,'DH AH',s,''
fool,'F UH L',s,'UH'
go,'G OW',s,''
to,'T UW',s,'UW'
youre,'Y UH R',s,'UH'
a,'AH',s,''
fool,'F UH L',s,'UH'
no,'N OW',s,''
of,'AH V',s,''
you,'Y UW',s,'UW'
besides,'B IH S ə IH D Z',s,'IH IH'
you,'Y UW',s,'UW'
dishonest,'D IH S AA N AH S T',s,'IH AA'
i,'AY',s,'AY'
them,'DH EH M',s,''
you,'Y UW',s,'UW'
can,'K AE N',s,'AE'
you,'Y UW',s,'UW'
do,'D OW',s,''
it,'IH T',s,'IH'
your,'Y AO R',s,'AO'
proof,'P R UW F',s,'UW'
well,'W EH L',s,''
for,'F AO R',s,'AO'
want,'W AA N T',s,'AA'
of,'AH V',s,''
idleness,'ǝ IH D L N ǝ S',s,'IH'
your,'Y AO R',s,'AO'
proof,'P R UW F',s,'UW'
good,'G UH D',s,'UH'
fool,'F UH L',s,'UH'
for,'F AO R',s,'AO'
my,'M AY',s,'AY'
death,'D EH TH',s,''
i,'AY',s,'AY'
his,'HH IH Z',s,'IH'
soul,'S OW L',s,''
is,'IH Z',s,'IH'
in,'IH N',s,'IH'
heaven,'HH EH V AH N',s,''
fool,'F UH L',s,'UH'
what,'W AH T',s,''
think,'TH IH NG K',s,'IH'
you,'Y UW',s,'UW'
of,'AH V',s,''
this,'DH IH S',s,'IH'
fool,'F UH L',s,'UH'
malvolio,'AW L V OW L IH OW',s,'IH'
doth,'D AO TH',s,'AO'
he,'HH IY',s,'IY'
not,'N AA T',s,'AA'
mend,'M EH N D',s,''
you,'Y UW',s,'UW'
to,'T UW',s,'UW'
that,'DH AE T',s,'AE'
malvolio,'AW L V OW L IH OW',s,'IH'
o,'OW',s,''
you,'Y UW',s,'UW'
sick,'S IH K',s,'IH'
of,'AH V',s,''
malvolio,'AW L V OW L IH OW',s,'IH'
and,'AH N D',s,''
with,'W IH DH',s,'IH'
a,'AH',s,''
to,'T UW',s,'UW'
be,'B IY',s,'IY'
guiltless,'G IH L T L ǝ S',s,'IH'
and,'AH N D',s,''
of,'AH V',s,''
free,'F R IY',s,'IY'
disposition,'D IH S P AH Z IH SH AH N',s,'IH IH'
is,'IH Z',s,'IH'
to,'T UW',s,'UW'
for,'F AO R',s,'AO'
that,'DH AE T',s,'AE'
you,'Y UW',s,'UW'
deem,'D IY M',s,'IY'
cannon,'K AE N AH N',s,'AE'
bullets,'B UH L AH T S',s,'UH'
is,'IH Z',s,'IH'
no,'N OW',s,''
slander,'S L AO N D ǝ R',s,'AO'
in,'IH N',s,'IH'
an,'AE N',s,'AE'
fool,'F UH L',s,'UH'
he,'HH IY',s,'IY'
do,'D OW',s,''
but,'B AH T',s,''
rail,'r EH L',s,''
nor,'N AO R',s,'AO'
no,'N OW',s,''
in,'IH N',s,'IH'
a,'AH',s,''
disccreet,'D IH S K R IY T',s,'IH IY'
man,'M AE N',s,'AE'
he,'HH IY',s,'IY'
do,'D OW',s,''
but,'B AH T',s,''
from,'F R AH M',s,''
the,'DH AH',s,''
orsino,'AO R S IY N OW',s,'AO IY'
is,'IH Z',s,'IH'
it,'IH T',s,'IH'
who,'HH UW',s,'UW'
of,'AH V',s,''
my,'M AY',s,'AY'
him,'HH IH M',s,'IH'
in,'IH N',s,'IH'
him,'HH IH M',s,'IH'
off,'AO F',s,'AO'
i,'AY',s,'AY'
you,'Y UW',s,'UW'
he,'HH IY',s,'IY'
speaks,'S P IY K S',s,'IY'
but,'B AH T',s,''
madman,'M AE D M AE N',s,'AE AE'
on,'AA N',s,'AA'
him,'HH IH M',s,'IH'
go,'G OW',s,''
you,'Y UW',s,'UW'
malvolio,'AW L V OW L IH OW',s,'IH'
if,'IH F',s,'IH'
it,'IH T',s,'IH'
be,'B IY',s,'IY'
a,'AH',s,''
suit,'SH UW T',s,'UW'
from,'F R AH M',s,''
the,'DH AH',s,''
i,'AY',s,'AY'
am,'AE M',s,'AE'
sick,'S IH K',s,'IH'
or,'AO R',s,'AO'
not,'N AA T',s,'AA'
at,'AE T',s,'AE'
hme,'OW M',s,''
what,'W AH T',s,''
you,'Y UW',s,'UW'
will,'W IH L',s,'IH'
to,'T UW',s,'UW'
dismiss,'D IH S M IH S',s,'IH IH'
it,'IH T',s,'IH'
you,'Y UW',s,'UW'
see,'S IY',s,'IY'
your,'Y AO R',s,'AO'
old,'OW L D',s,''
and,'AH N D',s,''
it,'IH T',s,'IH'
by,'B AY',s,'AY'
is,'IH Z',s,'IH'
he,'HH IY',s,'IY'
at,'AE T',s,'AE'
the,'DH AH',s,''
cousin,'K AH Z AH N',s,''
a,'AH',s,''
gentleman,'JH EH N T AH L M AH N',s,''
what,'W AH T',s,''
gentleman,'JH EH N T AH L M AH N',s,''
cousin,'K AH Z AH N',s,''
cousin,'K AH Z AH N',s,''
you,'Y UW',s,'UW'
so,'S OW',s,''
by,'B AY',s,'AY'
this,'DH IH S',s,'IH'
marrry,'M AW r ǝ IH',s,'IH'
what,'W AH T',s,''
is,'IH Z',s,'IH'
he,'HH IY',s,'IY'
a,'AH',s,''
drunken,'D R AH NG K AH N',s,''
man,'M AE N',s,'AE'
fool,'F UH L',s,'UH'
go,'G OW',s,''
thou,'DH AW',s,''
and,'AH N D',s,''
seek,'S IY K',s,'IY'
the,'DH AH',s,''
crowner,'K r ǝ UH N ǝ R',s,'UH'
and,'AH N D',s,''
let,'L EH T',s,''
him,'HH IH M',s,'IH'
sit,'S IH T',s,'IH'
my,'M AY',s,'AY'
coz,'K AA Z',s,'AA'
for,'F AO R',s,'AO'
in,'IH N',s,'IH'
the,'DH AH',s,''
degree,'D IH G R IY',s,'IH IY'
of,'AH V',s,''
drink,'D R IH NG K',s,'IH'
drowned,'D r ǝ UH N IH D',s,'UH IH'
go,'G OW',s,''
look,'L UH K',s,'UH'
after,'AW F T ǝ R',s,''
him,'HH IH M',s,'IH'
tell,'T EH L',s,''
him,'HH IH M',s,'IH'
he,'HH IY',s,'IY'
shall,'SH AE L',s,'AE'
not,'N AA T',s,'AA'
speak,'S P IY K',s,'IY'
with,'W IH DH',s,'IH'
me,'M IY',s,'IY'
what,'W AH T',s,''
man,'M AE N',s,'AE'
is,'IH Z',s,'IH'
he,'HH IY',s,'IY'
what,'W AH T',s,''
of,'AH V',s,''
man,'M AE N',s,'AE'
of,'AH V',s,''
what,'W AH T',s,''
and,'AH N D',s,''
years,'Y IH R Z',s,'IH'
is,'IH Z',s,'IH'
he,'HH IY',s,'IY'
let,'L EH T',s,''
him,'HH IH M',s,'IH'
appproach,'ǝ P r OW T SH',s,''
call,'K AO L',s,'AO'
in,'IH N',s,'IH'
my,'M AY',s,'AY'
gentlewoman,'JH EH N T AH L W UH M AH N',s,'UH'
me,'M IY',s,'IY'
my,'M AY',s,'AY'
veil,'V EH L',s,''
it,'IH T',s,'IH'
my,'M AY',s,'AY'
speak,'S P IY K',s,'IY'
to,'T UW',s,'UW'
me,'M IY',s,'IY'
i,'AY',s,'AY'
shall,'SH AE L',s,'AE'
for,'F AO R',s,'AO'
your,'Y AO R',s,'AO'
will,'W IH L',s,'IH'
you,'Y UW',s,'UW'
you,'Y UW',s,'UW'
a,'AH',s,''
if,'IH F',s,'IH'
i,'AY',s,'AY'
do,'D OW',s,''
not,'N AA T',s,'AA'
usurp,'Y UW S ER P',s,'UW'
myself,'M AY S EH L F',s,'AY'
i,'AY',s,'AY'
am,'AE M',s,'AE'
to,'T UW',s,'UW'
what,'W AH T',s,''
is,'IH Z',s,'IH'
important,'IH M P AO R T AH N T',s,'IH AO'
in,'IH N',s,'IH'
i,'AY',s,'AY'
forgve,'F ER G IH V',s,'IH'
you,'Y UW',s,'UW'
the,'DH AH',s,''
it,'IH T',s,'IH'
is,'IH Z',s,'IH'
the,'DH AH',s,''
to,'T UW',s,'UW'
be,'B IY',s,'IY'
i,'AY',s,'AY'
you,'Y UW',s,'UW'
keep,'K IY P',s,'IY'
it,'IH T',s,'IH'
in,'IH N',s,'IH'
i,'AY',s,'AY'
you,'Y UW',s,'UW'
wre,'W ER',s,''
at,'AE T',s,'AE'
my,'M AY',s,'AY'
and,'AH N D',s,''
your,'Y AO R',s,'AO'
appproach,'ǝ P r OW T SH',s,''
to,'T UW',s,'UW'
wonder,'W ɤ N D ǝ R',s,''
at,'AE T',s,'AE'
you,'Y UW',s,'UW'
than,'DH AE N',s,'AE'
to,'T UW',s,'UW'
you,'Y UW',s,'UW'
if,'IH F',s,'IH'
you,'Y UW',s,'UW'
be,'B IY',s,'IY'
not,'N AA T',s,'AA'
mad,'M AE D',s,'AE'
if,'IH F',s,'IH'
you,'Y UW',s,'UW'
reason,'r EH Z ǝ N',s,''
be,'B IY',s,'IY'
brief,'B R IY F',s,'IY'
not,'N AA T',s,'AA'
that,'DH AE T',s,'AE'
of,'AH V',s,''
moon,'M UW N',s,'UW'
with,'W IH DH',s,'IH'
me,'M IY',s,'IY'
to,'T UW',s,'UW'
in,'IH N',s,'IH'
so,'S OW',s,''
a,'AH',s,''
dialogue,'D AY AH L AO G',s,'AY AO'
tell,'T EH L',s,''
me,'M IY',s,'IY'
your,'Y AO R',s,'AO'
you,'Y UW',s,'UW'
hideous,'IH D IH ǝ S',s,'IH IH'
matter,'M AW T ǝ R',s,''
to,'T UW',s,'UW'
deliver,'D IH L IH V ǝ R',s,'IH IH'
when,'ʍ e N',s,''
the,'DH AH',s,''
of,'AH V',s,''
it,'IH T',s,'IH'
is,'IH Z',s,'IH'
so,'S OW',s,''
fearful,'F IH R F AH L',s,'IH'
speak,'S P IY K',s,'IY'
your,'Y AO R',s,'AO'
yet,'Y EH T',s,''
you,'Y UW',s,'UW'
began,'B IH G AE N',s,'IH AE'
rudely,'r UW D L ǝ IH',s,'UW IH'
what,'W AH T',s,''
you,'Y UW',s,'UW'
what,'W AH T',s,''
you,'Y UW',s,'UW'
us,'AH S',s,''
the,'DH AH',s,''
we,'W IY',s,'IY'
will,'W IH L',s,'IH'
this,'DH IH S',s,'IH'
divinity,'D IH V IH N AH T IY',s,'IH IH IY'
what,'W AH T',s,''
is,'IH Z',s,'IH'
your,'Y AO R',s,'AO'
a,'AH',s,''
and,'AH N D',s,''
be,'B IY',s,'IY'
said,'S EH D',s,''
of,'AH V',s,''
it,'IH T',s,'IH'
your,'Y AO R',s,'AO'
in,'IH N',s,'IH'
his,'HH IH Z',s,'IH'
bosom,'B UH Z AH M',s,'UH'
in,'IH N',s,'IH'
what,'W AH T',s,''
of,'AH V',s,''
his,'HH IH Z',s,'IH'
bosom,'B UH Z AH M',s,'UH'
o,'OW',s,''
i,'AY',s,'AY'
read,'r e D',s,''
it,'IH T',s,'IH'
it,'IH T',s,'IH'
is,'IH Z',s,'IH'
you,'Y UW',s,'UW'
no,'N OW',s,''
to,'T UW',s,'UW'
you,'Y UW',s,'UW'
commission,'K AH M IH SH AH N',s,'IH'
from,'F R AH M',s,''
your,'Y AO R',s,'AO'
lord,'L AO R D',s,'AO'
to,'T UW',s,'UW'
with,'W IH DH',s,'IH'
my,'M AY',s,'AY'
you,'Y UW',s,'UW'
out,'AW T',s,''
of,'AH V',s,''
your,'Y AO R',s,'AO'
but,'B AH T',s,''
we,'W IY',s,'IY'
will,'W IH L',s,'IH'
the,'DH AH',s,''
curtain,'K ɐ R T ǝ N',s,''
and,'AH N D',s,''
you,'Y UW',s,'UW'
the,'DH AH',s,''
pictre,'P IH K CH ER',s,'IH'
look,'L UH K',s,'UH'
you,'Y UW',s,'UW'
a,'AH',s,''
i,'AY',s,'AY'
was,'W AA Z',s,'AA'
this,'DH IH S',s,'IH'
present,'P r IH Z e N T',s,'IH'
is,'IH Z',s,'IH'
not,'N AA T',s,'AA'
well,'W EH L',s,''
in,'IH N',s,'IH'
grain,'G r EH N',s,''
and,'AH N D',s,''
o,'OW',s,''
i,'AY',s,'AY'
will,'W IH L',s,'IH'
not,'N AA T',s,'AA'
be,'B IY',s,'IY'
so,'S OW',s,''
i,'AY',s,'AY'
will,'W IH L',s,'IH'
out,'AW T',s,''
of,'AH V',s,''
my,'M AY',s,'AY'
it,'IH T',s,'IH'
shall,'SH AE L',s,'AE'
be,'B IY',s,'IY'
inventoried,'IH N V AH N T AO R IY D',s,'IH AO IY'
and,'AH N D',s,''
every,'e V r ǝ IH',s,'IH'
and,'AH N D',s,''
to,'T UW',s,'UW'
my,'M AY',s,'AY'
will,'W IH L',s,'IH'
as,'AE Z',s,'AE'
lips,'L IH P S',s,'IH'
red,'R EH D',s,''
with,'W IH DH',s,'IH'
lids,'L IH D Z',s,'IH'
to,'T UW',s,'UW'
them,'DH EH M',s,''
neck,'N EH K',s,''
chin,'CH IH N',s,'IH'
and,'AH N D',s,''
so,'S OW',s,''
forth,'F AO R TH',s,'AO'
wre,'W ER',s,''
you,'Y UW',s,'UW'
sent,'S EH N T',s,''
to,'T UW',s,'UW'
me,'M IY',s,'IY'
does,'D AH Z',s,''
he,'HH IY',s,'IY'
me,'M IY',s,'IY'
your,'Y AO R',s,'AO'
lord,'L AO R D',s,'AO'
does,'D AH Z',s,''
my,'M AY',s,'AY'
i,'AY',s,'AY'
cannot,'K AE N AA T',s,'AE AA'
him,'HH IH M',s,'IH'
yet,'Y EH T',s,''
i,'AY',s,'AY'
him,'HH IH M',s,'IH'
virtuous,'V ER CH UW AH S',s,'UW'
him,'HH IH M',s,'IH'
of,'AH V',s,''
great,'G r e T',s,''
of,'AH V',s,''
fresh,'F R EH SH',s,''
and,'AH N D',s,''
stainless,'S T EH N L ǝ S',s,''
youth,'Y UW TH',s,'UW'
in,'IH N',s,'IH'
voices,'V OY S AH Z',s,''
well,'W EH L',s,''
divulged,'D IH V ɤ L D ZH D',s,'IH'
free,'F R IY',s,'IY'
and,'AH N D',s,''
and,'AH N D',s,''
in,'IH N',s,'IH'
dimension,'D IH M EH N SH AH N',s,'IH'
and,'AH N D',s,''
the,'DH AH',s,''
of,'AH V',s,''
natre,'N EY CH ER',s,'EY'
a,'AH',s,''
but,'B AH T',s,''
yet,'Y EH T',s,''
i,'AY',s,'AY'
cannot,'K AE N AA T',s,'AE AA'
him,'HH IH M',s,'IH'
he,'HH IY',s,'IY'
took,'T UH K',s,'UH'
his,'HH IH Z',s,'IH'
ago,'ǝ ɡ OW',s,''
whhy,'ʍ ǝ IH',s,'IH'
what,'W AH T',s,''
you,'Y UW',s,'UW'
you,'Y UW',s,'UW'
do,'D OW',s,''
what,'W AH T',s,''
is,'IH Z',s,'IH'
your,'Y AO R',s,'AO'
get,'G EH T',s,''
you,'Y UW',s,'UW'
to,'T UW',s,'UW'
your,'Y AO R',s,'AO'
lord,'L AO R D',s,'AO'
i,'AY',s,'AY'
cannot,'K AE N AA T',s,'AE AA'
him,'HH IH M',s,'IH'
let,'L EH T',s,''
him,'HH IH M',s,'IH'
send,'S EH N D',s,''
no,'N OW',s,''
unless,'ɤ N L e S',s,''
perchace,'P ER CH AE N S',s,'AE'
you,'Y UW',s,'UW'
to,'T UW',s,'UW'
me,'M IY',s,'IY'
again,'ǝ ɡ EH N',s,''
to,'T UW',s,'UW'
tell,'T EH L',s,''
me,'M IY',s,'IY'
he,'HH IY',s,'IY'
it,'IH T',s,'IH'
you,'Y UW',s,'UW'
well,'W EH L',s,''
i,'AY',s,'AY'
thank,'TH AE NG K',s,'AE'
you,'Y UW',s,'UW'
for,'F AO R',s,'AO'
your,'Y AO R',s,'AO'
pains,'P EH N Z',s,''
spend,'S P EH N D',s,''
this,'DH IH S',s,'IH'
for,'F AO R',s,'AO'
me,'M IY',s,'IY'
what,'W AH T',s,''
is,'IH Z',s,'IH'
your,'Y AO R',s,'AO'
my,'M AY',s,'AY'
yet,'Y EH T',s,''
my,'M AY',s,'AY'
is,'IH Z',s,'IH'
well,'W EH L',s,''
i,'AY',s,'AY'
am,'AE M',s,'AE'
a,'AH',s,''
gentleman,'JH EH N T AH L M AH N',s,''
be,'B IY',s,'IY'
sworn,'S W AO R N',s,'AO'
thou,'DH AW',s,''
art,'AA R T',s,'AA'
actions,'AE K SH AH N Z',s,'AE'
and,'AH N D',s,''
spirit,'S P IH R AH T',s,'IH'
do,'D OW',s,''
thee,'DH IY',s,'IY'
blazon,'B L EH Z ə N',s,''
not,'N AA T',s,'AA'
too,'T UW',s,'UW'
fast,'F AW S T',s,''
soft,'S AA F T',s,'AA'
soft,'S AA F T',s,'AA'
unless,'ɤ N L e S',s,''
the,'DH AH',s,''
master,'M AW S T ǝ R',s,''
wre,'W ER',s,''
the,'DH AH',s,''
man,'M AE N',s,'AE'
even,'IY V IH N',s,'IY IH'
so,'S OW',s,''
the,'DH AH',s,''
methinks,'M IH TH IH NG K S',s,'IH IH'
i,'AY',s,'AY'
feel,'F IY L',s,'IY'
this,'DH IH S',s,'IH'
with,'W IH DH',s,'IH'
an,'AE N',s,'AE'
and,'AH N D',s,''
stealth,'S T EH L TH',s,''
to,'T UW',s,'UW'
creep,'K R IY P',s,'IY'
in,'IH N',s,'IH'
at,'AE T',s,'AE'
well,'W EH L',s,''
let,'L EH T',s,''
it,'IH T',s,'IH'
be,'B IY',s,'IY'
what,'W AH T',s,''
ho,'HH OW',s,''
malvolio,'AW L V OW L IH OW',s,'IH'
run,'r ɤ N',s,''
after,'AW F T ǝ R',s,''
that,'DH AE T',s,'AE'
peevish,'P IY V IH SH',s,'IY IH'
the,'DH AH',s,''
man,'M AE N',s,'AE'
he,'HH IY',s,'IY'
left,'L EH F T',s,''
this,'DH IH S',s,'IH'
behind,'B IH ə IH N D',s,'IH IH'
him,'HH IH M',s,'IH'
i,'AY',s,'AY'
or,'AO R',s,'AO'
not,'N AA T',s,'AA'
tell,'T EH L',s,''
him,'HH IH M',s,'IH'
of,'AH V',s,''
it,'IH T',s,'IH'
him,'HH IH M',s,'IH'
not,'N AA T',s,'AA'
to,'T UW',s,'UW'
with,'W IH DH',s,'IH'
his,'HH IH Z',s,'IH'
lord,'L AO R D',s,'AO'
nor,'N AO R',s,'AO'
him,'HH IH M',s,'IH'
up,'AH P',s,''
with,'W IH DH',s,'IH'
i,'AY',s,'AY'
am,'AE M',s,'AE'
not,'N AA T',s,'AA'
for,'F AO R',s,'AO'
him,'HH IH M',s,'IH'
if,'IH F',s,'IH'
that,'DH AE T',s,'AE'
the,'DH AH',s,''
youth,'Y UW TH',s,'UW'
will,'W IH L',s,'IH'
this,'DH IH S',s,'IH'
him,'HH IH M',s,'IH'
reasons,'r EH Z ǝ N Z',s,''
for,'F AO R',s,'AO'
hie,'ǝ IH',s,'IH'
thee,'DH IY',s,'IY'
malvolio,'AW L V OW L IH OW',s,'IH'
i,'AY',s,'AY'
do,'D OW',s,''
i,'AY',s,'AY'
not,'N AA T',s,'AA'
what,'W AH T',s,''
and,'AH N D',s,''
fear,'F IY R',s,'IY'
to,'T UW',s,'UW'
too,'T UW',s,'UW'
great,'G r e T',s,''
a,'AH',s,''
for,'F AO R',s,'AO'
my,'M AY',s,'AY'
we,'W IY',s,'IY'
do,'D OW',s,''
not,'N AA T',s,'AA'
we,'OW',s,''
what,'W AH T',s,''
is,'IH Z',s,'IH'
decreed,'D IH K R IY D',s,'IH IY'
must,'M AH S T',s,''
be,'B IY',s,'IY'
and,'AH N D',s,''
be,'B IY',s,'IY'
this,'DH IH S',s,'IH'
so,'S OW',s,''
let,'L EH T',s,''
the,'DH AH',s,''
garden,'G AA R D ǝ N',s,'AA'
door,'D AO R',s,'AO'
be,'B IY',s,'IY'
shut,'SH AH T',s,''
and,'AH N D',s,''
me,'M IY',s,'IY'
to,'T UW',s,'UW'
my,'M AY',s,'AY'
me,'M IY',s,'IY'
your,'Y AO R',s,'AO'
what,'W AH T',s,''
is,'IH Z',s,'IH'
your,'Y AO R',s,'AO'
my,'M AY',s,'AY'
servant,'S ɐ R V ǝ N T',s,''
never,'N e V ǝ R',s,''
merrry,'M e r ǝ IH',s,'IH'
was,'W AA Z',s,'AA'
compliment,'K AA M P L AH M EH N T',s,'AA'
youre,'Y UH R',s,'UH'
servant,'S ɐ R V ǝ N T',s,''
to,'T UW',s,'UW'
the,'DH AH',s,''
orsino,'AO R S IY N OW',s,'AO IY'
youth,'Y UW TH',s,'UW'
for,'F AO R',s,'AO'
him,'HH IH M',s,'IH'
i,'AY',s,'AY'
think,'TH IH NG K',s,'IH'
not,'N AA T',s,'AA'
on,'AA N',s,'AA'
him,'HH IH M',s,'IH'
for,'F AO R',s,'AO'
his,'HH IH Z',s,'IH'
wre,'W ER',s,''
blanks,'B L AE NG K S',s,'AE'
than,'DH AE N',s,'AE'
with,'W IH DH',s,'IH'
me,'M IY',s,'IY'
o,'OW',s,''
by,'B AY',s,'AY'
your,'Y AO R',s,'AO'
i,'AY',s,'AY'
you,'Y UW',s,'UW'
i,'AY',s,'AY'
you,'Y UW',s,'UW'
never,'N e V ǝ R',s,''
speak,'S P IY K',s,'IY'
again,'ǝ ɡ EH N',s,''
of,'AH V',s,''
him,'HH IH M',s,'IH'
but,'B AH T',s,''
you,'Y UW',s,'UW'
another,'ǝ N ɤ DH ǝ R',s,''
suit,'SH UW T',s,'UW'
i,'AY',s,'AY'
had,'HH AE D',s,'AE'
you,'Y UW',s,'UW'
to,'T UW',s,'UW'
solicit,'S AH L IH S IH T',s,'IH IH'
that,'DH AE T',s,'AE'
than,'DH AE N',s,'AE'
from,'F R AH M',s,''
the,'DH AH',s,''
me,'M IY',s,'IY'
beseech,'B IY S IY CH',s,'IY IY'
you,'Y UW',s,'UW'
i,'AY',s,'AY'
did,'D IH D',s,'IH'
send,'S EH N D',s,''
after,'AW F T ǝ R',s,''
the,'DH AH',s,''
last,'L AE S T',s,'AE'
enchantment,'EH N CH AE N T M AH N T',s,'AE'
you,'Y UW',s,'UW'
did,'D IH D',s,'IH'
a,'AH',s,''
in,'IH N',s,'IH'
of,'AH V',s,''
you,'Y UW',s,'UW'
so,'S OW',s,''
did,'D IH D',s,'IH'
i,'AY',s,'AY'
myself,'M AY S EH L F',s,'AY'
my,'M AY',s,'AY'
servant,'S ɐ R V ǝ N T',s,''
and,'AH N D',s,''
i,'AY',s,'AY'
fear,'F IY R',s,'IY'
me,'M IY',s,'IY'
you,'Y UW',s,'UW'
under,'ɤ N D ǝ R',s,''
your,'Y AO R',s,'AO'
must,'M AH S T',s,''
i,'AY',s,'AY'
sit,'S IH T',s,'IH'
to,'T UW',s,'UW'
that,'DH AE T',s,'AE'
on,'AA N',s,'AA'
you,'Y UW',s,'UW'
in,'IH N',s,'IH'
a,'AH',s,''
you,'Y UW',s,'UW'
of,'AH V',s,''
yours,'Y UH R Z',s,'UH'
what,'W AH T',s,''
you,'Y UW',s,'UW'
think,'TH IH NG K',s,'IH'
you,'Y UW',s,'UW'
not,'N AA T',s,'AA'
set,'S EH T',s,''
at,'AE T',s,'AE'
the,'DH AH',s,''
and,'AH N D',s,''
baited,'B EH T IH D',s,'IH'
it,'IH T',s,'IH'
with,'W IH DH',s,'IH'
all,'AA L',s,'AA'
that,'DH AE T',s,'AE'
heart,'HH AA R T',s,'AA'
can,'K AE N',s,'AE'
think,'TH IH NG K',s,'IH'
to,'T UW',s,'UW'
of,'AH V',s,''
your,'Y AO R',s,'AO'
is,'IH Z',s,'IH'
a,'AH',s,''
cypress,'S IH P r ǝ S',s,'IH'
not,'N AA T',s,'AA'
a,'AH',s,''
bosom,'B UH Z AH M',s,'UH'
my,'M AY',s,'AY'
heart,'HH AA R T',s,'AA'
so,'S OW',s,''
let,'L EH T',s,''
me,'M IY',s,'IY'
you,'Y UW',s,'UW'
speak,'S P IY K',s,'IY'
a,'AH',s,''
degree,'D IH G R IY',s,'IH IY'
to,'T UW',s,'UW'
whhy,'ʍ ǝ IH',s,'IH'
then,'DH EH N',s,''
methinks,'M IH TH IH NG K S',s,'IH IH'
to,'T UW',s,'UW'
again,'ǝ ɡ EH N',s,''
o,'OW',s,''
apt,'AE P T',s,'AE'
the,'DH AH',s,''
poor,'P UH R',s,'UH'
to,'T UW',s,'UW'
be,'B IY',s,'IY'
if,'IH F',s,'IH'
be,'B IY',s,'IY'
a,'AH',s,''
the,'DH AH',s,''
better,'B e T ə R',s,''
to,'T UW',s,'UW'
fall,'F AA L',s,'AA'
the,'DH AH',s,''
than,'DH AE N',s,'AE'
the,'DH AH',s,''
wolf,'W UH L F',s,'UH'
the,'DH AH',s,''
clock,'K L AA K',s,'AA'
upbraids,'ɤ P B r EH D Z',s,''
me,'M IY',s,'IY'
with,'W IH DH',s,'IH'
the,'DH AH',s,''
of,'AH V',s,''
be,'B IY',s,'IY'
not,'N AA T',s,'AA'
afraid,'ǝ F r EH D',s,''
good,'G UH D',s,'UH'
youth,'Y UW TH',s,'UW'
i,'AY',s,'AY'
will,'W IH L',s,'IH'
not,'N AA T',s,'AA'
you,'Y UW',s,'UW'
and,'AH N D',s,''
yet,'Y EH T',s,''
when,'ʍ e N',s,''
wit,'W IH T',s,'IH'
and,'AH N D',s,''
youth,'Y UW TH',s,'UW'
is,'IH Z',s,'IH'
to,'T UW',s,'UW'
your,'Y AO R',s,'AO'
is,'IH Z',s,'IH'
to,'T UW',s,'UW'
reap,'R IY P',s,'IY'
a,'AH',s,''
man,'M AE N',s,'AE'
your,'Y AO R',s,'AO'
west,'W EH S T',s,''
i,'AY',s,'AY'
prithee,'P r e DH IY',s,'IY'
tell,'T EH L',s,''
me,'M IY',s,'IY'
what,'W AH T',s,''
thou,'DH AW',s,''
of,'AH V',s,''
me,'M IY',s,'IY'
if,'IH F',s,'IH'
i,'AY',s,'AY'
think,'TH IH NG K',s,'IH'
so,'S OW',s,''
i,'AY',s,'AY'
think,'TH IH NG K',s,'IH'
the,'DH AH',s,''
of,'AH V',s,''
you,'Y UW',s,'UW'
i,'AY',s,'AY'
you,'Y UW',s,'UW'
wre,'W ER',s,''
as,'AE Z',s,'AE'
i,'AY',s,'AY'
you,'Y UW',s,'UW'
be,'B IY',s,'IY'
o,'OW',s,''
what,'W AH T',s,''
a,'AH',s,''
deal,'D EH L',s,''
of,'AH V',s,''
looks,'L UH K S',s,'UH'
in,'IH N',s,'IH'
the,'DH AH',s,''
and,'AH N D',s,''
anger,'AW NG ɡ ǝ R',s,''
of,'AH V',s,''
his,'HH IH Z',s,'IH'
lip,'L IH P',s,'IH'
a,'AH',s,''
guilt,'G IH L T',s,'IH'
not,'N AA T',s,'AA'
itself,'IH T S EH L F',s,'IH'
soon,'S UW N',s,'UW'
than,'DH AE N',s,'AE'
that,'DH AE T',s,'AE'
seem,'S IY M',s,'IY'
hid,'HH IH D',s,'IH'
is,'IH Z',s,'IH'
noon,'N UW N',s,'UW'
by,'B AY',s,'AY'
the,'DH AH',s,''
roses,'r OW Z IH Z',s,'IH'
of,'AH V',s,''
the,'DH AH',s,''
by,'B AY',s,'AY'
truth,'T R UW TH',s,'UW'
and,'AH N D',s,''
everything,'e V r ǝ IH ˌ TH IH NG',s,'IH IH'
i,'AY',s,'AY'
thee,'DH IY',s,'IY'
so,'S OW',s,''
that,'DH AE T',s,'AE'
all,'AA L',s,'AA'
nor,'N AO R',s,'AO'
wit,'W IH T',s,'IH'
nor,'N AO R',s,'AO'
reason,'r EH Z ǝ N',s,''
can,'K AE N',s,'AE'
my,'M AY',s,'AY'
passion,'P AE SH AH N',s,'AE'
do,'D OW',s,''
not,'N AA T',s,'AA'
reasons,'r EH Z ǝ N Z',s,''
from,'F R AH M',s,''
this,'DH IH S',s,'IH'
for,'F AO R',s,'AO'
that,'DH AE T',s,'AE'
i,'AY',s,'AY'
woo,'W UW',s,'UW'
thou,'DH AW',s,''
therefre,'DH EH R F AO R',s,'AO'
hast,'HH AE S T',s,'AE'
no,'N OW',s,''
but,'B AH T',s,''
reason,'r EH Z ǝ N',s,''
thus,'DH ɤ S',s,''
with,'W IH DH',s,'IH'
reason,'r EH Z ǝ N',s,''
fetter,'F e T ǝ R',s,''
is,'IH Z',s,'IH'
good,'G UH D',s,'UH'
but,'B AH T',s,''
given,'G IH V AH N',s,'IH'
is,'IH Z',s,'IH'
better,'B e T ə R',s,''
yet,'Y EH T',s,''
again,'ǝ ɡ EH N',s,''
for,'F AO R',s,'AO'
thou,'DH AW',s,''
that,'DH AE T',s,'AE'
heart,'HH AA R T',s,'AA'
to,'T UW',s,'UW'
his,'HH IH Z',s,'IH'
i,'AY',s,'AY'
sent,'S EH N T',s,''
after,'AW F T ǝ R',s,''
him,'HH IH M',s,'IH'
he,'HH IY',s,'IY'
shall,'SH AE L',s,'AE'
i,'AY',s,'AY'
feast,'F e S T',s,''
him,'HH IH M',s,'IH'
what,'W AH T',s,''
of,'AH V',s,''
him,'HH IH M',s,'IH'
for,'F AO R',s,'AO'
youth,'Y UW TH',s,'UW'
is,'IH Z',s,'IH'
oft,'AO F T',s,'AO'
than,'DH AE N',s,'AE'
or,'AO R',s,'AO'
i,'AY',s,'AY'
speak,'S P IY K',s,'IY'
too,'T UW',s,'UW'
malvolio,'AW L V OW L IH OW',s,'IH'
he,'HH IY',s,'IY'
is,'IH Z',s,'IH'
sad,'S AE D',s,'AE'
and,'AH N D',s,''
civil,'S IH V AH L',s,'IH'
and,'AH N D',s,''
suits,'SH UW T S',s,'UW'
well,'W EH L',s,''
for,'F AO R',s,'AO'
a,'AH',s,''
servant,'S ɐ R V ǝ N T',s,''
with,'W IH DH',s,'IH'
my,'M AY',s,'AY'
is,'IH Z',s,'IH'
malvolio,'AW L V OW L IH OW',s,'IH'
whhy,'ʍ ǝ IH',s,'IH'
the,'DH AH',s,''
matter,'M AW T ǝ R',s,''
does,'D AH Z',s,''
he,'HH IY',s,'IY'
go,'G OW',s,''
call,'K AO L',s,'AO'
him,'HH IH M',s,'IH'
i,'AY',s,'AY'
am,'AE M',s,'AE'
as,'AE Z',s,'AE'
mad,'M AE D',s,'AE'
as,'AE Z',s,'AE'
he,'HH IY',s,'IY'
if,'IH F',s,'IH'
sad,'S AE D',s,'AE'
and,'AH N D',s,''
merrry,'M e r ǝ IH',s,'IH'
madness,'M AE D N AH S',s,'AE'
be,'B IY',s,'IY'
malvolio,'AW L V OW L IH OW',s,'IH'
thou,'DH AW',s,''
i,'AY',s,'AY'
sent,'S EH N T',s,''
for,'F AO R',s,'AO'
thee,'DH IY',s,'IY'
upon,'AH P AA N',s,'AA'
a,'AH',s,''
sad,'S AE D',s,'AE'
whhy,'ʍ ǝ IH',s,'IH'
dost,'D AA S T',s,'AA'
thou,'DH AW',s,''
man,'M AE N',s,'AE'
what,'W AH T',s,''
is,'IH Z',s,'IH'
the,'DH AH',s,''
matter,'M AW T ǝ R',s,''
with,'W IH DH',s,'IH'
thee,'DH IY',s,'IY'
wilt,'W IH L T',s,'IH'
thou,'DH AW',s,''
go,'G OW',s,''
to,'T UW',s,'UW'
bed,'B EH D',s,''
malvolio,'AW L V OW L IH OW',s,'IH'
god,'G AA D',s,'AA'
comfort,'K ɤ M F ǝ R T',s,''
thee,'DH IY',s,'IY'
whhy,'ʍ ǝ IH',s,'IH'
dost,'D AA S T',s,'AA'
thou,'DH AW',s,''
so,'S OW',s,''
and,'AH N D',s,''
kiss,'K IH S',s,'IH'
so,'S OW',s,''
oft,'AO F T',s,'AO'
what,'W AH T',s,''
thou,'DH AW',s,''
by,'B AY',s,'AY'
that,'DH AE T',s,'AE'
malvolio,'AW L V OW L IH OW',s,'IH'
what,'W AH T',s,''
thou,'DH AW',s,''
heaven,'HH EH V AH N',s,''
thee,'DH IY',s,'IY'
am,'AE M',s,'AE'
i,'AY',s,'AY'
whhy,'ʍ ǝ IH',s,'IH'
this,'DH IH S',s,'IH'
is,'IH Z',s,'IH'
very,'V EH R IY',s,'IY'
midsummer,'M IH D S ǝ M ǝ R',s,'IH'
madness,'M AE D N AH S',s,'AE'
to,'T UW',s,'UW'
him,'HH IH M',s,'IH'
good,'G UH D',s,'UH'
let,'L EH T',s,''
this,'DH IH S',s,'IH'
be,'B IY',s,'IY'
to,'T UW',s,'UW'
my,'M AY',s,'AY'
cousin,'K AH Z AH N',s,''
toby,'T OW B IY',s,'IY'
let,'L EH T',s,''
of,'AH V',s,''
my,'M AY',s,'AY'
a,'AH',s,''
of,'AH V',s,''
him,'HH IH M',s,'IH'
i,'AY',s,'AY'
not,'N AA T',s,'AA'
him,'HH IH M',s,'IH'
for,'F AO R',s,'AO'
the,'DH AH',s,''
of,'AH V',s,''
my,'M AY',s,'AY'
i,'AY',s,'AY'
said,'S EH D',s,''
too,'T UW',s,'UW'
unto,'AH N T UW',s,'UW'
a,'AH',s,''
heart,'HH AA R T',s,'AA'
of,'AH V',s,''
and,'AH N D',s,''
laid,'L EH D',s,''
too,'T UW',s,'UW'
on,'AA N',s,'AA'
in,'IH N',s,'IH'
me,'M IY',s,'IY'
that,'DH AE T',s,'AE'
my,'M AY',s,'AY'
fault,'F AO L T',s,'AO'
but,'B AH T',s,''
a,'AH',s,''
potent,'P OW T ǝ N T',s,''
fault,'F AO L T',s,'AO'
it,'IH T',s,'IH'
is,'IH Z',s,'IH'
that,'DH AE T',s,'AE'
it,'IH T',s,'IH'
but,'B AH T',s,''
reproof,'r IH P r ɤ F',s,'IH'
wear,'W EH R',s,''
this,'DH IH S',s,'IH'
for,'F AO R',s,'AO'
me,'M IY',s,'IY'
my,'M AY',s,'AY'
pictre,'P IH K CH ER',s,'IH'
it,'IH T',s,'IH'
not,'N AA T',s,'AA'
it,'IH T',s,'IH'
hath,'HH AE TH',s,'AE'
no,'N OW',s,''
to,'T UW',s,'UW'
you,'Y UW',s,'UW'
and,'AH N D',s,''
i,'AY',s,'AY'
beseech,'B IY S IY CH',s,'IY IY'
you,'Y UW',s,'UW'
again,'ǝ ɡ EH N',s,''
what,'W AH T',s,''
shall,'SH AE L',s,'AE'
you,'Y UW',s,'UW'
ask,'AW S K',s,''
of,'AH V',s,''
me,'M IY',s,'IY'
that,'DH AE T',s,'AE'
that,'DH AE T',s,'AE'
upon,'AH P AA N',s,'AA'
with,'W IH DH',s,'IH'
i,'AY',s,'AY'
him,'HH IH M',s,'IH'
that,'DH AE T',s,'AE'
i,'AY',s,'AY'
given,'G IH V AH N',s,'IH'
to,'T UW',s,'UW'
you,'Y UW',s,'UW'
well,'W EH L',s,''
again,'ǝ ɡ EH N',s,''
thee,'DH IY',s,'IY'
well,'W EH L',s,''
a,'AH',s,''
fiend,'F IY N D',s,'IY'
thee,'DH IY',s,'IY'
bear,'B EH R',s,''
my,'M AY',s,'AY'
soul,'S OW L',s,''
to,'T UW',s,'UW'
toby,'T OW B IY',s,'IY'
on,'AA N',s,'AA'
i,'AY',s,'AY'
thee,'DH IY',s,'IY'
will,'W IH L',s,'IH'
it,'IH T',s,'IH'
be,'B IY',s,'IY'
thus,'DH ɤ S',s,''
fit,'F IH T',s,'IH'
for,'F AO R',s,'AO'
the,'DH AH',s,''
mountains,'M AW N T AH N Z',s,''
and,'AH N D',s,''
the,'DH AH',s,''
wre,'W ER',s,''
out,'AW T',s,''
of,'AH V',s,''
my,'M AY',s,'AY'
be,'B IY',s,'IY'
not,'N AA T',s,'AA'
offended,'AH F EH N D AH D',s,''
dear,'D IY R',s,'IY'
rudesby,'r UW D Z B ǝ IH',s,'UW IH'
i,'AY',s,'AY'
prithee,'P r e DH IY',s,'IY'
friend,'F R EH N D',s,''
let,'L EH T',s,''
fair,'F EH R',s,''
wisdom,'W IH Z D AH M',s,'IH'
not,'N AA T',s,'AA'
passion,'P AE SH AH N',s,'AE'
in,'IH N',s,'IH'
this,'DH IH S',s,'IH'
uncivil,'ɤ N S IH V IH L',s,'IH IH'
and,'AH N D',s,''
unjust,'AH N JH AH S T',s,''
against,'AH G EH N S T',s,''
go,'G OW',s,''
with,'W IH DH',s,'IH'
me,'M IY',s,'IY'
to,'T UW',s,'UW'
my,'M AY',s,'AY'
and,'AH N D',s,''
thou,'DH AW',s,''
fruitless,'F R UW T L AH S',s,'UW'
pranks,'P R AE NG K S',s,'AE'
this,'DH IH S',s,'IH'
hath,'HH AE TH',s,'AE'
up,'AH P',s,''
that,'DH AE T',s,'AE'
thou,'DH AW',s,''
thereby,'DH EH R B ǝ IH',s,'IH'
at,'AE T',s,'AE'
this,'DH IH S',s,'IH'
thou,'DH AW',s,''
shalt,'SH AE L T',s,'AE'
not,'N AA T',s,'AA'
but,'B AH T',s,''
go,'G OW',s,''
do,'D OW',s,''
not,'N AA T',s,'AA'
his,'HH IH Z',s,'IH'
soul,'S OW L',s,''
for,'F AO R',s,'AO'
me,'M IY',s,'IY'
he,'HH IY',s,'IY'
started,'S T AA R T AH D',s,'AA'
poor,'P UH R',s,'UH'
heart,'HH AA R T',s,'AA'
of,'AH V',s,''
in,'IH N',s,'IH'
thee,'DH IY',s,'IY'
i,'AY',s,'AY'
prithee,'P r e DH IY',s,'IY'
thou,'DH AW',s,''
be,'B IY',s,'IY'
by,'B AY',s,'AY'
me,'M IY',s,'IY'
o,'OW',s,''
so,'S OW',s,''
and,'AH N D',s,''
so,'S OW',s,''
be,'B IY',s,'IY'
not,'N AA T',s,'AA'
this,'DH IH S',s,'IH'
hate,'AW S T',s,''
of,'AH V',s,''
if,'IH F',s,'IH'
you,'Y UW',s,'UW'
mean,'M IY N',s,'IY'
well,'W EH L',s,''
go,'G OW',s,''
with,'W IH DH',s,'IH'
me,'M IY',s,'IY'
and,'AH N D',s,''
with,'W IH DH',s,'IH'
this,'DH IH S',s,'IH'
holy,'HH OW L IY',s,'IY'
man,'M AE N',s,'AE'
into,'IH N T UW',s,'IH UW'
the,'DH AH',s,''
by,'B AY',s,'AY'
him,'HH IH M',s,'IH'
and,'AH N D',s,''
that,'DH AE T',s,'AE'
consecrated,'K AA N S AH K R EY T AH D',s,'AA EY'
roof,'R UW F',s,'UW'
me,'M IY',s,'IY'
the,'DH AH',s,''
full,'F UH L',s,'UH'
of,'AH V',s,''
your,'Y AO R',s,'AO'
faith,'F EY TH',s,'EY'
that,'DH AE T',s,'AE'
my,'M AY',s,'AY'
most,'M OW S T',s,''
jealous,'JH EH L AH S',s,''
and,'AH N D',s,''
too,'T UW',s,'UW'
soul,'S OW L',s,''
at,'AE T',s,'AE'
he,'HH IY',s,'IY'
shall,'SH AE L',s,'AE'
conceal,'K AH N S IY L',s,'IY'
it,'IH T',s,'IH'
you,'Y UW',s,'UW'
it,'IH T',s,'IH'
shall,'SH AE L',s,'AE'
to,'T UW',s,'UW'
what,'W AH T',s,''
we,'W IY',s,'IY'
will,'W IH L',s,'IH'
our,'OW R',s,''
keep,'K IY P',s,'IY'
to,'T UW',s,'UW'
my,'M AY',s,'AY'
what,'W AH T',s,''
do,'D OW',s,''
you,'Y UW',s,'UW'
then,'DH EH N',s,''
lead,'L EH D',s,''
the,'DH AH',s,''
good,'G UH D',s,'UH'
and,'AH N D',s,''
heavens,'HH EH V AH N Z',s,''
so,'S OW',s,''
that,'DH AE T',s,'AE'
fairly,'F EH R L IY',s,'IY'
this,'DH IH S',s,'IH'
act,'AE K T',s,'AE'
of,'AH V',s,''
what,'W AH T',s,''
my,'M AY',s,'AY'
lord,'L AO R D',s,'AO'
but,'B AH T',s,''
that,'DH AE T',s,'AE'
he,'HH IY',s,'IY'
not,'N AA T',s,'AA'
wherein,'ʍ EH R IH N',s,'IH'
seem,'S IY M',s,'IY'
you,'Y UW',s,'UW'
do,'D OW',s,''
not,'N AA T',s,'AA'
keep,'K IY P',s,'IY'
with,'W IH DH',s,'IH'
me,'M IY',s,'IY'
what,'W AH T',s,''
do,'D OW',s,''
you,'Y UW',s,'UW'
my,'M AY',s,'AY'
lord,'L AO R D',s,'AO'
if,'IH F',s,'IH'
it,'IH T',s,'IH'
be,'B IY',s,'IY'
to,'T UW',s,'UW'
the,'DH AH',s,''
old,'OW L D',s,''
my,'M AY',s,'AY'
lord,'L AO R D',s,'AO'
it,'IH T',s,'IH'
is,'IH Z',s,'IH'
as,'AE Z',s,'AE'
fat,'F AE T',s,'AE'
and,'AH N D',s,''
to,'T UW',s,'UW'
ear,'IY R',s,'IY'
as,'AE Z',s,'AE'
after,'AW F T ǝ R',s,''
still,'S T IH L',s,'IH'
so,'S OW',s,''
constant,'K AA N S T AH N T',s,'AA'
lord,'L AO R D',s,'AO'
even,'IY V IH N',s,'IY IH'
what,'W AH T',s,''
it,'IH T',s,'IH'
my,'M AY',s,'AY'
lord,'L AO R D',s,'AO'
that,'DH AE T',s,'AE'
shall,'SH AE L',s,'AE'
him,'HH IH M',s,'IH'
goes,'G OW Z',s,''
me,'M IY',s,'IY'
detested,'D IH T EH S T IH D',s,'IH IH'
am,'AE M',s,'AE'
i,'AY',s,'AY'
hast,'HH AE S T',s,'AE'
thou,'DH AW',s,''
forgot,'F ǝ R G ɒ T',s,''
is,'IH Z',s,'IH'
it,'IH T',s,'IH'
so,'S OW',s,''
call,'K AO L',s,'AO'
forth,'F AO R TH',s,'AO'
the,'DH AH',s,''
holy,'HH OW L IY',s,'IY'
my,'M AY',s,'AY'
can,'K AE N',s,'AE'
he,'HH IY',s,'IY'
that,'DH AE T',s,'AE'
alas,'AH L AE S',s,'AE'
it,'IH T',s,'IH'
is,'IH Z',s,'IH'
the,'DH AH',s,''
of,'AH V',s,''
fear,'F IY R',s,'IY'
that,'DH AE T',s,'AE'
thee,'DH IY',s,'IY'
fear,'F IY R',s,'IY'
not,'N AA T',s,'AA'
up,'AH P',s,''
be,'B IY',s,'IY'
that,'DH AE T',s,'AE'
thou,'DH AW',s,''
thou,'DH AW',s,''
art,'AA R T',s,'AA'
and,'AH N D',s,''
then,'DH EH N',s,''
thou,'DH AW',s,''
art,'AA R T',s,'AA'
as,'AE Z',s,'AE'
great,'G r e T',s,''
as,'AE Z',s,'AE'
that,'DH AE T',s,'AE'
thou,'DH AW',s,''
o,'OW',s,''
i,'AY',s,'AY'
thee,'DH IY',s,'IY'
by,'B AY',s,'AY'
reverece,'r e V r ǝ N S',s,''
to,'T UW',s,'UW'
unfold,'ɤ N F OW L D',s,''
lately,'L EH T L ǝ IH',s,'IH'
we,'W IY',s,'IY'
intended,'IH N T EH N D AH D',s,'IH'
to,'T UW',s,'UW'
keep,'K IY P',s,'IY'
in,'IH N',s,'IH'
darkness,'D AA R K N AH S',s,'AA'
what,'W AH T',s,''
reveals,'R IH V IY L Z',s,'IH IY'
what,'W AH T',s,''
thou,'DH AW',s,''
dost,'D AA S T',s,'AA'
hath,'HH AE TH',s,'AE'
passed,'P AW S IH D',s,'IH'
between,'B IH T W IY N',s,'IH IY'
this,'DH IH S',s,'IH'
youth,'Y UW TH',s,'UW'
and,'AH N D',s,''
me,'M IY',s,'IY'
o,'OW',s,''
do,'D OW',s,''
not,'N AA T',s,'AA'
swear,'S W EH R',s,''
faith,'F EY TH',s,'EY'
thou,'DH AW',s,''
hast,'HH AE S T',s,'AE'
too,'T UW',s,'UW'
fear,'F IY R',s,'IY'
the,'DH AH',s,''
matter,'M AW T ǝ R',s,''
who,'HH UW',s,'UW'
this,'DH IH S',s,'IH'
with,'W IH DH',s,'IH'
him,'HH IH M',s,'IH'
who,'HH UW',s,'UW'
hath,'HH AE TH',s,'AE'
this,'DH IH S',s,'IH'
havoc,'HH AE V AH K',s,'AE'
with,'W IH DH',s,'IH'
them,'DH EH M',s,''
get,'G EH T',s,''
him,'HH IH M',s,'IH'
to,'T UW',s,'UW'
bed,'B EH D',s,''
and,'AH N D',s,''
let,'L EH T',s,''
his,'HH IH Z',s,'IH'
be,'B IY',s,'IY'
to,'T UW',s,'UW'
most,'M OW S T',s,''
he,'HH IY',s,'IY'
shall,'SH AE L',s,'AE'
him,'HH IH M',s,'IH'
malvolio,'AW L V OW L IH OW',s,'IH'
and,'AH N D',s,''
yet,'Y EH T',s,''
alas,'AH L AE S',s,'AE'
i,'AY',s,'AY'
me,'M IY',s,'IY'
poor,'P UH R',s,'UH'
gentleman,'JH EH N T AH L M AH N',s,''
distract,'D IH S T R AE K T',s,'IH AE'
a,'AH',s,''
most,'M OW S T',s,''
extracting,'IH K S T r AW K T IH N',s,'IH IH'
of,'AH V',s,''
from,'F R AH M',s,''
my,'M AY',s,'AY'
his,'HH IH Z',s,'IH'
does,'D AH Z',s,''
he,'HH IY',s,'IY'
open,'OW P ǝ N',s,''
and,'AH N D',s,''
read,'r e D',s,''
it,'IH T',s,'IH'
art,'AA R T',s,'AA'
thou,'DH AW',s,''
mad,'M AE D',s,'AE'
prithee,'P r e DH IY',s,'IY'
read,'r e D',s,''
wits,'W IH T S',s,'IH'
read,'r e D',s,''
it,'IH T',s,'IH'
you,'Y UW',s,'UW'
did,'D IH D',s,'IH'
he,'HH IY',s,'IY'
this,'DH IH S',s,'IH'
see,'S IY',s,'IY'
him,'HH IH M',s,'IH'
him,'HH IH M',s,'IH'
my,'M AY',s,'AY'
lord,'L AO R D',s,'AO'
so,'S OW',s,''
you,'Y UW',s,'UW'
on,'AA N',s,'AA'
to,'T UW',s,'UW'
think,'TH IH NG K',s,'IH'
me,'M IY',s,'IY'
as,'AE Z',s,'AE'
well,'W EH L',s,''
a,'AH',s,''
as,'AE Z',s,'AE'
a,'AH',s,''
shall,'SH AE L',s,'AE'
crown,'K r ǝ UH N',s,'UH'
on,'AA N',s,'AA'
so,'S OW',s,''
you,'Y UW',s,'UW'
at,'AE T',s,'AE'
my,'M AY',s,'AY'
and,'AH N D',s,''
at,'AE T',s,'AE'
my,'M AY',s,'AY'
cost,'K AA S T',s,'AA'
a,'AH',s,''
you,'Y UW',s,'UW'
she,'SH IY',s,'IY'
my,'M AY',s,'AY'
lord,'L AO R D',s,'AO'
this,'DH IH S',s,'IH'
malvolio,'AW L V OW L IH OW',s,'IH'
i,'AY',s,'AY'
malvolio,'AW L V OW L IH OW',s,'IH'
no,'N OW',s,''
alas,'AH L AE S',s,'AE'
malvolio,'AW L V OW L IH OW',s,'IH'
this,'DH IH S',s,'IH'
is,'IH Z',s,'IH'
not,'N AA T',s,'AA'
my,'M AY',s,'AY'
writing,'r ǝ IH T IH N',s,'IH IH'
i,'AY',s,'AY'
confess,'K AH N F EH S',s,''
the,'DH AH',s,''
but,'B AH T',s,''
out,'AW T',s,''
of,'AH V',s,''
and,'AH N D',s,''
i,'AY',s,'AY'
do,'D OW',s,''
bethink,'B IH TH IH NG K',s,'IH IH'
me,'M IY',s,'IY'
it,'IH T',s,'IH'
was,'W AA Z',s,'AA'
she,'SH IY',s,'IY'
told,'T OW L D',s,''
me,'M IY',s,'IY'
thou,'DH AW',s,''
mad,'M AE D',s,'AE'
then,'DH EH N',s,''
in,'IH N',s,'IH'
smiling,'S M ǝ IH L IH N',s,'IH IH'
and,'AH N D',s,''
in,'IH N',s,'IH'
forms,'F AO R M Z',s,'AO'
wre,'W ER',s,''
upon,'AH P AA N',s,'AA'
thee,'DH IY',s,'IY'
in,'IH N',s,'IH'
the,'DH AH',s,''
prithee,'P r e DH IY',s,'IY'
be,'B IY',s,'IY'
content,'K ǝ N T e N T',s,''
this,'DH IH S',s,'IH'
hath,'HH AE TH',s,'AE'
most,'M OW S T',s,''
passed,'P AW S IH D',s,'IH'
upon,'AH P AA N',s,'AA'
thee,'DH IY',s,'IY'
but,'B AH T',s,''
when,'ʍ e N',s,''
we,'W IY',s,'IY'
the,'DH AH',s,''
and,'AH N D',s,''
of,'AH V',s,''
it,'IH T',s,'IH'
thou,'DH AW',s,''
shalt,'SH AE L T',s,'AE'
be,'B IY',s,'IY'
both,'B OW TH',s,''
the,'DH AH',s,''
plaintiff,'P L EH N T IH F',s,'IH'
and,'AH N D',s,''
the,'DH AH',s,''
juge,'JH AH JH',s,''
of,'AH V',s,''
alas,'AH L AE S',s,'AE'
poor,'P UH R',s,'UH'
fool,'F UH L',s,'UH'
thee,'DH IY',s,'IY'
he,'HH IY',s,'IY'
hath,'HH AE TH',s,'AE'
been,'B IH N',s,'IH'
most,'M OW S T',s,''
abused,'ǝ B Y UW Z D',s,'UW'
