dear,'D IY R',s,'IY'
dearer,'D IY r ǝ R',s,'IY'
in,'IH N',s,'IH'
than,'DH AE N',s,'AE'
blood,'B L AH D',s,''
and,'AH N D',s,''
our,'OW R',s,''
cousin,'K AH Z AH N',s,''
yet,'Y EH T',s,''
in,'IH N',s,'IH'
the,'DH AH',s,''
of,'AH V',s,''
natre,'N EY CH ER',s,'EY'
let,'L EH T',s,''
us,'AH S',s,''
the,'DH AH',s,''
and,'AH N D',s,''
the,'DH AH',s,''
in,'IH N',s,'IH'
we,'W IY',s,'IY'
our,'OW R',s,''
gloss,'G L AO S',s,'AO'
of,'AH V',s,''
youth,'Y UW TH',s,'UW'
and,'AH N D',s,''
to,'T UW',s,'UW'
keep,'K IY P',s,'IY'
in,'IH N',s,'IH'
we,'W IY',s,'IY'
as,'AE Z',s,'AE'
in,'IH N',s,'IH'
for,'F AO R',s,'AO'
not,'N AA T',s,'AA'
to,'T UW',s,'UW'
swim,'S W IH M',s,'IH'
aid,'EH D',s,''
wre,'W ER',s,''
almost,'AA L M OW S T',s,'AA'
to,'T UW',s,'UW'
sink,'S IH NG K',s,'IH'
at,'AE T',s,'AE'
least,'L IY S T',s,'IY'
to,'T UW',s,'UW'
frustrte,'F r ɤ S T r EH',s,''
and,'AH N D',s,''
to,'T UW',s,'UW'
the,'DH AH',s,''
common,'K AA M AH N',s,'AA'
stream,'S T R IY M',s,'IY'
us,'AH S',s,''
to,'T UW',s,'UW'
an,'AE N',s,'AE'
we,'W IY',s,'IY'
turn,'T ɐ R N',s,''
or,'AO R',s,'AO'
drown,'D r ǝ UH N',s,'UH'
if,'IH F',s,'IH'
our,'OW R',s,''
gain,'G EH N',s,''
but,'B AH T',s,''
and,'AH N D',s,''
weakness,'W IY K N AH S',s,'IY'
you,'Y UW',s,'UW'
not,'N AA T',s,'AA'
out,'AW T',s,''
meet,'M IY T',s,'IY'
you,'Y UW',s,'UW'
no,'N OW',s,''
but,'B AH T',s,''
the,'DH AH',s,''
in,'IH N',s,'IH'
the,'DH AH',s,''
cranks,'K R AE NG K S',s,'AE'
and,'AH N D',s,''
turns,'T ɐ R N Z',s,''
of,'AH V',s,''
you,'Y UW',s,'UW'
did,'D IH D',s,'IH'
begin,'B IH G IH N',s,'IH IH'
as,'AE Z',s,'AE'
if,'IH F',s,'IH'
you,'Y UW',s,'UW'
met,'M EH T',s,''
of,'AH V',s,''
kinds,'K ǝ IH N Z',s,'IH'
percve,'P ER S IY V',s,'IY'
you,'Y UW',s,'UW'
that,'DH AE T',s,'AE'
do,'D OW',s,''
arse,'ER AW Z',s,''
your,'Y AO R',s,'AO'
but,'B AH T',s,''
unconsidered,'ˌ ɤ N K ǝ N S IH D ǝ R D',s,'IH'
not,'N AA T',s,'AA'
this,'DH IH S',s,'IH'
i,'AY',s,'AY'
did,'D IH D',s,'IH'
begin,'B IH G IH N',s,'IH IH'
to,'T UW',s,'UW'
speak,'S P IY K',s,'IY'
of,'AH V',s,''
this,'DH IH S',s,'IH'
is,'IH Z',s,'IH'
of,'AH V',s,''
no,'N OW',s,''
respect,'R IH S P EH K T',s,'IH'
in,'IH N',s,'IH'
i,'AY',s,'AY'
of,'AH V',s,''
if,'IH F',s,'IH'
we,'W IY',s,'IY'
will,'W IH L',s,'IH'
keep,'K IY P',s,'IY'
our,'OW R',s,''
it,'IH T',s,'IH'
is,'IH Z',s,'IH'
for,'F AO R',s,'AO'
our,'OW R',s,''
residing,'r IH S ǝ IH D IH N',s,'IH IH IH'
every,'e V r ǝ IH',s,'IH'
evil,'e V IH L',s,'IH'
hath,'HH AE TH',s,'AE'
a,'AH',s,''
good,'G UH D',s,'UH'
every,'e V r ǝ IH',s,'IH'
a,'AH',s,''
certain,'S ɐ R T ǝ N',s,''
evil,'e V IH L',s,'IH'
not,'N AA T',s,'AA'
to,'T UW',s,'UW'
be,'B IY',s,'IY'
as,'AE Z',s,'AE'
wre,'W ER',s,''
to,'T UW',s,'UW'
be,'B IY',s,'IY'
and,'AH N D',s,''
to,'T UW',s,'UW'
be,'B IY',s,'IY'
our,'OW R',s,''
cousin,'K AH Z AH N',s,''
his,'HH IH Z',s,'IH'
court,'K AO R T',s,'AO'
that,'DH AE T',s,'AE'
we,'W IY',s,'IY'
of,'AH V',s,''
his,'HH IH Z',s,'IH'
infamy,'IH N F AH M IY',s,'IH IY'
for,'F AO R',s,'AO'
our,'OW R',s,''
milk,'M IH L K',s,'IH'
will,'W IH L',s,'IH'
relish,'R EH L IH SH',s,'IH'
of,'AH V',s,''
the,'DH AH',s,''
pastre,'P AE S CH ER',s,'AE'
and,'AH N D',s,''
we,'W IY',s,'IY'
must,'M AH S T',s,''
be,'B IY',s,'IY'
or,'AO R',s,'AO'
not,'N AA T',s,'AA'
his,'HH IH Z',s,'IH'
in,'IH N',s,'IH'
blood,'B L AH D',s,''
unless,'ɤ N L e S',s,''
in,'IH N',s,'IH'
let,'L EH T',s,''
him,'HH IH M',s,'IH'
appproach,'ǝ P r OW T SH',s,''
but,'B AH T',s,''
that,'DH AE T',s,'AE'
we,'W IY',s,'IY'
fear,'F IY R',s,'IY'
the,'DH AH',s,''
gods,'G AA D Z',s,'AA'
in,'IH N',s,'IH'
him,'HH IH M',s,'IH'
he,'HH IY',s,'IY'
not,'N AA T',s,'AA'
a,'AH',s,''
jot,'JH AA T',s,'AA'
of,'AH V',s,''
terror,'T e r ǝ R',s,''
to,'T UW',s,'UW'
us,'AH S',s,''
yet,'Y EH T',s,''
what,'W AH T',s,''
man,'M AE N',s,'AE'
his,'HH IH Z',s,'IH'
is,'IH Z',s,'IH'
each,'IY CH',s,'IY'
of,'AH V',s,''
ours,'OW R Z',s,''
when,'ʍ e N',s,''
that,'DH AE T',s,'AE'
his,'HH IH Z',s,'IH'
with,'W IH DH',s,'IH'
bad,'B AE D',s,'AE'
he,'HH IY',s,'IY'
goes,'G OW Z',s,''
so,'S OW',s,''
we,'W IY',s,'IY'
must,'M AH S T',s,''
is,'IH Z',s,'IH'
said,'S EH D',s,''
this,'DH IH S',s,'IH'
afoot,'AH F UH T',s,'UH'
or,'AO R',s,'AO'
it,'IH T',s,'IH'
shall,'SH AE L',s,'AE'
be,'B IY',s,'IY'
on,'AA N',s,'AA'
fail,'F EH L',s,''
of,'AH V',s,''
condition,'K AH N D IH SH AH N',s,'IH'
let,'L EH T',s,''
event,'IH V EH N T',s,'IH'
that,'DH AE T',s,'AE'
tell,'T EH L',s,''
us,'AH S',s,''
when,'ʍ e N',s,''
we,'W IY',s,'IY'
all,'AA L',s,'AA'
and,'AH N D',s,''
let,'L EH T',s,''
us,'AH S',s,''
the,'DH AH',s,''
of,'AH V',s,''
our,'OW R',s,''
do,'D OW',s,''
you,'Y UW',s,'UW'
i,'AY',s,'AY'
it,'IH T',s,'IH'
and,'AH N D',s,''
to,'T UW',s,'UW'
that,'DH AE T',s,'AE'
destiny,'D e S T N ǝ IH',s,'IH'
laid,'L EH D',s,''
up,'AH P',s,''
my,'M AY',s,'AY'
to,'T UW',s,'UW'
no,'N OW',s,''
with,'W IH DH',s,'IH'
us,'AH S',s,''
we,'W IY',s,'IY'
and,'AH N D',s,''
the,'DH AH',s,''
graces,'G R EY S IH Z',s,'EY IH'
of,'AH V',s,''
our,'OW R',s,''
must,'M AH S T',s,''
a,'AH',s,''
must,'M AH S T',s,''
us,'AH S',s,''
is,'IH Z',s,'IH'
the,'DH AH',s,''
sweet,'S W IY T',s,'IY'
embraces,'e M B r EH S IH Z',s,'IH'
of,'AH V',s,''
a,'AH',s,''
loaden,'L OW D ǝ N',s,''
with,'W IH DH',s,'IH'
kisses,'K IH S AH Z',s,'IH'
with,'W IH DH',s,'IH'
shall,'SH AE L',s,'AE'
never,'N e V ǝ R',s,''
clasp,'K L AE S P',s,'AE'
our,'OW R',s,''
no,'N OW',s,''
us,'AH S',s,''
no,'N OW',s,''
of,'AH V',s,''
shall,'SH AE L',s,'AE'
we,'W IY',s,'IY'
see,'S IY',s,'IY'
to,'T UW',s,'UW'
glad,'G L AE D',s,'AE'
our,'OW R',s,''
and,'AH N D',s,''
eagles,'IY G AH L Z',s,'IY'
teach,'T IY CH',s,'IY'
boldly,'B OW L D L IY',s,'IY'
to,'T UW',s,'UW'
against,'AH G EH N S T',s,''
arms,'AA R M Z',s,'AA'
and,'AH N D',s,''
what,'W AH T',s,''
your,'Y AO R',s,'AO'
wre,'W ER',s,''
and,'AH N D',s,''
the,'DH AH',s,''
maids,'M EY D Z',s,'EY'
shall,'SH AE L',s,'AE'
weep,'W IY P',s,'IY'
our,'OW R',s,''
and,'AH N D',s,''
in,'IH N',s,'IH'
their,'DH EH R',s,''
till,'T IH L',s,'IH'
she,'SH IY',s,'IY'
for,'F AO R',s,'AO'
see,'S IY',s,'IY'
what,'W AH T',s,''
a,'AH',s,''
she,'SH IY',s,'IY'
to,'T UW',s,'UW'
youth,'Y UW TH',s,'UW'
and,'AH N D',s,''
natre,'N EY CH ER',s,'EY'
this,'DH IH S',s,'IH'
is,'IH Z',s,'IH'
all,'AA L',s,'AA'
our,'OW R',s,''
we,'W IY',s,'IY'
shall,'SH AE L',s,'AE'
but,'B AH T',s,''
another,'ǝ N ɤ DH ǝ R',s,''
but,'B AH T',s,''
the,'DH AH',s,''
clock,'K L AA K',s,'AA'
that,'DH AE T',s,'AE'
our,'OW R',s,''
woes,'W OW Z',s,''
the,'DH AH',s,''
shall,'SH AE L',s,'AE'
but,'B AH T',s,''
we,'W IY',s,'IY'
shall,'SH AE L',s,'AE'
never,'N e V ǝ R',s,''
see,'S IY',s,'IY'
it,'IH T',s,'IH'
summer,'S ɤ M ǝ R',s,''
shall,'SH AE L',s,'AE'
and,'AH N D',s,''
with,'W IH DH',s,'IH'
all,'AA L',s,'AA'
but,'B AH T',s,''
must,'M AH S T',s,''
still,'S T IH L',s,'IH'
yet,'Y EH T',s,''
cousin,'K AH Z AH N',s,''
even,'IY V IH N',s,'IY IH'
from,'F R AH M',s,''
the,'DH AH',s,''
bottom,'B AA T AH M',s,'AA'
of,'AH V',s,''
from,'F R AH M',s,''
all,'AA L',s,'AA'
that,'DH AE T',s,'AE'
can,'K AE N',s,'AE'
inflict,'IH N F L IH K T',s,'IH IH'
upon,'AH P AA N',s,'AA'
us,'AH S',s,''
i,'AY',s,'AY'
see,'S IY',s,'IY'
comforts,'K ɤ M F ǝ R T S',s,''
rising,'r ǝ IH Z IH N',s,'IH IH'
if,'IH F',s,'IH'
the,'DH AH',s,''
gods,'G AA D Z',s,'AA'
to,'T UW',s,'UW'
a,'AH',s,''
and,'AH N D',s,''
the,'DH AH',s,''
enjoying,'e N D ZH ǝ IH IH N',s,'IH IH'
of,'AH V',s,''
our,'OW R',s,''
is,'IH Z',s,'IH'
with,'W IH DH',s,'IH'
me,'M IY',s,'IY'
let,'L EH T',s,''
me,'M IY',s,'IY'
perish,'P EH R IH SH',s,'IH'
if,'IH F',s,'IH'
i,'AY',s,'AY'
think,'TH IH NG K',s,'IH'
this,'DH IH S',s,'IH'
our,'OW R',s,''
prison,'P R IH Z AH N',s,'IH'
shall,'SH AE L',s,'AE'
we,'W IY',s,'IY'
of,'AH V',s,''
this,'DH IH S',s,'IH'
that,'DH AE T',s,'AE'
all,'AA L',s,'AA'
men,'M EH N',s,''
so,'S OW',s,''
think,'TH IH NG K',s,'IH'
this,'DH IH S',s,'IH'
prison,'P R IH Z AH N',s,'IH'
holy,'HH OW L IY',s,'IY'
to,'T UW',s,'UW'
keep,'K IY P',s,'IY'
us,'AH S',s,''
from,'F R AH M',s,''
of,'AH V',s,''
men,'M EH N',s,''
we,'W IY',s,'IY'
and,'AH N D',s,''
yet,'Y EH T',s,''
the,'DH AH',s,''
of,'AH V',s,''
that,'DH AE T',s,'AE'
and,'AH N D',s,''
common,'K AA M AH N',s,'AA'
the,'DH AH',s,''
of,'AH V',s,''
spirits,'S P IH R AH T S',s,'IH'
women,'W IH M AH N',s,'IH'
woo,'W UW',s,'UW'
us,'AH S',s,''
to,'T UW',s,'UW'
from,'F R AH M',s,''
what,'W AH T',s,''
can,'K AE N',s,'AE'
be,'B IY',s,'IY'
but,'B AH T',s,''
our,'OW R',s,''
imaginations,'IH M AE JH AH N EY SH AH N Z',s,'IH AE EY'
it,'IH T',s,'IH'
ours,'OW R Z',s,''
and,'AH N D',s,''
being,'B IY IH NG',s,'IY IH'
thus,'DH ɤ S',s,''
we,'W IY',s,'IY'
an,'AE N',s,'AE'
endless,'EH N D L AH S',s,''
to,'T UW',s,'UW'
another,'ǝ N ɤ DH ǝ R',s,''
we,'W IY',s,'IY'
of,'AH V',s,''
we,'W IY',s,'IY'
friends,'F R EH N D Z',s,''
we,'W IY',s,'IY'
in,'IH N',s,'IH'
another,'ǝ N ɤ DH ǝ R',s,''
families,'F AE M AH L IY Z',s,'AE IY'
i,'AY',s,'AY'
am,'AE M',s,'AE'
your,'Y AO R',s,'AO'
and,'AH N D',s,''
you,'Y UW',s,'UW'
this,'DH IH S',s,'IH'
is,'IH Z',s,'IH'
our,'OW R',s,''
no,'N OW',s,''
this,'DH IH S',s,'IH'
from,'F R AH M',s,''
us,'AH S',s,''
with,'W IH DH',s,'IH'
a,'AH',s,''
we,'W IY',s,'IY'
shall,'SH AE L',s,'AE'
and,'AH N D',s,''
no,'N OW',s,''
surfeits,'S ɐ R F IH T S',s,'IH'
seek,'S IY K',s,'IY'
us,'AH S',s,''
the,'DH AH',s,''
of,'AH V',s,''
war,'W AO R',s,'AO'
nor,'N AO R',s,'AO'
the,'DH AH',s,''
seas,'S IY Z',s,'IY'
their,'DH EH R',s,''
youth,'Y UW TH',s,'UW'
wre,'W ER',s,''
we,'W IY',s,'IY'
at,'AE T',s,'AE'
a,'AH',s,''
part,'P AA R T',s,'AA'
us,'AH S',s,''
lawfullly,'L AO F UH ˌ L ǝ IH',s,'AO UH IH'
or,'AO R',s,'AO'
us,'AH S',s,''
of,'AH V',s,''
ill,'IH L',s,'IH'
men,'M EH N',s,''
our,'OW R',s,''
i,'AY',s,'AY'
sicken,'S IH K AH N',s,'IH'
cousin,'K AH Z AH N',s,''
you,'Y UW',s,'UW'
never,'N e V ǝ R',s,''
it,'IH T',s,'IH'
and,'AH N D',s,''
so,'S OW',s,''
perish,'P EH R IH SH',s,'IH'
your,'Y AO R',s,'AO'
to,'T UW',s,'UW'
or,'AO R',s,'AO'
to,'T UW',s,'UW'
the,'DH AH',s,''
gods,'G AA D Z',s,'AA'
a,'AH',s,''
chances,'CH AE N S AH Z',s,'AE'
wre,'W ER',s,''
we,'W IY',s,'IY'
from,'F R AH M',s,''
us,'AH S',s,''
i,'AY',s,'AY'
you,'Y UW',s,'UW'
still,'S T IH L',s,'IH'
cannot,'K AE N AA T',s,'AE AA'
till,'T IH L',s,'IH'
our,'OW R',s,''
it,'IH T',s,'IH'
cannot,'K AE N AA T',s,'AE AA'
and,'AH N D',s,''
after,'AW F T ǝ R',s,''
death,'D EH TH',s,''
our,'OW R',s,''
spirits,'S P IH R AH T S',s,'IH'
shall,'SH AE L',s,'AE'
be,'B IY',s,'IY'
led,'L EH D',s,''
to,'T UW',s,'UW'
that,'DH AE T',s,'AE'
speak,'S P IY K',s,'IY'
on,'AA N',s,'AA'
will,'W IH L',s,'IH'
you,'Y UW',s,'UW'
go,'G OW',s,''
cousin,'K AH Z AH N',s,''
cousin,'K AH Z AH N',s,''
cousin,'K AH Z AH N',s,''
do,'D OW',s,''
you,'Y UW',s,'UW'
whhy,'ʍ ǝ IH',s,'IH'
whhy,'ʍ ǝ IH',s,'IH'
the,'DH AH',s,''
matter,'M AW T ǝ R',s,''
man,'M AE N',s,'AE'
she,'SH IY',s,'IY'
is,'IH Z',s,'IH'
wondrous,'W AH N D R AH S',s,''
fair,'F EH R',s,''
a,'AH',s,''
yes,'Y IH S',s,'IH'
a,'AH',s,''
i,'AY',s,'AY'
cannot,'K AE N AA T',s,'AE AA'
tell,'T EH L',s,''
what,'W AH T',s,''
you,'Y UW',s,'UW'
i,'AY',s,'AY'
for,'F AO R',s,'AO'
i,'AY',s,'AY'
feel,'F IY L',s,'IY'
my,'M AY',s,'AY'
who,'HH UW',s,'UW'
not,'N AA T',s,'AA'
my,'M AY',s,'AY'
i,'AY',s,'AY'
too,'T UW',s,'UW'
i,'AY',s,'AY'
will,'W IH L',s,'IH'
not,'N AA T',s,'AA'
as,'AE Z',s,'AE'
you,'Y UW',s,'UW'
do,'D OW',s,''
to,'T UW',s,'UW'
worship,'W AO R SH IH P',s,'AO IH'
as,'AE Z',s,'AE'
she,'SH IY',s,'IY'
is,'IH Z',s,'IH'
and,'AH N D',s,''
a,'AH',s,''
goddess,'G ɒ D e S',s,''
i,'AY',s,'AY'
as,'AE Z',s,'AE'
a,'AH',s,''
woman,'W UH M AH N',s,'UH'
to,'T UW',s,'UW'
so,'S OW',s,''
both,'B OW TH',s,''
not,'N AA T',s,'AA'
at,'AE T',s,'AE'
all,'AA L',s,'AA'
who,'HH UW',s,'UW'
shall,'SH AE L',s,'AE'
me,'M IY',s,'IY'
yes,'Y IH S',s,'IH'
i,'AY',s,'AY'
and,'AH N D',s,''
if,'IH F',s,'IH'
the,'DH AH',s,''
of,'AH V',s,''
all,'AA L',s,'AA'
my,'M AY',s,'AY'
on,'AA N',s,'AA'
it,'IH T',s,'IH'
i,'AY',s,'AY'
must,'M AH S T',s,''
do,'D OW',s,''
so,'S OW',s,''
i,'AY',s,'AY'
with,'W IH DH',s,'IH'
my,'M AY',s,'AY'
soul,'S OW L',s,''
if,'IH F',s,'IH'
that,'DH AE T',s,'AE'
will,'W IH L',s,'IH'
you,'Y UW',s,'UW'
i,'AY',s,'AY'
again,'ǝ ɡ EH N',s,''
i,'AY',s,'AY'
and,'AH N D',s,''
in,'IH N',s,'IH'
maintain,'M EY N T EY N',s,'EY EY'
i,'AY',s,'AY'
am,'AE M',s,'AE'
as,'AE Z',s,'AE'
and,'AH N D',s,''
as,'AE Z',s,'AE'
free,'F R IY',s,'IY'
a,'AH',s,''
and,'AH N D',s,''
as,'AE Z',s,'AE'
a,'AH',s,''
to,'T UW',s,'UW'
as,'AE Z',s,'AE'
or,'AO R',s,'AO'
that,'DH AE T',s,'AE'
is,'IH Z',s,'IH'
a,'AH',s,''
son,'S AO ̃',s,'AO'
yes,'Y IH S',s,'IH'
and,'AH N D',s,''
me,'M IY',s,'IY'
so,'S OW',s,''
whhy,'ʍ ǝ IH',s,'IH'
you,'Y UW',s,'UW'
thus,'DH ɤ S',s,''
let,'L EH T',s,''
me,'M IY',s,'IY'
deal,'D EH L',s,''
coldly,'K OW L D L IY',s,'IY'
with,'W IH DH',s,'IH'
you,'Y UW',s,'UW'
am,'AE M',s,'AE'
not,'N AA T',s,'AA'
i,'AY',s,'AY'
part,'P AA R T',s,'AA'
of,'AH V',s,''
your,'Y AO R',s,'AO'
blood,'B L AH D',s,''
part,'P AA R T',s,'AA'
of,'AH V',s,''
your,'Y AO R',s,'AO'
soul,'S OW L',s,''
you,'Y UW',s,'UW'
told,'T OW L D',s,''
me,'M IY',s,'IY'
that,'DH AE T',s,'AE'
i,'AY',s,'AY'
was,'W AA Z',s,'AA'
and,'AH N D',s,''
you,'Y UW',s,'UW'
wre,'W ER',s,''
am,'AE M',s,'AE'
not,'N AA T',s,'AA'
i,'AY',s,'AY'
to,'T UW',s,'UW'
affections,'AH F EH K SH AH N Z',s,''
angers,'AW NG ɡ ǝ R Z',s,''
fears,'F IY R Z',s,'IY'
my,'M AY',s,'AY'
friend,'F R EH N D',s,''
shall,'SH AE L',s,'AE'
suffer,'S ɤ F ǝ R',s,''
whhy,'ʍ ǝ IH',s,'IH'
then,'DH EH N',s,''
you,'Y UW',s,'UW'
deal,'D EH L',s,''
so,'S OW',s,''
so,'S OW',s,''
so,'S OW',s,''
a,'AH',s,''
kinsman,'K IH N Z M AE N',s,'IH AE'
to,'T UW',s,'UW'
speak,'S P IY K',s,'IY'
do,'D OW',s,''
you,'Y UW',s,'UW'
think,'TH IH NG K',s,'IH'
me,'M IY',s,'IY'
of,'AH V',s,''
another,'ǝ N ɤ DH ǝ R',s,''
sees,'S IY Z',s,'IY'
the,'DH AH',s,''
enemy,'EH N AH M IY',s,'IY'
shall,'SH AE L',s,'AE'
i,'AY',s,'AY'
stand,'S T AE N D',s,'AE'
still,'S T IH L',s,'IH'
and,'AH N D',s,''
let,'L EH T',s,''
down,'D ǝ UH N',s,'UH'
and,'AH N D',s,''
never,'N e V ǝ R',s,''
but,'B AH T',s,''
that,'DH AE T',s,'AE'
had,'HH AE D',s,'AE'
combat,'K AA M B AE T',s,'AA AE'
me,'M IY',s,'IY'
you,'Y UW',s,'UW'
mad,'M AE D',s,'AE'
you,'Y UW',s,'UW'
the,'DH AH',s,''
child,'CH AY L D',s,'AY'
extremely,'IH K S T R IY M L IY',s,'IH IY IY'
i,'AY',s,'AY'
will,'W IH L',s,'IH'
i,'AY',s,'AY'
must,'M AH S T',s,''
i,'AY',s,'AY'
to,'T UW',s,'UW'
do,'D OW',s,''
so,'S OW',s,''
and,'AH N D',s,''
i,'AY',s,'AY'
and,'AH N D',s,''
all,'AA L',s,'AA'
this,'DH IH S',s,'IH'
thou,'DH AW',s,''
not,'N AA T',s,'AA'
fool,'F UH L',s,'UH'
thou,'DH AW',s,''
not,'N AA T',s,'AA'
thou,'DH AW',s,''
art,'AA R T',s,'AA'
put,'P UH T',s,'UH'
my,'M AY',s,'AY'
out,'AW T',s,''
my,'M AY',s,'AY'
body,'B AA D IY',s,'AA IY'
out,'AW T',s,''
and,'AH N D',s,''
leap,'L IY P',s,'IY'
the,'DH AH',s,''
garden,'G AA R D ǝ N',s,'AA'
when,'ʍ e N',s,''
i,'AY',s,'AY'
see,'S IY',s,'IY'
and,'AH N D',s,''
between,'B IH T W IY N',s,'IH IY'
arms,'AA R M Z',s,'AA'
to,'T UW',s,'UW'
anger,'AW NG ɡ ǝ R',s,''
thee,'DH IY',s,'IY'
do,'D OW',s,''
i,'AY',s,'AY'
am,'AE M',s,'AE'
ready,'R EH D IY',s,'IY'
the,'DH AH',s,''
a,'AH',s,''
a,'AH',s,''
i,'AY',s,'AY'
must,'M AH S T',s,''
thank,'TH AE NG K',s,'AE'
for,'F AO R',s,'AO'
but,'B AH T',s,''
the,'DH AH',s,''
free,'F R IY',s,'IY'
enjoying,'e N D ZH ǝ IH IH N',s,'IH IH'
of,'AH V',s,''
that,'DH AE T',s,'AE'
i,'AY',s,'AY'
for,'F AO R',s,'AO'
o,'OW',s,''
a,'AH',s,''
punishhment,'P ɤ N IH SH ˌ M e N T',s,'IH'
a,'AH',s,''
death,'D EH TH',s,''
a,'AH',s,''
that,'DH AE T',s,'AE'
wre,'W ER',s,''
i,'AY',s,'AY'
old,'OW L D',s,''
and,'AH N D',s,''
wicked,'W IH K AH D',s,'IH'
all,'AA L',s,'AA'
my,'M AY',s,'AY'
sins,'S IH N Z',s,'IH'
never,'N e V ǝ R',s,''
pluck,'P L ɤ K',s,''
upon,'AH P AA N',s,'AA'
me,'M IY',s,'IY'
thou,'DH AW',s,''
hast,'HH AE S T',s,'AE'
the,'DH AH',s,''
start,'S T AA R T',s,'AA'
thou,'DH AW',s,''
shalt,'SH AE L T',s,'AE'
and,'AH N D',s,''
see,'S IY',s,'IY'
break,'B R EY K',s,'EY'
each,'IY CH',s,'IY'
and,'AH N D',s,''
let,'L EH T',s,''
in,'IH N',s,'IH'
into,'IH N T UW',s,'IH UW'
thee,'DH IY',s,'IY'
thou,'DH AW',s,''
shalt,'SH AE L T',s,'AE'
feed,'F IY D',s,'IY'
upon,'AH P AA N',s,'AA'
the,'DH AH',s,''
sweetness,'S W IY T N AH S',s,'IY'
of,'AH V',s,''
a,'AH',s,''
that,'DH AE T',s,'AE'
natre,'N EY CH ER',s,'EY'
exceeded,'IH K S IY D AH D',s,'IH IY'
nor,'N AO R',s,'AO'
shall,'SH AE L',s,'AE'
good,'G UH D',s,'UH'
gods,'G AA D Z',s,'AA'
what,'W AH T',s,''
happiness,'HH AE P IY N AH S',s,'AE IY'
to,'T UW',s,'UW'
to,'T UW',s,'UW'
speak,'S P IY K',s,'IY'
to,'T UW',s,'UW'
and,'AH N D',s,''
if,'IH F',s,'IH'
she,'SH IY',s,'IY'
be,'B IY',s,'IY'
as,'AE Z',s,'AE'
as,'AE Z',s,'AE'
fair,'F EH R',s,''
i,'AY',s,'AY'
his,'HH IH Z',s,'IH'
he,'HH IY',s,'IY'
a,'AH',s,''
will,'W IH L',s,'IH'
and,'AH N D',s,''
the,'DH AH',s,''
wanton,'W AA N T ǝ N',s,'AA'
what,'W AH T',s,''
can,'K AE N',s,'AE'
the,'DH AH',s,''
worst,'W AO R S T',s,'AO'
is,'IH Z',s,'IH'
death,'D EH TH',s,''
i,'AY',s,'AY'
will,'W IH L',s,'IH'
not,'N AA T',s,'AA'
the,'DH AH',s,''
i,'AY',s,'AY'
is,'IH Z',s,'IH'
but,'B AH T',s,''
a,'AH',s,''
of,'AH V',s,''
and,'AH N D',s,''
no,'N OW',s,''
redress,'R IH D R EH S',s,'IH'
if,'IH F',s,'IH'
i,'AY',s,'AY'
go,'G OW',s,''
he,'HH IY',s,'IY'
i,'AY',s,'AY'
am,'AE M',s,'AE'
another,'ǝ N ɤ DH ǝ R',s,''
shall,'SH AE L',s,'AE'
me,'M IY',s,'IY'
or,'AO R',s,'AO'
end,'EH N D',s,''
my,'M AY',s,'AY'
either,'EH DH ǝ R',s,''
i,'AY',s,'AY'
am,'AE M',s,'AE'
see,'S IY',s,'IY'
and,'AH N D',s,''
be,'B IY',s,'IY'
near,'N IY R',s,'IY'
or,'AO R',s,'AO'
no,'N OW',s,''
by,'B AY',s,'AY'
your,'Y AO R',s,'AO'
friends,'F R EH N D Z',s,''
you,'Y UW',s,'UW'
go,'G OW',s,''
you,'Y UW',s,'UW'
yes,'Y IH S',s,'IH'
a,'AH',s,''
to,'T UW',s,'UW'
me,'M IY',s,'IY'
that,'DH AE T',s,'AE'
not,'N AA T',s,'AA'
not,'N AA T',s,'AA'
far,'F AA R',s,'AA'
what,'W AH T',s,''
not,'N AA T',s,'AA'
yet,'Y EH T',s,''
this,'DH IH S',s,'IH'
is,'IH Z',s,'IH'
an,'AE N',s,'AE'
i,'AY',s,'AY'
not,'N AA T',s,'AA'
wish,'W IH SH',s,'IH'
for,'F AO R',s,'AO'
well,'W EH L',s,''
i,'AY',s,'AY'
the,'DH AH',s,''
best,'B EH S T',s,''
men,'M EH N',s,''
it,'IH T',s,'IH'
run,'r ɤ N',s,''
swifter,'S W IH F T ǝ R',s,'IH'
than,'DH AE N',s,'AE'
upon,'AH P AA N',s,'AA'
a,'AH',s,''
field,'F IY L D',s,'IY'
of,'AH V',s,''
corn,'K AO R N',s,'AO'
the,'DH AH',s,''
wealthhy,'W e L TH ǝ IH',s,'IH'
ears,'IY R Z',s,'IY'
never,'N e V ǝ R',s,''
and,'AH N D',s,''
in,'IH N',s,'IH'
poor,'P UH R',s,'UH'
be,'B IY',s,'IY'
who,'HH UW',s,'UW'
my,'M AY',s,'AY'
brows,'B r ə UH Z',s,'UH'
not,'N AA T',s,'AA'
be,'B IY',s,'IY'
girt,'G ɐ R T',s,''
with,'W IH DH',s,'IH'
garlands,'G AA R L ǝ N D Z',s,'AA'
and,'AH N D',s,''
happiness,'HH AE P IY N AH S',s,'AE IY'
prefer,'P r IH F ɐ R',s,'IH'
me,'M IY',s,'IY'
to,'T UW',s,'UW'
a,'AH',s,''
i,'AY',s,'AY'
dwell,'D W EH L',s,''
in,'IH N',s,'IH'
of,'AH V',s,''
i,'AY',s,'AY'
am,'AE M',s,'AE'
to,'T UW',s,'UW'
you,'Y UW',s,'UW'
this,'DH IH S',s,'IH'
but,'B AH T',s,''
far,'F AA R',s,'AA'
off,'AO F',s,'AO'
my,'M AY',s,'AY'
said,'S EH D',s,''
so,'S OW',s,''
and,'AH N D',s,''
to,'T UW',s,'UW'
me,'M IY',s,'IY'
his,'HH IH Z',s,'IH'
youngest,'Y ɒ NG G ǝ S T',s,''
a,'AH',s,''
of,'AH V',s,''
all,'AA L',s,'AA'
i,'AY',s,'AY'
kept,'K EH P T',s,''
a,'AH',s,''
and,'AH N D',s,''
well,'W EH L',s,''
to,'T UW',s,'UW'
a,'AH',s,''
deep,'D IY P',s,'IY'
of,'AH V',s,''
dogs,'D AA G Z',s,'AA'
i,'AY',s,'AY'
not,'N AA T',s,'AA'
my,'M AY',s,'AY'
feat,'F IY T',s,'IY'
in,'IH N',s,'IH'
yet,'Y EH T',s,''
that,'DH AE T',s,'AE'
me,'M IY',s,'IY'
it,'IH T',s,'IH'
was,'W AA Z',s,'AA'
my,'M AY',s,'AY'
best,'B EH S T',s,''
last,'L AE S T',s,'AE'
and,'AH N D',s,''
greatest,'G r e T ǝ S T',s,''
i,'AY',s,'AY'
be,'B IY',s,'IY'
a,'AH',s,''
to,'T UW',s,'UW'
and,'AH N D',s,''
do,'D OW',s,''
my,'M AY',s,'AY'
ablest,'EY B AH L S T',s,'EY'
to,'T UW',s,'UW'
a,'AH',s,''
wonder,'W ɤ N D ǝ R',s,''
as,'AE Z',s,'AE'
worth,'W AO R TH',s,'AO'
for,'F AO R',s,'AO'
only,'OW N L IY',s,'IY'
in,'IH N',s,'IH'
court,'K AO R T',s,'AO'
of,'AH V',s,''
all,'AA L',s,'AA'
the,'DH AH',s,''
youre,'Y UH R',s,'UH'
a,'AH',s,''
thus,'DH ɤ S',s,''
let,'L EH T',s,''
me,'M IY',s,'IY'
seal,'S IY L',s,'IY'
my,'M AY',s,'AY'
vowed,'V ǝ UH IH D',s,'UH IH'
faith,'F EY TH',s,'EY'
when,'ʍ e N',s,''
your,'Y AO R',s,'AO'
servant,'S ɐ R V ǝ N T',s,''
your,'Y AO R',s,'AO'
most,'M OW S T',s,''
creatre,'K R IY CH ER',s,'IY'
but,'B AH T',s,''
offends,'AH F EH N D Z',s,''
you,'Y UW',s,'UW'
command,'K ǝ M AW N D',s,''
him,'HH IH M',s,'IH'
he,'HH IY',s,'IY'
shall,'SH AE L',s,'AE'
i,'AY',s,'AY'
him,'HH IH M',s,'IH'
better,'B e T ə R',s,''
i,'AY',s,'AY'
shall,'SH AE L',s,'AE'
not,'N AA T',s,'AA'
then,'DH EH N',s,''
in,'IH N',s,'IH'
my,'M AY',s,'AY'
if,'IH F',s,'IH'
i,'AY',s,'AY'
do,'D OW',s,''
not,'N AA T',s,'AA'
let,'L EH T',s,''
me,'M IY',s,'IY'
that,'DH AE T',s,'AE'
my,'M AY',s,'AY'
and,'AH N D',s,''
the,'DH AH',s,''
lost,'L AO S T',s,'AO'
each,'IY CH',s,'IY'
took,'T UH K',s,'UH'
a,'AH',s,''
this,'DH IH S',s,'IH'
is,'IH Z',s,'IH'
a,'AH',s,''
we,'OW',s,''
and,'AH N D',s,''
the,'DH AH',s,''
it,'IH T',s,'IH'
to,'T UW',s,'UW'
heart,'HH AA R T',s,'AA'
of,'AH V',s,''
o,'OW',s,''
than,'DH AE N',s,'AE'
sweeter,'S W IY T ǝ R',s,'IY'
than,'DH AE N',s,'AE'
gold,'G OW L D',s,''
buttons,'B AH T AH N Z',s,''
on,'AA N',s,'AA'
the,'DH AH',s,''
or,'AO R',s,'AO'
all,'AA L',s,'AA'
mead,'M IY D',s,'IY'
or,'AO R',s,'AO'
we,'W IY',s,'IY'
too,'T UW',s,'UW'
the,'DH AH',s,''
bank,'B AE NG K',s,'AE'
of,'AH V',s,''
that,'DH AE T',s,'AE'
the,'DH AH',s,''
stream,'S T R IY M',s,'IY'
seem,'S IY M',s,'IY'
thou,'DH AW',s,''
o,'OW',s,''
wood,'W UH D',s,'UH'
hast,'HH AE S T',s,'AE'
likewse,'L AY K W AY Z',s,'AY AY'
blessed,'B L e S IH D',s,'IH'
a,'AH',s,''
with,'W IH DH',s,'IH'
in,'IH N',s,'IH'
rumination,'R UW M IH N EY SH AH N',s,'UW IH EY'
that,'DH AE T',s,'AE'
i,'AY',s,'AY'
poor,'P UH R',s,'UH'
man,'M AE N',s,'AE'
between,'B IH T W IY N',s,'IH IY'
and,'AH N D',s,''
chop,'CH AA P',s,'AA'
on,'AA N',s,'AA'
cold,'K OW L D',s,''
to,'T UW',s,'UW'
drop,'D R AA P',s,'AA'
on,'AA N',s,'AA'
a,'AH',s,''
mistress,'M IH S T R AH S',s,'IH'
most,'M OW S T',s,''
guiltless,'G IH L T L ǝ S',s,'IH'
on,'AA N',s,'AA'
tell,'T EH L',s,''
me,'M IY',s,'IY'
o,'OW',s,''
lady,'L EY D IY',s,'EY IY'
after,'AW F T ǝ R',s,''
emily,'EH M IH L IY',s,'IH IY'
my,'M AY',s,'AY'
far,'F AA R',s,'AA'
i,'AY',s,'AY'
be,'B IY',s,'IY'
she,'SH IY',s,'IY'
of,'AH V',s,''
me,'M IY',s,'IY'
hath,'HH AE TH',s,'AE'
me,'M IY',s,'IY'
near,'N IY R',s,'IY'
and,'AH N D',s,''
this,'DH IH S',s,'IH'
morn,'M AO R N',s,'AO'
the,'DH AH',s,''
of,'AH V',s,''
all,'AA L',s,'AA'
the,'DH AH',s,''
year,'Y IH R',s,'IH'
presents,'P r IH Z e N T S',s,'IH'
me,'M IY',s,'IY'
with,'W IH DH',s,'IH'
a,'AH',s,''
of,'AH V',s,''
horses,'HH AO R S AH Z',s,'AO'
steeds,'S T IY D Z',s,'IY'
well,'W EH L',s,''
be,'B IY',s,'IY'
by,'B AY',s,'AY'
a,'AH',s,''
pair,'P EH R',s,''
of,'AH V',s,''
in,'IH N',s,'IH'
a,'AH',s,''
field,'F IY L D',s,'IY'
that,'DH AE T',s,'AE'
their,'DH EH R',s,''
titles,'T AY T AH L Z',s,'AY'
alas,'AH L AE S',s,'AE'
alas,'AH L AE S',s,'AE'
poor,'P UH R',s,'UH'
cousin,'K AH Z AH N',s,''
poor,'P UH R',s,'UH'
thou,'DH AW',s,''
so,'S OW',s,''
upon,'AH P AA N',s,'AA'
my,'M AY',s,'AY'
that,'DH AE T',s,'AE'
thou,'DH AW',s,''
the,'DH AH',s,''
to,'T UW',s,'UW'
be,'B IY',s,'IY'
so,'S OW',s,''
near,'N IY R',s,'IY'
me,'M IY',s,'IY'
thou,'DH AW',s,''
at,'AE T',s,'AE'
and,'AH N D',s,''
therein,'DH EH R IH N',s,'IH'
free,'F R IY',s,'IY'
but,'B AH T',s,''
if,'IH F',s,'IH'
thou,'DH AW',s,''
my,'M AY',s,'AY'
mistress,'M IH S T R AH S',s,'IH'
on,'AA N',s,'AA'
me,'M IY',s,'IY'
and,'AH N D',s,''
that,'DH AE T',s,'AE'
i,'AY',s,'AY'
in,'IH N',s,'IH'
coz,'K AA Z',s,'AA'
what,'W AH T',s,''
passion,'P AE SH AH N',s,'AE'
thee,'DH IY',s,'IY'
dear,'D IY R',s,'IY'
cousin,'K AH Z AH N',s,''
not,'N AA T',s,'AA'
finding,'F ǝ IH N D IH N',s,'IH IH'
in,'IH N',s,'IH'
the,'DH AH',s,''
of,'AH V',s,''
my,'M AY',s,'AY'
breast,'B R EH S T',s,''
gross,'G r OW S',s,''
stuff,'S T ɤ F',s,''
to,'T UW',s,'UW'
form,'F AO R M',s,'AO'
me,'M IY',s,'IY'
your,'Y AO R',s,'AO'
blazon,'B L EH Z ə N',s,''
me,'M IY',s,'IY'
to,'T UW',s,'UW'
this,'DH IH S',s,'IH'
of,'AH V',s,''
your,'Y AO R',s,'AO'
passion,'P AE SH AH N',s,'AE'
that,'DH AE T',s,'AE'
thus,'DH ɤ S',s,''
the,'DH AH',s,''
to,'T UW',s,'UW'
you,'Y UW',s,'UW'
being,'B IY IH NG',s,'IY IH'
enemy,'EH N AH M IY',s,'IY'
cannot,'K AE N AA T',s,'AE AA'
to,'T UW',s,'UW'
me,'M IY',s,'IY'
be,'B IY',s,'IY'
and,'AH N D',s,''
i,'AY',s,'AY'
cherish,'CH EH R IH SH',s,'IH'
and,'AH N D',s,''
depend,'D IH P EH N D',s,'IH'
on,'AA N',s,'AA'
you,'Y UW',s,'UW'
skip,'S K IH P',s,'IH'
them,'DH EH M',s,''
in,'IH N',s,'IH'
me,'M IY',s,'IY'
and,'AH N D',s,''
with,'W IH DH',s,'IH'
them,'DH EH M',s,''
fair,'F EH R',s,''
coz,'K AA Z',s,'AA'
maintain,'M EY N T EY N',s,'EY EY'
my,'M AY',s,'AY'
be,'B IY',s,'IY'
to,'T UW',s,'UW'
in,'IH N',s,'IH'
terms,'T ɐ R M Z',s,''
your,'Y AO R',s,'AO'
that,'DH AE T',s,'AE'
your,'Y AO R',s,'AO'
question's,'K W EH S CH AH N Z',s,''
with,'W IH DH',s,'IH'
your,'Y AO R',s,'AO'
who,'HH UW',s,'UW'
professes,'P R AH F EH S IH Z',s,'IH'
to,'T UW',s,'UW'
clear,'K L IY R',s,'IY'
his,'HH IH Z',s,'IH'
with,'W IH DH',s,'IH'
the,'DH AH',s,''
and,'AH N D',s,''
of,'AH V',s,''
a,'AH',s,''
true,'T R UW',s,'UW'
gentleman,'JH EH N T AH L M AH N',s,''
my,'M AY',s,'AY'
coz,'K AA Z',s,'AA'
my,'M AY',s,'AY'
coz,'K AA Z',s,'AA'
you,'Y UW',s,'UW'
been,'B IH N',s,'IH'
well,'W EH L',s,''
i,'AY',s,'AY'
youve,'Y UW V',s,'UW'
seen,'S IY N',s,'IY'
me,'M IY',s,'IY'
my,'M AY',s,'AY'
against,'AH G EH N S T',s,''
of,'AH V',s,''
fear,'F IY R',s,'IY'
of,'AH V',s,''
another,'ǝ N ɤ DH ǝ R',s,''
you,'Y UW',s,'UW'
not,'N AA T',s,'AA'
me,'M IY',s,'IY'
doubted,'D ǝ UH T IH D',s,'UH IH'
but,'B AH T',s,''
your,'Y AO R',s,'AO'
break,'B R EY K',s,'EY'
out,'AW T',s,''
kinsman,'K IH N Z M AE N',s,'IH AE'
you,'Y UW',s,'UW'
as,'AE Z',s,'AE'
well,'W EH L',s,''
speak,'S P IY K',s,'IY'
this,'DH IH S',s,'IH'
and,'AH N D',s,''
act,'AE K T',s,'AE'
it,'IH T',s,'IH'
in,'IH N',s,'IH'
your,'Y AO R',s,'AO'
glass,'G L AW S',s,''
as,'AE Z',s,'AE'
to,'T UW',s,'UW'
his,'HH IH Z',s,'IH'
ear,'IY R',s,'IY'
disdains,'D IH S D EH N Z',s,'IH'
you,'Y UW',s,'UW'
be,'B IY',s,'IY'
content,'K ǝ N T e N T',s,''
again,'ǝ ɡ EH N',s,''
you,'Y UW',s,'UW'
to,'T UW',s,'UW'
your,'Y AO R',s,'AO'
with,'W IH DH',s,'IH'
of,'AH V',s,''
the,'DH AH',s,''
i,'AY',s,'AY'
will,'W IH L',s,'IH'
be,'B IY',s,'IY'
with,'W IH DH',s,'IH'
impediments,'IH M P EH D AH M AH N T S',s,'IH'
will,'W IH L',s,'IH'
i,'AY',s,'AY'
off,'AO F',s,'AO'
you,'Y UW',s,'UW'
shall,'SH AE L',s,'AE'
garments,'G AA R M AH N T S',s,'AA'
and,'AH N D',s,''
to,'T UW',s,'UW'
kill,'K IH L',s,'IH'
the,'DH AH',s,''
smell,'S M EH L',s,''
prison,'P R IH Z AH N',s,'IH'
after,'AW F T ǝ R',s,''
when,'ʍ e N',s,''
you,'Y UW',s,'UW'
shall,'SH AE L',s,'AE'
and,'AH N D',s,''
but,'B AH T',s,''
i,'AY',s,'AY'
am,'AE M',s,'AE'
in,'IH N',s,'IH'
shall,'SH AE L',s,'AE'
be,'B IY',s,'IY'
at,'AE T',s,'AE'
your,'Y AO R',s,'AO'
both,'B OW TH',s,''
and,'AH N D',s,''
sweet,'S W IY T',s,'IY'
you,'Y UW',s,'UW'
the,'DH AH',s,''
horns,'HH AO R N Z',s,'AO'
enter,'e N T ǝ R',s,''
your,'Y AO R',s,'AO'
lest,'L EH S T',s,''
this,'DH IH S',s,'IH'
between,'B IH T W IY N',s,'IH IY'
's,'EH S',s,''
be,'B IY',s,'IY'
met,'M EH T',s,''
me,'M IY',s,'IY'
your,'Y AO R',s,'AO'
you,'Y UW',s,'UW'
every,'e V r ǝ IH',s,'IH'
needful,'N IY D F AH L',s,'IY'
i,'AY',s,'AY'
you,'Y UW',s,'UW'
comfort,'K ɤ M F ǝ R T',s,''
and,'AH N D',s,''
be,'B IY',s,'IY'
spoken,'S P IY K ǝ N',s,'IY'
yet,'Y EH T',s,''
pardon,'P AA R D ǝ N',s,'AA'
me,'M IY',s,'IY'
when,'ʍ e N',s,''
i,'AY',s,'AY'
spur,'S P ɐ R',s,''
my,'M AY',s,'AY'
i,'AY',s,'AY'
him,'HH IH M',s,'IH'
not,'N AA T',s,'AA'
content,'K ǝ N T e N T',s,''
and,'AH N D',s,''
anger,'AW NG ɡ ǝ R',s,''
in,'IH N',s,'IH'
me,'M IY',s,'IY'
but,'B AH T',s,''
call,'K AO L',s,'AO'
the,'DH AH',s,''
scattered,'S K AW T ǝ R D',s,''
to,'T UW',s,'UW'
the,'DH AH',s,''
banquet,'B AW NG K IH T',s,'IH'
you,'Y UW',s,'UW'
must,'M AH S T',s,''
guess,'G EH S',s,''
i,'AY',s,'AY'
an,'AE N',s,'AE'
a,'AH',s,''
good,'G UH D',s,'UH'
i,'AY',s,'AY'
am,'AE M',s,'AE'
persuaded,'P ER S W EY D AH D',s,'EY'
this,'DH IH S',s,'IH'
sick,'S IH K',s,'IH'
between,'B IH T W IY N',s,'IH IY'
's,'EH S',s,''
by,'B AY',s,'AY'
must,'M AH S T',s,''
be,'B IY',s,'IY'
cured,'K Y UW R D',s,'UW'
i,'AY',s,'AY'
am,'AE M',s,'AE'
a,'AH',s,''
suitor,'SH UW T ǝ R',s,'UW'
that,'DH AE T',s,'AE'
to,'T UW',s,'UW'
your,'Y AO R',s,'AO'
you,'Y UW',s,'UW'
will,'W IH L',s,'IH'
this,'DH IH S',s,'IH'
plea,'P L IY',s,'IY'
and,'AH N D',s,''
of,'AH V',s,''
it,'IH T',s,'IH'
no,'N OW',s,''
then,'DH EH N',s,''
i,'AY',s,'AY'
be,'B IY',s,'IY'
near,'N IY R',s,'IY'
the,'DH AH',s,''
cousin,'K AH Z AH N',s,''
the,'DH AH',s,''
i,'AY',s,'AY'
you,'Y UW',s,'UW'
food,'F UW D',s,'UW'
and,'AH N D',s,''
forth,'F AO R TH',s,'AO'
and,'AH N D',s,''
fear,'F IY R',s,'IY'
not,'N AA T',s,'AA'
no,'N OW',s,''
no,'N OW',s,''
matter,'M AW T ǝ R',s,''
that,'DH AE T',s,'AE'
you,'Y UW',s,'UW'
shall,'SH AE L',s,'AE'
not,'N AA T',s,'AA'
thus,'DH ɤ S',s,''
drink,'D R IH NG K',s,'IH'
i,'AY',s,'AY'
you,'Y UW',s,'UW'
with,'W IH DH',s,'IH'
you,'Y UW',s,'UW'
i,'AY',s,'AY'
but,'B AH T',s,''
i,'AY',s,'AY'
must,'M AH S T',s,''
fear,'F IY R',s,'IY'
you,'Y UW',s,'UW'
sit,'S IH T',s,'IH'
down,'D ǝ UH N',s,'UH'
and,'AH N D',s,''
good,'G UH D',s,'UH'
no,'N OW',s,''
of,'AH V',s,''
vain,'V EY N',s,'EY'
let,'L EH T',s,''
us,'AH S',s,''
not,'N AA T',s,'AA'
our,'OW R',s,''
ancient,'EY N CH AH N T',s,'EY'
with,'W IH DH',s,'IH'
us,'AH S',s,''
for,'F AO R',s,'AO'
fools,'F UW L Z',s,'UW'
and,'AH N D',s,''
to,'T UW',s,'UW'
your,'Y AO R',s,'AO'
sit,'S IH T',s,'IH'
down,'D ǝ UH N',s,'UH'
then,'DH EH N',s,''
and,'AH N D',s,''
let,'L EH T',s,''
me,'M IY',s,'IY'
you,'Y UW',s,'UW'
by,'B AY',s,'AY'
all,'AA L',s,'AA'
the,'DH AH',s,''
and,'AH N D',s,''
in,'IH N',s,'IH'
you,'Y UW',s,'UW'
no,'N OW',s,''
of,'AH V',s,''
this,'DH IH S',s,'IH'
woman,'W UH M AH N',s,'UH'
disturb,'D IH S T ɐ R B',s,'IH'
us,'AH S',s,''
we,'W IY',s,'IY'
shall,'SH AE L',s,'AE'
drink,'D R IH NG K',s,'IH'
a,'AH',s,''
good,'G UH D',s,'UH'
hearty,'HH AA R T IY',s,'AA IY'
it,'IH T',s,'IH'
breeds,'B R IY D Z',s,'IY'
good,'G UH D',s,'UH'
blood,'B L AH D',s,''
man,'M AE N',s,'AE'
do,'D OW',s,''
not,'N AA T',s,'AA'
you,'Y UW',s,'UW'
feel,'F IY L',s,'IY'
it,'IH T',s,'IH'
you,'Y UW',s,'UW'
it,'IH T',s,'IH'
not,'N AA T',s,'AA'
the,'DH AH',s,''
coz,'K AA Z',s,'AA'
eat,'IY T',s,'IY'
i,'AY',s,'AY'
am,'AE M',s,'AE'
glad,'G L AE D',s,'AE'
you,'Y UW',s,'UW'
so,'S OW',s,''
good,'G UH D',s,'UH'
a,'AH',s,''
stomach,'S T AH M AH K',s,''
is,'IH Z',s,'IH'
not,'N AA T',s,'AA'
mad,'M AE D',s,'AE'
in,'IH N',s,'IH'
the,'DH AH',s,''
woods,'W UH D Z',s,'UH'
cousin,'K AH Z AH N',s,''
your,'Y AO R',s,'AO'
your,'Y AO R',s,'AO'
needs,'N IY D Z',s,'IY'
no,'N OW',s,''
i,'AY',s,'AY'
see,'S IY',s,'IY'
venison,'V EH N AH S AH N',s,''
after,'AW F T ǝ R',s,''
you,'Y UW',s,'UW'
coz,'K AA Z',s,'AA'
she,'SH IY',s,'IY'
did,'D IH D',s,'IH'
so,'S OW',s,''
well,'W EH L',s,''
out,'AW T',s,''
with,'W IH DH',s,'IH'
faith,'F EY TH',s,'EY'
she,'SH IY',s,'IY'
did,'D IH D',s,'IH'
the,'DH AH',s,''
had,'HH AE D',s,'AE'
too,'T UW',s,'UW'
as,'AE Z',s,'AE'
i,'AY',s,'AY'
cousin,'K AH Z AH N',s,''
be,'B IY',s,'IY'
abroad,'AH B R AO D',s,'AO'
plege,'P L EH JH',s,''
a,'AH',s,''
prettty,'P r IH T ǝ IH',s,'IH IH'
brown,'B r ə UH N',s,'UH'
was,'W AA Z',s,'AA'
a,'AH',s,''
when,'ʍ e N',s,''
men,'M EH N',s,''
went,'W EH N T',s,''
and,'AH N D',s,''
a,'AH',s,''
wood,'W UH D',s,'UH'
and,'AH N D',s,''
a,'AH',s,''
broad,'B R AO D',s,'AO'
thereby,'DH EH R B ǝ IH',s,'IH'
a,'AH',s,''
ho,'HH OW',s,''
you,'Y UW',s,'UW'
then,'DH EH N',s,''
you,'Y UW',s,'UW'
you,'Y UW',s,'UW'
a,'AH',s,''
beast,'B e S T',s,''
all,'AA L',s,'AA'
needful,'N IY D F AH L',s,'IY'
and,'AH N D',s,''
and,'AH N D',s,''
again,'ǝ ɡ EH N',s,''
and,'AH N D',s,''
that,'DH AE T',s,'AE'
that,'DH AE T',s,'AE'
shall,'SH AE L',s,'AE'
all,'AA L',s,'AA'
fear,'F IY R',s,'IY'
me,'M IY',s,'IY'
not,'N AA T',s,'AA'
you,'Y UW',s,'UW'
too,'T UW',s,'UW'
get,'G EH T',s,''
off,'AO F',s,'AO'
your,'Y AO R',s,'AO'
trinkets,'T R IH NG K AH T S',s,'IH'
you,'Y UW',s,'UW'
shall,'SH AE L',s,'AE'
want,'W AA N T',s,'AA'
no,'N OW',s,''
good,'G UH D',s,'UH'
kinsman,'K IH N Z M AE N',s,'IH AE'
that,'DH AE T',s,'AE'
too,'T UW',s,'UW'
fair,'F EH R',s,''
cousin,'K AH Z AH N',s,''
is,'IH Z',s,'IH'
but,'B AH T',s,''
a,'AH',s,''
to,'T UW',s,'UW'
and,'AH N D',s,''
my,'M AY',s,'AY'
duty,'D UW T IY',s,'UW IY'
i,'AY',s,'AY'
shall,'SH AE L',s,'AE'
think,'TH IH NG K',s,'IH'
either,'EH DH ǝ R',s,''
well,'W EH L',s,''
a,'AH',s,''
me,'M IY',s,'IY'
in,'IH N',s,'IH'
fair,'F EH R',s,''
terms,'T ɐ R M Z',s,''
and,'AH N D',s,''
you,'Y UW',s,'UW'
than,'DH AE N',s,'AE'
a,'AH',s,''
mistress,'M IH S T R AH S',s,'IH'
to,'T UW',s,'UW'
me,'M IY',s,'IY'
no,'N OW',s,''
anger,'AW NG ɡ ǝ R',s,''
as,'AE Z',s,'AE'
you,'Y UW',s,'UW'
honorale,'AA N ER AH B AH L',s,'AA'
we,'W IY',s,'IY'
wre,'W ER',s,''
not,'N AA T',s,'AA'
bred,'B R EH D',s,''
to,'T UW',s,'UW'
man,'M AE N',s,'AE'
when,'ʍ e N',s,''
we,'W IY',s,'IY'
and,'AH N D',s,''
both,'B OW TH',s,''
upon,'AH P AA N',s,'AA'
our,'OW R',s,''
guards,'G AA R D Z',s,'AA'
then,'DH EH N',s,''
let,'L EH T',s,''
our,'OW R',s,''
of,'AH V',s,''
strongly,'S T r ɒ NG L ǝ IH',s,'IH'
from,'F R AH M',s,''
us,'AH S',s,''
and,'AH N D',s,''
then,'DH EH N',s,''
to,'T UW',s,'UW'
whom,'HH UW M',s,'UW'
the,'DH AH',s,''
of,'AH V',s,''
this,'DH IH S',s,'IH'
of,'AH V',s,''
our,'OW R',s,''
and,'AH N D',s,''
for,'F AO R',s,'AO'
and,'AH N D',s,''
be,'B IY',s,'IY'
seen,'S IY N',s,'IY'
and,'AH N D',s,''
yours,'Y UH R Z',s,'UH'
or,'AO R',s,'AO'
will,'W IH L',s,'IH'
you,'Y UW',s,'UW'
arm,'AA R M',s,'AA'
or,'AO R',s,'AO'
if,'IH F',s,'IH'
you,'Y UW',s,'UW'
feel,'F IY L',s,'IY'
not,'N AA T',s,'AA'
yet,'Y EH T',s,''
and,'AH N D',s,''
with,'W IH DH',s,'IH'
your,'Y AO R',s,'AO'
old,'OW L D',s,''
strength,'S T R EH NG K TH',s,''
cousin,'K AH Z AH N',s,''
and,'AH N D',s,''
you,'Y UW',s,'UW'
into,'IH N T UW',s,'IH UW'
as,'AE Z',s,'AE'
i,'AY',s,'AY'
am,'AE M',s,'AE'
your,'Y AO R',s,'AO'
i,'AY',s,'AY'
am,'AE M',s,'AE'
friends,'F R EH N D Z',s,''
with,'W IH DH',s,'IH'
and,'AH N D',s,''
i,'AY',s,'AY'
wish,'W IH SH',s,'IH'
i,'AY',s,'AY'
had,'HH AE D',s,'AE'
not,'N AA T',s,'AA'
said,'S EH D',s,''
i,'AY',s,'AY'
i,'AY',s,'AY'
had,'HH AE D',s,'AE'
died,'D AY D',s,'AY'
but,'B AH T',s,''
a,'AH',s,''
lady,'L EY D IY',s,'EY IY'
and,'AH N D',s,''
my,'M AY',s,'AY'
i,'AY',s,'AY'
must,'M AH S T',s,''
not,'N AA T',s,'AA'
from,'F R AH M',s,''
you,'Y UW',s,'UW'
if,'IH F',s,'IH'
you,'Y UW',s,'UW'
think,'TH IH NG K',s,'IH'
so,'S OW',s,''
cousin,'K AH Z AH N',s,''
you,'Y UW',s,'UW'
for,'F AO R',s,'AO'
as,'AE Z',s,'AE'
i,'AY',s,'AY'
am,'AE M',s,'AE'
a,'AH',s,''
i,'AY',s,'AY'
will,'W IH L',s,'IH'
not,'N AA T',s,'AA'
you,'Y UW',s,'UW'
it,'IH T',s,'IH'
then,'DH EH N',s,''
arm,'AA R M',s,'AA'
you,'Y UW',s,'UW'
the,'DH AH',s,''
and,'AH N D',s,''
to,'T UW',s,'UW'
true,'T R UW',s,'UW'
i,'AY',s,'AY'
it,'IH T',s,'IH'
do,'D OW',s,''
i,'AY',s,'AY'
pinch,'P IH N CH',s,'IH'
you,'Y UW',s,'UW'
is,'IH Z',s,'IH'
not,'N AA T',s,'AA'
too,'T UW',s,'UW'
heavy,'e V ǝ IH',s,'IH'
you,'Y UW',s,'UW'
not,'N AA T',s,'AA'
for,'F AO R',s,'AO'
a,'AH',s,''
grand,'G R AE N D',s,'AE'
guard,'G AA R D',s,'AA'
i,'AY',s,'AY'
am,'AE M',s,'AE'
i,'AY',s,'AY'
warrant,'W AA r ǝ N T',s,'AA'
you,'Y UW',s,'UW'
will,'W IH L',s,'IH'
you,'Y UW',s,'UW'
but,'B AH T',s,''
your,'Y AO R',s,'AO'
least,'L IY S T',s,'IY'
prithee,'P r e DH IY',s,'IY'
good,'G UH D',s,'UH'
cousin,'K AH Z AH N',s,''
faith,'F EY TH',s,'EY'
very,'V EH R IY',s,'IY'
used,'Y UW Z D',s,'UW'
you,'Y UW',s,'UW'
do,'D OW',s,''
and,'AH N D',s,''
not,'N AA T',s,'AA'
you,'Y UW',s,'UW'
sweet,'S W IY T',s,'IY'
cousin,'K AH Z AH N',s,''
that,'DH AE T',s,'AE'
was,'W AA Z',s,'AA'
a,'AH',s,''
very,'V EH R IY',s,'IY'
good,'G UH D',s,'UH'
and,'AH N D',s,''
that,'DH AE T',s,'AE'
i,'AY',s,'AY'
well,'W EH L',s,''
you,'Y UW',s,'UW'
outdid,'AW T D IH D',s,'IH'
me,'M IY',s,'IY'
cousin,'K AH Z AH N',s,''
i,'AY',s,'AY'
never,'N e V ǝ R',s,''
when,'ʍ e N',s,''
you,'Y UW',s,'UW'
upon,'AH P AA N',s,'AA'
the,'DH AH',s,''
left,'L EH F T',s,''
of,'AH V',s,''
the,'DH AH',s,''
enemy,'EH N AH M IY',s,'IY'
i,'AY',s,'AY'
to,'T UW',s,'UW'
up,'AH P',s,''
and,'AH N D',s,''
under,'ɤ N D ǝ R',s,''
me,'M IY',s,'IY'
i,'AY',s,'AY'
had,'HH AE D',s,'AE'
a,'AH',s,''
good,'G UH D',s,'UH'
yes,'Y IH S',s,'IH'
but,'B AH T',s,''
all,'AA L',s,'AA'
was,'W AA Z',s,'AA'
vainly,'V EY N L IY',s,'EY IY'
in,'IH N',s,'IH'
me,'M IY',s,'IY'
you,'Y UW',s,'UW'
me,'M IY',s,'IY'
nor,'N AO R',s,'AO'
my,'M AY',s,'AY'
wishes,'W IH SH IH Z',s,'IH IH'
reach,'R IY CH',s,'IY'
you,'Y UW',s,'UW'
yet,'Y EH T',s,''
a,'AH',s,''
i,'AY',s,'AY'
did,'D IH D',s,'IH'
by,'B AY',s,'AY'
when,'ʍ e N',s,''
i,'AY',s,'AY'
you,'Y UW',s,'UW'
i,'AY',s,'AY'
a,'AH',s,''
dreadful,'D R EH D F AH L',s,''
clap,'K L AE P',s,'AE'
of,'AH V',s,''
break,'B R EY K',s,'EY'
from,'F R AH M',s,''
the,'DH AH',s,''
troop,'T R UW P',s,'UW'
no,'N OW',s,''
no,'N OW',s,''
well,'W EH L',s,''
i,'AY',s,'AY'
am,'AE M',s,'AE'
my,'M AY',s,'AY'
i,'AY',s,'AY'
it,'IH T',s,'IH'
better,'B e T ə R',s,''
and,'AH N D',s,''
me,'M IY',s,'IY'
my,'M AY',s,'AY'
is,'IH Z',s,'IH'
to,'T UW',s,'UW'
this,'DH IH S',s,'IH'
shall,'SH AE L',s,'AE'
never,'N e V ǝ R',s,''
near,'N IY R',s,'IY'
thee,'DH IY',s,'IY'
with,'W IH DH',s,'IH'
friendship,'F R EH N D SH IH P',s,'IH'
if,'IH F',s,'IH'
i,'AY',s,'AY'
fall,'F AA L',s,'AA'
me,'M IY',s,'IY'
and,'AH N D',s,''
i,'AY',s,'AY'
was,'W AA Z',s,'AA'
a,'AH',s,''
for,'F AO R',s,'AO'
but,'B AH T',s,''
in,'IH N',s,'IH'
my,'M AY',s,'AY'
cousin,'K AH Z AH N',s,''
lo,'L OW',s,''
cousin,'K AH Z AH N',s,''
lo,'L OW',s,''
our,'OW R',s,''
follly,'F ɒ L ǝ IH',s,'IH'
us,'AH S',s,''
this,'DH IH S',s,'IH'
is,'IH Z',s,'IH'
the,'DH AH',s,''
as,'AE Z',s,'AE'
i,'AY',s,'AY'
told,'T OW L D',s,''
you,'Y UW',s,'UW'
if,'IH F',s,'IH'
we,'W IY',s,'IY'
be,'B IY',s,'IY'
we,'W IY',s,'IY'
o,'OW',s,''
for,'F AO R',s,'AO'
and,'AH N D',s,''
safely,'S EH F L ǝ IH',s,'IH'
presently,'P R EH Z AH N T L IY',s,'IY'
into,'IH N T UW',s,'IH UW'
your,'Y AO R',s,'AO'
bush,'B UH SH',s,'UH'
again,'ǝ ɡ EH N',s,''
we,'W IY',s,'IY'
shall,'SH AE L',s,'AE'
too,'T UW',s,'UW'
to,'T UW',s,'UW'
in,'IH N',s,'IH'
cousin,'K AH Z AH N',s,''
if,'IH F',s,'IH'
you,'Y UW',s,'UW'
be,'B IY',s,'IY'
seen,'S IY N',s,'IY'
you,'Y UW',s,'UW'
perish,'P EH R IH SH',s,'IH'
instantly,'IH N S T AH N T L IY',s,'IH IY'
for,'F AO R',s,'AO'
prison,'P R IH Z AH N',s,'IH'
and,'AH N D',s,''
i,'AY',s,'AY'
if,'IH F',s,'IH'
you,'Y UW',s,'UW'
reveal,'R IH V IY L',s,'IH IY'
me,'M IY',s,'IY'
for,'F AO R',s,'AO'
my,'M AY',s,'AY'
then,'DH EH N',s,''
all,'AA L',s,'AA'
the,'DH AH',s,''
will,'W IH L',s,'IH'
us,'AH S',s,''
and,'AH N D',s,''
we,'W IY',s,'IY'
had,'HH AE D',s,'AE'
a,'AH',s,''
but,'B AH T',s,''
of,'AH V',s,''
it,'IH T',s,'IH'
you,'Y UW',s,'UW'
not,'N AA T',s,'AA'
mad,'M AE D',s,'AE'
then,'DH EH N',s,''
what,'W AH T',s,''
can,'K AE N',s,'AE'
thou,'DH AW',s,''
shalt,'SH AE L T',s,'AE'
i,'AY',s,'AY'
as,'AE Z',s,'AE'
well,'W EH L',s,''
as,'AE Z',s,'AE'
or,'AO R',s,'AO'
sleep,'S L IY P',s,'IY'
only,'OW N L IY',s,'IY'
this,'DH IH S',s,'IH'
fears,'F IY R Z',s,'IY'
me,'M IY',s,'IY'
the,'DH AH',s,''
will,'W IH L',s,'IH'
the,'DH AH',s,''
of,'AH V',s,''
our,'OW R',s,''
ends,'EH N D Z',s,''
at,'AE T',s,'AE'
we,'W IY',s,'IY'
seek,'S IY K',s,'IY'
not,'N AA T',s,'AA'
breath,'B R EH TH',s,''
of,'AH V',s,''
to,'T UW',s,'UW'
me,'M IY',s,'IY'
a,'AH',s,''
as,'AE Z',s,'AE'
soon,'S UW N',s,'UW'
to,'T UW',s,'UW'
as,'AE Z',s,'AE'
thee,'DH IY',s,'IY'
to,'T UW',s,'UW'
it,'IH T',s,'IH'
and,'AH N D',s,''
no,'N OW',s,''
this,'DH IH S',s,'IH'
man,'M AE N',s,'AE'
me,'M IY',s,'IY'
let,'L EH T',s,''
me,'M IY',s,'IY'
thus,'DH ɤ S',s,''
if,'IH F',s,'IH'
in,'IH N',s,'IH'
be,'B IY',s,'IY'
treason,'T R IY Z AH N',s,'IY'
in,'IH N',s,'IH'
of,'AH V',s,''
so,'S OW',s,''
a,'AH',s,''
as,'AE Z',s,'AE'
i,'AY',s,'AY'
most,'M OW S T',s,''
and,'AH N D',s,''
in,'IH N',s,'IH'
that,'DH AE T',s,'AE'
faith,'F EY TH',s,'EY'
will,'W IH L',s,'IH'
perish,'P EH R IH SH',s,'IH'
as,'AE Z',s,'AE'
i,'AY',s,'AY'
my,'M AY',s,'AY'
to,'T UW',s,'UW'
it,'IH T',s,'IH'
as,'AE Z',s,'AE'
i,'AY',s,'AY'
as,'AE Z',s,'AE'
i,'AY',s,'AY'
kill,'K IH L',s,'IH'
this,'DH IH S',s,'IH'
cousin,'K AH Z AH N',s,''
that,'DH AE T',s,'AE'
it,'IH T',s,'IH'
so,'S OW',s,''
let,'L EH T',s,''
me,'M IY',s,'IY'
be,'B IY',s,'IY'
most,'M OW S T',s,''
and,'AH N D',s,''
you,'Y UW',s,'UW'
me,'M IY',s,'IY'
for,'F AO R',s,'AO'
edict,'e D IH K T',s,'IH'
ask,'AW S K',s,''
that,'DH AE T',s,'AE'
lady,'L EY D IY',s,'EY IY'
whhy,'ʍ ǝ IH',s,'IH'
she,'SH IY',s,'IY'
is,'IH Z',s,'IH'
fair,'F EH R',s,''
and,'AH N D',s,''
whhy,'ʍ ǝ IH',s,'IH'
command,'K ǝ M AW N D',s,''
me,'M IY',s,'IY'
to,'T UW',s,'UW'
and,'AH N D',s,''
if,'IH F',s,'IH'
she,'SH IY',s,'IY'
i,'AY',s,'AY'
am,'AE M',s,'AE'
a,'AH',s,''
villain,'V IH L AH N',s,'IH'
fit,'F IH T',s,'IH'
to,'T UW',s,'UW'
no,'N OW',s,''
never,'N e V ǝ R',s,''
to,'T UW',s,'UW'
me,'M IY',s,'IY'
than,'DH AE N',s,'AE'
to,'T UW',s,'UW'
my,'M AY',s,'AY'
so,'S OW',s,''
i,'AY',s,'AY'
think,'TH IH NG K',s,'IH'
i,'AY',s,'AY'
never,'N e V ǝ R',s,''
shall,'SH AE L',s,'AE'
yet,'Y EH T',s,''
preseve,'P R AH Z ER V',s,''
the,'DH AH',s,''
of,'AH V',s,''
affection,'AH F EH K SH AH N',s,''
and,'AH N D',s,''
for,'F AO R',s,'AO'
death,'D EH TH',s,''
a,'AH',s,''
devil,'D IH V ǝ L',s,'IH'
with,'W IH DH',s,'IH'
all,'AA L',s,'AA'
our,'OW R',s,''
souls,'S OW L Z',s,''
death,'D EH TH',s,''
thou,'DH AW',s,''
invent,'IH N V EH N T',s,'IH'
if,'IH F',s,'IH'
she,'SH IY',s,'IY'
me,'M IY',s,'IY'
yet,'Y EH T',s,''
my,'M AY',s,'AY'
will,'W IH L',s,'IH'
wed,'W EH D',s,''
me,'M IY',s,'IY'
and,'AH N D',s,''
my,'M AY',s,'AY'
i,'AY',s,'AY'
you,'Y UW',s,'UW'
i,'AY',s,'AY'
am,'AE M',s,'AE'
in,'IH N',s,'IH'
to,'T UW',s,'UW'
push,'P UH SH',s,'UH'
your,'Y AO R',s,'AO'
your,'Y AO R',s,'AO'
ancient,'EY N CH AH N T',s,'EY'
our,'OW R',s,''
out,'AW T',s,''
of,'AH V',s,''
my,'M AY',s,'AY'
and,'AH N D',s,''
to,'T UW',s,'UW'
seat,'S IY T',s,'IY'
i,'AY',s,'AY'
confound,'K AA N F AW N D',s,'AA'
so,'S OW',s,''
hoist,'ǝ IH S T',s,'IH'
we,'W IY',s,'IY'
the,'DH AH',s,''
sails,'S EH L Z',s,''
that,'DH AE T',s,'AE'
must,'M AH S T',s,''
vessels,'V EH S AH L Z',s,''
port,'P AO R T',s,'AO'
even,'IY V IH N',s,'IY IH'
the,'DH AH',s,''
pleases,'P L IY Z IH Z',s,'IY IH'
yea,'Y EH',s,''
my,'M AY',s,'AY'
true,'T R UW',s,'UW'
worshippers,'W AO R SH IH P ǝ R Z',s,'AO IH'
of,'AH V',s,''
mars,'M AA R Z',s,'AA'
spirit,'S P IH R AH T',s,'IH'
in,'IH N',s,'IH'
you,'Y UW',s,'UW'
the,'DH AH',s,''
seeds,'S IY D Z',s,'IY'
of,'AH V',s,''
fear,'F IY R',s,'IY'
and,'AH N D',s,''
still,'S T IH L',s,'IH'
is,'IH Z',s,'IH'
of,'AH V',s,''
it,'IH T',s,'IH'
go,'G OW',s,''
with,'W IH DH',s,'IH'
me,'M IY',s,'IY'
the,'DH AH',s,''
god,'G AA D',s,'AA'
of,'AH V',s,''
our,'OW R',s,''
of,'AH V',s,''
him,'HH IH M',s,'IH'
the,'DH AH',s,''
hearts,'HH AA R T S',s,'AA'
of,'AH V',s,''
and,'AH N D',s,''
the,'DH AH',s,''
breath,'B R EH TH',s,''
of,'AH V',s,''
yea,'Y EH',s,''
the,'DH AH',s,''
too,'T UW',s,'UW'
yea,'Y EH',s,''
the,'DH AH',s,''
speed,'S P IY D',s,'IY'
go,'G OW',s,''
on,'AA N',s,'AA'
i,'AY',s,'AY'
mean,'M IY N',s,'IY'
wish,'W IH SH',s,'IH'
we,'W IY',s,'IY'
to,'T UW',s,'UW'
be,'B IY',s,'IY'
snails,'S N EY L Z',s,'EY'
you,'Y UW',s,'UW'
my,'M AY',s,'AY'
must,'M AH S T',s,''
be,'B IY',s,'IY'
out,'AW T',s,''
of,'AH V',s,''
blood,'B L AH D',s,''
and,'AH N D',s,''
great,'G r e T',s,''
feat,'F IY T',s,'IY'
must,'M AH S T',s,''
put,'P UH T',s,'UH'
my,'M AY',s,'AY'
garland,'G AA R L ǝ N D',s,'AA'
on,'AA N',s,'AA'
she,'SH IY',s,'IY'
the,'DH AH',s,''
of,'AH V',s,''
our,'OW R',s,''
then,'DH EH N',s,''
must,'M AH S T',s,''
be,'B IY',s,'IY'
to,'T UW',s,'UW'
him,'HH IH M',s,'IH'
that,'DH AE T',s,'AE'
the,'DH AH',s,''
camp,'K AE M P',s,'AE'
a,'AH',s,''
with,'W IH DH',s,'IH'
the,'DH AH',s,''
blood,'B L AH D',s,''
of,'AH V',s,''
men,'M EH N',s,''
me,'M IY',s,'IY'
your,'Y AO R',s,'AO'
aid,'EH D',s,''
and,'AH N D',s,''
bend,'B EH N D',s,''
your,'Y AO R',s,'AO'
spirits,'S P IH R AH T S',s,'IH'
towards,'T AH W AO R D Z',s,'AO'
him,'HH IH M',s,'IH'
thou,'DH AW',s,''
mighty,'M ǝ IH T ǝ IH',s,'IH IH'
that,'DH AE T',s,'AE'
with,'W IH DH',s,'IH'
hast,'HH AE S T',s,'AE'
turned,'T ɐ R N IH D',s,'IH'
green,'G R IY N',s,'IY'
into,'IH N T UW',s,'IH UW'
appproach,'ǝ P r OW T SH',s,''
comets,'K AA M AH T S',s,'AA'
havoc,'HH AE V AH K',s,'AE'
in,'IH N',s,'IH'
vast,'V AW S T',s,''
field,'F IY L D',s,'IY'
proclaim,'P R OW K L EY M',s,'EY'
breath,'B R EH TH',s,''
down,'D ǝ UH N',s,'UH'
the,'DH AH',s,''
who,'HH UW',s,'UW'
dost,'D AA S T',s,'AA'
pluck,'P L ɤ K',s,''
with,'W IH DH',s,'IH'
from,'F R AH M',s,''
forth,'F AO R TH',s,'AO'
blue,'B L UW',s,'UW'
clouds,'K L AW D Z',s,''
the,'DH AH',s,''
that,'DH AE T',s,'AE'
both,'B OW TH',s,''
and,'AH N D',s,''
the,'DH AH',s,''
of,'AH V',s,''
cities,'S IH T IY Z',s,'IH IY'
me,'M IY',s,'IY'
youngest,'Y ɒ NG G ǝ S T',s,''
follower,'F ɒ L ǝ W ǝ R',s,''
of,'AH V',s,''
drum,'D R AH M',s,''
instruct,'IH N S T R AH K T',s,'IH'
this,'DH IH S',s,'IH'
with,'W IH DH',s,'IH'
military,'M IH L AH T EH R IY',s,'IH IY'
skill,'S K IH L',s,'IH'
that,'DH AE T',s,'AE'
to,'T UW',s,'UW'
laud,'L AO D',s,'AO'
i,'AY',s,'AY'
my,'M AY',s,'AY'
and,'AH N D',s,''
by,'B AY',s,'AY'
thee,'DH IY',s,'IY'
be,'B IY',s,'IY'
the,'DH AH',s,''
lord,'L AO R D',s,'AO'
me,'M IY',s,'IY'
great,'G r e T',s,''
mars,'M AA R Z',s,'AA'
token,'T OW K ǝ N',s,''
of,'AH V',s,''
pleasre,'P L EH ZH ER',s,''
o,'OW',s,''
great,'G r e T',s,''
of,'AH V',s,''
enormous,'IH N AO R M AH S',s,'IH AO'
of,'AH V',s,''
thou,'DH AW',s,''
grand,'G R AE N D',s,'AE'
of,'AH V',s,''
and,'AH N D',s,''
old,'OW L D',s,''
titles,'T AY T AH L Z',s,'AY'
that,'DH AE T',s,'AE'
with,'W IH DH',s,'IH'
blood,'B L AH D',s,''
the,'DH AH',s,''
when,'ʍ e N',s,''
it,'IH T',s,'IH'
is,'IH Z',s,'IH'
sick,'S IH K',s,'IH'
and,'AH N D',s,''
the,'DH AH',s,''
pleurisy,'P L UH R AH S IY',s,'UH IY'
of,'AH V',s,''
i,'AY',s,'AY'
do,'D OW',s,''
signs,'S ǝ IH N Z',s,'IH'
and,'AH N D',s,''
in,'IH N',s,'IH'
to,'T UW',s,'UW'
my,'M AY',s,'AY'
design,'D IH Z ǝ IH N',s,'IH IH'
us,'AH S',s,''
go,'G OW',s,''
emily,'EH M IH L IY',s,'IH IY'
to,'T UW',s,'UW'
buy,'B ə IH',s,'IH'
you,'Y UW',s,'UW'
i,'AY',s,'AY'
lost,'L AO S T',s,'AO'
dearest,'D IY R ǝ S T',s,'IY'
to,'T UW',s,'UW'
me,'M IY',s,'IY'
sve,'EH V',s,''
what,'W AH T',s,''
is,'IH Z',s,'IH'
and,'AH N D',s,''
yet,'Y EH T',s,''
i,'AY',s,'AY'
as,'AE Z',s,'AE'
i,'AY',s,'AY'
do,'D OW',s,''
your,'Y AO R',s,'AO'
and,'AH N D',s,''
with,'W IH DH',s,'IH'
all,'AA L',s,'AA'
the,'DH AH',s,''
reach,'R IY CH',s,'IY'
i,'AY',s,'AY'
told,'T OW L D',s,''
my,'M AY',s,'AY'
last,'L AE S T',s,'AE'
i,'AY',s,'AY'
was,'W AA Z',s,'AA'
yet,'Y EH T',s,''
never,'N e V ǝ R',s,''
forgve,'F ER G IH V',s,'IH'
me,'M IY',s,'IY'
cousin,'K AH Z AH N',s,''
kiss,'K IH S',s,'IH'
from,'F R AH M',s,''
fair,'F EH R',s,''
i,'AY',s,'AY'
