who,'HH UW',s,'UW'
wre,'W ER',s,''
went,'W EH N T',s,''
by,'B AY',s,'AY'
and,'AH N D',s,''
go,'G OW',s,''
what,'W AH T',s,''
was,'W AA Z',s,'AA'
his,'HH IH Z',s,'IH'
of,'AH V',s,''
anger,'AW NG ɡ ǝ R',s,''
good,'G UH D',s,'UH'
and,'AH N D',s,''
what,'W AH T',s,''
of,'AH V',s,''
him,'HH IH M',s,'IH'
so,'S OW',s,''
do,'D OW',s,''
all,'AA L',s,'AA'
men,'M EH N',s,''
unless,'ɤ N L e S',s,''
drunk,'D R AH NG K',s,''
sick,'S IH K',s,'IH'
or,'AO R',s,'AO'
no,'N OW',s,''
legs,'L EH G Z',s,''
but,'B AH T',s,''
this,'DH IH S',s,'IH'
man,'M AE N',s,'AE'
that,'DH AE T',s,'AE'
me,'M IY',s,'IY'
angry,'AE NG G R IY',s,'AE IY'
who,'HH UW',s,'UW'
a,'AH',s,''
gallant,'G AE L AH N T',s,'AE'
man,'M AE N',s,'AE'
good,'G UH D',s,'UH'
this,'DH IH S',s,'IH'
was,'W AA Z',s,'AA'
but,'B AH T',s,''
helen,'HH EH L AH N',s,''
was,'W AA Z',s,'AA'
not,'N AA T',s,'AA'
up,'AH P',s,''
that,'DH AE T',s,'AE'
wre,'W ER',s,''
we,'W IY',s,'IY'
of,'AH V',s,''
and,'AH N D',s,''
of,'AH V',s,''
his,'HH IH Z',s,'IH'
anger,'AW NG ɡ ǝ R',s,''
so,'S OW',s,''
he,'HH IY',s,'IY'
what,'W AH T',s,''
is,'IH Z',s,'IH'
he,'HH IY',s,'IY'
angry,'AE NG G R IY',s,'AE IY'
too,'T UW',s,'UW'
o,'OW',s,''
no,'N OW',s,''
comparison,'K AH M P EH R AH S AH N',s,''
if,'IH F',s,'IH'
i,'AY',s,'AY'
him,'HH IH M',s,'IH'
and,'AH N D',s,''
him,'HH IH M',s,'IH'
then,'DH EH N',s,''
you,'Y UW',s,'UW'
as,'AE Z',s,'AE'
i,'AY',s,'AY'
for,'F AO R',s,'AO'
i,'AY',s,'AY'
am,'AE M',s,'AE'
he,'HH IY',s,'IY'
is,'IH Z',s,'IH'
not,'N AA T',s,'AA'
to,'T UW',s,'UW'
each,'IY CH',s,'IY'
of,'AH V',s,''
them,'DH EH M',s,''
he,'HH IY',s,'IY'
is,'IH Z',s,'IH'
himself,'HH IH M S EH L F',s,'IH'
so,'S OW',s,''
he,'HH IY',s,'IY'
is,'IH Z',s,'IH'
he,'HH IY',s,'IY'
is,'IH Z',s,'IH'
not,'N AA T',s,'AA'
me,'M IY',s,'IY'
pardon,'P AA R D ǝ N',s,'AA'
me,'M IY',s,'IY'
pardon,'P AA R D ǝ N',s,'AA'
me,'M IY',s,'IY'
he,'HH IY',s,'IY'
shall,'SH AE L',s,'AE'
not,'N AA T',s,'AA'
need,'N IY D',s,'IY'
it,'IH T',s,'IH'
if,'IH F',s,'IH'
he,'HH IY',s,'IY'
his,'HH IH Z',s,'IH'
no,'N OW',s,''
matter,'M AW T ǝ R',s,''
not,'N AA T',s,'AA'
him,'HH IH M',s,'IH'
his,'HH IH Z',s,'IH'
's,'EH S',s,''
better,'B e T ə R',s,''
no,'N OW',s,''
but,'B AH T',s,''
brown,'B r ə UH N',s,'UH'
to,'T UW',s,'UW'
the,'DH AH',s,''
truth,'T R UW TH',s,'UW'
true,'T R UW',s,'UW'
and,'AH N D',s,''
not,'N AA T',s,'AA'
true,'T R UW',s,'UW'
whhy,'ʍ ǝ IH',s,'IH'
paris,'P EH R IH S',s,'IH'
hath,'HH AE TH',s,'AE'
then,'DH EH N',s,''
too,'T UW',s,'UW'
if,'IH F',s,'IH'
she,'SH IY',s,'IY'
praised,'P r EH Z IH D',s,'IH'
him,'HH IH M',s,'IH'
his,'HH IH Z',s,'IH'
is,'IH Z',s,'IH'
than,'DH AE N',s,'AE'
his,'HH IH Z',s,'IH'
he,'HH IY',s,'IY'
and,'AH N D',s,''
the,'DH AH',s,''
is,'IH Z',s,'IH'
too,'T UW',s,'UW'
a,'AH',s,''
for,'F AO R',s,'AO'
a,'AH',s,''
good,'G UH D',s,'UH'
i,'AY',s,'AY'
had,'HH AE D',s,'AE'
as,'AE Z',s,'AE'
lief,'L IY F',s,'IY'
golden,'G OW L D ǝ N',s,''
had,'HH AE D',s,'AE'
commended,'K AH M EH N D IH D',s,'IH'
for,'F AO R',s,'AO'
a,'AH',s,''
copper,'K ɒ P ǝ R',s,''
then,'DH EH N',s,''
a,'AH',s,''
merrry,'M e r ǝ IH',s,'IH'
greek,'G R IY K',s,'IY'
indeed,'IH N D IY D',s,'IH IY'
indeed,'IH N D IY D',s,'IH IY'
a,'AH',s,''
soon,'S UW N',s,'UW'
his,'HH IH Z',s,'IH'
therein,'DH EH R IH N',s,'IH'
to,'T UW',s,'UW'
a,'AH',s,''
total,'T OW T AA L',s,'AA'
is,'IH Z',s,'IH'
he,'HH IY',s,'IY'
so,'S OW',s,''
a,'AH',s,''
man,'M AE N',s,'AE'
and,'AH N D',s,''
so,'S OW',s,''
old,'OW L D',s,''
a,'AH',s,''
lifter,'L IH F T ǝ R',s,'IH'
it,'IH T',s,'IH'
o,'OW',s,''
he,'HH IY',s,'IY'
smiles,'S M ǝ IH L Z',s,'IH'
o,'OW',s,''
yes,'Y IH S',s,'IH'
an,'AE N',s,'AE'
a,'AH',s,''
in,'IH N',s,'IH'
will,'W IH L',s,'IH'
stand,'S T AE N D',s,'AE'
to,'T UW',s,'UW'
the,'DH AH',s,''
proof,'P R UW F',s,'UW'
if,'IH F',s,'IH'
it,'IH T',s,'IH'
so,'S OW',s,''
if,'IH F',s,'IH'
you,'Y UW',s,'UW'
an,'AE N',s,'AE'
egg,'EH G',s,''
as,'AE Z',s,'AE'
well,'W EH L',s,''
as,'AE Z',s,'AE'
you,'Y UW',s,'UW'
an,'AE N',s,'AE'
you,'Y UW',s,'UW'
eat,'IY T',s,'IY'
chickens,'CH IH K AH N Z',s,'IH'
shell,'SH EH L',s,''
the,'DH AH',s,''
rack,'R AE K',s,'AE'
alas,'AH L AE S',s,'AE'
poor,'P UH R',s,'UH'
chin,'CH IH N',s,'IH'
a,'AH',s,''
wart,'W AA R T',s,'AA'
is,'IH Z',s,'IH'
with,'W IH DH',s,'IH'
but,'B AH T',s,''
was,'W AA Z',s,'AA'
a,'AH',s,''
temperte,'T EH M P R AH T',s,''
under,'ɤ N D ǝ R',s,''
the,'DH AH',s,''
pot,'P AA T',s,'AA'
of,'AH V',s,''
did,'D IH D',s,'IH'
run,'r ɤ N',s,''
too,'T UW',s,'UW'
at,'AE T',s,'AE'
what,'W AH T',s,''
was,'W AA Z',s,'AA'
all,'AA L',s,'AA'
this,'DH IH S',s,'IH'
an,'AE N',s,'AE'
had,'HH AE D',s,'AE'
been,'B IH N',s,'IH'
a,'AH',s,''
green,'G R IY N',s,'IY'
hair,'HH EH R',s,''
i,'AY',s,'AY'
too,'T UW',s,'UW'
what,'W AH T',s,''
was,'W AA Z',s,'AA'
his,'HH IH Z',s,'IH'
this,'DH IH S',s,'IH'
is,'IH Z',s,'IH'
so,'S OW',s,''
let,'L EH T',s,''
it,'IH T',s,'IH'
for,'F AO R',s,'AO'
it,'IH T',s,'IH'
been,'B IH N',s,'IH'
a,'AH',s,''
great,'G r e T',s,''
going,'G OW IH N',s,'IH'
by,'B AY',s,'AY'
so,'S OW',s,''
i,'AY',s,'AY'
do,'D OW',s,''
and,'AH N D',s,''
up,'AH P',s,''
in,'IH N',s,'IH'
his,'HH IH Z',s,'IH'
tears,'T EH R Z',s,''
an,'AE N',s,'AE'
a,'AH',s,''
against,'AH G EH N S T',s,''
at,'AE T',s,'AE'
your,'Y AO R',s,'AO'
pleasre,'P L EH ZH ER',s,''
speak,'S P IY K',s,'IY'
not,'N AA T',s,'AA'
so,'S OW',s,''
that,'DH AE T',s,'AE'
will,'W IH L',s,'IH'
he,'HH IY',s,'IY'
you,'Y UW',s,'UW'
the,'DH AH',s,''
nod,'N AA D',s,'AA'
if,'IH F',s,'IH'
he,'HH IY',s,'IY'
do,'D OW',s,''
the,'DH AH',s,''
rich,'R IH CH',s,'IH'
shall,'SH AE L',s,'AE'
o,'OW',s,''
a,'AH',s,''
man,'M AE N',s,'AE'
be,'B IY',s,'IY'
with,'W IH DH',s,'IH'
that,'DH AE T',s,'AE'
can,'K AE N',s,'AE'
what,'W AH T',s,''
for,'F AO R',s,'AO'
is,'IH Z',s,'IH'
the,'DH AH',s,''
greeks,'G R IY K S',s,'IY'
achilles,'AH K IH L IY Z',s,'IH IY'
a,'AH',s,''
better,'B e T ə R',s,''
man,'M AE N',s,'AE'
than,'DH AE N',s,'AE'
well,'W EH L',s,''
well,'W EH L',s,''
a,'AH',s,''
man,'M AE N',s,'AE'
and,'AH N D',s,''
then,'DH EH N',s,''
to,'T UW',s,'UW'
be,'B IY',s,'IY'
with,'W IH DH',s,'IH'
no,'N OW',s,''
in,'IH N',s,'IH'
the,'DH AH',s,''
for,'F AO R',s,'AO'
then,'DH EH N',s,''
the,'DH AH',s,''
is,'IH Z',s,'IH'
out,'AW T',s,''
upon,'AH P AA N',s,'AA'
my,'M AY',s,'AY'
back,'B AE K',s,'AE'
to,'T UW',s,'UW'
defend,'D IH F EH N D',s,'IH'
my,'M AY',s,'AY'
bellly,'B e L ə IH',s,'IH'
upon,'AH P AA N',s,'AA'
my,'M AY',s,'AY'
wit,'W IH T',s,'IH'
to,'T UW',s,'UW'
defend,'D IH F EH N D',s,'IH'
my,'M AY',s,'AY'
upon,'AH P AA N',s,'AA'
my,'M AY',s,'AY'
to,'T UW',s,'UW'
defend,'D IH F EH N D',s,'IH'
my,'M AY',s,'AY'
mask,'M AW S K',s,''
to,'T UW',s,'UW'
defend,'D IH F EH N D',s,'IH'
my,'M AY',s,'AY'
and,'AH N D',s,''
you,'Y UW',s,'UW'
to,'T UW',s,'UW'
defend,'D IH F EH N D',s,'IH'
all,'AA L',s,'AA'
and,'AH N D',s,''
at,'AE T',s,'AE'
all,'AA L',s,'AA'
wards,'W AA R D Z',s,'AA'
i,'AY',s,'AY'
at,'AE T',s,'AE'
a,'AH',s,''
watch,'W AA T SH',s,'AA'
you,'Y UW',s,'UW'
for,'F AO R',s,'AO'
that,'DH AE T',s,'AE'
and,'AH N D',s,''
of,'AH V',s,''
the,'DH AH',s,''
of,'AH V',s,''
them,'DH EH M',s,''
too,'T UW',s,'UW'
if,'IH F',s,'IH'
i,'AY',s,'AY'
cannot,'K AE N AA T',s,'AE AA'
ward,'W AA R D',s,'AA'
what,'W AH T',s,''
i,'AY',s,'AY'
not,'N AA T',s,'AA'
i,'AY',s,'AY'
can,'K AE N',s,'AE'
watch,'W AA T SH',s,'AA'
you,'Y UW',s,'UW'
for,'F AO R',s,'AO'
i,'AY',s,'AY'
took,'T UH K',s,'UH'
the,'DH AH',s,''
it,'IH T',s,'IH'
swell,'S W EH L',s,''
past,'P AW S T',s,''
and,'AH N D',s,''
then,'DH EH N',s,''
past,'P AW S T',s,''
adieu,'AH D UW',s,'UW'
to,'T UW',s,'UW'
by,'B AY',s,'AY'
the,'DH AH',s,''
token,'T OW K ǝ N',s,''
you,'Y UW',s,'UW'
a,'AH',s,''
vows,'V ǝ UH Z',s,'UH'
gifts,'G IH F T S',s,'IH'
tears,'T EH R Z',s,''
and,'AH N D',s,''
full,'F UH L',s,'UH'
he,'HH IY',s,'IY'
offers,'ɒ F ǝ R Z',s,''
in,'IH N',s,'IH'
enterprse,'EH N T ER P R AY Z',s,'AY'
but,'B AH T',s,''
in,'IH N',s,'IH'
i,'AY',s,'AY'
see,'S IY',s,'IY'
than,'DH AE N',s,'AE'
in,'IH N',s,'IH'
the,'DH AH',s,''
glass,'G L AW S',s,''
of,'AH V',s,''
be,'B IY',s,'IY'
yet,'Y EH T',s,''
i,'AY',s,'AY'
off,'AO F',s,'AO'
women,'W IH M AH N',s,'IH'
angels,'EY N JH AH L Z',s,'EY'
wooing,'W UW IH N',s,'UW IH'
won,'W ɤ N',s,''
soul,'S OW L',s,''
in,'IH N',s,'IH'
the,'DH AH',s,''
doing,'D UW IH N',s,'UW IH'
that,'DH AE T',s,'AE'
she,'SH IY',s,'IY'
that,'DH AE T',s,'AE'
not,'N AA T',s,'AA'
this,'DH IH S',s,'IH'
men,'M EH N',s,''
the,'DH AH',s,''
than,'DH AE N',s,'AE'
it,'IH T',s,'IH'
is,'IH Z',s,'IH'
that,'DH AE T',s,'AE'
she,'SH IY',s,'IY'
was,'W AA Z',s,'AA'
never,'N e V ǝ R',s,''
yet,'Y EH T',s,''
that,'DH AE T',s,'AE'
got,'G AA T',s,'AA'
so,'S OW',s,''
sweet,'S W IY T',s,'IY'
as,'AE Z',s,'AE'
when,'ʍ e N',s,''
did,'D IH D',s,'IH'
sue,'S UW',s,'UW'
therefre,'DH EH R F AO R',s,'AO'
this,'DH IH S',s,'IH'
out,'AW T',s,''
of,'AH V',s,''
i,'AY',s,'AY'
teach,'T IY CH',s,'IY'
is,'IH Z',s,'IH'
command,'K ǝ M AW N D',s,''
beseech,'B IY S IY CH',s,'IY IY'
then,'DH EH N',s,''
my,'M AY',s,'AY'
content,'K ǝ N T e N T',s,''
firm,'F ɐ R M',s,''
doth,'D AO TH',s,'AO'
bear,'B EH R',s,''
of,'AH V',s,''
that,'DH AE T',s,'AE'
shall,'SH AE L',s,'AE'
from,'F R AH M',s,''
appear,'ǝ P IY R',s,'IY'
will,'W IH L',s,'IH'
you,'Y UW',s,'UW'
in,'IH N',s,'IH'
my,'M AY',s,'AY'
lord,'L AO R D',s,'AO'
wished,'W IH SH IH D',s,'IH IH'
my,'M AY',s,'AY'
lord,'L AO R D',s,'AO'
the,'DH AH',s,''
gods,'G AA D Z',s,'AA'
my,'M AY',s,'AY'
lord,'L AO R D',s,'AO'
dregs,'D R EH G Z',s,''
than,'DH AE N',s,'AE'
water,'W AA T ǝ R',s,'AA'
if,'IH F',s,'IH'
my,'M AY',s,'AY'
fears,'F IY R Z',s,'IY'
fear,'F IY R',s,'IY'
that,'DH AE T',s,'AE'
seeing,'S IY IH N',s,'IY IH'
reason,'r EH Z ǝ N',s,''
leads,'L IY D Z',s,'IY'
than,'DH AE N',s,'AE'
reason,'r EH Z ǝ N',s,''
fear,'F IY R',s,'IY'
to,'T UW',s,'UW'
fear,'F IY R',s,'IY'
the,'DH AH',s,''
worst,'W AO R S T',s,'AO'
oft,'AO F T',s,'AO'
cures,'K Y UW R Z',s,'UW'
the,'DH AH',s,''
nor,'N AO R',s,'AO'
neither,'N EH DH ǝ R',s,''
all,'AA L',s,'AA'
swear,'S W EH R',s,''
performace,'P ER F AO R M AH N S',s,'AO'
than,'DH AE N',s,'AE'
and,'AH N D',s,''
yet,'Y EH T',s,''
reseve,'R IH Z ER V',s,'IH'
an,'AE N',s,'AE'
that,'DH AE T',s,'AE'
never,'N e V ǝ R',s,''
perform,'P ǝ R F AO R M',s,'AO'
vowing,'V ǝ UH · IH N',s,'UH IH'
than,'DH AE N',s,'AE'
the,'DH AH',s,''
of,'AH V',s,''
ten,'T EH N',s,''
and,'AH N D',s,''
less,'L EH S',s,''
than,'DH AE N',s,'AE'
the,'DH AH',s,''
tenth,'T e N T',s,''
part,'P AA R T',s,'AA'
of,'AH V',s,''
that,'DH AE T',s,'AE'
the,'DH AH',s,''
of,'AH V',s,''
and,'AH N D',s,''
the,'DH AH',s,''
act,'AE K T',s,'AE'
of,'AH V',s,''
not,'N AA T',s,'AA'
will,'W IH L',s,'IH'
you,'Y UW',s,'UW'
in,'IH N',s,'IH'
my,'M AY',s,'AY'
lord,'L AO R D',s,'AO'
well,'W EH L',s,''
what,'W AH T',s,''
follly,'F ɒ L ǝ IH',s,'IH'
i,'AY',s,'AY'
commit,'K AH M IH T',s,'IH'
i,'AY',s,'AY'
to,'T UW',s,'UW'
you,'Y UW',s,'UW'
boldness,'B OW L D N ə S',s,''
to,'T UW',s,'UW'
me,'M IY',s,'IY'
and,'AH N D',s,''
me,'M IY',s,'IY'
heart,'HH AA R T',s,'AA'
i,'AY',s,'AY'
you,'Y UW',s,'UW'
and,'AH N D',s,''
for,'F AO R',s,'AO'
to,'T UW',s,'UW'
seem,'S IY M',s,'IY'
won,'W ɤ N',s,''
but,'B AH T',s,''
i,'AY',s,'AY'
was,'W AA Z',s,'AA'
won,'W ɤ N',s,''
my,'M AY',s,'AY'
lord,'L AO R D',s,'AO'
with,'W IH DH',s,'IH'
the,'DH AH',s,''
that,'DH AE T',s,'AE'
me,'M IY',s,'IY'
if,'IH F',s,'IH'
i,'AY',s,'AY'
confess,'K AH N F EH S',s,''
you,'Y UW',s,'UW'
will,'W IH L',s,'IH'
the,'DH AH',s,''
tyrant,'T AY R AH N T',s,'AY'
i,'AY',s,'AY'
you,'Y UW',s,'UW'
but,'B AH T',s,''
till,'T IH L',s,'IH'
not,'N AA T',s,'AA'
so,'S OW',s,''
but,'B AH T',s,''
i,'AY',s,'AY'
master,'M AW S T ǝ R',s,''
it,'IH T',s,'IH'
in,'IH N',s,'IH'
faith,'F EY TH',s,'EY'
i,'AY',s,'AY'
my,'M AY',s,'AY'
wre,'W ER',s,''
unbridled,'ɤ N B r ǝ IH D L D',s,'IH'
children,'CH IH L D R AH N',s,'IH'
too,'T UW',s,'UW'
for,'F AO R',s,'AO'
their,'DH EH R',s,''
see,'S IY',s,'IY'
we,'W IY',s,'IY'
fools,'F UW L Z',s,'UW'
whhy,'ʍ ǝ IH',s,'IH'
i,'AY',s,'AY'
who,'HH UW',s,'UW'
shall,'SH AE L',s,'AE'
be,'B IY',s,'IY'
true,'T R UW',s,'UW'
to,'T UW',s,'UW'
us,'AH S',s,''
when,'ʍ e N',s,''
we,'W IY',s,'IY'
so,'S OW',s,''
unsecret,'ɤ N S IY K r ǝ T',s,'IY'
to,'T UW',s,'UW'
but,'B AH T',s,''
i,'AY',s,'AY'
you,'Y UW',s,'UW'
well,'W EH L',s,''
i,'AY',s,'AY'
wooed,'W UW D',s,'UW'
you,'Y UW',s,'UW'
not,'N AA T',s,'AA'
and,'AH N D',s,''
yet,'Y EH T',s,''
good,'G UH D',s,'UH'
faith,'F EY TH',s,'EY'
i,'AY',s,'AY'
wished,'W IH SH IH D',s,'IH IH'
myself,'M AY S EH L F',s,'AY'
a,'AH',s,''
man,'M AE N',s,'AE'
or,'AO R',s,'AO'
that,'DH AE T',s,'AE'
we,'W IY',s,'IY'
women,'W IH M AH N',s,'IH'
had,'HH AE D',s,'AE'
of,'AH V',s,''
sweet,'S W IY T',s,'IY'
bid,'B IH D',s,'IH'
me,'M IY',s,'IY'
my,'M AY',s,'AY'
for,'F AO R',s,'AO'
in,'IH N',s,'IH'
this,'DH IH S',s,'IH'
i,'AY',s,'AY'
shall,'SH AE L',s,'AE'
speak,'S P IY K',s,'IY'
the,'DH AH',s,''
i,'AY',s,'AY'
shall,'SH AE L',s,'AE'
repent,'R IH P EH N T',s,'IH'
see,'S IY',s,'IY'
see,'S IY',s,'IY'
your,'Y AO R',s,'AO'
in,'IH N',s,'IH'
from,'F R AH M',s,''
my,'M AY',s,'AY'
weakness,'W IY K N AH S',s,'IY'
my,'M AY',s,'AY'
very,'V EH R IY',s,'IY'
soul,'S OW L',s,''
of,'AH V',s,''
stop,'S T AA P',s,'AA'
my,'M AY',s,'AY'
my,'M AY',s,'AY'
lord,'L AO R D',s,'AO'
i,'AY',s,'AY'
do,'D OW',s,''
beseech,'B IY S IY CH',s,'IY IY'
you,'Y UW',s,'UW'
pardon,'P AA R D ǝ N',s,'AA'
me,'M IY',s,'IY'
not,'N AA T',s,'AA'
my,'M AY',s,'AY'
thus,'DH ɤ S',s,''
to,'T UW',s,'UW'
beg,'B EH G',s,''
a,'AH',s,''
kiss,'K IH S',s,'IH'
i,'AY',s,'AY'
am,'AE M',s,'AE'
o,'OW',s,''
heavens,'HH EH V AH N Z',s,''
what,'W AH T',s,''
i,'AY',s,'AY'
for,'F AO R',s,'AO'
this,'DH IH S',s,'IH'
will,'W IH L',s,'IH'
i,'AY',s,'AY'
my,'M AY',s,'AY'
my,'M AY',s,'AY'
lord,'L AO R D',s,'AO'
you,'Y UW',s,'UW'
content,'K ǝ N T e N T',s,''
you,'Y UW',s,'UW'
company,'K AH M P AH N IY',s,'IY'
let,'L EH T',s,''
me,'M IY',s,'IY'
go,'G OW',s,''
and,'AH N D',s,''
i,'AY',s,'AY'
a,'AH',s,''
of,'AH V',s,''
self,'S EH L F',s,''
with,'W IH DH',s,'IH'
you,'Y UW',s,'UW'
but,'B AH T',s,''
an,'AE N',s,'AE'
self,'S EH L F',s,''
that,'DH AE T',s,'AE'
itself,'IH T S EH L F',s,'IH'
will,'W IH L',s,'IH'
to,'T UW',s,'UW'
be,'B IY',s,'IY'
fool,'F UH L',s,'UH'
i,'AY',s,'AY'
be,'B IY',s,'IY'
is,'IH Z',s,'IH'
my,'M AY',s,'AY'
wit,'W IH T',s,'IH'
i,'AY',s,'AY'
not,'N AA T',s,'AA'
what,'W AH T',s,''
i,'AY',s,'AY'
speak,'S P IY K',s,'IY'
perchace,'P ER CH AE N S',s,'AE'
my,'M AY',s,'AY'
lord,'L AO R D',s,'AO'
i,'AY',s,'AY'
craft,'K r AW F T',s,''
than,'DH AE N',s,'AE'
and,'AH N D',s,''
fell,'F EH L',s,''
so,'S OW',s,''
to,'T UW',s,'UW'
a,'AH',s,''
to,'T UW',s,'UW'
for,'F AO R',s,'AO'
your,'Y AO R',s,'AO'
but,'B AH T',s,''
you,'Y UW',s,'UW'
or,'AO R',s,'AO'
you,'Y UW',s,'UW'
not,'N AA T',s,'AA'
for,'F AO R',s,'AO'
to,'T UW',s,'UW'
be,'B IY',s,'IY'
and,'AH N D',s,''
exceeds,'IH K S IY D Z',s,'IH IY'
that,'DH AE T',s,'AE'
with,'W IH DH',s,'IH'
gods,'G AA D Z',s,'AA'
in,'IH N',s,'IH'
that,'DH AE T',s,'AE'
war,'W AO R',s,'AO'
with,'W IH DH',s,'IH'
you,'Y UW',s,'UW'
you,'Y UW',s,'UW'
be,'B IY',s,'IY'
if,'IH F',s,'IH'
i,'AY',s,'AY'
be,'B IY',s,'IY'
or,'AO R',s,'AO'
a,'AH',s,''
hair,'HH EH R',s,''
from,'F R AH M',s,''
truth,'T R UW TH',s,'UW'
when,'ʍ e N',s,''
is,'IH Z',s,'IH'
old,'OW L D',s,''
and,'AH N D',s,''
hath,'HH AE TH',s,'AE'
forgot,'F ǝ R G ɒ T',s,''
itself,'IH T S EH L F',s,'IH'
when,'ʍ e N',s,''
water,'W AA T ǝ R',s,'AA'
drops,'D R AA P S',s,'AA'
worn,'W AO R N',s,'AO'
the,'DH AH',s,''
of,'AH V',s,''
troy,'T r ǝ IH',s,'IH'
and,'AH N D',s,''
cities,'S IH T IY Z',s,'IH IY'
up,'AH P',s,''
and,'AH N D',s,''
mighty,'M ǝ IH T ǝ IH',s,'IH IH'
grated,'G R EY T IH D',s,'EY IH'
to,'T UW',s,'UW'
yet,'Y EH T',s,''
let,'L EH T',s,''
from,'F R AH M',s,''
to,'T UW',s,'UW'
maids,'M EY D Z',s,'EY'
in,'IH N',s,'IH'
upbraid,'ɤ P B r EH D',s,''
my,'M AY',s,'AY'
when,'ʍ e N',s,''
said,'S EH D',s,''
as,'AE Z',s,'AE'
as,'AE Z',s,'AE'
air,'EH R',s,''
as,'AE Z',s,'AE'
water,'W AA T ǝ R',s,'AA'
or,'AO R',s,'AO'
sandy,'S AE N D IY',s,'AE IY'
as,'AE Z',s,'AE'
to,'T UW',s,'UW'
or,'AO R',s,'AO'
wolf,'W UH L F',s,'UH'
to,'T UW',s,'UW'
to,'T UW',s,'UW'
the,'DH AH',s,''
hind,'ǝ IH N D',s,'IH'
or,'AO R',s,'AO'
to,'T UW',s,'UW'
son,'S AO ̃',s,'AO'
yea,'Y EH',s,''
let,'L EH T',s,''
them,'DH EH M',s,''
to,'T UW',s,'UW'
stick,'S T IH K',s,'IH'
the,'DH AH',s,''
heart,'HH AA R T',s,'AA'
of,'AH V',s,''
as,'AE Z',s,'AE'
as,'AE Z',s,'AE'
amen,'EY M EH N',s,'EY'
then,'DH EH N',s,''
sweet,'S W IY T',s,'IY'
my,'M AY',s,'AY'
lord,'L AO R D',s,'AO'
call,'K AO L',s,'AO'
down,'D ǝ UH N',s,'UH'
he,'HH IY',s,'IY'
shall,'SH AE L',s,'AE'
unbolt,'ɤ N B OW L T',s,''
the,'DH AH',s,''
good,'G UH D',s,'UH'
then,'DH EH N',s,''
you,'Y UW',s,'UW'
of,'AH V',s,''
me,'M IY',s,'IY'
hath,'HH AE TH',s,'AE'
been,'B IH N',s,'IH'
too,'T UW',s,'UW'
brief,'B R IY F',s,'IY'
prithee,'P r e DH IY',s,'IY'
tarrry,'T AW r ǝ IH',s,'IH'
you,'Y UW',s,'UW'
men,'M EH N',s,''
will,'W IH L',s,'IH'
never,'N e V ǝ R',s,''
tarrry,'T AW r ǝ IH',s,'IH'
o,'OW',s,''
foolish,'F UW L IH SH',s,'UW IH'
i,'AY',s,'AY'
still,'S T IH L',s,'IH'
held,'HH EH L D',s,''
off,'AO F',s,'AO'
and,'AH N D',s,''
then,'DH EH N',s,''
you,'Y UW',s,'UW'
up,'AH P',s,''
a,'AH',s,''
on,'AA N',s,'AA'
him,'HH IH M',s,'IH'
will,'W IH L',s,'IH'
he,'HH IY',s,'IY'
be,'B IY',s,'IY'
i,'AY',s,'AY'
shall,'SH AE L',s,'AE'
a,'AH',s,''
go,'G OW',s,''
you,'Y UW',s,'UW'
you,'Y UW',s,'UW'
me,'M IY',s,'IY'
to,'T UW',s,'UW'
then,'DH EH N',s,''
you,'Y UW',s,'UW'
me,'M IY',s,'IY'
too,'T UW',s,'UW'
your,'Y AO R',s,'AO'
heart,'HH AA R T',s,'AA'
be,'B IY',s,'IY'
good,'G UH D',s,'UH'
nor,'N AO R',s,'AO'
suffer,'S ɤ F ǝ R',s,''
did,'D IH D',s,'IH'
not,'N AA T',s,'AA'
i,'AY',s,'AY'
tell,'T EH L',s,''
you,'Y UW',s,'UW'
he,'HH IY',s,'IY'
wre,'W ER',s,''
that,'DH AE T',s,'AE'
at,'AE T',s,'AE'
go,'G OW',s,''
and,'AH N D',s,''
see,'S IY',s,'IY'
my,'M AY',s,'AY'
lord,'L AO R D',s,'AO'
you,'Y UW',s,'UW'
again,'ǝ ɡ EH N',s,''
into,'IH N T UW',s,'IH UW'
my,'M AY',s,'AY'
you,'Y UW',s,'UW'
and,'AH N D',s,''
mock,'M AA K',s,'AA'
me,'M IY',s,'IY'
as,'AE Z',s,'AE'
if,'IH F',s,'IH'
i,'AY',s,'AY'
meant,'M EH N T',s,''
you,'Y UW',s,'UW'
i,'AY',s,'AY'
think,'TH IH NG K',s,'IH'
of,'AH V',s,''
no,'N OW',s,''
you,'Y UW',s,'UW'
in,'IH N',s,'IH'
i,'AY',s,'AY'
not,'N AA T',s,'AA'
for,'F AO R',s,'AO'
troy,'T r ǝ IH',s,'IH'
you,'Y UW',s,'UW'
seen,'S IY N',s,'IY'
the,'DH AH',s,''
matter,'M AW T ǝ R',s,''
who,'HH UW',s,'UW'
was,'W AA Z',s,'AA'
whhy,'ʍ ǝ IH',s,'IH'
you,'Y UW',s,'UW'
so,'S OW',s,''
my,'M AY',s,'AY'
lord,'L AO R D',s,'AO'
tell,'T EH L',s,''
me,'M IY',s,'IY'
sweet,'S W IY T',s,'IY'
the,'DH AH',s,''
matter,'M AW T ǝ R',s,''
o,'OW',s,''
the,'DH AH',s,''
gods,'G AA D Z',s,'AA'
the,'DH AH',s,''
matter,'M AW T ǝ R',s,''
good,'G UH D',s,'UH'
i,'AY',s,'AY'
beseech,'B IY S IY CH',s,'IY IY'
you,'Y UW',s,'UW'
on,'AA N',s,'AA'
my,'M AY',s,'AY'
i,'AY',s,'AY'
beseech,'B IY S IY CH',s,'IY IY'
you,'Y UW',s,'UW'
the,'DH AH',s,''
matter,'M AW T ǝ R',s,''
o,'OW',s,''
you,'Y UW',s,'UW'
immortal,'IH M AO R T AH L',s,'IH AO'
gods,'G AA D Z',s,'AA'
i,'AY',s,'AY'
will,'W IH L',s,'IH'
not,'N AA T',s,'AA'
go,'G OW',s,''
i,'AY',s,'AY'
will,'W IH L',s,'IH'
not,'N AA T',s,'AA'
i,'AY',s,'AY'
forgot,'F ǝ R G ɒ T',s,''
my,'M AY',s,'AY'
i,'AY',s,'AY'
no,'N OW',s,''
of,'AH V',s,''
no,'N OW',s,''
kin,'K IH N',s,'IH'
no,'N OW',s,''
no,'N OW',s,''
blood,'B L AH D',s,''
no,'N OW',s,''
soul,'S OW L',s,''
so,'S OW',s,''
near,'N IY R',s,'IY'
me,'M IY',s,'IY'
as,'AE Z',s,'AE'
the,'DH AH',s,''
sweet,'S W IY T',s,'IY'
o,'OW',s,''
you,'Y UW',s,'UW'
gods,'G AA D Z',s,'AA'
the,'DH AH',s,''
very,'V EH R IY',s,'IY'
crown,'K r ǝ UH N',s,'UH'
of,'AH V',s,''
if,'IH F',s,'IH'
she,'SH IY',s,'IY'
and,'AH N D',s,''
death,'D EH TH',s,''
do,'D OW',s,''
to,'T UW',s,'UW'
this,'DH IH S',s,'IH'
body,'B AA D IY',s,'AA IY'
what,'W AH T',s,''
you,'Y UW',s,'UW'
can,'K AE N',s,'AE'
but,'B AH T',s,''
the,'DH AH',s,''
and,'AH N D',s,''
of,'AH V',s,''
my,'M AY',s,'AY'
is,'IH Z',s,'IH'
as,'AE Z',s,'AE'
the,'DH AH',s,''
very,'V EH R IY',s,'IY'
of,'AH V',s,''
the,'DH AH',s,''
all,'AA L',s,'AA'
to,'T UW',s,'UW'
it,'IH T',s,'IH'
go,'G OW',s,''
in,'IH N',s,'IH'
and,'AH N D',s,''
weep,'W IY P',s,'IY'
tear,'T IY R',s,'IY'
my,'M AY',s,'AY'
hair,'HH EH R',s,''
and,'AH N D',s,''
my,'M AY',s,'AY'
cheeks,'CH IY K S',s,'IY'
crack,'K R AE K',s,'AE'
my,'M AY',s,'AY'
clear,'K L IY R',s,'IY'
with,'W IH DH',s,'IH'
sobs,'S AA B Z',s,'AA'
and,'AH N D',s,''
break,'B R EY K',s,'EY'
my,'M AY',s,'AY'
heart,'HH AA R T',s,'AA'
with,'W IH DH',s,'IH'
sounding,'S ǝ UH N D IH N',s,'UH IH'
i,'AY',s,'AY'
will,'W IH L',s,'IH'
not,'N AA T',s,'AA'
go,'G OW',s,''
from,'F R AH M',s,''
troy,'T r ǝ IH',s,'IH'
whhy,'ʍ ǝ IH',s,'IH'
tell,'T EH L',s,''
you,'Y UW',s,'UW'
me,'M IY',s,'IY'
of,'AH V',s,''
the,'DH AH',s,''
grief,'G R IY F',s,'IY'
is,'IH Z',s,'IH'
full,'F UH L',s,'UH'
that,'DH AE T',s,'AE'
i,'AY',s,'AY'
and,'AH N D',s,''
in,'IH N',s,'IH'
a,'AH',s,''
as,'AE Z',s,'AE'
as,'AE Z',s,'AE'
that,'DH AE T',s,'AE'
it,'IH T',s,'IH'
can,'K AE N',s,'AE'
i,'AY',s,'AY'
moderte,'M AA D ER AH T',s,'AA'
it,'IH T',s,'IH'
if,'IH F',s,'IH'
i,'AY',s,'AY'
temporze,'T EH M P ER AY Z',s,'AY'
with,'W IH DH',s,'IH'
my,'M AY',s,'AY'
affection,'AH F EH K SH AH N',s,''
or,'AO R',s,'AO'
it,'IH T',s,'IH'
to,'T UW',s,'UW'
a,'AH',s,''
weak,'W IY K',s,'IY'
and,'AH N D',s,''
the,'DH AH',s,''
i,'AY',s,'AY'
my,'M AY',s,'AY'
grief,'G R IY F',s,'IY'
my,'M AY',s,'AY'
admits,'AH D M IH T S',s,'IH'
no,'N OW',s,''
qualifying,'K W AA L AH F AY IH NG',s,'AA AY IH'
dross,'D R AO S',s,'AO'
no,'N OW',s,''
my,'M AY',s,'AY'
grief,'G R IY F',s,'IY'
in,'IH N',s,'IH'
a,'AH',s,''
precious,'P R EH SH AH S',s,''
loss,'L AO S',s,'AO'
o,'OW',s,''
the,'DH AH',s,''
gods,'G AA D Z',s,'AA'
and,'AH N D',s,''
is,'IH Z',s,'IH'
it,'IH T',s,'IH'
true,'T R UW',s,'UW'
that,'DH AE T',s,'AE'
i,'AY',s,'AY'
must,'M AH S T',s,''
go,'G OW',s,''
from,'F R AH M',s,''
troy,'T r ǝ IH',s,'IH'
what,'W AH T',s,''
and,'AH N D',s,''
from,'F R AH M',s,''
too,'T UW',s,'UW'
is,'IH Z',s,'IH'
i,'AY',s,'AY'
must,'M AH S T',s,''
then,'DH EH N',s,''
to,'T UW',s,'UW'
the,'DH AH',s,''
a,'AH',s,''
woeful,'W OW F AH L',s,''
the,'DH AH',s,''
merrry,'M e r ǝ IH',s,'IH'
greeks,'G R IY K S',s,'IY'
when,'ʍ e N',s,''
shall,'SH AE L',s,'AE'
we,'W IY',s,'IY'
see,'S IY',s,'IY'
again,'ǝ ɡ EH N',s,''
i,'AY',s,'AY'
true,'T R UW',s,'UW'
what,'W AH T',s,''
wicked,'W IH K AH D',s,'IH'
deem,'D IY M',s,'IY'
is,'IH Z',s,'IH'
this,'DH IH S',s,'IH'
o,'OW',s,''
you,'Y UW',s,'UW'
shall,'SH AE L',s,'AE'
be,'B IY',s,'IY'
exposed,'IH K S P OW Z D',s,'IH'
my,'M AY',s,'AY'
lord,'L AO R D',s,'AO'
to,'T UW',s,'UW'
as,'AE Z',s,'AE'
as,'AE Z',s,'AE'
but,'B AH T',s,''
be,'B IY',s,'IY'
true,'T R UW',s,'UW'
and,'AH N D',s,''
you,'Y UW',s,'UW'
this,'DH IH S',s,'IH'
when,'ʍ e N',s,''
shall,'SH AE L',s,'AE'
i,'AY',s,'AY'
see,'S IY',s,'IY'
you,'Y UW',s,'UW'
o,'OW',s,''
heavens,'HH EH V AH N Z',s,''
be,'B IY',s,'IY'
true,'T R UW',s,'UW'
again,'ǝ ɡ EH N',s,''
o,'OW',s,''
heavens,'HH EH V AH N Z',s,''
you,'Y UW',s,'UW'
me,'M IY',s,'IY'
not,'N AA T',s,'AA'
do,'D OW',s,''
you,'Y UW',s,'UW'
think,'TH IH NG K',s,'IH'
i,'AY',s,'AY'
will,'W IH L',s,'IH'
my,'M AY',s,'AY'
lord,'L AO R D',s,'AO'
will,'W IH L',s,'IH'
you,'Y UW',s,'UW'
be,'B IY',s,'IY'
true,'T R UW',s,'UW'
in,'IH N',s,'IH'
do,'D OW',s,''
you,'Y UW',s,'UW'
render,'r e N D ǝ R',s,''
or,'AO R',s,'AO'
my,'M AY',s,'AY'
to,'T UW',s,'UW'
the,'DH AH',s,''
kiss,'K IH S',s,'IH'
you,'Y UW',s,'UW'
is,'IH Z',s,'IH'
better,'B e T ə R',s,''
than,'DH AE N',s,'AE'
you,'Y UW',s,'UW'
therefre,'DH EH R F AO R',s,'AO'
no,'N OW',s,''
kiss,'K IH S',s,'IH'
you,'Y UW',s,'UW'
an,'AE N',s,'AE'
odd,'AA D',s,'AA'
man,'M AE N',s,'AE'
even,'IY V IH N',s,'IY IH'
or,'AO R',s,'AO'
no,'N OW',s,''
paris,'P EH R IH S',s,'IH'
is,'IH Z',s,'IH'
not,'N AA T',s,'AA'
for,'F AO R',s,'AO'
you,'Y UW',s,'UW'
true,'T R UW',s,'UW'
that,'DH AE T',s,'AE'
you,'Y UW',s,'UW'
odd,'AA D',s,'AA'
and,'AH N D',s,''
he,'HH IY',s,'IY'
is,'IH Z',s,'IH'
even,'IY V IH N',s,'IY IH'
with,'W IH DH',s,'IH'
you,'Y UW',s,'UW'
no,'N OW',s,''
be,'B IY',s,'IY'
sworn,'S W AO R N',s,'AO'
you,'Y UW',s,'UW'
whhy,'ʍ ǝ IH',s,'IH'
beg,'B EH G',s,''
i,'AY',s,'AY'
am,'AE M',s,'AE'
your,'Y AO R',s,'AO'
claim,'K L EH M',s,''
it,'IH T',s,'IH'
when,'ʍ e N',s,''
my,'M AY',s,'AY'
sweet,'S W IY T',s,'IY'
a,'AH',s,''
with,'W IH DH',s,'IH'
you,'Y UW',s,'UW'
yes,'Y IH S',s,'IH'
sweet,'S W IY T',s,'IY'
greek,'G R IY K',s,'IY'
tempt,'T EH M P T',s,''
me,'M IY',s,'IY'
no,'N OW',s,''
to,'T UW',s,'UW'
follly,'F ɒ L ǝ IH',s,'IH'
tell,'T EH L',s,''
you,'Y UW',s,'UW'
what,'W AH T',s,''
in,'IH N',s,'IH'
faith,'F EY TH',s,'EY'
i,'AY',s,'AY'
cannot,'K AE N AA T',s,'AE AA'
what,'W AH T',s,''
you,'Y UW',s,'UW'
me,'M IY',s,'IY'
do,'D OW',s,''
i,'AY',s,'AY'
prithee,'P r e DH IY',s,'IY'
do,'D OW',s,''
not,'N AA T',s,'AA'
me,'M IY',s,'IY'
to,'T UW',s,'UW'
oath,'OW TH',s,''
bid,'B IH D',s,'IH'
me,'M IY',s,'IY'
do,'D OW',s,''
but,'B AH T',s,''
that,'DH AE T',s,'AE'
sweet,'S W IY T',s,'IY'
greek,'G R IY K',s,'IY'
a,'AH',s,''
in,'IH N',s,'IH'
your,'Y AO R',s,'AO'
ear,'IY R',s,'IY'
but,'B AH T',s,''
you,'Y UW',s,'UW'
part,'P AA R T',s,'AA'
in,'IH N',s,'IH'
anger,'AW NG ɡ ǝ R',s,''
whhy,'ʍ ǝ IH',s,'IH'
greek,'G R IY K',s,'IY'
in,'IH N',s,'IH'
faith,'F EY TH',s,'EY'
i,'AY',s,'AY'
do,'D OW',s,''
not,'N AA T',s,'AA'
again,'ǝ ɡ EH N',s,''
in,'IH N',s,'IH'
faith,'F EY TH',s,'EY'
i,'AY',s,'AY'
will,'W IH L',s,'IH'
la,'L AA',s,'AA'
never,'N e V ǝ R',s,''
trust,'T r ɤ S T',s,''
me,'M IY',s,'IY'
you,'Y UW',s,'UW'
keep,'K IY P',s,'IY'
this,'DH IH S',s,'IH'
you,'Y UW',s,'UW'
look,'L UH K',s,'UH'
upon,'AH P AA N',s,'AA'
that,'DH AE T',s,'AE'
behold,'B IH HH OW L D',s,'IH'
it,'IH T',s,'IH'
well,'W EH L',s,''
he,'HH IY',s,'IY'
me,'M IY',s,'IY'
again,'ǝ ɡ EH N',s,''
it,'IH T',s,'IH'
is,'IH Z',s,'IH'
no,'N OW',s,''
matter,'M AW T ǝ R',s,''
i,'AY',s,'AY'
again,'ǝ ɡ EH N',s,''
i,'AY',s,'AY'
will,'W IH L',s,'IH'
not,'N AA T',s,'AA'
meet,'M IY T',s,'IY'
with,'W IH DH',s,'IH'
you,'Y UW',s,'UW'
i,'AY',s,'AY'
prithee,'P r e DH IY',s,'IY'
visit,'V IH Z AH T',s,'IH'
me,'M IY',s,'IY'
no,'N OW',s,''
what,'W AH T',s,''
this,'DH IH S',s,'IH'
o,'OW',s,''
all,'AA L',s,'AA'
you,'Y UW',s,'UW'
prettty,'P r IH T ǝ IH',s,'IH IH'
prettty,'P r IH T ǝ IH',s,'IH IH'
plege,'P L EH JH',s,''
master,'M AW S T ǝ R',s,''
on,'AA N',s,'AA'
his,'HH IH Z',s,'IH'
bed,'B EH D',s,''
of,'AH V',s,''
thee,'DH IY',s,'IY'
and,'AH N D',s,''
me,'M IY',s,'IY'
and,'AH N D',s,''
and,'AH N D',s,''
my,'M AY',s,'AY'
and,'AH N D',s,''
kisses,'K IH S AH Z',s,'IH'
to,'T UW',s,'UW'
it,'IH T',s,'IH'
as,'AE Z',s,'AE'
i,'AY',s,'AY'
kiss,'K IH S',s,'IH'
thee,'DH IY',s,'IY'
he,'HH IY',s,'IY'
that,'DH AE T',s,'AE'
that,'DH AE T',s,'AE'
doth,'D AO TH',s,'AO'
my,'M AY',s,'AY'
heart,'HH AA R T',s,'AA'
withal,'W IH DH AA L',s,'IH AA'
you,'Y UW',s,'UW'
shall,'SH AE L',s,'AE'
not,'N AA T',s,'AA'
it,'IH T',s,'IH'
faith,'F EY TH',s,'EY'
you,'Y UW',s,'UW'
shall,'SH AE L',s,'AE'
not,'N AA T',s,'AA'
you,'Y UW',s,'UW'
it,'IH T',s,'IH'
is,'IH Z',s,'IH'
no,'N OW',s,''
matter,'M AW T ǝ R',s,''
that,'DH AE T',s,'AE'
me,'M IY',s,'IY'
better,'B e T ə R',s,''
than,'DH AE N',s,'AE'
you,'Y UW',s,'UW'
will,'W IH L',s,'IH'
but,'B AH T',s,''
you,'Y UW',s,'UW'
it,'IH T',s,'IH'
it,'IH T',s,'IH'
by,'B AY',s,'AY'
all,'AA L',s,'AA'
diana's,'D AY AE N AH Z',s,'AY AE'
and,'AH N D',s,''
by,'B AY',s,'AY'
i,'AY',s,'AY'
will,'W IH L',s,'IH'
not,'N AA T',s,'AA'
tell,'T EH L',s,''
you,'Y UW',s,'UW'
well,'W EH L',s,''
well,'W EH L',s,''
past,'P AW S T',s,''
and,'AH N D',s,''
yet,'Y EH T',s,''
it,'IH T',s,'IH'
is,'IH Z',s,'IH'
not,'N AA T',s,'AA'
i,'AY',s,'AY'
will,'W IH L',s,'IH'
not,'N AA T',s,'AA'
keep,'K IY P',s,'IY'
my,'M AY',s,'AY'
you,'Y UW',s,'UW'
shall,'SH AE L',s,'AE'
not,'N AA T',s,'AA'
go,'G OW',s,''
cannot,'K AE N AA T',s,'AE AA'
speak,'S P IY K',s,'IY'
a,'AH',s,''
but,'B AH T',s,''
it,'IH T',s,'IH'
starts,'S T AA R T S',s,'AA'
you,'Y UW',s,'UW'
shall,'SH AE L',s,'AE'
be,'B IY',s,'IY'
good,'G UH D',s,'UH'
i,'AY',s,'AY'
prithee,'P r e DH IY',s,'IY'
yet,'Y EH T',s,''
looks,'L UH K S',s,'UH'
on,'AA N',s,'AA'
thee,'DH IY',s,'IY'
but,'B AH T',s,''
with,'W IH DH',s,'IH'
my,'M AY',s,'AY'
heart,'HH AA R T',s,'AA'
the,'DH AH',s,''
doth,'D AO TH',s,'AO'
see,'S IY',s,'IY'
poor,'P UH R',s,'UH'
our,'OW R',s,''
this,'DH IH S',s,'IH'
fault,'F AO L T',s,'AO'
in,'IH N',s,'IH'
us,'AH S',s,''
i,'AY',s,'AY'
the,'DH AH',s,''
error,'e r ǝ R',s,''
of,'AH V',s,''
our,'OW R',s,''
our,'OW R',s,''
what,'W AH T',s,''
error,'e r ǝ R',s,''
leads,'L IY D Z',s,'IY'
must,'M AH S T',s,''
err,'EH R',s,''
o,'OW',s,''
then,'DH EH N',s,''
by,'B AY',s,'AY'
full,'F UH L',s,'UH'
of,'AH V',s,''
turpitde,'T ER P IH T UW D',s,'IH UW'
