master,'M AW S T ǝ R',s,''
complain,'K ǝ M P L EH N',s,''
of,'AH V',s,''
me,'M IY',s,'IY'
to,'T UW',s,'UW'
the,'DH AH',s,''
but,'B AH T',s,''
not,'N AA T',s,'AA'
your,'Y AO R',s,'AO'
i,'AY',s,'AY'
will,'W IH L',s,'IH'
it,'IH T',s,'IH'
i,'AY',s,'AY'
all,'AA L',s,'AA'
this,'DH IH S',s,'IH'
that,'DH AE T',s,'AE'
is,'IH Z',s,'IH'
better,'B e T ə R',s,''
for,'F AO R',s,'AO'
you,'Y UW',s,'UW'
if,'IH F',s,'IH'
it,'IH T',s,'IH'
wre,'W ER',s,''
in,'IH N',s,'IH'
be,'B IY',s,'IY'
at,'AE T',s,'AE'
good,'G UH D',s,'UH'
good,'G UH D',s,'UH'
i,'AY',s,'AY'
your,'Y AO R',s,'AO'
what,'W AH T',s,''
matter,'M AW T ǝ R',s,''
you,'Y UW',s,'UW'
against,'AH G EH N S T',s,''
me,'M IY',s,'IY'
pistol,'P IH S T AH L',s,'IH'
pistol,'P IH S T AH L',s,'IH'
did,'D IH D',s,'IH'
you,'Y UW',s,'UW'
pick,'P IH K',s,'IH'
master,'M AW S T ǝ R',s,''
is,'IH Z',s,'IH'
this,'DH IH S',s,'IH'
true,'T R UW',s,'UW'
pistol,'P IH S T AH L',s,'IH'
what,'W AH T',s,''
you,'Y UW',s,'UW'
and,'AH N D',s,''
you,'Y UW',s,'UW'
all,'AA L',s,'AA'
matters,'M AW T ǝ R Z',s,''
gentlemen,'JH EH N T AH L M IH N',s,'IH'
you,'Y UW',s,'UW'
it,'IH T',s,'IH'
mistress,'M IH S T R AH S',s,'IH'
ford,'F AO R D',s,'AO'
by,'B AY',s,'AY'
my,'M AY',s,'AY'
troth,'T R OW TH',s,''
you,'Y UW',s,'UW'
very,'V EH R IY',s,'IY'
well,'W EH L',s,''
met,'M EH T',s,''
by,'B AY',s,'AY'
your,'Y AO R',s,'AO'
good,'G UH D',s,'UH'
mistress,'M IH S T R AH S',s,'IH'
of,'AH V',s,''
the,'DH AH',s,''
garter,'G AA R T ǝ R',s,'AA'
i,'AY',s,'AY'
must,'M AH S T',s,''
turn,'T ɐ R N',s,''
of,'AH V',s,''
my,'M AY',s,'AY'
followers,'F ɒ L ǝ W ǝ R Z',s,''
i,'AY',s,'AY'
sit,'S IH T',s,'IH'
at,'AE T',s,'AE'
ten,'T EH N',s,''
a,'AH',s,''
week,'W IY K',s,'IY'
do,'D OW',s,''
so,'S OW',s,''
good,'G UH D',s,'UH'
him,'HH IH M',s,'IH'
a,'AH',s,''
is,'IH Z',s,'IH'
a,'AH',s,''
good,'G UH D',s,'UH'
an,'AE N',s,'AE'
old,'OW L D',s,''
cloak,'K L OW K',s,''
a,'AH',s,''
a,'AH',s,''
a,'AH',s,''
fresh,'F R EH SH',s,''
go,'G OW',s,''
adieu,'AH D UW',s,'UW'
i,'AY',s,'AY'
am,'AE M',s,'AE'
glad,'G L AE D',s,'AE'
i,'AY',s,'AY'
am,'AE M',s,'AE'
so,'S OW',s,''
acquit,'AH K W IH T',s,'IH'
of,'AH V',s,''
this,'DH IH S',s,'IH'
tinderbox,'T IH N D ER B AA K S',s,'IH AA'
his,'HH IH Z',s,'IH'
thefts,'TH EH F T S',s,''
wre,'W ER',s,''
too,'T UW',s,'UW'
open,'OW P ǝ N',s,''
his,'HH IH Z',s,'IH'
filching,'F IH L T SH IH N',s,'IH IH'
was,'W AA Z',s,'AA'
an,'AE N',s,'AE'
singer,'S IH NG G ǝ R',s,'IH'
he,'HH IY',s,'IY'
kept,'K EH P T',s,''
not,'N AA T',s,'AA'
well,'W EH L',s,''
i,'AY',s,'AY'
am,'AE M',s,'AE'
almost,'AA L M OW S T',s,'AA'
out,'AW T',s,''
at,'AE T',s,'AE'
is,'IH Z',s,'IH'
no,'N OW',s,''
i,'AY',s,'AY'
must,'M AH S T',s,''
i,'AY',s,'AY'
must,'M AH S T',s,''
shift,'SH IH F T',s,'IH'
of,'AH V',s,''
you,'Y UW',s,'UW'
ford,'F AO R D',s,'AO'
of,'AH V',s,''
this,'DH IH S',s,'IH'
my,'M AY',s,'AY'
lads,'L AE D Z',s,'AE'
i,'AY',s,'AY'
will,'W IH L',s,'IH'
tell,'T EH L',s,''
you,'Y UW',s,'UW'
what,'W AH T',s,''
i,'AY',s,'AY'
am,'AE M',s,'AE'
no,'N OW',s,''
pistol,'P IH S T AH L',s,'IH'
indeed,'IH N D IY D',s,'IH IY'
i,'AY',s,'AY'
am,'AE M',s,'AE'
in,'IH N',s,'IH'
the,'DH AH',s,''
waist,'W EY S T',s,'EY'
yards,'Y AA R D Z',s,'AA'
but,'B AH T',s,''
i,'AY',s,'AY'
am,'AE M',s,'AE'
no,'N OW',s,''
i,'AY',s,'AY'
am,'AE M',s,'AE'
briefly,'B R IY F L IY',s,'IY IY'
i,'AY',s,'AY'
do,'D OW',s,''
mean,'M IY N',s,'IY'
to,'T UW',s,'UW'
to,'T UW',s,'UW'
i,'AY',s,'AY'
in,'IH N',s,'IH'
she,'SH IY',s,'IY'
she,'SH IY',s,'IY'
she,'SH IY',s,'IY'
the,'DH AH',s,''
leer,'L IY R',s,'IY'
of,'AH V',s,''
i,'AY',s,'AY'
can,'K AE N',s,'AE'
construe,'K AH N S T R UW',s,'UW'
the,'DH AH',s,''
action,'AE K SH AH N',s,'AE'
of,'AH V',s,''
and,'AH N D',s,''
the,'DH AH',s,''
of,'AH V',s,''
behavior,'B IH HH EY V Y ER',s,'IH EY'
to,'T UW',s,'UW'
be,'B IY',s,'IY'
rightly,'r ǝ IH T L ǝ IH',s,'IH IH'
is,'IH Z',s,'IH'
i,'AY',s,'AY'
am,'AE M',s,'AE'
the,'DH AH',s,''
report,'r IH P AO R T',s,'IH AO'
goes,'G OW Z',s,''
she,'SH IY',s,'IY'
all,'AA L',s,'AA'
the,'DH AH',s,''
of,'AH V',s,''
he,'HH IY',s,'IY'
hath,'HH AE TH',s,'AE'
a,'AH',s,''
of,'AH V',s,''
angels,'EY N JH AH L Z',s,'EY'
i,'AY',s,'AY'
writ,'R IH T',s,'IH'
me,'M IY',s,'IY'
a,'AH',s,''
to,'T UW',s,'UW'
and,'AH N D',s,''
another,'ǝ N ɤ DH ǝ R',s,''
to,'T UW',s,'UW'
who,'HH UW',s,'UW'
even,'IY V IH N',s,'IY IH'
me,'M IY',s,'IY'
good,'G UH D',s,'UH'
too,'T UW',s,'UW'
examined,'IH G Z AE M AH N D',s,'IH AE'
my,'M AY',s,'AY'
parts,'P AA R T S',s,'AA'
with,'W IH DH',s,'IH'
most,'M OW S T',s,''
the,'DH AH',s,''
beam,'B IY M',s,'IY'
of,'AH V',s,''
view,'V Y UW',s,'UW'
gilded,'G IH L D IH D',s,'IH IH'
my,'M AY',s,'AY'
foot,'F UH T',s,'UH'
my,'M AY',s,'AY'
bellly,'B e L ə IH',s,'IH'
o,'OW',s,''
she,'SH IY',s,'IY'
did,'D IH D',s,'IH'
so,'S OW',s,''
my,'M AY',s,'AY'
with,'W IH DH',s,'IH'
a,'AH',s,''
that,'DH AE T',s,'AE'
the,'DH AH',s,''
of,'AH V',s,''
did,'D IH D',s,'IH'
seem,'S IY M',s,'IY'
to,'T UW',s,'UW'
me,'M IY',s,'IY'
up,'AH P',s,''
a,'AH',s,''
another,'ǝ N ɤ DH ǝ R',s,''
to,'T UW',s,'UW'
she,'SH IY',s,'IY'
bears,'B EH R Z',s,''
the,'DH AH',s,''
too,'T UW',s,'UW'
she,'SH IY',s,'IY'
is,'IH Z',s,'IH'
a,'AH',s,''
in,'IH N',s,'IH'
all,'AA L',s,'AA'
gold,'G OW L D',s,''
and,'AH N D',s,''
i,'AY',s,'AY'
will,'W IH L',s,'IH'
be,'B IY',s,'IY'
to,'T UW',s,'UW'
them,'DH EH M',s,''
both,'B OW TH',s,''
and,'AH N D',s,''
shall,'SH AE L',s,'AE'
be,'B IY',s,'IY'
to,'T UW',s,'UW'
me,'M IY',s,'IY'
shall,'SH AE L',s,'AE'
be,'B IY',s,'IY'
my,'M AY',s,'AY'
east,'e S T',s,''
and,'AH N D',s,''
west,'W EH S T',s,''
indies,'IH N D IY Z',s,'IH IY'
and,'AH N D',s,''
i,'AY',s,'AY'
will,'W IH L',s,'IH'
to,'T UW',s,'UW'
them,'DH EH M',s,''
both,'B OW TH',s,''
go,'G OW',s,''
bear,'B EH R',s,''
thou,'DH AW',s,''
this,'DH IH S',s,'IH'
to,'T UW',s,'UW'
mistress,'M IH S T R AH S',s,'IH'
thou,'DH AW',s,''
this,'DH IH S',s,'IH'
to,'T UW',s,'UW'
mistress,'M IH S T R AH S',s,'IH'
ford,'F AO R D',s,'AO'
we,'W IY',s,'IY'
will,'W IH L',s,'IH'
thhrve,'TH R AY V',s,'AY'
lads,'L AE D Z',s,'AE'
we,'W IY',s,'IY'
will,'W IH L',s,'IH'
thhrve,'TH R AY V',s,'AY'
bear,'B EH R',s,''
you,'Y UW',s,'UW'
sail,'S EH L',s,''
my,'M AY',s,'AY'
to,'T UW',s,'UW'
golden,'G OW L D ǝ N',s,''
avaunt,'ǝ V AO N T',s,'AO'
vanish,'V AE N IH SH',s,'AE IH'
go,'G OW',s,''
plod,'P L AA D',s,'AA'
hoof,'HH UW F',s,'UW'
seek,'S IY K',s,'IY'
shelter,'SH e L T ǝ R',s,''
pack,'P AE K',s,'AE'
falstaff,'F AO L S T AE F',s,'AO AE'
will,'W IH L',s,'IH'
the,'DH AH',s,''
humor,'HH Y UW M ER',s,'UW'
of,'AH V',s,''
the,'DH AH',s,''
french,'F R EH N CH',s,''
you,'Y UW',s,'UW'
and,'AH N D',s,''
i,'AY',s,'AY'
will,'W IH L',s,'IH'
not,'N AA T',s,'AA'
lend,'L EH N D',s,''
thee,'DH IY',s,'IY'
a,'AH',s,''
not,'N AA T',s,'AA'
a,'AH',s,''
i,'AY',s,'AY'
been,'B IH N',s,'IH'
content,'K ǝ N T e N T',s,''
you,'Y UW',s,'UW'
my,'M AY',s,'AY'
to,'T UW',s,'UW'
i,'AY',s,'AY'
grated,'G R EY T IH D',s,'EY IH'
upon,'AH P AA N',s,'AA'
my,'M AY',s,'AY'
good,'G UH D',s,'UH'
friends,'F R EH N D Z',s,''
for,'F AO R',s,'AO'
for,'F AO R',s,'AO'
you,'Y UW',s,'UW'
and,'AH N D',s,''
your,'Y AO R',s,'AO'
coachh-fellow,'K OW T SH - ˌ F e L ǝ',s,''
or,'AO R',s,'AO'
you,'Y UW',s,'UW'
had,'HH AE D',s,'AE'
the,'DH AH',s,''
a,'AH',s,''
gemini,'JH EH M AH N AY',s,'AY'
of,'AH V',s,''
baboons,'B AE B UW N Z',s,'AE UW'
i,'AY',s,'AY'
am,'AE M',s,'AE'
in,'IH N',s,'IH'
for,'F AO R',s,'AO'
to,'T UW',s,'UW'
gentlemen,'JH EH N T AH L M IH N',s,'IH'
my,'M AY',s,'AY'
friends,'F R EH N D Z',s,''
you,'Y UW',s,'UW'
wre,'W ER',s,''
good,'G UH D',s,'UH'
and,'AH N D',s,''
tall,'T AO L',s,'AO'
and,'AH N D',s,''
when,'ʍ e N',s,''
mistress,'M IH S T R AH S',s,'IH'
lost,'L AO S T',s,'AO'
the,'DH AH',s,''
of,'AH V',s,''
fan,'F AE N',s,'AE'
i,'AY',s,'AY'
took,'T UH K',s,'UH'
upon,'AH P AA N',s,'AA'
thou,'DH AW',s,''
it,'IH T',s,'IH'
not,'N AA T',s,'AA'
reason,'r EH Z ǝ N',s,''
you,'Y UW',s,'UW'
reason,'r EH Z ǝ N',s,''
thou,'DH AW',s,''
my,'M AY',s,'AY'
soul,'S OW L',s,''
gratis,'G r AW T IH S',s,'IH'
at,'AE T',s,'AE'
a,'AH',s,''
no,'N OW',s,''
me,'M IY',s,'IY'
i,'AY',s,'AY'
am,'AE M',s,'AE'
no,'N OW',s,''
for,'F AO R',s,'AO'
you,'Y UW',s,'UW'
short,'SH AO R T',s,'AO'
knfe,'N AY F',s,'AY'
and,'AH N D',s,''
a,'AH',s,''
your,'Y AO R',s,'AO'
manor,'M AW N ǝ R',s,''
of,'AH V',s,''
go,'G OW',s,''
not,'N AA T',s,'AA'
bear,'B EH R',s,''
a,'AH',s,''
for,'F AO R',s,'AO'
me,'M IY',s,'IY'
you,'Y UW',s,'UW'
you,'Y UW',s,'UW'
stand,'S T AE N D',s,'AE'
upon,'AH P AA N',s,'AA'
your,'Y AO R',s,'AO'
whhy,'ʍ ǝ IH',s,'IH'
thou,'DH AW',s,''
it,'IH T',s,'IH'
is,'IH Z',s,'IH'
as,'AE Z',s,'AE'
as,'AE Z',s,'AE'
i,'AY',s,'AY'
can,'K AE N',s,'AE'
do,'D OW',s,''
to,'T UW',s,'UW'
keep,'K IY P',s,'IY'
the,'DH AH',s,''
terms,'T ɐ R M Z',s,''
of,'AH V',s,''
my,'M AY',s,'AY'
i,'AY',s,'AY'
myself,'M AY S EH L F',s,'AY'
the,'DH AH',s,''
fear,'F IY R',s,'IY'
of,'AH V',s,''
god,'G AA D',s,'AA'
on,'AA N',s,'AA'
the,'DH AH',s,''
left,'L EH F T',s,''
and,'AH N D',s,''
in,'IH N',s,'IH'
my,'M AY',s,'AY'
necessity,'N AH S EH S AH T IY',s,'IY'
am,'AE M',s,'AE'
fain,'F EH N',s,''
to,'T UW',s,'UW'
to,'T UW',s,'UW'
hege,'e D ZH',s,''
and,'AH N D',s,''
to,'T UW',s,'UW'
and,'AH N D',s,''
yet,'Y EH T',s,''
you,'Y UW',s,'UW'
will,'W IH L',s,'IH'
your,'Y AO R',s,'AO'
rags,'R AE G Z',s,'AE'
your,'Y AO R',s,'AO'
looks,'L UH K S',s,'UH'
your,'Y AO R',s,'AO'
and,'AH N D',s,''
your,'Y AO R',s,'AO'
bold,'B OW L D',s,''
under,'ɤ N D ǝ R',s,''
the,'DH AH',s,''
shelter,'SH e L T ǝ R',s,''
of,'AH V',s,''
your,'Y AO R',s,'AO'
you,'Y UW',s,'UW'
will,'W IH L',s,'IH'
not,'N AA T',s,'AA'
do,'D OW',s,''
it,'IH T',s,'IH'
you,'Y UW',s,'UW'
let,'L EH T',s,''
appproach,'ǝ P r OW T SH',s,''
good,'G UH D',s,'UH'
good,'G UH D',s,'UH'
maid,'M EY D',s,'EY'
then,'DH EH N',s,''
i,'AY',s,'AY'
do,'D OW',s,''
the,'DH AH',s,''
what,'W AH T',s,''
with,'W IH DH',s,'IH'
me,'M IY',s,'IY'
fair,'F EH R',s,''
woman,'W UH M AH N',s,'UH'
and,'AH N D',s,''
thee,'DH IY',s,'IY'
the,'DH AH',s,''
well,'W EH L',s,''
on,'AA N',s,'AA'
mistress,'M IH S T R AH S',s,'IH'
ford,'F AO R D',s,'AO'
you,'Y UW',s,'UW'
i,'AY',s,'AY'
warrant,'W AA r ǝ N T',s,'AA'
thee,'DH IY',s,'IY'
well,'W EH L',s,''
mistress,'M IH S T R AH S',s,'IH'
of,'AH V',s,''
mistress,'M IH S T R AH S',s,'IH'
mistress,'M IH S T R AH S',s,'IH'
ford,'F AO R D',s,'AO'
but,'B AH T',s,''
what,'W AH T',s,''
she,'SH IY',s,'IY'
to,'T UW',s,'UW'
me,'M IY',s,'IY'
be,'B IY',s,'IY'
brief,'B R IY F',s,'IY'
my,'M AY',s,'AY'
good,'G UH D',s,'UH'
ten,'T EH N',s,''
and,'AH N D',s,''
eleven,'IH L EH V AH N',s,'IH'
ten,'T EH N',s,''
and,'AH N D',s,''
eleven,'IH L EH V AH N',s,'IH'
woman,'W UH M AH N',s,'UH'
commend,'K AH M EH N D',s,''
me,'M IY',s,'IY'
to,'T UW',s,'UW'
i,'AY',s,'AY'
will,'W IH L',s,'IH'
not,'N AA T',s,'AA'
fail,'F EH L',s,''
not,'N AA T',s,'AA'
i,'AY',s,'AY'
i,'AY',s,'AY'
thee,'DH IY',s,'IY'
the,'DH AH',s,''
atttraction,'ǝ T r AW K S IH ǝ N',s,'IH'
of,'AH V',s,''
my,'M AY',s,'AY'
good,'G UH D',s,'UH'
parts,'P AA R T S',s,'AA'
i,'AY',s,'AY'
no,'N OW',s,''
but,'B AH T',s,''
i,'AY',s,'AY'
thee,'DH IY',s,'IY'
tell,'T EH L',s,''
me,'M IY',s,'IY'
this,'DH IH S',s,'IH'
and,'AH N D',s,''
acquainted,'AH K W EY N T IH D',s,'EY IH'
each,'IY CH',s,'IY'
me,'M IY',s,'IY'
whhy,'ʍ ǝ IH',s,'IH'
i,'AY',s,'AY'
will,'W IH L',s,'IH'
thee,'DH IY',s,'IY'
well,'W EH L',s,''
commend,'K AH M EH N D',s,''
me,'M IY',s,'IY'
to,'T UW',s,'UW'
them,'DH EH M',s,''
both,'B OW TH',s,''
my,'M AY',s,'AY'
i,'AY',s,'AY'
am,'AE M',s,'AE'
yet,'Y EH T',s,''
go,'G OW',s,''
with,'W IH DH',s,'IH'
this,'DH IH S',s,'IH'
woman,'W UH M AH N',s,'UH'
this,'DH IH S',s,'IH'
distracts,'D IH S T R AE K T S',s,'IH AE'
me,'M IY',s,'IY'
thou,'DH AW',s,''
so,'S OW',s,''
old,'OW L D',s,''
jack,'JH AE K',s,'AE'
go,'G OW',s,''
of,'AH V',s,''
old,'OW L D',s,''
body,'B AA D IY',s,'AA IY'
than,'DH AE N',s,'AE'
i,'AY',s,'AY'
will,'W IH L',s,'IH'
yet,'Y EH T',s,''
look,'L UH K',s,'UH'
after,'AW F T ǝ R',s,''
thee,'DH IY',s,'IY'
wilt,'W IH L T',s,'IH'
thou,'DH AW',s,''
after,'AW F T ǝ R',s,''
the,'DH AH',s,''
of,'AH V',s,''
so,'S OW',s,''
be,'B IY',s,'IY'
a,'AH',s,''
gainer,'G EH N ǝ R',s,''
good,'G UH D',s,'UH'
body,'B AA D IY',s,'AA IY'
i,'AY',s,'AY'
thank,'TH AE NG K',s,'AE'
thee,'DH IY',s,'IY'
let,'L EH T',s,''
them,'DH EH M',s,''
grosssly,'G r OW S L ǝ IH',s,'IH'
so,'S OW',s,''
it,'IH T',s,'IH'
be,'B IY',s,'IY'
fairly,'F EH R L IY',s,'IY'
no,'N OW',s,''
matter,'M AW T ǝ R',s,''
brook,'B R UH K',s,'UH'
is,'IH Z',s,'IH'
his,'HH IH Z',s,'IH'
call,'K AO L',s,'AO'
him,'HH IH M',s,'IH'
in,'IH N',s,'IH'
brooks,'B R UH K S',s,'UH'
to,'T UW',s,'UW'
me,'M IY',s,'IY'
that,'DH AE T',s,'AE'
liquor,'L IH K ǝ R',s,'IH'
mistress,'M IH S T R AH S',s,'IH'
ford,'F AO R D',s,'AO'
and,'AH N D',s,''
mistress,'M IH S T R AH S',s,'IH'
i,'AY',s,'AY'
you,'Y UW',s,'UW'
go,'G OW',s,''
to,'T UW',s,'UW'
and,'AH N D',s,''
you,'Y UW',s,'UW'
you,'Y UW',s,'UW'
speak,'S P IY K',s,'IY'
with,'W IH DH',s,'IH'
me,'M IY',s,'IY'
youre,'Y UH R',s,'UH'
your,'Y AO R',s,'AO'
us,'AH S',s,''
good,'G UH D',s,'UH'
master,'M AW S T ǝ R',s,''
brook,'B R UH K',s,'UH'
i,'AY',s,'AY'
of,'AH V',s,''
you,'Y UW',s,'UW'
is,'IH Z',s,'IH'
a,'AH',s,''
good,'G UH D',s,'UH'
and,'AH N D',s,''
will,'W IH L',s,'IH'
on,'AA N',s,'AA'
i,'AY',s,'AY'
not,'N AA T',s,'AA'
i,'AY',s,'AY'
to,'T UW',s,'UW'
be,'B IY',s,'IY'
your,'Y AO R',s,'AO'
speak,'S P IY K',s,'IY'
good,'G UH D',s,'UH'
master,'M AW S T ǝ R',s,''
brook,'B R UH K',s,'UH'
i,'AY',s,'AY'
shall,'SH AE L',s,'AE'
be,'B IY',s,'IY'
glad,'G L AE D',s,'AE'
to,'T UW',s,'UW'
be,'B IY',s,'IY'
your,'Y AO R',s,'AO'
servant,'S ɐ R V ǝ N T',s,''
very,'V EH R IY',s,'IY'
well,'W EH L',s,''
proceed,'P R AH S IY D',s,'IY'
well,'W EH L',s,''
you,'Y UW',s,'UW'
no,'N OW',s,''
of,'AH V',s,''
satisfaction,'S AE T AH S F AE K SH AH N',s,'AE AE'
at,'AE T',s,'AE'
you,'Y UW',s,'UW'
importuned,'IH M P AO R T Y ǝ N D',s,'IH AO'
to,'T UW',s,'UW'
a,'AH',s,''
of,'AH V',s,''
what,'W AH T',s,''
was,'W AA Z',s,'AA'
your,'Y AO R',s,'AO'
then,'DH EH N',s,''
to,'T UW',s,'UW'
what,'W AH T',s,''
you,'Y UW',s,'UW'
unfolded,'ɤ N F OW L D IH D',s,'IH'
this,'DH IH S',s,'IH'
to,'T UW',s,'UW'
me,'M IY',s,'IY'
o,'OW',s,''
it,'IH T',s,'IH'
well,'W EH L',s,''
to,'T UW',s,'UW'
the,'DH AH',s,''
of,'AH V',s,''
your,'Y AO R',s,'AO'
affection,'AH F EH K SH AH N',s,''
that,'DH AE T',s,'AE'
i,'AY',s,'AY'
win,'W IH N',s,'IH'
what,'W AH T',s,''
you,'Y UW',s,'UW'
methinks,'M IH TH IH NG K S',s,'IH IH'
you,'Y UW',s,'UW'
to,'T UW',s,'UW'
very,'V EH R IY',s,'IY'
master,'M AW S T ǝ R',s,''
brook,'B R UH K',s,'UH'
i,'AY',s,'AY'
will,'W IH L',s,'IH'
bold,'B OW L D',s,''
with,'W IH DH',s,'IH'
your,'Y AO R',s,'AO'
me,'M IY',s,'IY'
your,'Y AO R',s,'AO'
and,'AH N D',s,''
last,'L AE S T',s,'AE'
as,'AE Z',s,'AE'
i,'AY',s,'AY'
am,'AE M',s,'AE'
a,'AH',s,''
gentleman,'JH EH N T AH L M AH N',s,''
you,'Y UW',s,'UW'
shall,'SH AE L',s,'AE'
if,'IH F',s,'IH'
you,'Y UW',s,'UW'
will,'W IH L',s,'IH'
i,'AY',s,'AY'
you,'Y UW',s,'UW'
shall,'SH AE L',s,'AE'
want,'W AA N T',s,'AA'
no,'N OW',s,''
mistress,'M IH S T R AH S',s,'IH'
ford,'F AO R D',s,'AO'
master,'M AW S T ǝ R',s,''
brook,'B R UH K',s,'UH'
you,'Y UW',s,'UW'
shall,'SH AE L',s,'AE'
want,'W AA N T',s,'AA'
i,'AY',s,'AY'
shall,'SH AE L',s,'AE'
be,'B IY',s,'IY'
with,'W IH DH',s,'IH'
i,'AY',s,'AY'
tell,'T EH L',s,''
you,'Y UW',s,'UW'
by,'B AY',s,'AY'
appointment,'AH P OY N T M AH N T',s,''
even,'IY V IH N',s,'IY IH'
as,'AE Z',s,'AE'
you,'Y UW',s,'UW'
in,'IH N',s,'IH'
to,'T UW',s,'UW'
me,'M IY',s,'IY'
assistant,'AH S IH S T AH N T',s,'IH'
or,'AO R',s,'AO'
parted,'P AA R T IH D',s,'AA IH'
from,'F R AH M',s,''
me,'M IY',s,'IY'
i,'AY',s,'AY'
i,'AY',s,'AY'
shall,'SH AE L',s,'AE'
be,'B IY',s,'IY'
with,'W IH DH',s,'IH'
between,'B IH T W IY N',s,'IH IY'
ten,'T EH N',s,''
and,'AH N D',s,''
eleven,'IH L EH V AH N',s,'IH'
for,'F AO R',s,'AO'
at,'AE T',s,'AE'
that,'DH AE T',s,'AE'
the,'DH AH',s,''
jealous,'JH EH L AH S',s,''
rascallly,'r AW S K L ǝ IH',s,'IH'
knve,'N EY V',s,'EY'
will,'W IH L',s,'IH'
be,'B IY',s,'IY'
forth,'F AO R TH',s,'AO'
you,'Y UW',s,'UW'
to,'T UW',s,'UW'
me,'M IY',s,'IY'
at,'AE T',s,'AE'
you,'Y UW',s,'UW'
shall,'SH AE L',s,'AE'
i,'AY',s,'AY'
speed,'S P IY D',s,'IY'
him,'HH IH M',s,'IH'
poor,'P UH R',s,'UH'
knve,'N EY V',s,'EY'
i,'AY',s,'AY'
him,'HH IH M',s,'IH'
not,'N AA T',s,'AA'
yet,'Y EH T',s,''
i,'AY',s,'AY'
him,'HH IH M',s,'IH'
to,'T UW',s,'UW'
call,'K AO L',s,'AO'
him,'HH IH M',s,'IH'
poor,'P UH R',s,'UH'
the,'DH AH',s,''
jealous,'JH EH L AH S',s,''
wittollly,'W IH T ǝ L ǝ IH',s,'IH IH'
knve,'N EY V',s,'EY'
hath,'HH AE TH',s,'AE'
masses,'M AE S AH Z',s,'AE'
of,'AH V',s,''
for,'F AO R',s,'AO'
the,'DH AH',s,''
his,'HH IH Z',s,'IH'
seems,'S IY M Z',s,'IY'
to,'T UW',s,'UW'
me,'M IY',s,'IY'
i,'AY',s,'AY'
will,'W IH L',s,'IH'
as,'AE Z',s,'AE'
the,'DH AH',s,''
of,'AH V',s,''
the,'DH AH',s,''
and,'AH N D',s,''
my,'M AY',s,'AY'
hme,'OW M',s,''
him,'HH IH M',s,'IH'
i,'AY',s,'AY'
will,'W IH L',s,'IH'
him,'HH IH M',s,'IH'
out,'AW T',s,''
of,'AH V',s,''
his,'HH IH Z',s,'IH'
wits,'W IH T S',s,'IH'
i,'AY',s,'AY'
will,'W IH L',s,'IH'
we,'AA',s,'AA'
him,'HH IH M',s,'IH'
with,'W IH DH',s,'IH'
my,'M AY',s,'AY'
cudgel,'K ɤ D ZH ǝ L',s,''
it,'IH T',s,'IH'
shall,'SH AE L',s,'AE'
a,'AH',s,''
the,'DH AH',s,''
horns,'HH AO R N Z',s,'AO'
master,'M AW S T ǝ R',s,''
brook,'B R UH K',s,'UH'
thou,'DH AW',s,''
shalt,'SH AE L T',s,'AE'
i,'AY',s,'AY'
will,'W IH L',s,'IH'
over,'OW V ǝ R',s,''
the,'DH AH',s,''
peasant,'P EH Z AH N T',s,''
and,'AH N D',s,''
thou,'DH AW',s,''
shalt,'SH AE L T',s,'AE'
with,'W IH DH',s,'IH'
his,'HH IH Z',s,'IH'
to,'T UW',s,'UW'
me,'M IY',s,'IY'
soon,'S UW N',s,'UW'
at,'AE T',s,'AE'
a,'AH',s,''
knve,'N EY V',s,'EY'
and,'AH N D',s,''
i,'AY',s,'AY'
will,'W IH L',s,'IH'
agggravte,'AE G R AH V EY T',s,'AE EY'
his,'HH IH Z',s,'IH'
thou,'DH AW',s,''
master,'M AW S T ǝ R',s,''
brook,'B R UH K',s,'UH'
shalt,'SH AE L T',s,'AE'
him,'HH IH M',s,'IH'
for,'F AO R',s,'AO'
knve,'N EY V',s,'EY'
and,'AH N D',s,''
to,'T UW',s,'UW'
me,'M IY',s,'IY'
soon,'S UW N',s,'UW'
at,'AE T',s,'AE'
i,'AY',s,'AY'
thee,'DH IY',s,'IY'
my,'M AY',s,'AY'
whhy,'ʍ ǝ IH',s,'IH'
let,'L EH T',s,''
me,'M IY',s,'IY'
for,'F AO R',s,'AO'
i,'AY',s,'AY'
this,'DH IH S',s,'IH'
is,'IH Z',s,'IH'
the,'DH AH',s,''
of,'AH V',s,''
my,'M AY',s,'AY'
ambition,'AE M B IH SH AH N',s,'AE IH'
o,'OW',s,''
this,'DH IH S',s,'IH'
mistress,'M IH S T R AH S',s,'IH'
ford,'F AO R D',s,'AO'
i,'AY',s,'AY'
cannot,'K AE N AA T',s,'AE AA'
cog,'K AO G',s,'AO'
i,'AY',s,'AY'
cannot,'K AE N AA T',s,'AE AA'
mistress,'M IH S T R AH S',s,'IH'
ford,'F AO R D',s,'AO'
shall,'SH AE L',s,'AE'
i,'AY',s,'AY'
sin,'S IH N',s,'IH'
in,'IH N',s,'IH'
my,'M AY',s,'AY'
wish,'W IH SH',s,'IH'
i,'AY',s,'AY'
wre,'W ER',s,''
dead,'D EH D',s,''
speak,'S P IY K',s,'IY'
it,'IH T',s,'IH'
the,'DH AH',s,''
best,'B EH S T',s,''
lord,'L AO R D',s,'AO'
i,'AY',s,'AY'
thee,'DH IY',s,'IY'
my,'M AY',s,'AY'
lady,'L EY D IY',s,'EY IY'
let,'L EH T',s,''
the,'DH AH',s,''
court,'K AO R T',s,'AO'
of,'AH V',s,''
me,'M IY',s,'IY'
another,'ǝ N ɤ DH ǝ R',s,''
i,'AY',s,'AY'
see,'S IY',s,'IY'
the,'DH AH',s,''
thou,'DH AW',s,''
hast,'HH AE S T',s,'AE'
the,'DH AH',s,''
arched,'AA R T SH T',s,'AA'
of,'AH V',s,''
the,'DH AH',s,''
brow,'B r ə UH',s,'UH'
that,'DH AE T',s,'AE'
the,'DH AH',s,''
the,'DH AH',s,''
or,'AO R',s,'AO'
of,'AH V',s,''
thou,'DH AW',s,''
art,'AA R T',s,'AA'
a,'AH',s,''
tyrant,'T AY R AH N T',s,'AY'
to,'T UW',s,'UW'
so,'S OW',s,''
thou,'DH AW',s,''
an,'AE N',s,'AE'
courtier,'K AO R T IY ER',s,'AO IY'
and,'AH N D',s,''
the,'DH AH',s,''
firm,'F ɐ R M',s,''
of,'AH V',s,''
foot,'F UH T',s,'UH'
an,'AE N',s,'AE'
to,'T UW',s,'UW'
gait,'G EH T',s,''
in,'IH N',s,'IH'
a,'AH',s,''
i,'AY',s,'AY'
see,'S IY',s,'IY'
what,'W AH T',s,''
thou,'DH AW',s,''
if,'IH F',s,'IH'
foe,'F OW',s,''
wre,'W ER',s,''
not,'N AA T',s,'AA'
natre,'N EY CH ER',s,'EY'
friend,'F R EH N D',s,''
thou,'DH AW',s,''
not,'N AA T',s,'AA'
it,'IH T',s,'IH'
what,'W AH T',s,''
me,'M IY',s,'IY'
thee,'DH IY',s,'IY'
let,'L EH T',s,''
that,'DH AE T',s,'AE'
thee,'DH IY',s,'IY'
in,'IH N',s,'IH'
thee,'DH IY',s,'IY'
i,'AY',s,'AY'
cannot,'K AE N AA T',s,'AE AA'
cog,'K AO G',s,'AO'
and,'AH N D',s,''
thou,'DH AW',s,''
art,'AA R T',s,'AA'
this,'DH IH S',s,'IH'
and,'AH N D',s,''
that,'DH AE T',s,'AE'
a,'AH',s,''
of,'AH V',s,''
buds,'B ɤ D Z',s,''
that,'DH AE T',s,'AE'
women,'W IH M AH N',s,'IH'
in,'IH N',s,'IH'
apparel,'AH P AE R AH L',s,'AE'
and,'AH N D',s,''
smell,'S M EH L',s,''
in,'IH N',s,'IH'
i,'AY',s,'AY'
cannot,'K AE N AA T',s,'AE AA'
but,'B AH T',s,''
i,'AY',s,'AY'
thee,'DH IY',s,'IY'
but,'B AH T',s,''
thee,'DH IY',s,'IY'
and,'AH N D',s,''
thou,'DH AW',s,''
it,'IH T',s,'IH'
thou,'DH AW',s,''
as,'AE Z',s,'AE'
well,'W EH L',s,''
i,'AY',s,'AY'
to,'T UW',s,'UW'
by,'B AY',s,'AY'
the,'DH AH',s,''
is,'IH Z',s,'IH'
as,'AE Z',s,'AE'
to,'T UW',s,'UW'
me,'M IY',s,'IY'
as,'AE Z',s,'AE'
the,'DH AH',s,''
reek,'R IY K',s,'IY'
of,'AH V',s,''
a,'AH',s,''
lime-kiln,'L ǝ IH M - ˌ K IH L',s,'IH IH'
keep,'K IY P',s,'IY'
in,'IH N',s,'IH'
that,'DH AE T',s,'AE'
it,'IH T',s,'IH'
she,'SH IY',s,'IY'
shall,'SH AE L',s,'AE'
not,'N AA T',s,'AA'
see,'S IY',s,'IY'
me,'M IY',s,'IY'
i,'AY',s,'AY'
will,'W IH L',s,'IH'
me,'M IY',s,'IY'
behind,'B IH ə IH N D',s,'IH IH'
the,'DH AH',s,''
let,'L EH T',s,''
me,'M IY',s,'IY'
see,'S IY',s,'IY'
let,'L EH T',s,''
me,'M IY',s,'IY'
see,'S IY',s,'IY'
o,'OW',s,''
let,'L EH T',s,''
me,'M IY',s,'IY'
see,'S IY',s,'IY'
in,'IH N',s,'IH'
in,'IH N',s,'IH'
your,'Y AO R',s,'AO'
in,'IH N',s,'IH'
i,'AY',s,'AY'
thee,'DH IY',s,'IY'
me,'M IY',s,'IY'
let,'L EH T',s,''
me,'M IY',s,'IY'
creep,'K R IY P',s,'IY'
in,'IH N',s,'IH'
never,'N e V ǝ R',s,''
i,'AY',s,'AY'
go,'G OW',s,''
me,'M IY',s,'IY'
a,'AH',s,''
of,'AH V',s,''
sack,'S AE K',s,'AE'
put,'P UH T',s,'UH'
a,'AH',s,''
toast,'T OW S T',s,''
in,'IH N',s,'IH'
i,'AY',s,'AY'
to,'T UW',s,'UW'
be,'B IY',s,'IY'
in,'IH N',s,'IH'
a,'AH',s,''
basket,'B AW S K IH T',s,'IH'
a,'AH',s,''
of,'AH V',s,''
and,'AH N D',s,''
to,'T UW',s,'UW'
be,'B IY',s,'IY'
in,'IH N',s,'IH'
the,'DH AH',s,''
well,'W EH L',s,''
if,'IH F',s,'IH'
i,'AY',s,'AY'
be,'B IY',s,'IY'
another,'ǝ N ɤ DH ǝ R',s,''
trick,'T R IH K',s,'IH'
my,'M AY',s,'AY'
brains,'B R EY N Z',s,'EY'
out,'AW T',s,''
and,'AH N D',s,''
and,'AH N D',s,''
them,'DH EH M',s,''
to,'T UW',s,'UW'
a,'AH',s,''
dog,'D AO G',s,'AO'
for,'F AO R',s,'AO'
a,'AH',s,''
gift,'G IH F T',s,'IH'
the,'DH AH',s,''
me,'M IY',s,'IY'
into,'IH N T UW',s,'IH UW'
the,'DH AH',s,''
river,'r IH V ǝ R',s,'IH'
with,'W IH DH',s,'IH'
as,'AE Z',s,'AE'
as,'AE Z',s,'AE'
drowned,'D r ǝ UH N IH D',s,'UH IH'
a,'AH',s,''
fifteen,'F IH F T IY N',s,'IH IY'
litter,'L IH T ǝ R',s,'IH'
and,'AH N D',s,''
you,'Y UW',s,'UW'
by,'B AY',s,'AY'
my,'M AY',s,'AY'
that,'DH AE T',s,'AE'
i,'AY',s,'AY'
a,'AH',s,''
of,'AH V',s,''
alacrity,'AH L AE K R AH T IY',s,'AE IY'
in,'IH N',s,'IH'
if,'IH F',s,'IH'
the,'DH AH',s,''
bottom,'B AA T AH M',s,'AA'
wre,'W ER',s,''
as,'AE Z',s,'AE'
deep,'D IY P',s,'IY'
as,'AE Z',s,'AE'
i,'AY',s,'AY'
down,'D ǝ UH N',s,'UH'
i,'AY',s,'AY'
had,'HH AE D',s,'AE'
been,'B IH N',s,'IH'
drowned,'D r ǝ UH N IH D',s,'UH IH'
but,'B AH T',s,''
that,'DH AE T',s,'AE'
the,'DH AH',s,''
was,'W AA Z',s,'AA'
and,'AH N D',s,''
death,'D EH TH',s,''
that,'DH AE T',s,'AE'
i,'AY',s,'AY'
for,'F AO R',s,'AO'
the,'DH AH',s,''
water,'W AA T ǝ R',s,'AA'
a,'AH',s,''
man,'M AE N',s,'AE'
and,'AH N D',s,''
what,'W AH T',s,''
a,'AH',s,''
i,'AY',s,'AY'
been,'B IH N',s,'IH'
when,'ʍ e N',s,''
i,'AY',s,'AY'
had,'HH AE D',s,'AE'
been,'B IH N',s,'IH'
by,'B AY',s,'AY'
the,'DH AH',s,''
lord,'L AO R D',s,'AO'
i,'AY',s,'AY'
been,'B IH N',s,'IH'
a,'AH',s,''
mountain,'M AW N T AH N',s,''
of,'AH V',s,''
let,'L EH T',s,''
me,'M IY',s,'IY'
pour,'P UW R',s,'UW'
in,'IH N',s,'IH'
sack,'S AE K',s,'AE'
to,'T UW',s,'UW'
the,'DH AH',s,''
water,'W AA T ǝ R',s,'AA'
for,'F AO R',s,'AO'
my,'M AY',s,'AY'
as,'AE Z',s,'AE'
cold,'K OW L D',s,''
as,'AE Z',s,'AE'
if,'IH F',s,'IH'
i,'AY',s,'AY'
had,'HH AE D',s,'AE'
for,'F AO R',s,'AO'
to,'T UW',s,'UW'
cool,'K UW L',s,'UW'
the,'DH AH',s,''
reins,'R EY N Z',s,'EY'
call,'K AO L',s,'AO'
in,'IH N',s,'IH'
go,'G OW',s,''
me,'M IY',s,'IY'
a,'AH',s,''
of,'AH V',s,''
sack,'S AE K',s,'AE'
of,'AH V',s,''
itself,'IH T S EH L F',s,'IH'
no,'N OW',s,''
in,'IH N',s,'IH'
my,'M AY',s,'AY'
mistress,'M IH S T R AH S',s,'IH'
ford,'F AO R D',s,'AO'
i,'AY',s,'AY'
had,'HH AE D',s,'AE'
ford,'F AO R D',s,'AO'
i,'AY',s,'AY'
was,'W AA Z',s,'AA'
into,'IH N T UW',s,'IH UW'
the,'DH AH',s,''
ford,'F AO R D',s,'AO'
i,'AY',s,'AY'
my,'M AY',s,'AY'
bellly,'B e L ə IH',s,'IH'
full,'F UH L',s,'UH'
of,'AH V',s,''
ford,'F AO R D',s,'AO'
so,'S OW',s,''
did,'D IH D',s,'IH'
i,'AY',s,'AY'
to,'T UW',s,'UW'
build,'B IH L D',s,'IH'
upon,'AH P AA N',s,'AA'
a,'AH',s,''
foolish,'F UW L IH SH',s,'UW IH'
well,'W EH L',s,''
i,'AY',s,'AY'
will,'W IH L',s,'IH'
visit,'V IH Z AH T',s,'IH'
tell,'T EH L',s,''
so,'S OW',s,''
and,'AH N D',s,''
bid,'B IH D',s,'IH'
think,'TH IH NG K',s,'IH'
what,'W AH T',s,''
a,'AH',s,''
man,'M AE N',s,'AE'
is,'IH Z',s,'IH'
let,'L EH T',s,''
his,'HH IH Z',s,'IH'
frailty,'F R EY L T IY',s,'EY IY'
and,'AH N D',s,''
then,'DH EH N',s,''
juge,'JH AH JH',s,''
of,'AH V',s,''
my,'M AY',s,'AY'
merit,'M EH R AH T',s,''
do,'D OW',s,''
so,'S OW',s,''
between,'B IH T W IY N',s,'IH IY'
and,'AH N D',s,''
ten,'T EH N',s,''
thou,'DH AW',s,''
well,'W EH L',s,''
be,'B IY',s,'IY'
i,'AY',s,'AY'
will,'W IH L',s,'IH'
not,'N AA T',s,'AA'
miss,'M IH S',s,'IH'
i,'AY',s,'AY'
marvel,'M AA R V ǝ L',s,'AA'
i,'AY',s,'AY'
not,'N AA T',s,'AA'
of,'AH V',s,''
master,'M AW S T ǝ R',s,''
brook,'B R UH K',s,'UH'
he,'HH IY',s,'IY'
sent,'S EH N T',s,''
me,'M IY',s,'IY'
to,'T UW',s,'UW'
within,'W IH DH IH N',s,'IH IH'
i,'AY',s,'AY'
his,'HH IH Z',s,'IH'
well,'W EH L',s,''
o,'OW',s,''
he,'HH IY',s,'IY'
master,'M AW S T ǝ R',s,''
brook,'B R UH K',s,'UH'
you,'Y UW',s,'UW'
to,'T UW',s,'UW'
what,'W AH T',s,''
hath,'HH AE TH',s,'AE'
passed,'P AW S IH D',s,'IH'
between,'B IH T W IY N',s,'IH IY'
me,'M IY',s,'IY'
and,'AH N D',s,''
master,'M AW S T ǝ R',s,''
brook,'B R UH K',s,'UH'
i,'AY',s,'AY'
will,'W IH L',s,'IH'
not,'N AA T',s,'AA'
to,'T UW',s,'UW'
you,'Y UW',s,'UW'
i,'AY',s,'AY'
was,'W AA Z',s,'AA'
at,'AE T',s,'AE'
the,'DH AH',s,''
she,'SH IY',s,'IY'
appointed,'P ǝ IH N T IH D',s,'IH IH'
me,'M IY',s,'IY'
very,'V EH R IY',s,'IY'
master,'M AW S T ǝ R',s,''
brook,'B R UH K',s,'UH'
no,'N OW',s,''
master,'M AW S T ǝ R',s,''
brook,'B R UH K',s,'UH'
but,'B AH T',s,''
the,'DH AH',s,''
master,'M AW S T ǝ R',s,''
brook,'B R UH K',s,'UH'
in,'IH N',s,'IH'
a,'AH',s,''
of,'AH V',s,''
me,'M IY',s,'IY'
in,'IH N',s,'IH'
the,'DH AH',s,''
instant,'IH N S T AH N T',s,'IH'
of,'AH V',s,''
our,'OW R',s,''
after,'AW F T ǝ R',s,''
we,'W IY',s,'IY'
had,'HH AE D',s,'AE'
protested,'P R AH T EH S T AH D',s,''
and,'AH N D',s,''
as,'AE Z',s,'AE'
it,'IH T',s,'IH'
wre,'W ER',s,''
the,'DH AH',s,''
of,'AH V',s,''
our,'OW R',s,''
and,'AH N D',s,''
at,'AE T',s,'AE'
his,'HH IH Z',s,'IH'
a,'AH',s,''
of,'AH V',s,''
his,'HH IH Z',s,'IH'
and,'AH N D',s,''
by,'B AY',s,'AY'
his,'HH IH Z',s,'IH'
and,'AH N D',s,''
forsooth,'F ǝ R S UW TH',s,'UW'
to,'T UW',s,'UW'
his,'HH IH Z',s,'IH'
for,'F AO R',s,'AO'
his,'HH IH Z',s,'IH'
i,'AY',s,'AY'
was,'W AA Z',s,'AA'
you,'Y UW',s,'UW'
shall,'SH AE L',s,'AE'
as,'AE Z',s,'AE'
good,'G UH D',s,'UH'
luck,'L ɤ K',s,''
it,'IH T',s,'IH'
in,'IH N',s,'IH'
mistress,'M IH S T R AH S',s,'IH'
of,'AH V',s,''
appproach,'ǝ P r OW T SH',s,''
and,'AH N D',s,''
in,'IH N',s,'IH'
and,'AH N D',s,''
me,'M IY',s,'IY'
into,'IH N T UW',s,'IH UW'
a,'AH',s,''
buckk-basket,'B ɤ K - ˌ B AW S K IH T',s,'IH'
by,'B AY',s,'AY'
the,'DH AH',s,''
lord,'L AO R D',s,'AO'
a,'AH',s,''
buckk-basket,'B ɤ K - ˌ B AW S K IH T',s,'IH'
me,'M IY',s,'IY'
in,'IH N',s,'IH'
with,'W IH DH',s,'IH'
and,'AH N D',s,''
greasy,'G R IY S IY',s,'IY IY'
napkins,'N AE P K IH N Z',s,'AE IH'
that,'DH AE T',s,'AE'
master,'M AW S T ǝ R',s,''
brook,'B R UH K',s,'UH'
was,'W AA Z',s,'AA'
the,'DH AH',s,''
compound,'K AA M P AW N D',s,'AA'
of,'AH V',s,''
villainous,'V IH L AH N AH S',s,'IH'
smell,'S M EH L',s,''
that,'DH AE T',s,'AE'
offended,'AH F EH N D AH D',s,''
nostril,'N AA S T R IH L',s,'AA IH'
you,'Y UW',s,'UW'
shall,'SH AE L',s,'AE'
master,'M AW S T ǝ R',s,''
brook,'B R UH K',s,'UH'
what,'W AH T',s,''
i,'AY',s,'AY'
to,'T UW',s,'UW'
this,'DH IH S',s,'IH'
woman,'W UH M AH N',s,'UH'
to,'T UW',s,'UW'
evil,'e V IH L',s,'IH'
for,'F AO R',s,'AO'
your,'Y AO R',s,'AO'
good,'G UH D',s,'UH'
being,'B IY IH NG',s,'IY IH'
thus,'DH ɤ S',s,''
in,'IH N',s,'IH'
the,'DH AH',s,''
basket,'B AW S K IH T',s,'IH'
a,'AH',s,''
of,'AH V',s,''
his,'HH IH Z',s,'IH'
hinds,'ǝ IH N D Z',s,'IH'
wre,'W ER',s,''
forth,'F AO R TH',s,'AO'
by,'B AY',s,'AY'
their,'DH EH R',s,''
mistress,'M IH S T R AH S',s,'IH'
to,'T UW',s,'UW'
carrry,'K AW r ǝ IH',s,'IH'
me,'M IY',s,'IY'
in,'IH N',s,'IH'
the,'DH AH',s,''
of,'AH V',s,''
to,'T UW',s,'UW'
took,'T UH K',s,'UH'
me,'M IY',s,'IY'
on,'AA N',s,'AA'
their,'DH EH R',s,''
met,'M EH T',s,''
the,'DH AH',s,''
jealous,'JH EH L AH S',s,''
knve,'N EY V',s,'EY'
their,'DH EH R',s,''
master,'M AW S T ǝ R',s,''
in,'IH N',s,'IH'
the,'DH AH',s,''
door,'D AO R',s,'AO'
who,'HH UW',s,'UW'
them,'DH EH M',s,''
or,'AO R',s,'AO'
what,'W AH T',s,''
had,'HH AE D',s,'AE'
in,'IH N',s,'IH'
their,'DH EH R',s,''
basket,'B AW S K IH T',s,'IH'
i,'AY',s,'AY'
for,'F AO R',s,'AO'
fear,'F IY R',s,'IY'
lest,'L EH S T',s,''
the,'DH AH',s,''
lunatic,'L UW N AH T IH K',s,'UW IH'
knve,'N EY V',s,'EY'
searched,'S ɐ R T SH T',s,''
it,'IH T',s,'IH'
but,'B AH T',s,''
he,'HH IY',s,'IY'
be,'B IY',s,'IY'
a,'AH',s,''
held,'HH EH L D',s,''
his,'HH IH Z',s,'IH'
well,'W EH L',s,''
on,'AA N',s,'AA'
went,'W EH N T',s,''
he,'HH IY',s,'IY'
for,'F AO R',s,'AO'
a,'AH',s,''
and,'AH N D',s,''
went,'W EH N T',s,''
i,'AY',s,'AY'
for,'F AO R',s,'AO'
but,'B AH T',s,''
mark,'M AA R K',s,'AA'
the,'DH AH',s,''
master,'M AW S T ǝ R',s,''
brook,'B R UH K',s,'UH'
i,'AY',s,'AY'
the,'DH AH',s,''
of,'AH V',s,''
an,'AE N',s,'AE'
to,'T UW',s,'UW'
be,'B IY',s,'IY'
detected,'D IH T EH K T AH D',s,'IH'
with,'W IH DH',s,'IH'
a,'AH',s,''
jealous,'JH EH L AH S',s,''
rotten,'R AA T AH N',s,'AA'
to,'T UW',s,'UW'
be,'B IY',s,'IY'
a,'AH',s,''
good,'G UH D',s,'UH'
bilbo,'B IH L B OW',s,'IH'
in,'IH N',s,'IH'
the,'DH AH',s,''
of,'AH V',s,''
a,'AH',s,''
peck,'P EH K',s,''
to,'T UW',s,'UW'
to,'T UW',s,'UW'
and,'AH N D',s,''
then,'DH EH N',s,''
to,'T UW',s,'UW'
be,'B IY',s,'IY'
in,'IH N',s,'IH'
a,'AH',s,''
with,'W IH DH',s,'IH'
that,'DH AE T',s,'AE'
fretted,'F R EH T IH D',s,'IH'
in,'IH N',s,'IH'
their,'DH EH R',s,''
think,'TH IH NG K',s,'IH'
of,'AH V',s,''
that,'DH AE T',s,'AE'
a,'AH',s,''
man,'M AE N',s,'AE'
of,'AH V',s,''
my,'M AY',s,'AY'
of,'AH V',s,''
am,'AE M',s,'AE'
as,'AE Z',s,'AE'
subject,'S AH B JH EH K T',s,''
to,'T UW',s,'UW'
as,'AE Z',s,'AE'
butter,'B ɤ T ə R',s,''
a,'AH',s,''
man,'M AE N',s,'AE'
of,'AH V',s,''
and,'AH N D',s,''
it,'IH T',s,'IH'
was,'W AA Z',s,'AA'
a,'AH',s,''
to,'T UW',s,'UW'
and,'AH N D',s,''
in,'IH N',s,'IH'
the,'DH AH',s,''
of,'AH V',s,''
this,'DH IH S',s,'IH'
bath,'B AW TH',s,''
when,'ʍ e N',s,''
i,'AY',s,'AY'
was,'W AA Z',s,'AA'
than,'DH AE N',s,'AE'
in,'IH N',s,'IH'
a,'AH',s,''
dish,'D IH SH',s,'IH'
to,'T UW',s,'UW'
be,'B IY',s,'IY'
into,'IH N T UW',s,'IH UW'
the,'DH AH',s,''
and,'AH N D',s,''
hot,'HH AA T',s,'AA'
in,'IH N',s,'IH'
that,'DH AE T',s,'AE'
a,'AH',s,''
think,'TH IH NG K',s,'IH'
of,'AH V',s,''
of,'AH V',s,''
that,'DH AE T',s,'AE'
master,'M AW S T ǝ R',s,''
brook,'B R UH K',s,'UH'
master,'M AW S T ǝ R',s,''
brook,'B R UH K',s,'UH'
i,'AY',s,'AY'
will,'W IH L',s,'IH'
be,'B IY',s,'IY'
into,'IH N T UW',s,'IH UW'
etna,'EH T N AH',s,''
as,'AE Z',s,'AE'
i,'AY',s,'AY'
been,'B IH N',s,'IH'
into,'IH N T UW',s,'IH UW'
i,'AY',s,'AY'
will,'W IH L',s,'IH'
thus,'DH ɤ S',s,''
is,'IH Z',s,'IH'
this,'DH IH S',s,'IH'
i,'AY',s,'AY'
from,'F R AH M',s,''
another,'ǝ N ɤ DH ǝ R',s,''
of,'AH V',s,''
and,'AH N D',s,''
is,'IH Z',s,'IH'
the,'DH AH',s,''
master,'M AW S T ǝ R',s,''
brook,'B R UH K',s,'UH'
is,'IH Z',s,'IH'
it,'IH T',s,'IH'
i,'AY',s,'AY'
will,'W IH L',s,'IH'
then,'DH EH N',s,''
me,'M IY',s,'IY'
to,'T UW',s,'UW'
my,'M AY',s,'AY'
appointment,'AH P OY N T M AH N T',s,''
to,'T UW',s,'UW'
me,'M IY',s,'IY'
at,'AE T',s,'AE'
your,'Y AO R',s,'AO'
and,'AH N D',s,''
you,'Y UW',s,'UW'
shall,'SH AE L',s,'AE'
i,'AY',s,'AY'
speed,'S P IY D',s,'IY'
and,'AH N D',s,''
the,'DH AH',s,''
conclusion,'K AH N K L UW ZH AH N',s,'UW'
shall,'SH AE L',s,'AE'
be,'B IY',s,'IY'
with,'W IH DH',s,'IH'
your,'Y AO R',s,'AO'
enjoying,'e N D ZH ǝ IH IH N',s,'IH IH'
adieu,'AH D UW',s,'UW'
you,'Y UW',s,'UW'
shall,'SH AE L',s,'AE'
master,'M AW S T ǝ R',s,''
brook,'B R UH K',s,'UH'
master,'M AW S T ǝ R',s,''
brook,'B R UH K',s,'UH'
you,'Y UW',s,'UW'
shall,'SH AE L',s,'AE'
ford,'F AO R D',s,'AO'
mistress,'M IH S T R AH S',s,'IH'
ford,'F AO R D',s,'AO'
your,'Y AO R',s,'AO'
hath,'HH AE TH',s,'AE'
eaten,'e T ǝ N',s,''
up,'AH P',s,''
my,'M AY',s,'AY'
i,'AY',s,'AY'
see,'S IY',s,'IY'
you,'Y UW',s,'UW'
in,'IH N',s,'IH'
your,'Y AO R',s,'AO'
and,'AH N D',s,''
i,'AY',s,'AY'
profess,'P R AH F EH S',s,''
to,'T UW',s,'UW'
a,'AH',s,''
breadth,'B R EH D TH',s,''
not,'N AA T',s,'AA'
only,'OW N L IY',s,'IY'
mistress,'M IH S T R AH S',s,'IH'
ford,'F AO R D',s,'AO'
in,'IH N',s,'IH'
the,'DH AH',s,''
of,'AH V',s,''
but,'B AH T',s,''
in,'IH N',s,'IH'
all,'AA L',s,'AA'
the,'DH AH',s,''
compliment,'K AA M P L AH M EH N T',s,'AA'
and,'AH N D',s,''
of,'AH V',s,''
it,'IH T',s,'IH'
but,'B AH T',s,''
you,'Y UW',s,'UW'
of,'AH V',s,''
your,'Y AO R',s,'AO'
no,'N OW',s,''
no,'N OW',s,''
basket,'B AW S K IH T',s,'IH'
i,'AY',s,'AY'
not,'N AA T',s,'AA'
go,'G OW',s,''
out,'AW T',s,''
he,'HH IY',s,'IY'
what,'W AH T',s,''
shall,'SH AE L',s,'AE'
i,'AY',s,'AY'
do,'D OW',s,''
creep,'K R IY P',s,'IY'
up,'AH P',s,''
into,'IH N T UW',s,'IH UW'
the,'DH AH',s,''
is,'IH Z',s,'IH'
it,'IH T',s,'IH'
go,'G OW',s,''
out,'AW T',s,''
then,'DH EH N',s,''
good,'G UH D',s,'UH'
hearts,'HH AA R T S',s,'AA'
than,'DH AE N',s,'AE'
a,'AH',s,''
miscchief,'M IH S CH AH F',s,'IH'
was,'W AA Z',s,'AA'
an,'AE N',s,'AE'
old,'OW L D',s,''
fat,'F AE T',s,'AE'
woman,'W UH M AH N',s,'UH'
even,'IY V IH N',s,'IY IH'
with,'W IH DH',s,'IH'
me,'M IY',s,'IY'
but,'B AH T',s,''
marrry,'M AW r ǝ IH',s,'IH'
was,'W AA Z',s,'AA'
it,'IH T',s,'IH'
what,'W AH T',s,''
you,'Y UW',s,'UW'
with,'W IH DH',s,'IH'
i,'AY',s,'AY'
with,'W IH DH',s,'IH'
the,'DH AH',s,''
old,'OW L D',s,''
woman,'W UH M AH N',s,'UH'
it,'IH T',s,'IH'
marrry,'M AW r ǝ IH',s,'IH'
she,'SH IY',s,'IY'
that,'DH AE T',s,'AE'
the,'DH AH',s,''
very,'V EH R IY',s,'IY'
man,'M AE N',s,'AE'
that,'DH AE T',s,'AE'
master,'M AW S T ǝ R',s,''
slender,'S L e N D ǝ R',s,''
of,'AH V',s,''
his,'HH IH Z',s,'IH'
him,'HH IH M',s,'IH'
of,'AH V',s,''
it,'IH T',s,'IH'
what,'W AH T',s,''
let,'L EH T',s,''
us,'AH S',s,''
his,'HH IH Z',s,'IH'
to,'T UW',s,'UW'
or,'AO R',s,'AO'
no,'N OW',s,''
go,'G OW',s,''
the,'DH AH',s,''
woman,'W UH M AH N',s,'UH'
told,'T OW L D',s,''
me,'M IY',s,'IY'
so,'S OW',s,''
who,'HH UW',s,'UW'
bold,'B OW L D',s,''
that,'DH AE T',s,'AE'
was,'W AA Z',s,'AA'
that,'DH AE T',s,'AE'
hath,'HH AE TH',s,'AE'
me,'M IY',s,'IY'
wit,'W IH T',s,'IH'
than,'DH AE N',s,'AE'
i,'AY',s,'AY'
in,'IH N',s,'IH'
my,'M AY',s,'AY'
and,'AH N D',s,''
i,'AY',s,'AY'
paid,'P EY D',s,'EY'
for,'F AO R',s,'AO'
it,'IH T',s,'IH'
neither,'N EH DH ǝ R',s,''
but,'B AH T',s,''
was,'W AA Z',s,'AA'
paid,'P EY D',s,'EY'
for,'F AO R',s,'AO'
my,'M AY',s,'AY'
i,'AY',s,'AY'
all,'AA L',s,'AA'
the,'DH AH',s,''
be,'B IY',s,'IY'
for,'F AO R',s,'AO'
i,'AY',s,'AY'
been,'B IH N',s,'IH'
and,'AH N D',s,''
beaten,'B IY T ə N',s,'IY'
too,'T UW',s,'UW'
if,'IH F',s,'IH'
it,'IH T',s,'IH'
to,'T UW',s,'UW'
the,'DH AH',s,''
ear,'IY R',s,'IY'
of,'AH V',s,''
the,'DH AH',s,''
court,'K AO R T',s,'AO'
i,'AY',s,'AY'
been,'B IH N',s,'IH'
and,'AH N D',s,''
my,'M AY',s,'AY'
hath,'HH AE TH',s,'AE'
been,'B IH N',s,'IH'
and,'AH N D',s,''
melt,'M EH L T',s,''
me,'M IY',s,'IY'
out,'AW T',s,''
of,'AH V',s,''
my,'M AY',s,'AY'
fat,'F AE T',s,'AE'
drop,'D R AA P',s,'AA'
by,'B AY',s,'AY'
drop,'D R AA P',s,'AA'
and,'AH N D',s,''
liquor,'L IH K ǝ R',s,'IH'
boots,'B UW T S',s,'UW'
with,'W IH DH',s,'IH'
me,'M IY',s,'IY'
i,'AY',s,'AY'
warrant,'W AA r ǝ N T',s,'AA'
whip,'ʍ IH P',s,'IH'
me,'M IY',s,'IY'
with,'W IH DH',s,'IH'
their,'DH EH R',s,''
wits,'W IH T S',s,'IH'
till,'T IH L',s,'IH'
i,'AY',s,'AY'
wre,'W ER',s,''
as,'AE Z',s,'AE'
as,'AE Z',s,'AE'
a,'AH',s,''
dried,'D R AY D',s,'AY'
pear,'P EH R',s,''
i,'AY',s,'AY'
never,'N e V ǝ R',s,''
i,'AY',s,'AY'
myself,'M AY S EH L F',s,'AY'
at,'AE T',s,'AE'
well,'W EH L',s,''
if,'IH F',s,'IH'
my,'M AY',s,'AY'
wre,'W ER',s,''
but,'B AH T',s,''
i,'AY',s,'AY'
repent,'R IH P EH N T',s,'IH'
you,'Y UW',s,'UW'
the,'DH AH',s,''
devil,'D IH V ǝ L',s,'IH'
party,'P AA R T IY',s,'AA IY'
and,'AH N D',s,''
his,'HH IH Z',s,'IH'
dam,'D AE M',s,'AE'
the,'DH AH',s,''
and,'AH N D',s,''
so,'S OW',s,''
shall,'SH AE L',s,'AE'
be,'B IY',s,'IY'
both,'B OW TH',s,''
i,'AY',s,'AY'
for,'F AO R',s,'AO'
their,'DH EH R',s,''
than,'DH AE N',s,'AE'
the,'DH AH',s,''
villainous,'V IH L AH N AH S',s,'IH'
of,'AH V',s,''
disposition,'D IH S P AH Z IH SH AH N',s,'IH IH'
is,'IH Z',s,'IH'
to,'T UW',s,'UW'
bear,'B EH R',s,''
what,'W AH T',s,''
thou,'DH AW',s,''
me,'M IY',s,'IY'
of,'AH V',s,''
black,'B L AE K',s,'AE'
and,'AH N D',s,''
blue,'B L UW',s,'UW'
i,'AY',s,'AY'
was,'W AA Z',s,'AA'
beaten,'B IY T ə N',s,'IY'
myself,'M AY S EH L F',s,'AY'
into,'IH N T UW',s,'IH UW'
all,'AA L',s,'AA'
the,'DH AH',s,''
of,'AH V',s,''
the,'DH AH',s,''
and,'AH N D',s,''
i,'AY',s,'AY'
was,'W AA Z',s,'AA'
to,'T UW',s,'UW'
be,'B IY',s,'IY'
for,'F AO R',s,'AO'
the,'DH AH',s,''
of,'AH V',s,''
but,'B AH T',s,''
that,'DH AE T',s,'AE'
my,'M AY',s,'AY'
of,'AH V',s,''
wit,'W IH T',s,'IH'
my,'M AY',s,'AY'
the,'DH AH',s,''
action,'AE K SH AH N',s,'AE'
of,'AH V',s,''
an,'AE N',s,'AE'
old,'OW L D',s,''
woman,'W UH M AH N',s,'UH'
me,'M IY',s,'IY'
the,'DH AH',s,''
knve,'N EY V',s,'EY'
had,'HH AE D',s,'AE'
set,'S EH T',s,''
me,'M IY',s,'IY'
common,'K AA M AH N',s,'AA'
for,'F AO R',s,'AO'
a,'AH',s,''
up,'AH P',s,''
into,'IH N T UW',s,'IH UW'
my,'M AY',s,'AY'
prithee,'P r e DH IY',s,'IY'
no,'N OW',s,''
go,'G OW',s,''
this,'DH IH S',s,'IH'
is,'IH Z',s,'IH'
the,'DH AH',s,''
i,'AY',s,'AY'
good,'G UH D',s,'UH'
luck,'L ɤ K',s,''
in,'IH N',s,'IH'
odd,'AA D',s,'AA'
go,'G OW',s,''
is,'IH Z',s,'IH'
divinity,'D IH V IH N AH T IY',s,'IH IH IY'
in,'IH N',s,'IH'
odd,'AA D',s,'AA'
either,'EH DH ǝ R',s,''
in,'IH N',s,'IH'
nativity,'N AH T IH V AH T IY',s,'IH IY'
or,'AO R',s,'AO'
death,'D EH TH',s,''
i,'AY',s,'AY'
wears,'W EH R Z',s,''
up,'AH P',s,''
your,'Y AO R',s,'AO'
and,'AH N D',s,''
master,'M AW S T ǝ R',s,''
brook,'B R UH K',s,'UH'
master,'M AW S T ǝ R',s,''
brook,'B R UH K',s,'UH'
the,'DH AH',s,''
matter,'M AW T ǝ R',s,''
will,'W IH L',s,'IH'
be,'B IY',s,'IY'
or,'AO R',s,'AO'
never,'N e V ǝ R',s,''
be,'B IY',s,'IY'
you,'Y UW',s,'UW'
in,'IH N',s,'IH'
the,'DH AH',s,''
park,'P AA R K',s,'AA'
at,'AE T',s,'AE'
oak,'OW K',s,''
and,'AH N D',s,''
you,'Y UW',s,'UW'
shall,'SH AE L',s,'AE'
see,'S IY',s,'IY'
wonders,'W ɤ N D ǝ R Z',s,''
i,'AY',s,'AY'
went,'W EH N T',s,''
to,'T UW',s,'UW'
master,'M AW S T ǝ R',s,''
brook,'B R UH K',s,'UH'
as,'AE Z',s,'AE'
you,'Y UW',s,'UW'
see,'S IY',s,'IY'
a,'AH',s,''
poor,'P UH R',s,'UH'
old,'OW L D',s,''
man,'M AE N',s,'AE'
but,'B AH T',s,''
i,'AY',s,'AY'
from,'F R AH M',s,''
master,'M AW S T ǝ R',s,''
brook,'B R UH K',s,'UH'
a,'AH',s,''
poor,'P UH R',s,'UH'
old,'OW L D',s,''
woman,'W UH M AH N',s,'UH'
that,'DH AE T',s,'AE'
knve,'N EY V',s,'EY'
ford,'F AO R D',s,'AO'
hath,'HH AE TH',s,'AE'
the,'DH AH',s,''
finest,'F AY N AH S T',s,'AY'
mad,'M AE D',s,'AE'
devil,'D IH V ǝ L',s,'IH'
of,'AH V',s,''
in,'IH N',s,'IH'
him,'HH IH M',s,'IH'
master,'M AW S T ǝ R',s,''
brook,'B R UH K',s,'UH'
that,'DH AE T',s,'AE'
i,'AY',s,'AY'
will,'W IH L',s,'IH'
tell,'T EH L',s,''
you,'Y UW',s,'UW'
he,'HH IY',s,'IY'
beat,'B IY T',s,'IY'
me,'M IY',s,'IY'
in,'IH N',s,'IH'
the,'DH AH',s,''
of,'AH V',s,''
a,'AH',s,''
woman,'W UH M AH N',s,'UH'
for,'F AO R',s,'AO'
in,'IH N',s,'IH'
the,'DH AH',s,''
of,'AH V',s,''
man,'M AE N',s,'AE'
master,'M AW S T ǝ R',s,''
brook,'B R UH K',s,'UH'
i,'AY',s,'AY'
fear,'F IY R',s,'IY'
not,'N AA T',s,'AA'
with,'W IH DH',s,'IH'
a,'AH',s,''
beam,'B IY M',s,'IY'
i,'AY',s,'AY'
also,'AO L S OW',s,'AO'
is,'IH Z',s,'IH'
a,'AH',s,''
shuttle,'SH ɤ T L',s,''
i,'AY',s,'AY'
am,'AE M',s,'AE'
in,'IH N',s,'IH'
hate,'AW S T',s,''
go,'G OW',s,''
with,'W IH DH',s,'IH'
me,'M IY',s,'IY'
tell,'T EH L',s,''
you,'Y UW',s,'UW'
all,'AA L',s,'AA'
master,'M AW S T ǝ R',s,''
brook,'B R UH K',s,'UH'
i,'AY',s,'AY'
and,'AH N D',s,''
top,'T AA P',s,'AA'
i,'AY',s,'AY'
not,'N AA T',s,'AA'
what,'W AH T',s,''
to,'T UW',s,'UW'
be,'B IY',s,'IY'
beaten,'B IY T ə N',s,'IY'
till,'T IH L',s,'IH'
lately,'L EH T L ǝ IH',s,'IH'
me,'M IY',s,'IY'
tell,'T EH L',s,''
you,'Y UW',s,'UW'
of,'AH V',s,''
this,'DH IH S',s,'IH'
knve,'N EY V',s,'EY'
ford,'F AO R D',s,'AO'
on,'AA N',s,'AA'
whom,'HH UW M',s,'UW'
i,'AY',s,'AY'
will,'W IH L',s,'IH'
be,'B IY',s,'IY'
and,'AH N D',s,''
i,'AY',s,'AY'
will,'W IH L',s,'IH'
deliver,'D IH L IH V ǝ R',s,'IH IH'
his,'HH IH Z',s,'IH'
into,'IH N T UW',s,'IH UW'
your,'Y AO R',s,'AO'
in,'IH N',s,'IH'
master,'M AW S T ǝ R',s,''
brook,'B R UH K',s,'UH'
the,'DH AH',s,''
bell,'B EH L',s,''
hath,'HH AE TH',s,'AE'
the,'DH AH',s,''
on,'AA N',s,'AA'
the,'DH AH',s,''
gods,'G AA D Z',s,'AA'
assist,'AH S IH S T',s,'IH'
me,'M IY',s,'IY'
thou,'DH AW',s,''
a,'AH',s,''
bull,'B UH L',s,'UH'
for,'F AO R',s,'AO'
set,'S EH T',s,''
on,'AA N',s,'AA'
horns,'HH AO R N Z',s,'AO'
o,'OW',s,''
that,'DH AE T',s,'AE'
in,'IH N',s,'IH'
a,'AH',s,''
beast,'B e S T',s,''
a,'AH',s,''
man,'M AE N',s,'AE'
in,'IH N',s,'IH'
a,'AH',s,''
man,'M AE N',s,'AE'
a,'AH',s,''
beast,'B e S T',s,''
you,'Y UW',s,'UW'
wre,'W ER',s,''
also,'AO L S OW',s,'AO'
a,'AH',s,''
swan,'S W AA N',s,'AA'
for,'F AO R',s,'AO'
the,'DH AH',s,''
of,'AH V',s,''
leda,'L IY D ǝ',s,'IY'
o,'OW',s,''
omnipotent,'AA M N IH P AH T AH N T',s,'AA IH'
near,'N IY R',s,'IY'
the,'DH AH',s,''
god,'G AA D',s,'AA'
to,'T UW',s,'UW'
the,'DH AH',s,''
of,'AH V',s,''
a,'AH',s,''
a,'AH',s,''
fault,'F AO L T',s,'AO'
in,'IH N',s,'IH'
the,'DH AH',s,''
form,'F AO R M',s,'AO'
of,'AH V',s,''
a,'AH',s,''
beast,'B e S T',s,''
o,'OW',s,''
a,'AH',s,''
fault,'F AO L T',s,'AO'
and,'AH N D',s,''
then,'DH EH N',s,''
another,'ǝ N ɤ DH ǝ R',s,''
fault,'F AO L T',s,'AO'
in,'IH N',s,'IH'
the,'DH AH',s,''
of,'AH V',s,''
a,'AH',s,''
think,'TH IH NG K',s,'IH'
on,'AA N',s,'AA'
a,'AH',s,''
fault,'F AO L T',s,'AO'
when,'ʍ e N',s,''
gods,'G AA D Z',s,'AA'
hot,'HH AA T',s,'AA'
what,'W AH T',s,''
shall,'SH AE L',s,'AE'
poor,'P UH R',s,'UH'
men,'M EH N',s,''
do,'D OW',s,''
for,'F AO R',s,'AO'
me,'M IY',s,'IY'
i,'AY',s,'AY'
am,'AE M',s,'AE'
a,'AH',s,''
stag,'S T AE G',s,'AE'
and,'AH N D',s,''
the,'DH AH',s,''
fattest,'F AE T AH S T',s,'AE'
i,'AY',s,'AY'
think,'TH IH NG K',s,'IH'
forest,'F AO R AH S T',s,'AO'
send,'S EH N D',s,''
me,'M IY',s,'IY'
a,'AH',s,''
cool,'K UW L',s,'UW'
or,'AO R',s,'AO'
who,'HH UW',s,'UW'
can,'K AE N',s,'AE'
me,'M IY',s,'IY'
to,'T UW',s,'UW'
piss,'P IH S',s,'IH'
my,'M AY',s,'AY'
who,'HH UW',s,'UW'
my,'M AY',s,'AY'
doe,'D OW',s,''
my,'M AY',s,'AY'
doe,'D OW',s,''
with,'W IH DH',s,'IH'
the,'DH AH',s,''
black,'B L AE K',s,'AE'
let,'L EH T',s,''
the,'DH AH',s,''
sky,'S K AY',s,'AY'
rain,'r EH N',s,''
potatoes,'P AH T EY T OW Z',s,'EY'
let,'L EH T',s,''
it,'IH T',s,'IH'
to,'T UW',s,'UW'
the,'DH AH',s,''
of,'AH V',s,''
hail,'HH EY L',s,'EY'
and,'AH N D',s,''
eryngoes,'IH r IH NG G OW Z',s,'IH IH'
let,'L EH T',s,''
a,'AH',s,''
tempest,'T EH M P AH S T',s,''
of,'AH V',s,''
i,'AY',s,'AY'
will,'W IH L',s,'IH'
shelter,'SH e L T ǝ R',s,''
me,'M IY',s,'IY'
me,'M IY',s,'IY'
a,'AH',s,''
bribed,'B r ə IH B D',s,'IH'
buck,'B AH K',s,''
each,'IY CH',s,'IY'
a,'AH',s,''
i,'AY',s,'AY'
will,'W IH L',s,'IH'
keep,'K IY P',s,'IY'
my,'M AY',s,'AY'
to,'T UW',s,'UW'
myself,'M AY S EH L F',s,'AY'
my,'M AY',s,'AY'
for,'F AO R',s,'AO'
the,'DH AH',s,''
of,'AH V',s,''
this,'DH IH S',s,'IH'
and,'AH N D',s,''
my,'M AY',s,'AY'
horns,'HH AO R N Z',s,'AO'
i,'AY',s,'AY'
your,'Y AO R',s,'AO'
husbands,'HH AH Z B AH N D Z',s,''
am,'AE M',s,'AE'
i,'AY',s,'AY'
a,'AH',s,''
woodman,'W UH D M AH N',s,'UH'
speak,'S P IY K',s,'IY'
i,'AY',s,'AY'
hene,'HH ER N',s,''
the,'DH AH',s,''
whhy,'ʍ ǝ IH',s,'IH'
is,'IH Z',s,'IH'
a,'AH',s,''
child,'CH AY L D',s,'AY'
of,'AH V',s,''
he,'HH IY',s,'IY'
restitution,'R EH S T IH T UW SH AH N',s,'IH UW'
as,'AE Z',s,'AE'
i,'AY',s,'AY'
am,'AE M',s,'AE'
a,'AH',s,''
true,'T R UW',s,'UW'
spirit,'S P IH R AH T',s,'IH'
what,'W AH T',s,''
this,'DH IH S',s,'IH'
be,'B IY',s,'IY'
i,'AY',s,'AY'
think,'TH IH NG K',s,'IH'
the,'DH AH',s,''
devil,'D IH V ǝ L',s,'IH'
will,'W IH L',s,'IH'
not,'N AA T',s,'AA'
me,'M IY',s,'IY'
lest,'L EH S T',s,''
the,'DH AH',s,''
in,'IH N',s,'IH'
me,'M IY',s,'IY'
set,'S EH T',s,''
on,'AA N',s,'AA'
he,'HH IY',s,'IY'
never,'N e V ǝ R',s,''
cross,'K R AO S',s,'AO'
me,'M IY',s,'IY'
thus,'DH ɤ S',s,''
fairies,'F EH R IY Z',s,'IY'
he,'HH IY',s,'IY'
that,'DH AE T',s,'AE'
speaks,'S P IY K S',s,'IY'
to,'T UW',s,'UW'
them,'DH EH M',s,''
shall,'SH AE L',s,'AE'
wink,'W IH NG K',s,'IH'
and,'AH N D',s,''
no,'N OW',s,''
man,'M AE N',s,'AE'
their,'DH EH R',s,''
works,'W AO R K S',s,'AO'
must,'M AH S T',s,''
heavens,'HH EH V AH N Z',s,''
defend,'D IH F EH N D',s,'IH'
me,'M IY',s,'IY'
from,'F R AH M',s,''
that,'DH AE T',s,'AE'
welsh,'W EH L CH',s,''
fairy,'F EH R IY',s,'IY'
lest,'L EH S T',s,''
he,'HH IY',s,'IY'
transform,'T r AW N S F AO R M',s,'AO'
me,'M IY',s,'IY'
to,'T UW',s,'UW'
a,'AH',s,''
of,'AH V',s,''
o,'OW',s,''
o,'OW',s,''
o,'OW',s,''
i,'AY',s,'AY'
do,'D OW',s,''
begin,'B IH G IH N',s,'IH IH'
to,'T UW',s,'UW'
percve,'P ER S IY V',s,'IY'
that,'DH AE T',s,'AE'
i,'AY',s,'AY'
am,'AE M',s,'AE'
an,'AE N',s,'AE'
ass,'AE S',s,'AE'
and,'AH N D',s,''
not,'N AA T',s,'AA'
fairies,'F EH R IY Z',s,'IY'
i,'AY',s,'AY'
was,'W AA Z',s,'AA'
or,'AO R',s,'AO'
four,'F AO R',s,'AO'
in,'IH N',s,'IH'
the,'DH AH',s,''
wre,'W ER',s,''
not,'N AA T',s,'AA'
fairies,'F EH R IY Z',s,'IY'
and,'AH N D',s,''
yet,'Y EH T',s,''
the,'DH AH',s,''
of,'AH V',s,''
my,'M AY',s,'AY'
the,'DH AH',s,''
sudden,'S AH D AH N',s,''
of,'AH V',s,''
my,'M AY',s,'AY'
the,'DH AH',s,''
of,'AH V',s,''
the,'DH AH',s,''
into,'IH N T UW',s,'IH UW'
a,'AH',s,''
belief,'B IH L IY F',s,'IH IY'
in,'IH N',s,'IH'
of,'AH V',s,''
the,'DH AH',s,''
teeth,'T IY TH',s,'IY'
of,'AH V',s,''
all,'AA L',s,'AA'
rhme,'R AY M',s,'AY'
and,'AH N D',s,''
reason,'r EH Z ǝ N',s,''
that,'DH AE T',s,'AE'
wre,'W ER',s,''
fairies,'F EH R IY Z',s,'IY'
see,'S IY',s,'IY'
wit,'W IH T',s,'IH'
be,'B IY',s,'IY'
a,'AH',s,''
when,'ʍ e N',s,''
upon,'AH P AA N',s,'AA'
ill,'IH L',s,'IH'
employment,'e M P L ǝ IH M ǝ N T',s,'IH'
i,'AY',s,'AY'
laid,'L EH D',s,''
my,'M AY',s,'AY'
brain,'B r EH N',s,''
in,'IH N',s,'IH'
the,'DH AH',s,''
sun,'S AH N',s,''
and,'AH N D',s,''
dried,'D R AY D',s,'AY'
it,'IH T',s,'IH'
that,'DH AE T',s,'AE'
it,'IH T',s,'IH'
wants,'W AA N T S',s,'AA'
matter,'M AW T ǝ R',s,''
to,'T UW',s,'UW'
prevent,'P R IH V EH N T',s,'IH'
so,'S OW',s,''
gross,'G r OW S',s,''
as,'AE Z',s,'AE'
this,'DH IH S',s,'IH'
am,'AE M',s,'AE'
i,'AY',s,'AY'
ridden,'R IH D AH N',s,'IH'
with,'W IH DH',s,'IH'
a,'AH',s,''
welsh,'W EH L CH',s,''
goat,'G OW T',s,''
too,'T UW',s,'UW'
shall,'SH AE L',s,'AE'
i,'AY',s,'AY'
a,'AH',s,''
of,'AH V',s,''
i,'AY',s,'AY'
wre,'W ER',s,''
with,'W IH DH',s,'IH'
a,'AH',s,''
of,'AH V',s,''
toasted,'T OW S T IH D',s,'IH'
and,'AH N D',s,''
i,'AY',s,'AY'
to,'T UW',s,'UW'
stand,'S T AE N D',s,'AE'
at,'AE T',s,'AE'
the,'DH AH',s,''
taunt,'T AO N T',s,'AO'
of,'AH V',s,''
that,'DH AE T',s,'AE'
of,'AH V',s,''
english,'IH NG G L IH SH',s,'IH IH'
this,'DH IH S',s,'IH'
is,'IH Z',s,'IH'
to,'T UW',s,'UW'
be,'B IY',s,'IY'
the,'DH AH',s,''
of,'AH V',s,''
lust,'L AH S T',s,''
and,'AH N D',s,''
the,'DH AH',s,''
realm,'R EH L M',s,''
well,'W EH L',s,''
i,'AY',s,'AY'
am,'AE M',s,'AE'
your,'Y AO R',s,'AO'
you,'Y UW',s,'UW'
the,'DH AH',s,''
start,'S T AA R T',s,'AA'
of,'AH V',s,''
me,'M IY',s,'IY'
i,'AY',s,'AY'
am,'AE M',s,'AE'
dejected,'D IH JH EH K T IH D',s,'IH IH'
i,'AY',s,'AY'
am,'AE M',s,'AE'
not,'N AA T',s,'AA'
to,'T UW',s,'UW'
the,'DH AH',s,''
welsh,'W EH L CH',s,''
flannel,'F L AE N AH L',s,'AE'
ignorace,'IH G N ER AH N S',s,'IH'
itself,'IH T S EH L F',s,'IH'
is,'IH Z',s,'IH'
a,'AH',s,''
plummet,'P L ɤ M IH T',s,'IH'
me,'M IY',s,'IY'
me,'M IY',s,'IY'
as,'AE Z',s,'AE'
you,'Y UW',s,'UW'
will,'W IH L',s,'IH'
i,'AY',s,'AY'
am,'AE M',s,'AE'
glad,'G L AE D',s,'AE'
you,'Y UW',s,'UW'
a,'AH',s,''
stand,'S T AE N D',s,'AE'
to,'T UW',s,'UW'
at,'AE T',s,'AE'
me,'M IY',s,'IY'
that,'DH AE T',s,'AE'
your,'Y AO R',s,'AO'
hath,'HH AE TH',s,'AE'
glanced,'G L AW N S IH D',s,'IH'
when,'ʍ e N',s,''
run,'r ɤ N',s,''
all,'AA L',s,'AA'
sorts,'S AO R T S',s,'AO'
of,'AH V',s,''
deer,'D IY R',s,'IY'
chased,'T SH EH S T',s,''
