book,'B UH K',s,'UH'
of,'AH V',s,''
whhy,'ʍ ǝ IH',s,'IH'
did,'D IH D',s,'IH'
you,'Y UW',s,'UW'
not,'N AA T',s,'AA'
lend,'L EH N D',s,''
it,'IH T',s,'IH'
to,'T UW',s,'UW'
upon,'AH P AA N',s,'AA'
last,'L AE S T',s,'AE'
a,'AH',s,''
well,'W EH L',s,''
for,'F AO R',s,'AO'
fault,'F AO L T',s,'AO'
of,'AH V',s,''
a,'AH',s,''
better,'B e T ə R',s,''
forsooth,'F ǝ R S UW TH',s,'UW'
no,'N OW',s,''
forsooth,'F ǝ R S UW TH',s,'UW'
he,'HH IY',s,'IY'
hath,'HH AE TH',s,'AE'
but,'B AH T',s,''
a,'AH',s,''
wee,'W IY',s,'IY'
with,'W IH DH',s,'IH'
a,'AH',s,''
beard,'B EH R D',s,''
a,'AH',s,''
beard,'B EH R D',s,''
forsooth,'F ǝ R S UW TH',s,'UW'
but,'B AH T',s,''
he,'HH IY',s,'IY'
is,'IH Z',s,'IH'
as,'AE Z',s,'AE'
tall,'T AO L',s,'AO'
a,'AH',s,''
man,'M AE N',s,'AE'
of,'AH V',s,''
his,'HH IH Z',s,'IH'
as,'AE Z',s,'AE'
is,'IH Z',s,'IH'
between,'B IH T W IY N',s,'IH IY'
this,'DH IH S',s,'IH'
and,'AH N D',s,''
his,'HH IH Z',s,'IH'
he,'HH IY',s,'IY'
hath,'HH AE TH',s,'AE'
with,'W IH DH',s,'IH'
a,'AH',s,''
yes,'Y IH S',s,'IH'
indeed,'IH N D IY D',s,'IH IY'
does,'D AH Z',s,''
he,'HH IY',s,'IY'
forsooth,'F ǝ R S UW TH',s,'UW'
to,'T UW',s,'UW'
to,'T UW',s,'UW'
to,'T UW',s,'UW'
this,'DH IH S',s,'IH'
gentlewoman,'JH EH N T AH L W UH M AH N',s,'UH'
your,'Y AO R',s,'AO'
maid,'M EY D',s,'EY'
to,'T UW',s,'UW'
speak,'S P IY K',s,'IY'
a,'AH',s,''
good,'G UH D',s,'UH'
to,'T UW',s,'UW'
mistress,'M IH S T R AH S',s,'IH'
for,'F AO R',s,'AO'
my,'M AY',s,'AY'
master,'M AW S T ǝ R',s,''
in,'IH N',s,'IH'
the,'DH AH',s,''
of,'AH V',s,''
a,'AH',s,''
great,'G r e T',s,''
to,'T UW',s,'UW'
under,'ɤ N D ǝ R',s,''
marrry,'M AW r ǝ IH',s,'IH'
the,'DH AH',s,''
the,'DH AH',s,''
every,'e V r ǝ IH',s,'IH'
old,'OW L D',s,''
and,'AH N D',s,''
every,'e V r ǝ IH',s,'IH'
but,'B AH T',s,''
the,'DH AH',s,''
i,'AY',s,'AY'
will,'W IH L',s,'IH'
he,'HH IY',s,'IY'
is,'IH Z',s,'IH'
this,'DH IH S',s,'IH'
no,'N OW',s,''
weapons,'W EH P AH N Z',s,''
my,'M AY',s,'AY'
master,'M AW S T ǝ R',s,''
master,'M AW S T ǝ R',s,''
and,'AH N D',s,''
another,'ǝ N ɤ DH ǝ R',s,''
gentleman,'JH EH N T AH L M AH N',s,''
from,'F R AH M',s,''
over,'OW V ǝ R',s,''
the,'DH AH',s,''
this,'DH IH S',s,'IH'
marrry,'M AW r ǝ IH',s,'IH'
i,'AY',s,'AY'
to,'T UW',s,'UW'
speak,'S P IY K',s,'IY'
with,'W IH DH',s,'IH'
falstaff,'F AO L S T AE F',s,'AO AE'
from,'F R AH M',s,''
master,'M AW S T ǝ R',s,''
slender,'S L e N D ǝ R',s,''
an,'AE N',s,'AE'
old,'OW L D',s,''
woman,'W UH M AH N',s,'UH'
a,'AH',s,''
fat,'F AE T',s,'AE'
woman,'W UH M AH N',s,'UH'
up,'AH P',s,''
into,'IH N T UW',s,'IH UW'
his,'HH IH Z',s,'IH'
be,'B IY',s,'IY'
so,'S OW',s,''
bold,'B OW L D',s,''
as,'AE Z',s,'AE'
till,'T IH L',s,'IH'
she,'SH IY',s,'IY'
down,'D ǝ UH N',s,'UH'
i,'AY',s,'AY'
to,'T UW',s,'UW'
speak,'S P IY K',s,'IY'
with,'W IH DH',s,'IH'
indeed,'IH N D IY D',s,'IH IY'
you,'Y UW',s,'UW'
was,'W AA Z',s,'AA'
not,'N AA T',s,'AA'
the,'DH AH',s,''
woman,'W UH M AH N',s,'UH'
of,'AH V',s,''
my,'M AY',s,'AY'
master,'M AW S T ǝ R',s,''
my,'M AY',s,'AY'
master,'M AW S T ǝ R',s,''
slender,'S L e N D ǝ R',s,''
sent,'S EH N T',s,''
to,'T UW',s,'UW'
seeing,'S IY IH N',s,'IY IH'
go,'G OW',s,''
the,'DH AH',s,''
streets,'S T R IY T S',s,'IY'
to,'T UW',s,'UW'
that,'DH AE T',s,'AE'
him,'HH IH M',s,'IH'
of,'AH V',s,''
a,'AH',s,''
had,'HH AE D',s,'AE'
the,'DH AH',s,''
or,'AO R',s,'AO'
no,'N OW',s,''
and,'AH N D',s,''
what,'W AH T',s,''
she,'SH IY',s,'IY'
i,'AY',s,'AY'
i,'AY',s,'AY'
i,'AY',s,'AY'
spoken,'S P IY K ǝ N',s,'IY'
with,'W IH DH',s,'IH'
the,'DH AH',s,''
woman,'W UH M AH N',s,'UH'
i,'AY',s,'AY'
had,'HH AE D',s,'AE'
to,'T UW',s,'UW'
spoken,'S P IY K ǝ N',s,'IY'
with,'W IH DH',s,'IH'
too,'T UW',s,'UW'
from,'F R AH M',s,''
him,'HH IH M',s,'IH'
i,'AY',s,'AY'
not,'N AA T',s,'AA'
conceal,'K AH N S IY L',s,'IY'
them,'DH EH M',s,''
whhy,'ʍ ǝ IH',s,'IH'
wre,'W ER',s,''
but,'B AH T',s,''
mistress,'M IH S T R AH S',s,'IH'
to,'T UW',s,'UW'
if,'IH F',s,'IH'
it,'IH T',s,'IH'
wre,'W ER',s,''
my,'M AY',s,'AY'
to,'T UW',s,'UW'
or,'AO R',s,'AO'
no,'N OW',s,''
what,'W AH T',s,''
i,'AY',s,'AY'
be,'B IY',s,'IY'
bold,'B OW L D',s,''
to,'T UW',s,'UW'
so,'S OW',s,''
i,'AY',s,'AY'
thank,'TH AE NG K',s,'AE'
your,'Y AO R',s,'AO'
worship,'W AO R SH IH P',s,'AO IH'
i,'AY',s,'AY'
shall,'SH AE L',s,'AE'
my,'M AY',s,'AY'
master,'M AW S T ǝ R',s,''
glad,'G L AE D',s,'AE'
with,'W IH DH',s,'IH'
tidings,'T ǝ IH D IH N Z',s,'IH IH'
