your,'Y AO R',s,'AO'
thanks,'TH AE NG K S',s,'AE'
and,'AH N D',s,''
them,'DH EH M',s,''
when,'ʍ e N',s,''
you,'Y UW',s,'UW'
part,'P AA R T',s,'AA'
we,'W IY',s,'IY'
than,'DH AE N',s,'AE'
you,'Y UW',s,'UW'
can,'K AE N',s,'AE'
put,'P UH T',s,'UH'
us,'AH S',s,''
to,'T UW',s,'UW'
longer,'L ɒ NG G ǝ R',s,''
part,'P AA R T',s,'AA'
the,'DH AH',s,''
between,'B IH T W IY N',s,'IH IY'
's,'EH S',s,''
then,'DH EH N',s,''
and,'AH N D',s,''
in,'IH N',s,'IH'
that,'DH AE T',s,'AE'
no,'N OW',s,''
tongue-tied,'T ɒ NG - ˌ T ǝ IH D',s,'IH'
our,'OW R',s,''
speak,'S P IY K',s,'IY'
you,'Y UW',s,'UW'
well,'W EH L',s,''
said,'S EH D',s,''
is,'IH Z',s,'IH'
he,'HH IY',s,'IY'
won,'W ɤ N',s,''
yet,'Y EH T',s,''
at,'AE T',s,'AE'
my,'M AY',s,'AY'
he,'HH IY',s,'IY'
not,'N AA T',s,'AA'
my,'M AY',s,'AY'
dearest,'D IY R ǝ S T',s,'IY'
thou,'DH AW',s,''
never,'N e V ǝ R',s,''
to,'T UW',s,'UW'
better,'B e T ə R',s,''
never,'N e V ǝ R',s,''
but,'B AH T',s,''
whhy,'ʍ ǝ IH',s,'IH'
that,'DH AE T',s,'AE'
was,'W AA Z',s,'AA'
when,'ʍ e N',s,''
had,'HH AE D',s,'AE'
to,'T UW',s,'UW'
death,'D EH TH',s,''
i,'AY',s,'AY'
thee,'DH IY',s,'IY'
open,'OW P ǝ N',s,''
and,'AH N D',s,''
clap,'K L AE P',s,'AE'
my,'M AY',s,'AY'
then,'DH EH N',s,''
thou,'DH AW',s,''
i,'AY',s,'AY'
am,'AE M',s,'AE'
yours,'Y UH R Z',s,'UH'
too,'T UW',s,'UW'
hot,'HH AA T',s,'AA'
too,'T UW',s,'UW'
hot,'HH AA T',s,'AA'
to,'T UW',s,'UW'
friendship,'F R EH N D SH IH P',s,'IH'
far,'F AA R',s,'AA'
is,'IH Z',s,'IH'
mingling,'M IH NG G AH L IH NG',s,'IH IH'
bloods,'B L AH D Z',s,''
i,'AY',s,'AY'
cordis,'K AO R D IH S',s,'AO IH'
on,'AA N',s,'AA'
me,'M IY',s,'IY'
my,'M AY',s,'AY'
heart,'HH AA R T',s,'AA'
dances,'D AW N S IH Z',s,'IH'
but,'B AH T',s,''
not,'N AA T',s,'AA'
for,'F AO R',s,'AO'
not,'N AA T',s,'AA'
this,'DH IH S',s,'IH'
a,'AH',s,''
free,'F R IY',s,'IY'
put,'P UH T',s,'UH'
on,'AA N',s,'AA'
a,'AH',s,''
from,'F R AH M',s,''
from,'F R AH M',s,''
fertle,'F ER T AH L',s,''
bosom,'B UH Z AH M',s,'UH'
and,'AH N D',s,''
well,'W EH L',s,''
the,'DH AH',s,''
i,'AY',s,'AY'
grant,'G r AO N T',s,'AO'
but,'B AH T',s,''
to,'T UW',s,'UW'
be,'B IY',s,'IY'
and,'AH N D',s,''
pinching,'P IH N T SH IH N',s,'IH IH'
as,'AE Z',s,'AE'
and,'AH N D',s,''
smiles,'S M ǝ IH L Z',s,'IH'
as,'AE Z',s,'AE'
in,'IH N',s,'IH'
a,'AH',s,''
glass,'G L AW S',s,''
and,'AH N D',s,''
then,'DH EH N',s,''
to,'T UW',s,'UW'
as,'AE Z',s,'AE'
the,'DH AH',s,''
mort,'M AO R T',s,'AO'
that,'DH AE T',s,'AE'
is,'IH Z',s,'IH'
my,'M AY',s,'AY'
bosom,'B UH Z AH M',s,'UH'
not,'N AA T',s,'AA'
nor,'N AO R',s,'AO'
my,'M AY',s,'AY'
art,'AA R T',s,'AA'
thou,'DH AW',s,''
my,'M AY',s,'AY'
whhy,'ʍ ǝ IH',s,'IH'
my,'M AY',s,'AY'
what,'W AH T',s,''
hast,'HH AE S T',s,'AE'
it,'IH T',s,'IH'
is,'IH Z',s,'IH'
a,'AH',s,''
copy,'K AA P IY',s,'AA IY'
out,'AW T',s,''
of,'AH V',s,''
captain,'K AE P T AH N',s,'AE'
we,'W IY',s,'IY'
must,'M AH S T',s,''
be,'B IY',s,'IY'
neat,'N IY T',s,'IY'
but,'B AH T',s,''
captain,'K AE P T AH N',s,'AE'
and,'AH N D',s,''
yet,'Y EH T',s,''
the,'DH AH',s,''
steer,'S T IY R',s,'IY'
the,'DH AH',s,''
and,'AH N D',s,''
the,'DH AH',s,''
all,'AA L',s,'AA'
upon,'AH P AA N',s,'AA'
his,'HH IH Z',s,'IH'
you,'Y UW',s,'UW'
wanton,'W AA N T ǝ N',s,'AA'
art,'AA R T',s,'AA'
thou,'DH AW',s,''
my,'M AY',s,'AY'
thou,'DH AW',s,''
a,'AH',s,''
pash,'P AE SH',s,'AE'
and,'AH N D',s,''
the,'DH AH',s,''
shoots,'SH UW T S',s,'UW'
that,'DH AE T',s,'AE'
i,'AY',s,'AY'
to,'T UW',s,'UW'
be,'B IY',s,'IY'
full,'F UH L',s,'UH'
me,'M IY',s,'IY'
yet,'Y EH T',s,''
we,'W IY',s,'IY'
almost,'AA L M OW S T',s,'AA'
as,'AE Z',s,'AE'
as,'AE Z',s,'AE'
women,'W IH M AH N',s,'IH'
so,'S OW',s,''
that,'DH AE T',s,'AE'
will,'W IH L',s,'IH'
but,'B AH T',s,''
wre,'W ER',s,''
as,'AE Z',s,'AE'
as,'AE Z',s,'AE'
as,'AE Z',s,'AE'
waters,'W AA T ǝ R Z',s,'AA'
as,'AE Z',s,'AE'
to,'T UW',s,'UW'
be,'B IY',s,'IY'
wished,'W IH SH IH D',s,'IH IH'
by,'B AY',s,'AY'
that,'DH AE T',s,'AE'
no,'N OW',s,''
bourn,'B AO R N',s,'AO'
his,'HH IH Z',s,'IH'
and,'AH N D',s,''
yet,'Y EH T',s,''
wre,'W ER',s,''
it,'IH T',s,'IH'
true,'T R UW',s,'UW'
to,'T UW',s,'UW'
this,'DH IH S',s,'IH'
wre,'W ER',s,''
me,'M IY',s,'IY'
look,'L UH K',s,'UH'
on,'AA N',s,'AA'
me,'M IY',s,'IY'
with,'W IH DH',s,'IH'
your,'Y AO R',s,'AO'
sweet,'S W IY T',s,'IY'
villain,'V IH L AH N',s,'IH'
most,'M OW S T',s,''
my,'M AY',s,'AY'
collop,'K ɒ L ǝ P',s,''
can,'K AE N',s,'AE'
be,'B IY',s,'IY'
affection,'AH F EH K SH AH N',s,''
stabs,'S T AE B Z',s,'AE'
the,'DH AH',s,''
thou,'DH AW',s,''
dost,'D AA S T',s,'AA'
not,'N AA T',s,'AA'
so,'S OW',s,''
held,'HH EH L D',s,''
with,'W IH DH',s,'IH'
can,'K AE N',s,'AE'
this,'DH IH S',s,'IH'
be,'B IY',s,'IY'
with,'W IH DH',s,'IH'
unreal,'AH N R IY L',s,'IY'
thou,'DH AW',s,''
art,'AA R T',s,'AA'
and,'AH N D',s,''
then,'DH EH N',s,''
very,'V EH R IY',s,'IY'
thou,'DH AW',s,''
with,'W IH DH',s,'IH'
and,'AH N D',s,''
thou,'DH AW',s,''
dost,'D AA S T',s,'AA'
and,'AH N D',s,''
that,'DH AE T',s,'AE'
commission,'K AH M IH SH AH N',s,'IH'
and,'AH N D',s,''
i,'AY',s,'AY'
it,'IH T',s,'IH'
and,'AH N D',s,''
that,'DH AE T',s,'AE'
to,'T UW',s,'UW'
the,'DH AH',s,''
of,'AH V',s,''
my,'M AY',s,'AY'
brains,'B R EY N Z',s,'EY'
and,'AH N D',s,''
of,'AH V',s,''
my,'M AY',s,'AY'
brows,'B r ə UH Z',s,'UH'
what,'W AH T',s,''
is,'IH Z',s,'IH'
with,'W IH DH',s,'IH'
you,'Y UW',s,'UW'
best,'B EH S T',s,''
no,'N OW',s,''
in,'IH N',s,'IH'
good,'G UH D',s,'UH'
earnest,'ɐ R N IH S T',s,'IH'
natre,'N EY CH ER',s,'EY'
will,'W IH L',s,'IH'
its,'IH T S',s,'IH'
follly,'F ɒ L ǝ IH',s,'IH'
its,'IH T S',s,'IH'
and,'AH N D',s,''
itself,'IH T S EH L F',s,'IH'
a,'AH',s,''
to,'T UW',s,'UW'
harder,'AA R D · ǝ R',s,'AA'
on,'AA N',s,'AA'
the,'DH AH',s,''
lines,'L ǝ IH N Z',s,'IH'
of,'AH V',s,''
my,'M AY',s,'AY'
i,'AY',s,'AY'
did,'D IH D',s,'IH'
recoil,'R IY K OY L',s,'IY'
years,'Y IH R Z',s,'IH'
and,'AH N D',s,''
myself,'M AY S EH L F',s,'AY'
in,'IH N',s,'IH'
my,'M AY',s,'AY'
green,'G R IY N',s,'IY'
velvet,'V EH L V AH T',s,''
coat,'K OW T',s,''
my,'M AY',s,'AY'
lest,'L EH S T',s,''
it,'IH T',s,'IH'
its,'IH T S',s,'IH'
master,'M AW S T ǝ R',s,''
and,'AH N D',s,''
so,'S OW',s,''
as,'AE Z',s,'AE'
oft,'AO F T',s,'AO'
do,'D OW',s,''
too,'T UW',s,'UW'
i,'AY',s,'AY'
then,'DH EH N',s,''
was,'W AA Z',s,'AA'
to,'T UW',s,'UW'
this,'DH IH S',s,'IH'
this,'DH IH S',s,'IH'
this,'DH IH S',s,'IH'
friend,'F R EH N D',s,''
will,'W IH L',s,'IH'
you,'Y UW',s,'UW'
for,'F AO R',s,'AO'
you,'Y UW',s,'UW'
will,'W IH L',s,'IH'
whhy,'ʍ ǝ IH',s,'IH'
man,'M AE N',s,'AE'
be,'B IY',s,'IY'
's,'EH S',s,''
you,'Y UW',s,'UW'
so,'S OW',s,''
fond,'F AA N D',s,'AA'
of,'AH V',s,''
your,'Y AO R',s,'AO'
as,'AE Z',s,'AE'
we,'W IY',s,'IY'
do,'D OW',s,''
seem,'S IY M',s,'IY'
to,'T UW',s,'UW'
be,'B IY',s,'IY'
of,'AH V',s,''
ours,'OW R Z',s,''
so,'S OW',s,''
stands,'S T AE N D Z',s,'AE'
this,'DH IH S',s,'IH'
with,'W IH DH',s,'IH'
me,'M IY',s,'IY'
we,'W IY',s,'IY'
will,'W IH L',s,'IH'
my,'M AY',s,'AY'
lord,'L AO R D',s,'AO'
and,'AH N D',s,''
you,'Y UW',s,'UW'
to,'T UW',s,'UW'
your,'Y AO R',s,'AO'
thou,'DH AW',s,''
us,'AH S',s,''
in,'IH N',s,'IH'
our,'OW R',s,''
let,'L EH T',s,''
what,'W AH T',s,''
is,'IH Z',s,'IH'
dear,'D IY R',s,'IY'
in,'IH N',s,'IH'
sicily,'S IH S AH L IY',s,'IH IY'
be,'B IY',s,'IY'
cheap,'CH IY P',s,'IY'
to,'T UW',s,'UW'
and,'AH N D',s,''
my,'M AY',s,'AY'
rover,'r OW V ǝ R',s,''
apparent,'AH P EH R AH N T',s,''
to,'T UW',s,'UW'
my,'M AY',s,'AY'
heart,'HH AA R T',s,'AA'
to,'T UW',s,'UW'
your,'Y AO R',s,'AO'
you,'Y UW',s,'UW'
be,'B IY',s,'IY'
be,'B IY',s,'IY'
you,'Y UW',s,'UW'
beneath,'B IH N IY TH',s,'IH IY'
the,'DH AH',s,''
sky,'S K AY',s,'AY'
i,'AY',s,'AY'
am,'AE M',s,'AE'
you,'Y UW',s,'UW'
percve,'P ER S IY V',s,'IY'
me,'M IY',s,'IY'
not,'N AA T',s,'AA'
i,'AY',s,'AY'
go,'G OW',s,''
to,'T UW',s,'UW'
go,'G OW',s,''
to,'T UW',s,'UW'
she,'SH IY',s,'IY'
up,'AH P',s,''
the,'DH AH',s,''
the,'DH AH',s,''
bill,'B IH L',s,'IH'
to,'T UW',s,'UW'
him,'HH IH M',s,'IH'
and,'AH N D',s,''
arms,'AA R M Z',s,'AA'
with,'W IH DH',s,'IH'
the,'DH AH',s,''
boldness,'B OW L D N ə S',s,''
of,'AH V',s,''
a,'AH',s,''
to,'T UW',s,'UW'
inch,'IH N CH',s,'IH'
thick,'TH IH K',s,'IH'
and,'AH N D',s,''
ears,'IY R Z',s,'IY'
a,'AH',s,''
go,'G OW',s,''
and,'AH N D',s,''
i,'AY',s,'AY'
too,'T UW',s,'UW'
but,'B AH T',s,''
so,'S OW',s,''
a,'AH',s,''
part,'P AA R T',s,'AA'
will,'W IH L',s,'IH'
hiss,'HH IH S',s,'IH'
me,'M IY',s,'IY'
to,'T UW',s,'UW'
my,'M AY',s,'AY'
and,'AH N D',s,''
will,'W IH L',s,'IH'
be,'B IY',s,'IY'
my,'M AY',s,'AY'
go,'G OW',s,''
been,'B IH N',s,'IH'
or,'AO R',s,'AO'
i,'AY',s,'AY'
am,'AE M',s,'AE'
and,'AH N D',s,''
a,'AH',s,''
man,'M AE N',s,'AE'
is,'IH Z',s,'IH'
even,'IY V IH N',s,'IY IH'
at,'AE T',s,'AE'
this,'DH IH S',s,'IH'
present,'P r IH Z e N T',s,'IH'
i,'AY',s,'AY'
speak,'S P IY K',s,'IY'
this,'DH IH S',s,'IH'
his,'HH IH Z',s,'IH'
by,'B AY',s,'AY'
arm,'AA R M',s,'AA'
that,'DH AE T',s,'AE'
thinks,'TH IH NG K S',s,'IH'
she,'SH IY',s,'IY'
been,'B IH N',s,'IH'
in,'IH N',s,'IH'
's,'EH S',s,''
and,'AH N D',s,''
his,'HH IH Z',s,'IH'
pond,'P AA N D',s,'AA'
by,'B AY',s,'AY'
his,'HH IH Z',s,'IH'
by,'B AY',s,'AY'
his,'HH IH Z',s,'IH'
comfort,'K ɤ M F ǝ R T',s,''
in,'IH N',s,'IH'
men,'M EH N',s,''
and,'AH N D',s,''
as,'AE Z',s,'AE'
against,'AH G EH N S T',s,''
their,'DH EH R',s,''
will,'W IH L',s,'IH'
all,'AA L',s,'AA'
despair,'D IH S P EH R',s,'IH'
that,'DH AE T',s,'AE'
revolted,'r IH V ɒ L T IH D',s,'IH IH'
the,'DH AH',s,''
tenth,'T e N T',s,''
of,'AH V',s,''
for,'F AO R',s,'AO'
it,'IH T',s,'IH'
is,'IH Z',s,'IH'
a,'AH',s,''
bawdy,'B AO D ə IH',s,'AO IH'
planet,'P L AE N AH T',s,'AE'
that,'DH AE T',s,'AE'
will,'W IH L',s,'IH'
predominant,'P R IH D AA M AH N AH N T',s,'IH AA'
and,'AH N D',s,''
think,'TH IH NG K',s,'IH'
it,'IH T',s,'IH'
from,'F R AH M',s,''
east,'e S T',s,''
west,'W EH S T',s,''
north,'N AO R TH',s,'AO'
and,'AH N D',s,''
be,'B IY',s,'IY'
it,'IH T',s,'IH'
concluded,'K AH N K L UW D AH D',s,'UW'
no,'N OW',s,''
barricado,'B AW r IH K AA D OW',s,'IH AA'
for,'F AO R',s,'AO'
a,'AH',s,''
bellly,'B e L ə IH',s,'IH'
it,'IH T',s,'IH'
will,'W IH L',s,'IH'
let,'L EH T',s,''
in,'IH N',s,'IH'
and,'AH N D',s,''
out,'AW T',s,''
the,'DH AH',s,''
enemy,'EH N AH M IY',s,'IY'
with,'W IH DH',s,'IH'
bag,'B AE G',s,'AE'
and,'AH N D',s,''
on,'AA N',s,'AA'
's,'EH S',s,''
the,'DH AH',s,''
and,'AH N D',s,''
feel,'F IY L',s,'IY'
whhy,'ʍ ǝ IH',s,'IH'
comfort,'K ɤ M F ǝ R T',s,''
what,'W AH T',s,''
camillo,'K AH M IH L OW',s,'IH'
go,'G OW',s,''
thou,'DH AW',s,''
an,'AE N',s,'AE'
man,'M AE N',s,'AE'
camillo,'K AH M IH L OW',s,'IH'
this,'DH IH S',s,'IH'
great,'G r e T',s,''
will,'W IH L',s,'IH'
yet,'Y EH T',s,''
longer,'L ɒ NG G ǝ R',s,''
it,'IH T',s,'IH'
percve,'P ER S IY V',s,'IY'
it,'IH T',s,'IH'
with,'W IH DH',s,'IH'
me,'M IY',s,'IY'
is,'IH Z',s,'IH'
a,'AH',s,''
far,'F AA R',s,'AA'
when,'ʍ e N',s,''
i,'AY',s,'AY'
shall,'SH AE L',s,'AE'
gust,'G ɤ S T',s,''
it,'IH T',s,'IH'
camillo,'K AH M IH L OW',s,'IH'
that,'DH AE T',s,'AE'
he,'HH IY',s,'IY'
did,'D IH D',s,'IH'
at,'AE T',s,'AE'
the,'DH AH',s,''
queen's,'K W IY N Z',s,'IY'
be,'B IY',s,'IY'
good,'G UH D',s,'UH'
be,'B IY',s,'IY'
but,'B AH T',s,''
so,'S OW',s,''
it,'IH T',s,'IH'
is,'IH Z',s,'IH'
it,'IH T',s,'IH'
is,'IH Z',s,'IH'
not,'N AA T',s,'AA'
was,'W AA Z',s,'AA'
this,'DH IH S',s,'IH'
taken,'T EY K AH N',s,'EY'
by,'B AY',s,'AY'
understanding,'ˌ ɤ N D ǝ R S T AW N D IH N',s,'IH'
but,'B AH T',s,''
for,'F AO R',s,'AO'
conceit,'K ǝ N S IY T',s,'IY'
is,'IH Z',s,'IH'
will,'W IH L',s,'IH'
in,'IH N',s,'IH'
than,'DH AE N',s,'AE'
the,'DH AH',s,''
common,'K AA M AH N',s,'AA'
not,'N AA T',s,'AA'
noted,'N OW T AH D',s,''
is,'IH Z',s,'IH'
but,'B AH T',s,''
of,'AH V',s,''
the,'DH AH',s,''
by,'B AY',s,'AY'
of,'AH V',s,''
headpce,'e D P IY S',s,'IY'
lower,'L OW · ǝ R',s,''
messes,'M EH S IH Z',s,'IH'
perchace,'P ER CH AE N S',s,'AE'
to,'T UW',s,'UW'
this,'DH IH S',s,'IH'
but,'B AH T',s,''
whhy,'ʍ ǝ IH',s,'IH'
entreaties,'EH N T R IY T IY Z',s,'IY IY'
of,'AH V',s,''
your,'Y AO R',s,'AO'
mistress,'M IH S T R AH S',s,'IH'
let,'L EH T',s,''
that,'DH AE T',s,'AE'
i,'AY',s,'AY'
trusted,'T R AH S T IH D',s,'IH'
thee,'DH IY',s,'IY'
camillo,'K AH M IH L OW',s,'IH'
with,'W IH DH',s,'IH'
all,'AA L',s,'AA'
the,'DH AH',s,''
nearest,'N IY r ǝ S T',s,'IY'
to,'T UW',s,'UW'
my,'M AY',s,'AY'
heart,'HH AA R T',s,'AA'
as,'AE Z',s,'AE'
well,'W EH L',s,''
my,'M AY',s,'AY'
wherein,'ʍ EH R IH N',s,'IH'
thou,'DH AW',s,''
hast,'HH AE S T',s,'AE'
my,'M AY',s,'AY'
bosom,'B UH Z AH M',s,'UH'
i,'AY',s,'AY'
from,'F R AH M',s,''
thee,'DH IY',s,'IY'
departed,'D IH P AA R T IH D',s,'IH AA IH'
but,'B AH T',s,''
we,'W IY',s,'IY'
been,'B IH N',s,'IH'
in,'IH N',s,'IH'
integrity,'IH N T EH G R AH T IY',s,'IH IY'
in,'IH N',s,'IH'
that,'DH AE T',s,'AE'
seems,'S IY M Z',s,'IY'
so,'S OW',s,''
to,'T UW',s,'UW'
upon,'AH P AA N',s,'AA'
thou,'DH AW',s,''
art,'AA R T',s,'AA'
not,'N AA T',s,'AA'
or,'AO R',s,'AO'
if,'IH F',s,'IH'
thou,'DH AW',s,''
that,'DH AE T',s,'AE'
thou,'DH AW',s,''
art,'AA R T',s,'AA'
a,'AH',s,''
behind,'B IH ə IH N D',s,'IH IH'
from,'F R AH M',s,''
or,'AO R',s,'AO'
thou,'DH AW',s,''
must,'M AH S T',s,''
be,'B IY',s,'IY'
a,'AH',s,''
servant,'S ɐ R V ǝ N T',s,''
grafted,'G R AE F T IH D',s,'AE IH'
in,'IH N',s,'IH'
my,'M AY',s,'AY'
trust,'T r ɤ S T',s,''
and,'AH N D',s,''
therein,'DH EH R IH N',s,'IH'
negligent,'N EH G L AH JH AH N T',s,''
or,'AO R',s,'AO'
a,'AH',s,''
fool,'F UH L',s,'UH'
that,'DH AE T',s,'AE'
a,'AH',s,''
hme,'OW M',s,''
the,'DH AH',s,''
rich,'R IH CH',s,'IH'
and,'AH N D',s,''
it,'IH T',s,'IH'
all,'AA L',s,'AA'
for,'F AO R',s,'AO'
jest,'JH EH S T',s,''
not,'N AA T',s,'AA'
you,'Y UW',s,'UW'
seen,'S IY N',s,'IY'
camillo,'K AH M IH L OW',s,'IH'
but,'B AH T',s,''
past,'P AW S T',s,''
doubt,'D ǝ UH T',s,'UH'
you,'Y UW',s,'UW'
or,'AO R',s,'AO'
your,'Y AO R',s,'AO'
is,'IH Z',s,'IH'
thicker,'TH IH K ǝ R',s,'IH'
than,'DH AE N',s,'AE'
a,'AH',s,''
for,'F AO R',s,'AO'
to,'T UW',s,'UW'
a,'AH',s,''
vision,'V IH ZH AH N',s,'IH'
so,'S OW',s,''
apparent,'AH P EH R AH N T',s,''
cannot,'K AE N AA T',s,'AE AA'
be,'B IY',s,'IY'
not,'N AA T',s,'AA'
in,'IH N',s,'IH'
that,'DH AE T',s,'AE'
man,'M AE N',s,'AE'
that,'DH AE T',s,'AE'
does,'D AH Z',s,''
not,'N AA T',s,'AA'
think,'TH IH NG K',s,'IH'
my,'M AY',s,'AY'
is,'IH Z',s,'IH'
slippery,'S L IH P r ǝ IH',s,'IH IH'
if,'IH F',s,'IH'
thou,'DH AW',s,''
wilt,'W IH L T',s,'IH'
confess,'K AH N F EH S',s,''
or,'AO R',s,'AO'
be,'B IY',s,'IY'
to,'T UW',s,'UW'
nor,'N AO R',s,'AO'
nor,'N AO R',s,'AO'
ears,'IY R Z',s,'IY'
nor,'N AO R',s,'AO'
my,'M AY',s,'AY'
a,'AH',s,''
hobbby-hose,'ɒ B ǝ IH - ˌ AO R S',s,'IH AO'
a,'AH',s,''
as,'AE Z',s,'AE'
rank,'R AE NG K',s,'AE'
as,'AE Z',s,'AE'
that,'DH AE T',s,'AE'
puts,'P UH T S',s,'UH'
to,'T UW',s,'UW'
and,'AH N D',s,''
justify,'JH AH S T AH F AY',s,'AY'
is,'IH Z',s,'IH'
is,'IH Z',s,'IH'
cheek,'CH IY K',s,'IY'
to,'T UW',s,'UW'
cheek,'CH IY K',s,'IY'
is,'IH Z',s,'IH'
noses,'N OW Z IH Z',s,'IH'
with,'W IH DH',s,'IH'
lip,'L IH P',s,'IH'
the,'DH AH',s,''
of,'AH V',s,''
with,'W IH DH',s,'IH'
a,'AH',s,''
of,'AH V',s,''
foot,'F UH T',s,'UH'
on,'AA N',s,'AA'
foot,'F UH T',s,'UH'
in,'IH N',s,'IH'
corners,'K AO R N ǝ R Z',s,'AO'
swift,'S W IH F T',s,'IH'
noon,'N UW N',s,'UW'
and,'AH N D',s,''
all,'AA L',s,'AA'
with,'W IH DH',s,'IH'
the,'DH AH',s,''
pin,'P IH N',s,'IH'
and,'AH N D',s,''
web,'W EH B',s,''
but,'B AH T',s,''
theirs,'DH EH R Z',s,''
theirs,'DH EH R Z',s,''
only,'OW N L IY',s,'IY'
that,'DH AE T',s,'AE'
unseen,'AH N S IY N',s,'IY'
be,'B IY',s,'IY'
wicked,'W IH K AH D',s,'IH'
is,'IH Z',s,'IH'
this,'DH IH S',s,'IH'
whhy,'ʍ ǝ IH',s,'IH'
then,'DH EH N',s,''
the,'DH AH',s,''
and,'AH N D',s,''
all,'AA L',s,'AA'
in,'IH N',s,'IH'
is,'IH Z',s,'IH'
the,'DH AH',s,''
sky,'S K AY',s,'AY'
is,'IH Z',s,'IH'
my,'M AY',s,'AY'
is,'IH Z',s,'IH'
nor,'N AO R',s,'AO'
if,'IH F',s,'IH'
this,'DH IH S',s,'IH'
be,'B IY',s,'IY'
it,'IH T',s,'IH'
be,'B IY',s,'IY'
true,'T R UW',s,'UW'
it,'IH T',s,'IH'
is,'IH Z',s,'IH'
you,'Y UW',s,'UW'
you,'Y UW',s,'UW'
i,'AY',s,'AY'
thou,'DH AW',s,''
camillo,'K AH M IH L OW',s,'IH'
and,'AH N D',s,''
i,'AY',s,'AY'
thee,'DH IY',s,'IY'
thee,'DH IY',s,'IY'
a,'AH',s,''
gross,'G r OW S',s,''
a,'AH',s,''
mindless,'M AY N D L AH S',s,'AY'
or,'AO R',s,'AO'
a,'AH',s,''
that,'DH AE T',s,'AE'
with,'W IH DH',s,'IH'
at,'AE T',s,'AE'
see,'S IY',s,'IY'
good,'G UH D',s,'UH'
and,'AH N D',s,''
evil,'e V IH L',s,'IH'
inclining,'IH N K L ǝ IH N IH N',s,'IH IH IH'
to,'T UW',s,'UW'
them,'DH EH M',s,''
both,'B OW TH',s,''
wre,'W ER',s,''
my,'M AY',s,'AY'
liver,'L IH V ǝ R',s,'IH'
infected,'IH N F EH K T AH D',s,'IH'
as,'AE Z',s,'AE'
she,'SH IY',s,'IY'
not,'N AA T',s,'AA'
the,'DH AH',s,''
of,'AH V',s,''
glass,'G L AW S',s,''
whhy,'ʍ ǝ IH',s,'IH'
he,'HH IY',s,'IY'
that,'DH AE T',s,'AE'
wears,'W EH R Z',s,''
medal,'M EH D AH L',s,''
his,'HH IH Z',s,'IH'
who,'HH UW',s,'UW'
if,'IH F',s,'IH'
i,'AY',s,'AY'
had,'HH AE D',s,'AE'
true,'T R UW',s,'UW'
me,'M IY',s,'IY'
that,'DH AE T',s,'AE'
to,'T UW',s,'UW'
see,'S IY',s,'IY'
as,'AE Z',s,'AE'
their,'DH EH R',s,''
profits,'P R AA F IH T S',s,'AA IH'
their,'DH EH R',s,''
do,'D OW',s,''
that,'DH AE T',s,'AE'
undo,'AH N D UW',s,'UW'
doing,'D UW IH N',s,'UW IH'
and,'AH N D',s,''
thou,'DH AW',s,''
his,'HH IH Z',s,'IH'
i,'AY',s,'AY'
from,'F R AH M',s,''
form,'F AO R M',s,'AO'
and,'AH N D',s,''
to,'T UW',s,'UW'
worship,'W AO R SH IH P',s,'AO IH'
who,'HH UW',s,'UW'
see,'S IY',s,'IY'
as,'AE Z',s,'AE'
heaven,'HH EH V AH N',s,''
sees,'S IY Z',s,'IY'
and,'AH N D',s,''
sees,'S IY Z',s,'IY'
heaven,'HH EH V AH N',s,''
i,'AY',s,'AY'
am,'AE M',s,'AE'
a,'AH',s,''
cup,'K ɤ P',s,''
to,'T UW',s,'UW'
enemy,'EH N AH M IY',s,'IY'
a,'AH',s,''
wink,'W IH NG K',s,'IH'
draft,'D R AE F T',s,'AE'
to,'T UW',s,'UW'
me,'M IY',s,'IY'
wre,'W ER',s,''
cordial,'K AO R JH AH L',s,'AO'
that,'DH AE T',s,'AE'
and,'AH N D',s,''
go,'G OW',s,''
rot,'R AA T',s,'AA'
dost,'D AA S T',s,'AA'
think,'TH IH NG K',s,'IH'
i,'AY',s,'AY'
am,'AE M',s,'AE'
so,'S OW',s,''
mudddy,'M ɤ D ǝ IH',s,'IH'
so,'S OW',s,''
to,'T UW',s,'UW'
myself,'M AY S EH L F',s,'AY'
in,'IH N',s,'IH'
this,'DH IH S',s,'IH'
the,'DH AH',s,''
and,'AH N D',s,''
whiteness,'ʍ ǝ IH T N ǝ S',s,'IH'
of,'AH V',s,''
my,'M AY',s,'AY'
sheets,'SH IY T S',s,'IY'
to,'T UW',s,'UW'
preseve,'P R AH Z ER V',s,''
is,'IH Z',s,'IH'
sleep,'S L IY P',s,'IY'
being,'B IY IH NG',s,'IY IH'
spotted,'S P AA T AH D',s,'AA'
is,'IH Z',s,'IH'
thorns,'TH AO R N Z',s,'AO'
tails,'T EH L Z',s,''
of,'AH V',s,''
wasps,'W AA S P S',s,'AA'
to,'T UW',s,'UW'
the,'DH AH',s,''
blood,'B L AH D',s,''
my,'M AY',s,'AY'
son,'S AO ̃',s,'AO'
who,'HH UW',s,'UW'
i,'AY',s,'AY'
do,'D OW',s,''
think,'TH IH NG K',s,'IH'
is,'IH Z',s,'IH'
and,'AH N D',s,''
as,'AE Z',s,'AE'
to,'T UW',s,'UW'
i,'AY',s,'AY'
do,'D OW',s,''
this,'DH IH S',s,'IH'
man,'M AE N',s,'AE'
so,'S OW',s,''
thou,'DH AW',s,''
dost,'D AA S T',s,'AA'
me,'M IY',s,'IY'
even,'IY V IH N',s,'IY IH'
so,'S OW',s,''
as,'AE Z',s,'AE'
i,'AY',s,'AY'
set,'S EH T',s,''
down,'D ǝ UH N',s,'UH'
no,'N OW',s,''
blemish,'B L EH M IH SH',s,'IH'
to,'T UW',s,'UW'
this,'DH IH S',s,'IH'
is,'IH Z',s,'IH'
all,'AA L',s,'AA'
do,'D OW',s,''
and,'AH N D',s,''
thou,'DH AW',s,''
hast,'HH AE S T',s,'AE'
the,'DH AH',s,''
of,'AH V',s,''
my,'M AY',s,'AY'
heart,'HH AA R T',s,'AA'
do,'D OW',s,''
not,'N AA T',s,'AA'
thou,'DH AW',s,''
i,'AY',s,'AY'
will,'W IH L',s,'IH'
seem,'S IY M',s,'IY'
friendly,'F r e N L ǝ IH',s,'IH'
as,'AE Z',s,'AE'
thou,'DH AW',s,''
hast,'HH AE S T',s,'AE'
advised,'ǝ D V ǝ IH Z D',s,'IH'
me,'M IY',s,'IY'
was,'W AA Z',s,'AA'
he,'HH IY',s,'IY'
met,'M EH T',s,''
his,'HH IH Z',s,'IH'
train,'T r EH N',s,''
camillo,'K AH M IH L OW',s,'IH'
with,'W IH DH',s,'IH'
him,'HH IH M',s,'IH'
blest,'B L EH S T',s,''
am,'AE M',s,'AE'
i,'AY',s,'AY'
in,'IH N',s,'IH'
my,'M AY',s,'AY'
in,'IH N',s,'IH'
my,'M AY',s,'AY'
true,'T R UW',s,'UW'
for,'F AO R',s,'AO'
lesser,'L e S ǝ R',s,''
accursed,'ǝ K ɐ R S IH D',s,'IH'
in,'IH N',s,'IH'
being,'B IY IH NG',s,'IY IH'
so,'S OW',s,''
blest,'B L EH S T',s,''
be,'B IY',s,'IY'
in,'IH N',s,'IH'
the,'DH AH',s,''
cup,'K ɤ P',s,''
a,'AH',s,''
and,'AH N D',s,''
drink,'D R IH NG K',s,'IH'
depart,'D IH P AA R T',s,'IH AA'
and,'AH N D',s,''
yet,'Y EH T',s,''
no,'N OW',s,''
venom,'V EH N AH M',s,''
for,'F AO R',s,'AO'
his,'HH IH Z',s,'IH'
is,'IH Z',s,'IH'
not,'N AA T',s,'AA'
infected,'IH N F EH K T AH D',s,'IH'
but,'B AH T',s,''
if,'IH F',s,'IH'
present,'P r IH Z e N T',s,'IH'
to,'T UW',s,'UW'
his,'HH IH Z',s,'IH'
he,'HH IY',s,'IY'
hath,'HH AE TH',s,'AE'
drunk,'D R AH NG K',s,''
he,'HH IY',s,'IY'
his,'HH IH Z',s,'IH'
his,'HH IH Z',s,'IH'
with,'W IH DH',s,'IH'
i,'AY',s,'AY'
drunk,'D R AH NG K',s,''
and,'AH N D',s,''
seen,'S IY N',s,'IY'
the,'DH AH',s,''
camillo,'K AH M IH L OW',s,'IH'
was,'W AA Z',s,'AA'
his,'HH IH Z',s,'IH'
in,'IH N',s,'IH'
this,'DH IH S',s,'IH'
his,'HH IH Z',s,'IH'
pander,'P AW N D ǝ R',s,''
is,'IH Z',s,'IH'
a,'AH',s,''
plot,'P L AA T',s,'AA'
against,'AH G EH N S T',s,''
my,'M AY',s,'AY'
my,'M AY',s,'AY'
crown,'K r ǝ UH N',s,'UH'
true,'T R UW',s,'UW'
that,'DH AE T',s,'AE'
is,'IH Z',s,'IH'
mistrusted,'M IH S T r ɤ S T IH D',s,'IH IH'
that,'DH AE T',s,'AE'
villain,'V IH L AH N',s,'IH'
whom,'HH UW M',s,'UW'
i,'AY',s,'AY'
was,'W AA Z',s,'AA'
by,'B AY',s,'AY'
him,'HH IH M',s,'IH'
he,'HH IY',s,'IY'
my,'M AY',s,'AY'
design,'D IH Z ǝ IH N',s,'IH IH'
and,'AH N D',s,''
i,'AY',s,'AY'
remain,'r IH M EH N',s,'IH'
a,'AH',s,''
yea,'Y EH',s,''
a,'AH',s,''
very,'V EH R IY',s,'IY'
trick,'T R IH K',s,'IH'
for,'F AO R',s,'AO'
them,'DH EH M',s,''
to,'T UW',s,'UW'
at,'AE T',s,'AE'
will,'W IH L',s,'IH'
the,'DH AH',s,''
posterns,'P ɒ S T ǝ R N Z',s,''
so,'S OW',s,''
easily,'IY Z L ǝ IH',s,'IY IH'
open,'OW P ǝ N',s,''
i,'AY',s,'AY'
too,'T UW',s,'UW'
well,'W EH L',s,''
me,'M IY',s,'IY'
the,'DH AH',s,''
i,'AY',s,'AY'
am,'AE M',s,'AE'
glad,'G L AE D',s,'AE'
you,'Y UW',s,'UW'
did,'D IH D',s,'IH'
not,'N AA T',s,'AA'
nuse,'N ER S',s,''
him,'HH IH M',s,'IH'
he,'HH IY',s,'IY'
does,'D AH Z',s,''
bear,'B EH R',s,''
signs,'S ǝ IH N Z',s,'IH'
of,'AH V',s,''
me,'M IY',s,'IY'
yet,'Y EH T',s,''
you,'Y UW',s,'UW'
too,'T UW',s,'UW'
blood,'B L AH D',s,''
in,'IH N',s,'IH'
him,'HH IH M',s,'IH'
bear,'B EH R',s,''
the,'DH AH',s,''
he,'HH IY',s,'IY'
shall,'SH AE L',s,'AE'
not,'N AA T',s,'AA'
with,'W IH DH',s,'IH'
him,'HH IH M',s,'IH'
and,'AH N D',s,''
let,'L EH T',s,''
sport,'S P AO R T',s,'AO'
with,'W IH DH',s,'IH'
that,'DH AE T',s,'AE'
big,'B IH G',s,'IH'
with,'W IH DH',s,'IH'
for,'F AO R',s,'AO'
thee,'DH IY',s,'IY'
swell,'S W EH L',s,''
thus,'DH ɤ S',s,''
you,'Y UW',s,'UW'
my,'M AY',s,'AY'
lords,'L AO R D Z',s,'AO'
look,'L UH K',s,'UH'
on,'AA N',s,'AA'
mark,'M AA R K',s,'AA'
well,'W EH L',s,''
be,'B IY',s,'IY'
but,'B AH T',s,''
to,'T UW',s,'UW'
she,'SH IY',s,'IY'
is,'IH Z',s,'IH'
a,'AH',s,''
lady,'L EY D IY',s,'EY IY'
and,'AH N D',s,''
the,'DH AH',s,''
of,'AH V',s,''
your,'Y AO R',s,'AO'
hearts,'HH AA R T S',s,'AA'
will,'W IH L',s,'IH'
add,'AE D',s,'AE'
not,'N AA T',s,'AA'
honorale,'AA N ER AH B AH L',s,'AA'
but,'B AH T',s,''
for,'F AO R',s,'AO'
this,'DH IH S',s,'IH'
form,'F AO R M',s,'AO'
on,'AA N',s,'AA'
my,'M AY',s,'AY'
faith,'F EY TH',s,'EY'
speech,'S P IY CH',s,'IY'
and,'AH N D',s,''
the,'DH AH',s,''
the,'DH AH',s,''
or,'AO R',s,'AO'
brands,'B R AE N D Z',s,'AE'
that,'DH AE T',s,'AE'
calumny,'K AE L AH M N IY',s,'AE IY'
doth,'D AO TH',s,'AO'
i,'AY',s,'AY'
am,'AE M',s,'AE'
out,'AW T',s,''
that,'DH AE T',s,'AE'
does,'D AH Z',s,''
for,'F AO R',s,'AO'
calumny,'K AE L AH M N IY',s,'AE IY'
will,'W IH L',s,'IH'
sear,'S IY R',s,'IY'
and,'AH N D',s,''
when,'ʍ e N',s,''
you,'Y UW',s,'UW'
said,'S EH D',s,''
between,'B IH T W IY N',s,'IH IY'
you,'Y UW',s,'UW'
can,'K AE N',s,'AE'
but,'B AH T',s,''
be,'B IY',s,'IY'
from,'F R AH M',s,''
him,'HH IH M',s,'IH'
that,'DH AE T',s,'AE'
most,'M OW S T',s,''
to,'T UW',s,'UW'
it,'IH T',s,'IH'
be,'B IY',s,'IY'
an,'AE N',s,'AE'
you,'Y UW',s,'UW'
mistook,'M IH S T UH K',s,'IH UH'
my,'M AY',s,'AY'
lady,'L EY D IY',s,'EY IY'
for,'F AO R',s,'AO'
o,'OW',s,''
thou,'DH AW',s,''
not,'N AA T',s,'AA'
call,'K AO L',s,'AO'
a,'AH',s,''
creatre,'K R IY CH ER',s,'IY'
of,'AH V',s,''
lest,'L EH S T',s,''
me,'M IY',s,'IY'
the,'DH AH',s,''
a,'AH',s,''
to,'T UW',s,'UW'
all,'AA L',s,'AA'
degrees,'D IH G R IY Z',s,'IH IY'
and,'AH N D',s,''
out,'AW T',s,''
the,'DH AH',s,''
and,'AH N D',s,''
said,'S EH D',s,''
an,'AE N',s,'AE'
i,'AY',s,'AY'
said,'S EH D',s,''
with,'W IH DH',s,'IH'
whom,'HH UW M',s,'UW'
a,'AH',s,''
and,'AH N D',s,''
camillo,'K AH M IH L OW',s,'IH'
is,'IH Z',s,'IH'
a,'AH',s,''
with,'W IH DH',s,'IH'
and,'AH N D',s,''
that,'DH AE T',s,'AE'
what,'W AH T',s,''
she,'SH IY',s,'IY'
to,'T UW',s,'UW'
but,'B AH T',s,''
with,'W IH DH',s,'IH'
most,'M OW S T',s,''
that,'DH AE T',s,'AE'
a,'AH',s,''
even,'IY V IH N',s,'IY IH'
as,'AE Z',s,'AE'
bad,'B AE D',s,'AE'
as,'AE Z',s,'AE'
that,'DH AE T',s,'AE'
titles,'T AY T AH L Z',s,'AY'
and,'AH N D',s,''
privy,'P R IH V IY',s,'IH IY'
to,'T UW',s,'UW'
this,'DH IH S',s,'IH'
their,'DH EH R',s,''
no,'N OW',s,''
if,'IH F',s,'IH'
i,'AY',s,'AY'
in,'IH N',s,'IH'
i,'AY',s,'AY'
build,'B IH L D',s,'IH'
upon,'AH P AA N',s,'AA'
the,'DH AH',s,''
is,'IH Z',s,'IH'
not,'N AA T',s,'AA'
big,'B IH G',s,'IH'
to,'T UW',s,'UW'
bear,'B EH R',s,''
a,'AH',s,''
with,'W IH DH',s,'IH'
to,'T UW',s,'UW'
prison,'P R IH Z AH N',s,'IH'
he,'HH IY',s,'IY'
who,'HH UW',s,'UW'
shall,'SH AE L',s,'AE'
speak,'S P IY K',s,'IY'
for,'F AO R',s,'AO'
is,'IH Z',s,'IH'
afar,'ǝ F AA R',s,'AA'
off,'AO F',s,'AO'
guilty,'G IH L T IY',s,'IH IY'
but,'B AH T',s,''
that,'DH AE T',s,'AE'
he,'HH IY',s,'IY'
speaks,'S P IY K S',s,'IY'
shall,'SH AE L',s,'AE'
i,'AY',s,'AY'
be,'B IY',s,'IY'
go,'G OW',s,''
do,'D OW',s,''
our,'OW R',s,''
your,'Y AO R',s,'AO'
no,'N OW',s,''
you,'Y UW',s,'UW'
smell,'S M EH L',s,''
this,'DH IH S',s,'IH'
with,'W IH DH',s,'IH'
a,'AH',s,''
as,'AE Z',s,'AE'
cold,'K OW L D',s,''
as,'AE Z',s,'AE'
is,'IH Z',s,'IH'
a,'AH',s,''
dead,'D EH D',s,''
but,'B AH T',s,''
i,'AY',s,'AY'
do,'D OW',s,''
see,'S IY',s,'IY'
and,'AH N D',s,''
feel,'F IY L',s,'IY'
as,'AE Z',s,'AE'
you,'Y UW',s,'UW'
feel,'F IY L',s,'IY'
doing,'D UW IH N',s,'UW IH'
thus,'DH ɤ S',s,''
and,'AH N D',s,''
see,'S IY',s,'IY'
withal,'W IH DH AA L',s,'IH AA'
the,'DH AH',s,''
that,'DH AE T',s,'AE'
feel,'F IY L',s,'IY'
what,'W AH T',s,''
lack,'L AE K',s,'AE'
i,'AY',s,'AY'
credit,'K R EH D AH T',s,''
whhy,'ʍ ǝ IH',s,'IH'
what,'W AH T',s,''
need,'N IY D',s,'IY'
we,'W IY',s,'IY'
with,'W IH DH',s,'IH'
you,'Y UW',s,'UW'
of,'AH V',s,''
this,'DH IH S',s,'IH'
but,'B AH T',s,''
our,'OW R',s,''
instigation,'IH N S T IH G EY SH AH N',s,'IH IH EY'
our,'OW R',s,''
not,'N AA T',s,'AA'
your,'Y AO R',s,'AO'
but,'B AH T',s,''
our,'OW R',s,''
goodness,'G UH D N AH S',s,'UH'
imparts,'IH M P AA R T S',s,'IH AA'
this,'DH IH S',s,'IH'
if,'IH F',s,'IH'
or,'AO R',s,'AO'
so,'S OW',s,''
in,'IH N',s,'IH'
or,'AO R',s,'AO'
will,'W IH L',s,'IH'
not,'N AA T',s,'AA'
relish,'R EH L IH SH',s,'IH'
a,'AH',s,''
truth,'T R UW TH',s,'UW'
us,'AH S',s,''
inform,'IH N F AO R M',s,'IH AO'
we,'W IY',s,'IY'
need,'N IY D',s,'IY'
no,'N OW',s,''
of,'AH V',s,''
your,'Y AO R',s,'AO'
the,'DH AH',s,''
matter,'M AW T ǝ R',s,''
the,'DH AH',s,''
loss,'L AO S',s,'AO'
the,'DH AH',s,''
gain,'G EH N',s,''
the,'DH AH',s,''
on,'AA N',s,'AA'
is,'IH Z',s,'IH'
all,'AA L',s,'AA'
ours,'OW R Z',s,''
that,'DH AE T',s,'AE'
be,'B IY',s,'IY'
either,'EH DH ǝ R',s,''
thou,'DH AW',s,''
art,'AA R T',s,'AA'
most,'M OW S T',s,''
ignorant,'IH G N ǝ r ǝ N T',s,'IH'
by,'B AY',s,'AY'
or,'AO R',s,'AO'
thou,'DH AW',s,''
born,'B AO R N',s,'AO'
a,'AH',s,''
fool,'F UH L',s,'UH'
added,'AE D AH D',s,'AE'
to,'T UW',s,'UW'
their,'DH EH R',s,''
was,'W AA Z',s,'AA'
as,'AE Z',s,'AE'
gross,'G r OW S',s,''
as,'AE Z',s,'AE'
conjectre,'K AH N JH EH K CH ER',s,''
that,'DH AE T',s,'AE'
only,'OW N L IY',s,'IY'
for,'F AO R',s,'AO'
but,'B AH T',s,''
only,'OW N L IY',s,'IY'
seeing,'S IY IH N',s,'IY IH'
all,'AA L',s,'AA'
up,'AH P',s,''
to,'T UW',s,'UW'
push,'P UH SH',s,'UH'
on,'AA N',s,'AA'
this,'DH IH S',s,'IH'
yet,'Y EH T',s,''
for,'F AO R',s,'AO'
a,'AH',s,''
greater,'G r e T ǝ R',s,''
for,'F AO R',s,'AO'
in,'IH N',s,'IH'
an,'AE N',s,'AE'
act,'AE K T',s,'AE'
of,'AH V',s,''
this,'DH IH S',s,'IH'
most,'M OW S T',s,''
to,'T UW',s,'UW'
be,'B IY',s,'IY'
in,'IH N',s,'IH'
post,'P OW S T',s,''
to,'T UW',s,'UW'
sacred,'S EY K R AH D',s,'EY'
to,'T UW',s,'UW'
and,'AH N D',s,''
whom,'HH UW M',s,'UW'
you,'Y UW',s,'UW'
of,'AH V',s,''
sufficiency,'S AH F IH SH AH N S IY',s,'IH IY'
from,'F R AH M',s,''
the,'DH AH',s,''
will,'W IH L',s,'IH'
all,'AA L',s,'AA'
had,'HH AE D',s,'AE'
shall,'SH AE L',s,'AE'
stop,'S T AA P',s,'AA'
or,'AO R',s,'AO'
spur,'S P ɐ R',s,''
me,'M IY',s,'IY'
i,'AY',s,'AY'
well,'W EH L',s,''
i,'AY',s,'AY'
am,'AE M',s,'AE'
satisfied,'S AE T AH S F AY D',s,'AE AY'
and,'AH N D',s,''
need,'N IY D',s,'IY'
no,'N OW',s,''
than,'DH AE N',s,'AE'
what,'W AH T',s,''
i,'AY',s,'AY'
yet,'Y EH T',s,''
shall,'SH AE L',s,'AE'
the,'DH AH',s,''
rest,'R EH S T',s,''
to,'T UW',s,'UW'
of,'AH V',s,''
as,'AE Z',s,'AE'
he,'HH IY',s,'IY'
ignorant,'IH G N ǝ r ǝ N T',s,'IH'
will,'W IH L',s,'IH'
not,'N AA T',s,'AA'
up,'AH P',s,''
to,'T UW',s,'UW'
truth,'T R UW TH',s,'UW'
so,'S OW',s,''
we,'W IY',s,'IY'
it,'IH T',s,'IH'
good,'G UH D',s,'UH'
from,'F R AH M',s,''
our,'OW R',s,''
free,'F R IY',s,'IY'
she,'SH IY',s,'IY'
be,'B IY',s,'IY'
confined,'K ǝ N F ǝ IH N D',s,'IH'
lest,'L EH S T',s,''
that,'DH AE T',s,'AE'
the,'DH AH',s,''
of,'AH V',s,''
the,'DH AH',s,''
fled,'F L EH D',s,''
be,'B IY',s,'IY'
left,'L EH F T',s,''
to,'T UW',s,'UW'
perform,'P ǝ R F AO R M',s,'AO'
us,'AH S',s,''
we,'W IY',s,'IY'
to,'T UW',s,'UW'
speak,'S P IY K',s,'IY'
in,'IH N',s,'IH'
public,'P ɤ B L IH K',s,'IH'
for,'F AO R',s,'AO'
this,'DH IH S',s,'IH'
will,'W IH L',s,'IH'
us,'AH S',s,''
all,'AA L',s,'AA'
nor,'N AO R',s,'AO'
nor,'N AO R',s,'AO'
no,'N OW',s,''
rest,'R EH S T',s,''
it,'IH T',s,'IH'
is,'IH Z',s,'IH'
but,'B AH T',s,''
weakness,'W IY K N AH S',s,'IY'
to,'T UW',s,'UW'
bear,'B EH R',s,''
the,'DH AH',s,''
matter,'M AW T ǝ R',s,''
thus,'DH ɤ S',s,''
weakness,'W IY K N AH S',s,'IY'
if,'IH F',s,'IH'
the,'DH AH',s,''
wre,'W ER',s,''
not,'N AA T',s,'AA'
in,'IH N',s,'IH'
she,'SH IY',s,'IY'
for,'F AO R',s,'AO'
the,'DH AH',s,''
harlot,'HH AA R L AH T',s,'AA'
is,'IH Z',s,'IH'
arm,'AA R M',s,'AA'
out,'AW T',s,''
of,'AH V',s,''
the,'DH AH',s,''
blank,'B L AE NG K',s,'AE'
and,'AH N D',s,''
level,'L EH V AH L',s,''
of,'AH V',s,''
my,'M AY',s,'AY'
brain,'B r EH N',s,''
but,'B AH T',s,''
she,'SH IY',s,'IY'
i,'AY',s,'AY'
can,'K AE N',s,'AE'
to,'T UW',s,'UW'
me,'M IY',s,'IY'
that,'DH AE T',s,'AE'
she,'SH IY',s,'IY'
wre,'W ER',s,''
given,'G IH V AH N',s,'IH'
to,'T UW',s,'UW'
the,'DH AH',s,''
a,'AH',s,''
of,'AH V',s,''
my,'M AY',s,'AY'
rest,'R EH S T',s,''
to,'T UW',s,'UW'
me,'M IY',s,'IY'
does,'D AH Z',s,''
the,'DH AH',s,''
to,'T UW',s,'UW'
see,'S IY',s,'IY'
his,'HH IH Z',s,'IH'
the,'DH AH',s,''
of,'AH V',s,''
his,'HH IH Z',s,'IH'
he,'HH IY',s,'IY'
declined,'D IH K L ǝ IH N D',s,'IH IH'
took,'T UH K',s,'UH'
it,'IH T',s,'IH'
and,'AH N D',s,''
fixed,'F IH K S T',s,'IH'
the,'DH AH',s,''
on,'AA N',s,'AA'
in,'IH N',s,'IH'
himself,'HH IH M S EH L F',s,'IH'
off,'AO F',s,'AO'
his,'HH IH Z',s,'IH'
spirit,'S P IH R AH T',s,'IH'
his,'HH IH Z',s,'IH'
his,'HH IH Z',s,'IH'
sleep,'S L IY P',s,'IY'
and,'AH N D',s,''
languished,'L AE NG G W IH SH T',s,'AE IH'
me,'M IY',s,'IY'
go,'G OW',s,''
see,'S IY',s,'IY'
he,'HH IY',s,'IY'
no,'N OW',s,''
of,'AH V',s,''
him,'HH IH M',s,'IH'
the,'DH AH',s,''
very,'V EH R IY',s,'IY'
of,'AH V',s,''
my,'M AY',s,'AY'
that,'DH AE T',s,'AE'
recoil,'R IY K OY L',s,'IY'
upon,'AH P AA N',s,'AA'
mein,'M IY N',s,'IY'
himself,'HH IH M S EH L F',s,'IH'
too,'T UW',s,'UW'
mighty,'M ǝ IH T ǝ IH',s,'IH IH'
and,'AH N D',s,''
in,'IH N',s,'IH'
his,'HH IH Z',s,'IH'
parties,'P AA R T IY Z',s,'AA IY'
his,'HH IH Z',s,'IH'
let,'L EH T',s,''
him,'HH IH M',s,'IH'
be,'B IY',s,'IY'
until,'AH N T IH L',s,'IH'
a,'AH',s,''
seve,'S ER V',s,''
for,'F AO R',s,'AO'
present,'P r IH Z e N T',s,'IH'
it,'IH T',s,'IH'
on,'AA N',s,'AA'
camillo,'K AH M IH L OW',s,'IH'
and,'AH N D',s,''
at,'AE T',s,'AE'
me,'M IY',s,'IY'
their,'DH EH R',s,''
at,'AE T',s,'AE'
my,'M AY',s,'AY'
not,'N AA T',s,'AA'
if,'IH F',s,'IH'
i,'AY',s,'AY'
reach,'R IY CH',s,'IY'
them,'DH EH M',s,''
nor,'N AO R',s,'AO'
shall,'SH AE L',s,'AE'
she,'SH IY',s,'IY'
within,'W IH DH IH N',s,'IH IH'
my,'M AY',s,'AY'
what,'W AH T',s,''
ho,'HH OW',s,''
with,'W IH DH',s,'IH'
that,'DH AE T',s,'AE'
lady,'L EY D IY',s,'EY IY'
i,'AY',s,'AY'
thee,'DH IY',s,'IY'
that,'DH AE T',s,'AE'
she,'SH IY',s,'IY'
not,'N AA T',s,'AA'
me,'M IY',s,'IY'
i,'AY',s,'AY'
she,'SH IY',s,'IY'
what,'W AH T',s,''
not,'N AA T',s,'AA'
good,'G UH D',s,'UH'
out,'AW T',s,''
a,'AH',s,''
with,'W IH DH',s,'IH'
out,'AW T',s,''
door,'D AO R',s,'AO'
a,'AH',s,''
most,'M OW S T',s,''
will,'W IH L',s,'IH'
you,'Y UW',s,'UW'
not,'N AA T',s,'AA'
push,'P UH SH',s,'UH'
out,'AW T',s,''
the,'DH AH',s,''
thou,'DH AW',s,''
dotard,'D OW T ǝ R D',s,''
thou,'DH AW',s,''
art,'AA R T',s,'AA'
by,'B AY',s,'AY'
partlet,'P AA R T L ǝ T',s,'AA'
up,'AH P',s,''
the,'DH AH',s,''
up,'AH P',s,''
i,'AY',s,'AY'
to,'T UW',s,'UW'
he,'HH IY',s,'IY'
dreads,'D R EH D Z',s,''
his,'HH IH Z',s,'IH'
a,'AH',s,''
nest,'N EH S T',s,''
of,'AH V',s,''
a,'AH',s,''
callet,'K AW L ǝ T',s,''
of,'AH V',s,''
boundless,'B AW N D L AH S',s,''
who,'HH UW',s,'UW'
hath,'HH AE TH',s,'AE'
beat,'B IY T',s,'IY'
and,'AH N D',s,''
baits,'B EH T S',s,''
me,'M IY',s,'IY'
this,'DH IH S',s,'IH'
brat,'B R AE T',s,'AE'
is,'IH Z',s,'IH'
of,'AH V',s,''
it,'IH T',s,'IH'
is,'IH Z',s,'IH'
the,'DH AH',s,''
of,'AH V',s,''
with,'W IH DH',s,'IH'
it,'IH T',s,'IH'
and,'AH N D',s,''
with,'W IH DH',s,'IH'
the,'DH AH',s,''
dam,'D AE M',s,'AE'
commit,'K AH M IH T',s,'IH'
them,'DH EH M',s,''
to,'T UW',s,'UW'
the,'DH AH',s,''
a,'AH',s,''
gross,'G r OW S',s,''
hag,'HH AE G',s,'AE'
and,'AH N D',s,''
losel,'L ɒ Z ǝ L',s,''
thou,'DH AW',s,''
art,'AA R T',s,'AA'
to,'T UW',s,'UW'
be,'B IY',s,'IY'
that,'DH AE T',s,'AE'
wilt,'W IH L T',s,'IH'
not,'N AA T',s,'AA'
thee,'DH IY',s,'IY'
on,'AA N',s,'AA'
your,'Y AO R',s,'AO'
out,'AW T',s,''
of,'AH V',s,''
the,'DH AH',s,''
with,'W IH DH',s,'IH'
wre,'W ER',s,''
i,'AY',s,'AY'
a,'AH',s,''
tyrant,'T AY R AH N T',s,'AY'
wre,'W ER',s,''
she,'SH IY',s,'IY'
not,'N AA T',s,'AA'
call,'K AO L',s,'AO'
me,'M IY',s,'IY'
so,'S OW',s,''
if,'IH F',s,'IH'
she,'SH IY',s,'IY'
did,'D IH D',s,'IH'
me,'M IY',s,'IY'
with,'W IH DH',s,'IH'
thou,'DH AW',s,''
hast,'HH AE S T',s,'AE'
set,'S EH T',s,''
on,'AA N',s,'AA'
to,'T UW',s,'UW'
this,'DH IH S',s,'IH'
my,'M AY',s,'AY'
child,'CH AY L D',s,'AY'
with,'W IH DH',s,'IH'
even,'IY V IH N',s,'IY IH'
thou,'DH AW',s,''
that,'DH AE T',s,'AE'
hast,'HH AE S T',s,'AE'
a,'AH',s,''
heart,'HH AA R T',s,'AA'
so,'S OW',s,''
tender,'T e N D ǝ R',s,''
it,'IH T',s,'IH'
it,'IH T',s,'IH'
and,'AH N D',s,''
see,'S IY',s,'IY'
it,'IH T',s,'IH'
instantly,'IH N S T AH N T L IY',s,'IH IY'
with,'W IH DH',s,'IH'
even,'IY V IH N',s,'IY IH'
thou,'DH AW',s,''
and,'AH N D',s,''
but,'B AH T',s,''
thou,'DH AW',s,''
it,'IH T',s,'IH'
up,'AH P',s,''
within,'W IH DH IH N',s,'IH IH'
this,'DH IH S',s,'IH'
me,'M IY',s,'IY'
and,'AH N D',s,''
by,'B AY',s,'AY'
good,'G UH D',s,'UH'
or,'AO R',s,'AO'
with,'W IH DH',s,'IH'
what,'W AH T',s,''
thou,'DH AW',s,''
if,'IH F',s,'IH'
thou,'DH AW',s,''
and,'AH N D',s,''
wilt,'W IH L T',s,'IH'
with,'W IH DH',s,'IH'
my,'M AY',s,'AY'
wrath,'R AE TH',s,'AE'
so,'S OW',s,''
the,'DH AH',s,''
brains,'B R EY N Z',s,'EY'
with,'W IH DH',s,'IH'
my,'M AY',s,'AY'
shall,'SH AE L',s,'AE'
i,'AY',s,'AY'
dash,'D AE SH',s,'AE'
out,'AW T',s,''
go,'G OW',s,''
it,'IH T',s,'IH'
to,'T UW',s,'UW'
the,'DH AH',s,''
for,'F AO R',s,'AO'
thou,'DH AW',s,''
on,'AA N',s,'AA'
youre,'Y UH R',s,'UH'
liars,'L AY ER Z',s,'AY'
all,'AA L',s,'AA'
i,'AY',s,'AY'
am,'AE M',s,'AE'
a,'AH',s,''
for,'F AO R',s,'AO'
each,'IY CH',s,'IY'
that,'DH AE T',s,'AE'
shall,'SH AE L',s,'AE'
i,'AY',s,'AY'
on,'AA N',s,'AA'
to,'T UW',s,'UW'
see,'S IY',s,'IY'
this,'DH IH S',s,'IH'
and,'AH N D',s,''
call,'K AO L',s,'AO'
me,'M IY',s,'IY'
better,'B e T ə R',s,''
it,'IH T',s,'IH'
than,'DH AE N',s,'AE'
it,'IH T',s,'IH'
then,'DH EH N',s,''
but,'B AH T',s,''
be,'B IY',s,'IY'
it,'IH T',s,'IH'
let,'L EH T',s,''
it,'IH T',s,'IH'
it,'IH T',s,'IH'
shall,'SH AE L',s,'AE'
not,'N AA T',s,'AA'
neither,'N EH DH ǝ R',s,''
you,'Y UW',s,'UW'
you,'Y UW',s,'UW'
you,'Y UW',s,'UW'
that,'DH AE T',s,'AE'
been,'B IH N',s,'IH'
so,'S OW',s,''
with,'W IH DH',s,'IH'
lady,'L EY D IY',s,'EY IY'
your,'Y AO R',s,'AO'
to,'T UW',s,'UW'
sve,'EH V',s,''
this,'DH IH S',s,'IH'
a,'AH',s,''
so,'S OW',s,''
as,'AE Z',s,'AE'
this,'DH IH S',s,'IH'
what,'W AH T',s,''
will,'W IH L',s,'IH'
you,'Y UW',s,'UW'
adventre,'ǝ V e N T ǝ R',s,''
to,'T UW',s,'UW'
sve,'EH V',s,''
this,'DH IH S',s,'IH'
it,'IH T',s,'IH'
shall,'SH AE L',s,'AE'
be,'B IY',s,'IY'
swear,'S W EH R',s,''
by,'B AY',s,'AY'
this,'DH IH S',s,'IH'
thou,'DH AW',s,''
wilt,'W IH L T',s,'IH'
perform,'P ǝ R F AO R M',s,'AO'
my,'M AY',s,'AY'
mark,'M AA R K',s,'AA'
and,'AH N D',s,''
perform,'P ǝ R F AO R M',s,'AO'
it,'IH T',s,'IH'
thou,'DH AW',s,''
for,'F AO R',s,'AO'
the,'DH AH',s,''
fail,'F EH L',s,''
of,'AH V',s,''
in,'IH N',s,'IH'
shall,'SH AE L',s,'AE'
not,'N AA T',s,'AA'
only,'OW N L IY',s,'IY'
be,'B IY',s,'IY'
death,'D EH TH',s,''
to,'T UW',s,'UW'
but,'B AH T',s,''
to,'T UW',s,'UW'
whom,'HH UW M',s,'UW'
for,'F AO R',s,'AO'
this,'DH IH S',s,'IH'
we,'W IY',s,'IY'
pardon,'P AA R D ǝ N',s,'AA'
we,'W IY',s,'IY'
thee,'DH IY',s,'IY'
as,'AE Z',s,'AE'
thou,'DH AW',s,''
art,'AA R T',s,'AA'
to,'T UW',s,'UW'
us,'AH S',s,''
that,'DH AE T',s,'AE'
thou,'DH AW',s,''
carrry,'K AW r ǝ IH',s,'IH'
this,'DH IH S',s,'IH'
and,'AH N D',s,''
that,'DH AE T',s,'AE'
thou,'DH AW',s,''
bear,'B EH R',s,''
it,'IH T',s,'IH'
to,'T UW',s,'UW'
and,'AH N D',s,''
desert,'D e Z ǝ R T',s,''
out,'AW T',s,''
of,'AH V',s,''
our,'OW R',s,''
and,'AH N D',s,''
that,'DH AE T',s,'AE'
thou,'DH AW',s,''
it,'IH T',s,'IH'
to,'T UW',s,'UW'
it,'IH T',s,'IH'
and,'AH N D',s,''
of,'AH V',s,''
the,'DH AH',s,''
as,'AE Z',s,'AE'
by,'B AY',s,'AY'
it,'IH T',s,'IH'
to,'T UW',s,'UW'
us,'AH S',s,''
i,'AY',s,'AY'
do,'D OW',s,''
in,'IH N',s,'IH'
thee,'DH IY',s,'IY'
on,'AA N',s,'AA'
peril,'P EH R AH L',s,''
and,'AH N D',s,''
that,'DH AE T',s,'AE'
thou,'DH AW',s,''
commend,'K AH M EH N D',s,''
it,'IH T',s,'IH'
to,'T UW',s,'UW'
nuse,'N ER S',s,''
or,'AO R',s,'AO'
end,'EH N D',s,''
it,'IH T',s,'IH'
it,'IH T',s,'IH'
up,'AH P',s,''
no,'N OW',s,''
not,'N AA T',s,'AA'
rear,'r IY R',s,'IY'
been,'B IH N',s,'IH'
absent,'AE B S AH N T',s,'AE'
good,'G UH D',s,'UH'
speed,'S P IY D',s,'IY'
the,'DH AH',s,''
great,'G r e T',s,''
apollo,'AH P AA L OW',s,'AA'
suddenly,'S AH D AH N L IY',s,'IY'
will,'W IH L',s,'IH'
the,'DH AH',s,''
truth,'T R UW TH',s,'UW'
of,'AH V',s,''
this,'DH IH S',s,'IH'
appear,'ǝ P IY R',s,'IY'
you,'Y UW',s,'UW'
lords,'L AO R D Z',s,'AO'
summon,'S AH M AH N',s,''
a,'AH',s,''
session,'S EH SH AH N',s,''
that,'DH AE T',s,'AE'
we,'W IY',s,'IY'
our,'OW R',s,''
most,'M OW S T',s,''
disloyal,'D IH S L ǝ IH ǝ L',s,'IH IH'
lady,'L EY D IY',s,'EY IY'
for,'F AO R',s,'AO'
as,'AE Z',s,'AE'
she,'SH IY',s,'IY'
hath,'HH AE TH',s,'AE'
been,'B IH N',s,'IH'
publicly,'P AH B L IH K L IY',s,'IH IY'
accused,'AH K Y UW Z D',s,'UW'
so,'S OW',s,''
shall,'SH AE L',s,'AE'
she,'SH IY',s,'IY'
a,'AH',s,''
and,'AH N D',s,''
open,'OW P ǝ N',s,''
she,'SH IY',s,'IY'
my,'M AY',s,'AY'
heart,'HH AA R T',s,'AA'
will,'W IH L',s,'IH'
be,'B IY',s,'IY'
a,'AH',s,''
burden,'B ɐ R DH ə N',s,''
to,'T UW',s,'UW'
me,'M IY',s,'IY'
me,'M IY',s,'IY'
and,'AH N D',s,''
think,'TH IH NG K',s,'IH'
upon,'AH P AA N',s,'AA'
my,'M AY',s,'AY'
this,'DH IH S',s,'IH'
sessions,'S EH SH AH N Z',s,''
to,'T UW',s,'UW'
our,'OW R',s,''
great,'G r e T',s,''
grief,'G R IY F',s,'IY'
we,'W IY',s,'IY'
even,'IY V IH N',s,'IY IH'
pushes,'P UH SH AH Z',s,'UH'
our,'OW R',s,''
heart,'HH AA R T',s,'AA'
the,'DH AH',s,''
party,'P AA R T IY',s,'AA IY'
the,'DH AH',s,''
of,'AH V',s,''
a,'AH',s,''
our,'OW R',s,''
and,'AH N D',s,''
of,'AH V',s,''
us,'AH S',s,''
too,'T UW',s,'UW'
let,'L EH T',s,''
us,'AH S',s,''
be,'B IY',s,'IY'
of,'AH V',s,''
being,'B IY IH NG',s,'IY IH'
we,'W IY',s,'IY'
so,'S OW',s,''
proceed,'P R AH S IY D',s,'IY'
in,'IH N',s,'IH'
shall,'SH AE L',s,'AE'
even,'IY V IH N',s,'IY IH'
to,'T UW',s,'UW'
the,'DH AH',s,''
guilt,'G IH L T',s,'IH'
or,'AO R',s,'AO'
the,'DH AH',s,''
the,'DH AH',s,''
read,'r e D',s,''
the,'DH AH',s,''
indictment,'IH N D ǝ IH T M ǝ N T',s,'IH IH'
i,'AY',s,'AY'
yet,'Y EH T',s,''
that,'DH AE T',s,'AE'
of,'AH V',s,''
vices,'V AY S AH Z',s,'AY'
wanted,'W AA N T IH D',s,'AA IH'
less,'L EH S',s,''
to,'T UW',s,'UW'
what,'W AH T',s,''
did,'D IH D',s,'IH'
than,'DH AE N',s,'AE'
to,'T UW',s,'UW'
perform,'P ǝ R F AO R M',s,'AO'
it,'IH T',s,'IH'
you,'Y UW',s,'UW'
will,'W IH L',s,'IH'
not,'N AA T',s,'AA'
it,'IH T',s,'IH'
you,'Y UW',s,'UW'
of,'AH V',s,''
his,'HH IH Z',s,'IH'
departre,'D IH P AA R CH ER',s,'IH AA'
as,'AE Z',s,'AE'
you,'Y UW',s,'UW'
what,'W AH T',s,''
you,'Y UW',s,'UW'
to,'T UW',s,'UW'
do,'D OW',s,''
in,'IH N',s,'IH'
's,'EH S',s,''
your,'Y AO R',s,'AO'
actions,'AE K SH AH N Z',s,'AE'
my,'M AY',s,'AY'
dreams,'D R IY M Z',s,'IY'
you,'Y UW',s,'UW'
had,'HH AE D',s,'AE'
a,'AH',s,''
by,'B AY',s,'AY'
and,'AH N D',s,''
i,'AY',s,'AY'
but,'B AH T',s,''
it,'IH T',s,'IH'
as,'AE Z',s,'AE'
you,'Y UW',s,'UW'
wre,'W ER',s,''
past,'P AW S T',s,''
all,'AA L',s,'AA'
of,'AH V',s,''
your,'Y AO R',s,'AO'
fact,'F AE K T',s,'AE'
past,'P AW S T',s,''
all,'AA L',s,'AA'
truth,'T R UW TH',s,'UW'
to,'T UW',s,'UW'
than,'DH AE N',s,'AE'
avails,'ǝ V EH L Z',s,''
for,'F AO R',s,'AO'
as,'AE Z',s,'AE'
brat,'B R AE T',s,'AE'
hath,'HH AE TH',s,'AE'
been,'B IH N',s,'IH'
cast,'K AW S T',s,''
out,'AW T',s,''
to,'T UW',s,'UW'
itself,'IH T S EH L F',s,'IH'
no,'N OW',s,''
is,'IH Z',s,'IH'
indeed,'IH N D IY D',s,'IH IY'
in,'IH N',s,'IH'
thee,'DH IY',s,'IY'
than,'DH AE N',s,'AE'
thou,'DH AW',s,''
shalt,'SH AE L T',s,'AE'
feel,'F IY L',s,'IY'
our,'OW R',s,''
in,'IH N',s,'IH'
look,'L UH K',s,'UH'
for,'F AO R',s,'AO'
no,'N OW',s,''
less,'L EH S',s,''
than,'DH AE N',s,'AE'
death,'D EH TH',s,''
break,'B R EY K',s,'EY'
up,'AH P',s,''
the,'DH AH',s,''
seals,'S IY L Z',s,'IY'
and,'AH N D',s,''
read,'r e D',s,''
hast,'HH AE S T',s,'AE'
thou,'DH AW',s,''
read,'r e D',s,''
truth,'T R UW TH',s,'UW'
is,'IH Z',s,'IH'
no,'N OW',s,''
truth,'T R UW TH',s,'UW'
at,'AE T',s,'AE'
all,'AA L',s,'AA'
the,'DH AH',s,''
sessions,'S EH SH AH N Z',s,''
shall,'SH AE L',s,'AE'
proceed,'P R AH S IY D',s,'IY'
this,'DH IH S',s,'IH'
is,'IH Z',s,'IH'
what,'W AH T',s,''
is,'IH Z',s,'IH'
the,'DH AH',s,''
angry,'AE NG G R IY',s,'AE IY'
and,'AH N D',s,''
the,'DH AH',s,''
heavens,'HH EH V AH N Z',s,''
do,'D OW',s,''
at,'AE T',s,'AE'
my,'M AY',s,'AY'
heart,'HH AA R T',s,'AA'
is,'IH Z',s,'IH'
but,'B AH T',s,''
she,'SH IY',s,'IY'
will,'W IH L',s,'IH'
recover,'r IH K ɤ V ǝ R',s,'IH'
i,'AY',s,'AY'
too,'T UW',s,'UW'
suspicion,'S AH S P IH SH AH N',s,'IH'
beseech,'B IY S IY CH',s,'IY IY'
you,'Y UW',s,'UW'
to,'T UW',s,'UW'
remedies,'R EH M AH D IY Z',s,'IY'
for,'F AO R',s,'AO'
apollo,'AH P AA L OW',s,'AA'
pardon,'P AA R D ǝ N',s,'AA'
my,'M AY',s,'AY'
great,'G r e T',s,''
me,'M IY',s,'IY'
to,'T UW',s,'UW'
woo,'W UW',s,'UW'
my,'M AY',s,'AY'
recall,'r IH K AA L',s,'IH AA'
the,'DH AH',s,''
good,'G UH D',s,'UH'
camillo,'K AH M IH L OW',s,'IH'
whom,'HH UW M',s,'UW'
i,'AY',s,'AY'
proclaim,'P R OW K L EY M',s,'EY'
a,'AH',s,''
man,'M AE N',s,'AE'
of,'AH V',s,''
truth,'T R UW TH',s,'UW'
of,'AH V',s,''
for,'F AO R',s,'AO'
being,'B IY IH NG',s,'IY IH'
transported,'T R AE N S P AO R T AH D',s,'AE AO'
by,'B AY',s,'AY'
my,'M AY',s,'AY'
jealousies,'JH EH L AH S IY Z',s,'IY'
to,'T UW',s,'UW'
bloody,'B L AH D IY',s,'IY'
and,'AH N D',s,''
to,'T UW',s,'UW'
i,'AY',s,'AY'
camillo,'K AH M IH L OW',s,'IH'
for,'F AO R',s,'AO'
the,'DH AH',s,''
minister,'M IH N IH S T ǝ R',s,'IH IH'
to,'T UW',s,'UW'
my,'M AY',s,'AY'
friend,'F R EH N D',s,''
had,'HH AE D',s,'AE'
been,'B IH N',s,'IH'
but,'B AH T',s,''
that,'DH AE T',s,'AE'
the,'DH AH',s,''
good,'G UH D',s,'UH'
of,'AH V',s,''
camillo,'K AH M IH L OW',s,'IH'
my,'M AY',s,'AY'
swift,'S W IH F T',s,'IH'
command,'K ǝ M AW N D',s,''
i,'AY',s,'AY'
with,'W IH DH',s,'IH'
death,'D EH TH',s,''
and,'AH N D',s,''
with,'W IH DH',s,'IH'
reward,'r IH W AA R D',s,'IH AA'
did,'D IH D',s,'IH'
and,'AH N D',s,''
encourge,'EH N K ER IH JH',s,'IH'
him,'HH IH M',s,'IH'
not,'N AA T',s,'AA'
doing,'D UW IH N',s,'UW IH'
it,'IH T',s,'IH'
and,'AH N D',s,''
being,'B IY IH NG',s,'IY IH'
he,'HH IY',s,'IY'
most,'M OW S T',s,''
and,'AH N D',s,''
with,'W IH DH',s,'IH'
to,'T UW',s,'UW'
my,'M AY',s,'AY'
guest,'G EH S T',s,''
my,'M AY',s,'AY'
his,'HH IH Z',s,'IH'
you,'Y UW',s,'UW'
great,'G r e T',s,''
and,'AH N D',s,''
to,'T UW',s,'UW'
the,'DH AH',s,''
of,'AH V',s,''
all,'AA L',s,'AA'
himself,'HH IH M S EH L F',s,'IH'
commended,'K AH M EH N D IH D',s,'IH'
no,'N OW',s,''
than,'DH AE N',s,'AE'
his,'HH IH Z',s,'IH'
he,'HH IY',s,'IY'
glisters,'G L IH S T ǝ R Z',s,'IH'
my,'M AY',s,'AY'
rust,'r ɤ S T',s,''
and,'AH N D',s,''
his,'HH IH Z',s,'IH'
does,'D AH Z',s,''
my,'M AY',s,'AY'
deeds,'D IY D Z',s,'IY'
the,'DH AH',s,''
go,'G OW',s,''
on,'AA N',s,'AA'
go,'G OW',s,''
on,'AA N',s,'AA'
thou,'DH AW',s,''
not,'N AA T',s,'AA'
speak,'S P IY K',s,'IY'
too,'T UW',s,'UW'
i,'AY',s,'AY'
deserved,'D IH Z ɐ R V IH D',s,'IH IH'
all,'AA L',s,'AA'
to,'T UW',s,'UW'
their,'DH EH R',s,''
thou,'DH AW',s,''
speak,'S P IY K',s,'IY'
but,'B AH T',s,''
well,'W EH L',s,''
when,'ʍ e N',s,''
most,'M OW S T',s,''
the,'DH AH',s,''
truth,'T R UW TH',s,'UW'
i,'AY',s,'AY'
better,'B e T ə R',s,''
than,'DH AE N',s,'AE'
to,'T UW',s,'UW'
be,'B IY',s,'IY'
of,'AH V',s,''
thee,'DH IY',s,'IY'
prithee,'P r e DH IY',s,'IY'
me,'M IY',s,'IY'
to,'T UW',s,'UW'
the,'DH AH',s,''
dead,'D EH D',s,''
bodies,'B AA D IY Z',s,'AA IY'
of,'AH V',s,''
my,'M AY',s,'AY'
and,'AH N D',s,''
son,'S AO ̃',s,'AO'
shall,'SH AE L',s,'AE'
be,'B IY',s,'IY'
for,'F AO R',s,'AO'
both,'B OW TH',s,''
upon,'AH P AA N',s,'AA'
them,'DH EH M',s,''
shall,'SH AE L',s,'AE'
the,'DH AH',s,''
causes,'K AA Z AH Z',s,'AA'
of,'AH V',s,''
their,'DH EH R',s,''
death,'D EH TH',s,''
appear,'ǝ P IY R',s,'IY'
unto,'AH N T UW',s,'UW'
our,'OW R',s,''
perpetual,'P ER P EH CH UW AH L',s,'UW'
a,'AH',s,''
visit,'V IH Z AH T',s,'IH'
the,'DH AH',s,''
chapel,'CH AE P AH L',s,'AE'
and,'AH N D',s,''
tears,'T EH R Z',s,''
shed,'SH EH D',s,''
shall,'SH AE L',s,'AE'
be,'B IY',s,'IY'
my,'M AY',s,'AY'
so,'S OW',s,''
as,'AE Z',s,'AE'
natre,'N EY CH ER',s,'EY'
will,'W IH L',s,'IH'
bear,'B EH R',s,''
up,'AH P',s,''
with,'W IH DH',s,'IH'
this,'DH IH S',s,'IH'
so,'S OW',s,''
i,'AY',s,'AY'
vow,'V ǝ UH',s,'UH'
to,'T UW',s,'UW'
it,'IH T',s,'IH'
and,'AH N D',s,''
lead,'L EH D',s,''
me,'M IY',s,'IY'
to,'T UW',s,'UW'
sorrows,'S ɒ r ǝ ǝ Z',s,''
i,'AY',s,'AY'
and,'AH N D',s,''
i,'AY',s,'AY'
cannot,'K AE N AA T',s,'AE AA'
my,'M AY',s,'AY'
blemishes,'B L EH M IH SH IH Z',s,'IH IH'
in,'IH N',s,'IH'
them,'DH EH M',s,''
and,'AH N D',s,''
so,'S OW',s,''
still,'S T IH L',s,'IH'
think,'TH IH NG K',s,'IH'
of,'AH V',s,''
the,'DH AH',s,''
i,'AY',s,'AY'
did,'D IH D',s,'IH'
myself,'M AY S EH L F',s,'AY'
was,'W AA Z',s,'AA'
so,'S OW',s,''
that,'DH AE T',s,'AE'
it,'IH T',s,'IH'
hath,'HH AE TH',s,'AE'
my,'M AY',s,'AY'
and,'AH N D',s,''
the,'DH AH',s,''
that,'DH AE T',s,'AE'
man,'M AE N',s,'AE'
bred,'B R EH D',s,''
his,'HH IH Z',s,'IH'
out,'AW T',s,''
of,'AH V',s,''
i,'AY',s,'AY'
think,'TH IH NG K',s,'IH'
so,'S OW',s,''
she,'SH IY',s,'IY'
i,'AY',s,'AY'
i,'AY',s,'AY'
did,'D IH D',s,'IH'
so,'S OW',s,''
but,'B AH T',s,''
thou,'DH AW',s,''
me,'M IY',s,'IY'
to,'T UW',s,'UW'
i,'AY',s,'AY'
did,'D IH D',s,'IH'
it,'IH T',s,'IH'
is,'IH Z',s,'IH'
as,'AE Z',s,'AE'
upon,'AH P AA N',s,'AA'
as,'AE Z',s,'AE'
in,'IH N',s,'IH'
my,'M AY',s,'AY'
good,'G UH D',s,'UH'
so,'S OW',s,''
but,'B AH T',s,''
seldom,'S EH L D AH M',s,''
good,'G UH D',s,'UH'
who,'HH UW',s,'UW'
hast,'HH AE S T',s,'AE'
the,'DH AH',s,''
of,'AH V',s,''
i,'AY',s,'AY'
in,'IH N',s,'IH'
o,'OW',s,''
that,'DH AE T',s,'AE'
i,'AY',s,'AY'
had,'HH AE D',s,'AE'
squared,'S K W EH R D',s,''
me,'M IY',s,'IY'
to,'T UW',s,'UW'
then,'DH EH N',s,''
even,'IY V IH N',s,'IY IH'
i,'AY',s,'AY'
upon,'AH P AA N',s,'AA'
my,'M AY',s,'AY'
queen's,'K W IY N Z',s,'IY'
full,'F UH L',s,'UH'
taken,'T EY K AH N',s,'EY'
from,'F R AH M',s,''
lips,'L IH P S',s,'IH'
thou,'DH AW',s,''
truth,'T R UW TH',s,'UW'
no,'N OW',s,''
therefre,'DH EH R F AO R',s,'AO'
no,'N OW',s,''
and,'AH N D',s,''
better,'B e T ə R',s,''
used,'Y UW Z D',s,'UW'
sainted,'S EH N T IH D',s,'IH'
spirit,'S P IH R AH T',s,'IH'
again,'ǝ ɡ EH N',s,''
possess,'P AH Z EH S',s,''
and,'AH N D',s,''
on,'AA N',s,'AA'
this,'DH IH S',s,'IH'
we,'W IY',s,'IY'
offenders,'ǝ F e N D ǝ R Z',s,''
appear,'ǝ P IY R',s,'IY'
and,'AH N D',s,''
begin,'B IH G IH N',s,'IH IH'
whhy,'ʍ ǝ IH',s,'IH'
to,'T UW',s,'UW'
me,'M IY',s,'IY'
she,'SH IY',s,'IY'
had,'HH AE D',s,'AE'
and,'AH N D',s,''
me,'M IY',s,'IY'
to,'T UW',s,'UW'
i,'AY',s,'AY'
stars,'S T AA R Z',s,'AA'
stars,'S T AA R Z',s,'AA'
and,'AH N D',s,''
all,'AA L',s,'AA'
dead,'D EH D',s,''
coals,'K OW L Z',s,''
fear,'F IY R',s,'IY'
thou,'DH AW',s,''
no,'N OW',s,''
no,'N OW',s,''
never,'N e V ǝ R',s,''
so,'S OW',s,''
be,'B IY',s,'IY'
blest,'B L EH S T',s,''
my,'M AY',s,'AY'
spirit,'S P IH R AH T',s,'IH'
my,'M AY',s,'AY'
true,'T R UW',s,'UW'
we,'W IY',s,'IY'
shall,'SH AE L',s,'AE'
not,'N AA T',s,'AA'
marrry,'M AW r ǝ IH',s,'IH'
till,'T IH L',s,'IH'
thou,'DH AW',s,''
us,'AH S',s,''
what,'W AH T',s,''
with,'W IH DH',s,'IH'
him,'HH IH M',s,'IH'
he,'HH IY',s,'IY'
not,'N AA T',s,'AA'
to,'T UW',s,'UW'
his,'HH IH Z',s,'IH'
greatness,'G r e T N ǝ S',s,''
his,'HH IH Z',s,'IH'
appproach,'ǝ P r OW T SH',s,''
so,'S OW',s,''
out,'AW T',s,''
of,'AH V',s,''
and,'AH N D',s,''
sudden,'S AH D AH N',s,''
us,'AH S',s,''
not,'N AA T',s,'AA'
a,'AH',s,''
visitation,'V IH Z AH T EY SH AH N',s,'IH EY'
but,'B AH T',s,''
forced,'F AO R S IH D',s,'AO IH'
by,'B AY',s,'AY'
need,'N IY D',s,'IY'
and,'AH N D',s,''
what,'W AH T',s,''
train,'T r EH N',s,''
his,'HH IH Z',s,'IH'
princess,'P R IH N S EH S',s,'IH'
you,'Y UW',s,'UW'
with,'W IH DH',s,'IH'
him,'HH IH M',s,'IH'
go,'G OW',s,''
assisted,'AH S IH S T AH D',s,'IH'
with,'W IH DH',s,'IH'
your,'Y AO R',s,'AO'
friends,'F R EH N D Z',s,''
them,'DH EH M',s,''
to,'T UW',s,'UW'
our,'OW R',s,''
still,'S T IH L',s,'IH'
he,'HH IY',s,'IY'
thus,'DH ɤ S',s,''
steal,'S T IY L',s,'IY'
upon,'AH P AA N',s,'AA'
us,'AH S',s,''
prithee,'P r e DH IY',s,'IY'
no,'N OW',s,''
thou,'DH AW',s,''
he,'HH IY',s,'IY'
to,'T UW',s,'UW'
me,'M IY',s,'IY'
again,'ǝ ɡ EH N',s,''
when,'ʍ e N',s,''
of,'AH V',s,''
when,'ʍ e N',s,''
i,'AY',s,'AY'
shall,'SH AE L',s,'AE'
see,'S IY',s,'IY'
this,'DH IH S',s,'IH'
gentleman,'JH EH N T AH L M AH N',s,''
speeches,'S P IY CH AH Z',s,'IY'
will,'W IH L',s,'IH'
me,'M IY',s,'IY'
to,'T UW',s,'UW'
that,'DH AE T',s,'AE'
unfurnish,'ɤ N F ɐ R N IH SH',s,'IH'
me,'M IY',s,'IY'
of,'AH V',s,''
reason,'r EH Z ǝ N',s,''
your,'Y AO R',s,'AO'
was,'W AA Z',s,'AA'
most,'M OW S T',s,''
true,'T R UW',s,'UW'
to,'T UW',s,'UW'
wedlock,'W EH D L AA K',s,'AA'
for,'F AO R',s,'AO'
she,'SH IY',s,'IY'
did,'D IH D',s,'IH'
print,'P R IH N T',s,'IH'
your,'Y AO R',s,'AO'
off,'AO F',s,'AO'
you,'Y UW',s,'UW'
wre,'W ER',s,''
i,'AY',s,'AY'
but,'B AH T',s,''
your,'Y AO R',s,'AO'
is,'IH Z',s,'IH'
so,'S OW',s,''
in,'IH N',s,'IH'
you,'Y UW',s,'UW'
his,'HH IH Z',s,'IH'
very,'V EH R IY',s,'IY'
air,'EH R',s,''
that,'DH AE T',s,'AE'
i,'AY',s,'AY'
call,'K AO L',s,'AO'
you,'Y UW',s,'UW'
as,'AE Z',s,'AE'
i,'AY',s,'AY'
did,'D IH D',s,'IH'
him,'HH IH M',s,'IH'
and,'AH N D',s,''
speak,'S P IY K',s,'IY'
of,'AH V',s,''
wildly,'W AY L D L IY',s,'AY IY'
by,'B AY',s,'AY'
us,'AH S',s,''
most,'M OW S T',s,''
dearly,'D IH R L IY',s,'IH IY'
and,'AH N D',s,''
your,'Y AO R',s,'AO'
fair,'F EH R',s,''
o,'OW',s,''
alas,'AH L AE S',s,'AE'
i,'AY',s,'AY'
lost,'L AO S T',s,'AO'
a,'AH',s,''
that,'DH AE T',s,'AE'
heaven,'HH EH V AH N',s,''
and,'AH N D',s,''
thus,'DH ɤ S',s,''
stood,'S T UH D',s,'UH'
wonder,'W ɤ N D ǝ R',s,''
as,'AE Z',s,'AE'
you,'Y UW',s,'UW'
do,'D OW',s,''
and,'AH N D',s,''
then,'DH EH N',s,''
i,'AY',s,'AY'
lost,'L AO S T',s,'AO'
all,'AA L',s,'AA'
amity,'AE M IH T IY',s,'AE IH IY'
too,'T UW',s,'UW'
of,'AH V',s,''
your,'Y AO R',s,'AO'
whom,'HH UW M',s,'UW'
i,'AY',s,'AY'
my,'M AY',s,'AY'
to,'T UW',s,'UW'
look,'L UH K',s,'UH'
on,'AA N',s,'AA'
him,'HH IH M',s,'IH'
o,'OW',s,''
my,'M AY',s,'AY'
good,'G UH D',s,'UH'
gentleman,'JH EH N T AH L M AH N',s,''
the,'DH AH',s,''
i,'AY',s,'AY'
thee,'DH IY',s,'IY'
stir,'S T ɐ R',s,''
afresh,'AH F R EH SH',s,''
within,'W IH DH IH N',s,'IH IH'
me,'M IY',s,'IY'
and,'AH N D',s,''
offices,'AO F AH S AH Z',s,'AO'
so,'S OW',s,''
rarely,'r EH R L ǝ IH',s,'IH'
as,'AE Z',s,'AE'
interpreters,'IH N T ɐ R P r IH T ǝ R Z',s,'IH IH'
of,'AH V',s,''
my,'M AY',s,'AY'
as,'AE Z',s,'AE'
is,'IH Z',s,'IH'
the,'DH AH',s,''
to,'T UW',s,'UW'
and,'AH N D',s,''
hath,'HH AE TH',s,'AE'
he,'HH IY',s,'IY'
too,'T UW',s,'UW'
exposed,'IH K S P OW Z D',s,'IH'
this,'DH IH S',s,'IH'
to,'T UW',s,'UW'
fearful,'F IH R F AH L',s,'IH'
at,'AE T',s,'AE'
least,'L IY S T',s,'IY'
of,'AH V',s,''
the,'DH AH',s,''
dreadful,'D R EH D F AH L',s,''
to,'T UW',s,'UW'
greet,'G R IY T',s,'IY'
a,'AH',s,''
man,'M AE N',s,'AE'
not,'N AA T',s,'AA'
worth,'W AO R TH',s,'AO'
pains,'P EH N Z',s,''
less,'L EH S',s,''
adventre,'ǝ V e N T ǝ R',s,''
of,'AH V',s,''
the,'DH AH',s,''
that,'DH AE T',s,'AE'
lord,'L AO R D',s,'AO'
is,'IH Z',s,'IH'
and,'AH N D',s,''
the,'DH AH',s,''
gods,'G AA D Z',s,'AA'
all,'AA L',s,'AA'
from,'F R AH M',s,''
our,'OW R',s,''
air,'EH R',s,''
you,'Y UW',s,'UW'
do,'D OW',s,''
you,'Y UW',s,'UW'
a,'AH',s,''
holy,'HH OW L IY',s,'IY'
a,'AH',s,''
gentleman,'JH EH N T AH L M AH N',s,''
against,'AH G EH N S T',s,''
so,'S OW',s,''
sacred,'S EY K R AH D',s,'EY'
as,'AE Z',s,'AE'
it,'IH T',s,'IH'
is,'IH Z',s,'IH'
i,'AY',s,'AY'
sin,'S IH N',s,'IH'
for,'F AO R',s,'AO'
the,'DH AH',s,''
heavens,'HH EH V AH N Z',s,''
angry,'AE NG G R IY',s,'AE IY'
left,'L EH F T',s,''
me,'M IY',s,'IY'
issueless,'IH SH UW L AH S',s,'IH UW'
and,'AH N D',s,''
your,'Y AO R',s,'AO'
blest,'B L EH S T',s,''
as,'AE Z',s,'AE'
he,'HH IY',s,'IY'
from,'F R AH M',s,''
heaven,'HH EH V AH N',s,''
merits,'M EH R AH T S',s,''
it,'IH T',s,'IH'
with,'W IH DH',s,'IH'
you,'Y UW',s,'UW'
his,'HH IH Z',s,'IH'
goodness,'G UH D N AH S',s,'UH'
what,'W AH T',s,''
i,'AY',s,'AY'
been,'B IH N',s,'IH'
i,'AY',s,'AY'
a,'AH',s,''
son,'S AO ̃',s,'AO'
and,'AH N D',s,''
on,'AA N',s,'AA'
as,'AE Z',s,'AE'
you,'Y UW',s,'UW'
speak,'S P IY K',s,'IY'
who,'HH UW',s,'UW'
camillo,'K AH M IH L OW',s,'IH'
you,'Y UW',s,'UW'
my,'M AY',s,'AY'
lord,'L AO R D',s,'AO'
is,'IH Z',s,'IH'
this,'DH IH S',s,'IH'
the,'DH AH',s,''
of,'AH V',s,''
a,'AH',s,''
that,'DH AE T',s,'AE'
i,'AY',s,'AY'
see,'S IY',s,'IY'
by,'B AY',s,'AY'
your,'Y AO R',s,'AO'
good,'G UH D',s,'UH'
speed,'S P IY D',s,'IY'
will,'W IH L',s,'IH'
on,'AA N',s,'AA'
very,'V EH R IY',s,'IY'
i,'AY',s,'AY'
am,'AE M',s,'AE'
most,'M OW S T',s,''
you,'Y UW',s,'UW'
broken,'B R OW K AH N',s,''
from,'F R AH M',s,''
his,'HH IH Z',s,'IH'
liking,'L ǝ IH K IH N',s,'IH IH'
you,'Y UW',s,'UW'
wre,'W ER',s,''
tied,'T AY D',s,'AY'
in,'IH N',s,'IH'
duty,'D UW T IY',s,'UW IY'
and,'AH N D',s,''
as,'AE Z',s,'AE'
your,'Y AO R',s,'AO'
is,'IH Z',s,'IH'
not,'N AA T',s,'AA'
so,'S OW',s,''
rich,'R IH CH',s,'IH'
in,'IH N',s,'IH'
worth,'W AO R TH',s,'AO'
as,'AE Z',s,'AE'
that,'DH AE T',s,'AE'
you,'Y UW',s,'UW'
well,'W EH L',s,''
he,'HH IY',s,'IY'
do,'D OW',s,''
so,'S OW',s,''
beg,'B EH G',s,''
your,'Y AO R',s,'AO'
precious,'P R EH SH AH S',s,''
mistress,'M IH S T R AH S',s,'IH'
he,'HH IY',s,'IY'
but,'B AH T',s,''
a,'AH',s,''
i,'AY',s,'AY'
of,'AH V',s,''
even,'IY V IH N',s,'IY IH'
in,'IH N',s,'IH'
looks,'L UH K S',s,'UH'
i,'AY',s,'AY'
but,'B AH T',s,''
your,'Y AO R',s,'AO'
is,'IH Z',s,'IH'
yet,'Y EH T',s,''
i,'AY',s,'AY'
will,'W IH L',s,'IH'
to,'T UW',s,'UW'
your,'Y AO R',s,'AO'
your,'Y AO R',s,'AO'
not,'N AA T',s,'AA'
by,'B AY',s,'AY'
your,'Y AO R',s,'AO'
desires,'D IH Z ǝ IH R Z',s,'IH IH'
i,'AY',s,'AY'
am,'AE M',s,'AE'
friend,'F R EH N D',s,''
to,'T UW',s,'UW'
them,'DH EH M',s,''
and,'AH N D',s,''
you,'Y UW',s,'UW'
upon,'AH P AA N',s,'AA'
errand,'EH R AH N D',s,''
i,'AY',s,'AY'
go,'G OW',s,''
him,'HH IH M',s,'IH'
therefre,'DH EH R F AO R',s,'AO'
me,'M IY',s,'IY'
and,'AH N D',s,''
mark,'M AA R K',s,'AA'
what,'W AH T',s,''
i,'AY',s,'AY'
good,'G UH D',s,'UH'
my,'M AY',s,'AY'
lord,'L AO R D',s,'AO'
o,'OW',s,''
and,'AH N D',s,''
good,'G UH D',s,'UH'
the,'DH AH',s,''
great,'G r e T',s,''
comfort,'K ɤ M F ǝ R T',s,''
that,'DH AE T',s,'AE'
i,'AY',s,'AY'
had,'HH AE D',s,'AE'
of,'AH V',s,''
thee,'DH IY',s,'IY'
o,'OW',s,''
we,'W IY',s,'IY'
you,'Y UW',s,'UW'
with,'W IH DH',s,'IH'
but,'B AH T',s,''
we,'W IY',s,'IY'
to,'T UW',s,'UW'
see,'S IY',s,'IY'
the,'DH AH',s,''
of,'AH V',s,''
our,'OW R',s,''
your,'Y AO R',s,'AO'
we,'W IY',s,'IY'
passed,'P AW S IH D',s,'IH'
not,'N AA T',s,'AA'
content,'K ǝ N T e N T',s,''
in,'IH N',s,'IH'
but,'B AH T',s,''
we,'W IY',s,'IY'
not,'N AA T',s,'AA'
that,'DH AE T',s,'AE'
my,'M AY',s,'AY'
to,'T UW',s,'UW'
look,'L UH K',s,'UH'
upon,'AH P AA N',s,'AA'
the,'DH AH',s,''
of,'AH V',s,''
postre,'P AA S CH ER',s,'AA'
me,'M IY',s,'IY'
dear,'D IY R',s,'IY'
that,'DH AE T',s,'AE'
i,'AY',s,'AY'
indeed,'IH N D IY D',s,'IH IY'
thou,'DH AW',s,''
art,'AA R T',s,'AA'
or,'AO R',s,'AO'
thou,'DH AW',s,''
art,'AA R T',s,'AA'
she,'SH IY',s,'IY'
in,'IH N',s,'IH'
not,'N AA T',s,'AA'
for,'F AO R',s,'AO'
she,'SH IY',s,'IY'
was,'W AA Z',s,'AA'
as,'AE Z',s,'AE'
tender,'T e N D ǝ R',s,''
as,'AE Z',s,'AE'
and,'AH N D',s,''
yet,'Y EH T',s,''
was,'W AA Z',s,'AA'
not,'N AA T',s,'AA'
so,'S OW',s,''
wrinkled,'R IH NG K AH L D',s,'IH'
so,'S OW',s,''
as,'AE Z',s,'AE'
this,'DH IH S',s,'IH'
seems,'S IY M Z',s,'IY'
as,'AE Z',s,'AE'
she,'SH IY',s,'IY'
so,'S OW',s,''
to,'T UW',s,'UW'
my,'M AY',s,'AY'
good,'G UH D',s,'UH'
comfort,'K ɤ M F ǝ R T',s,''
as,'AE Z',s,'AE'
it,'IH T',s,'IH'
is,'IH Z',s,'IH'
to,'T UW',s,'UW'
my,'M AY',s,'AY'
soul,'S OW L',s,''
o,'OW',s,''
thus,'DH ɤ S',s,''
she,'SH IY',s,'IY'
stood,'S T UH D',s,'UH'
even,'IY V IH N',s,'IY IH'
with,'W IH DH',s,'IH'
of,'AH V',s,''
as,'AE Z',s,'AE'
it,'IH T',s,'IH'
coldly,'K OW L D L IY',s,'IY'
i,'AY',s,'AY'
wooed,'W UW D',s,'UW'
i,'AY',s,'AY'
am,'AE M',s,'AE'
does,'D AH Z',s,''
not,'N AA T',s,'AA'
the,'DH AH',s,''
me,'M IY',s,'IY'
for,'F AO R',s,'AO'
being,'B IY IH NG',s,'IY IH'
than,'DH AE N',s,'AE'
ito,'IY T OW',s,'IY'
magic,'M AE JH IH K',s,'AE IH'
in,'IH N',s,'IH'
majesty,'M AE JH AH S T IY',s,'AE IY'
my,'M AY',s,'AY'
evils,'IY V AH L Z',s,'IY'
to,'T UW',s,'UW'
and,'AH N D',s,''
from,'F R AH M',s,''
admiring,'ǝ D M ǝ IH R IH N',s,'IH IH'
took,'T UH K',s,'UH'
the,'DH AH',s,''
spirits,'S P IH R AH T S',s,'IH'
with,'W IH DH',s,'IH'
thee,'DH IY',s,'IY'
do,'D OW',s,''
not,'N AA T',s,'AA'
the,'DH AH',s,''
curtain,'K ɐ R T ǝ N',s,''
let,'L EH T',s,''
be,'B IY',s,'IY'
let,'L EH T',s,''
be,'B IY',s,'IY'
i,'AY',s,'AY'
wre,'W ER',s,''
dead,'D EH D',s,''
but,'B AH T',s,''
that,'DH AE T',s,'AE'
methinks,'M IH TH IH NG K S',s,'IH IH'
what,'W AH T',s,''
was,'W AA Z',s,'AA'
he,'HH IY',s,'IY'
that,'DH AE T',s,'AE'
did,'D IH D',s,'IH'
my,'M AY',s,'AY'
lord,'L AO R D',s,'AO'
you,'Y UW',s,'UW'
not,'N AA T',s,'AA'
deem,'D IY M',s,'IY'
it,'IH T',s,'IH'
and,'AH N D',s,''
that,'DH AE T',s,'AE'
veins,'V EY N Z',s,'EY'
did,'D IH D',s,'IH'
bear,'B EH R',s,''
blood,'B L AH D',s,''
the,'DH AH',s,''
of,'AH V',s,''
in,'IH N',s,'IH'
as,'AE Z',s,'AE'
we,'W IY',s,'IY'
with,'W IH DH',s,'IH'
art,'AA R T',s,'AA'
o,'OW',s,''
sweet,'S W IY T',s,'IY'
me,'M IY',s,'IY'
to,'T UW',s,'UW'
think,'TH IH NG K',s,'IH'
so,'S OW',s,''
years,'Y IH R Z',s,'IH'
no,'N OW',s,''
senses,'S EH N S IH Z',s,'IH'
of,'AH V',s,''
the,'DH AH',s,''
can,'K AE N',s,'AE'
the,'DH AH',s,''
pleasre,'P L EH ZH ER',s,''
of,'AH V',s,''
that,'DH AE T',s,'AE'
madness,'M AE D N AH S',s,'AE'
let,'L EH T',s,''
do,'D OW',s,''
for,'F AO R',s,'AO'
this,'DH IH S',s,'IH'
a,'AH',s,''
as,'AE Z',s,'AE'
sweet,'S W IY T',s,'IY'
as,'AE Z',s,'AE'
cordial,'K AO R JH AH L',s,'AO'
comfort,'K ɤ M F ǝ R T',s,''
still,'S T IH L',s,'IH'
methinks,'M IH TH IH NG K S',s,'IH IH'
is,'IH Z',s,'IH'
an,'AE N',s,'AE'
air,'EH R',s,''
from,'F R AH M',s,''
what,'W AH T',s,''
chisel,'CH IH Z AH L',s,'IH'
yet,'Y EH T',s,''
cut,'K ɤ T',s,''
breath,'B R EH TH',s,''
let,'L EH T',s,''
no,'N OW',s,''
man,'M AE N',s,'AE'
mock,'M AA K',s,'AA'
me,'M IY',s,'IY'
for,'F AO R',s,'AO'
i,'AY',s,'AY'
will,'W IH L',s,'IH'
kiss,'K IH S',s,'IH'
no,'N OW',s,''
not,'N AA T',s,'AA'
years,'Y IH R Z',s,'IH'
what,'W AH T',s,''
you,'Y UW',s,'UW'
can,'K AE N',s,'AE'
do,'D OW',s,''
i,'AY',s,'AY'
am,'AE M',s,'AE'
content,'K ǝ N T e N T',s,''
to,'T UW',s,'UW'
look,'L UH K',s,'UH'
on,'AA N',s,'AA'
what,'W AH T',s,''
to,'T UW',s,'UW'
speak,'S P IY K',s,'IY'
i,'AY',s,'AY'
am,'AE M',s,'AE'
content,'K ǝ N T e N T',s,''
to,'T UW',s,'UW'
for,'F AO R',s,'AO'
as,'AE Z',s,'AE'
to,'T UW',s,'UW'
speak,'S P IY K',s,'IY'
as,'AE Z',s,'AE'
proceed,'P R AH S IY D',s,'IY'
no,'N OW',s,''
foot,'F UH T',s,'UH'
shall,'SH AE L',s,'AE'
stir,'S T ɐ R',s,''
o,'OW',s,''
warm,'W AA R M',s,'AA'
if,'IH F',s,'IH'
this,'DH IH S',s,'IH'
be,'B IY',s,'IY'
magic,'M AE JH IH K',s,'AE IH'
let,'L EH T',s,''
it,'IH T',s,'IH'
be,'B IY',s,'IY'
an,'AE N',s,'AE'
art,'AA R T',s,'AA'
as,'AE Z',s,'AE'
o,'OW',s,''
thou,'DH AW',s,''
a,'AH',s,''
by,'B AY',s,'AY'
my,'M AY',s,'AY'
consent,'K AH N S EH N T',s,''
as,'AE Z',s,'AE'
i,'AY',s,'AY'
by,'B AY',s,'AY'
a,'AH',s,''
this,'DH IH S',s,'IH'
is,'IH Z',s,'IH'
a,'AH',s,''
and,'AH N D',s,''
between,'B IH T W IY N',s,'IH IY'
's,'EH S',s,''
by,'B AY',s,'AY'
vows,'V ǝ UH Z',s,'UH'
thou,'DH AW',s,''
hast,'HH AE S T',s,'AE'
but,'B AH T',s,''
is,'IH Z',s,'IH'
to,'T UW',s,'UW'
be,'B IY',s,'IY'
questioned,'K W EH S CH AH N D',s,''
for,'F AO R',s,'AO'
i,'AY',s,'AY'
as,'AE Z',s,'AE'
i,'AY',s,'AY'
dead,'D EH D',s,''
and,'AH N D',s,''
in,'IH N',s,'IH'
vain,'V EY N',s,'EY'
said,'S EH D',s,''
a,'AH',s,''
upon,'AH P AA N',s,'AA'
not,'N AA T',s,'AA'
seek,'S IY K',s,'IY'
far,'F AA R',s,'AA'
for,'F AO R',s,'AO'
him,'HH IH M',s,'IH'
i,'AY',s,'AY'
partly,'P AA R T L IY',s,'AA IY'
his,'HH IH Z',s,'IH'
thee,'DH IY',s,'IY'
an,'AE N',s,'AE'
honorale,'AA N ER AH B AH L',s,'AA'
camillo,'K AH M IH L OW',s,'IH'
and,'AH N D',s,''
by,'B AY',s,'AY'
the,'DH AH',s,''
worth,'W AO R TH',s,'AO'
and,'AH N D',s,''
is,'IH Z',s,'IH'
noted,'N OW T AH D',s,''
and,'AH N D',s,''
justified,'JH AH S T AH F AY D',s,'AY'
by,'B AY',s,'AY'
us,'AH S',s,''
a,'AH',s,''
pair,'P EH R',s,''
of,'AH V',s,''
from,'F R AH M',s,''
this,'DH IH S',s,'IH'
what,'W AH T',s,''
look,'L UH K',s,'UH'
upon,'AH P AA N',s,'AA'
my,'M AY',s,'AY'
both,'B OW TH',s,''
your,'Y AO R',s,'AO'
pardons,'P AA R D ǝ N Z',s,'AA'
that,'DH AE T',s,'AE'
i,'AY',s,'AY'
put,'P UH T',s,'UH'
between,'B IH T W IY N',s,'IH IY'
your,'Y AO R',s,'AO'
holy,'HH OW L IY',s,'IY'
looks,'L UH K S',s,'UH'
my,'M AY',s,'AY'
ill,'IH L',s,'IH'
suspicion,'S AH S P IH SH AH N',s,'IH'
this,'DH IH S',s,'IH'
your,'Y AO R',s,'AO'
son-in-law,'S ɤ N - IH N - ˌ L AO',s,'IH AO'
and,'AH N D',s,''
son,'S AO ̃',s,'AO'
unto,'AH N T UW',s,'UW'
the,'DH AH',s,''
whom,'HH UW M',s,'UW'
heavens,'HH EH V AH N Z',s,''
is,'IH Z',s,'IH'
to,'T UW',s,'UW'
your,'Y AO R',s,'AO'
lead,'L EH D',s,''
us,'AH S',s,''
from,'F R AH M',s,''
we,'W IY',s,'IY'
each,'IY CH',s,'IY'
demand,'D IH M AW N D',s,'IH'
and,'AH N D',s,''
to,'T UW',s,'UW'
his,'HH IH Z',s,'IH'
part,'P AA R T',s,'AA'
in,'IH N',s,'IH'
this,'DH IH S',s,'IH'
gap,'G AE P',s,'AE'
of,'AH V',s,''
we,'W IY',s,'IY'
wre,'W ER',s,''
hastily,'HH EY S T AH L IY',s,'EY IY'
lead,'L EH D',s,''
